dataset,attr,seed,group,is_A,eo_gap,gap_y0,ident_y0,rho_y0,gap_y1,ident_y1,rho_y1,reliance,frac
acs_CA_2018_ACSIncome,race,0,AGEP,False,0.1479030148954978,1.4046625919688107,1.4046625919688112,0.36005586674787676,0.5219064460842578,0.521906446084258,0.16648863129637098,0.5009383578330053,0.505
acs_CA_2018_ACSIncome,race,0,WKHP,False,0.3499358954945132,1.9121250547399664,1.9121250547399662,0.32962159643028854,1.1203942990884728,1.1203942990884737,0.35558058793216035,0.8600129366629392,0.2222222222222222
acs_CA_2018_ACSIncome,race,0,COW_1.0,False,0.1624039508517347,-0.6595261224874502,-0.6595261224874501,-0.15901730137487324,-0.13922504891211418,-0.13922504891211426,-0.04512776845071882,0.012633369616141964,0.65
acs_CA_2018_ACSIncome,race,0,MAR_1.0,False,0.1726443429082659,1.410643689627306,1.410643689627306,0.3631226098803054,0.8219568202930991,0.8219568202930998,0.26010457690069216,0.1351076699604944,0.5186111111111111
acs_CA_2018_ACSIncome,race,0,MAR_5.0,False,0.2235266166338239,-1.652554809455851,-1.652554809455851,-0.42793216196060424,-1.0242950514079,-1.0242950514079012,-0.27397544743711344,0.12246246461969056,0.35444444444444445
acs_CA_2018_ACSIncome,race,0,OCCP_0,False,0.5400226606238336,2.5684344881926133,2.5684344881926116,0.3775282197279531,1.2412808488372296,1.241280848837229,0.3743896056604593,0.3359980343707255,0.17305555555555555
acs_CA_2018_ACSIncome,race,0,OCCP_2,False,0.12641702689096052,0.7105345519269648,0.7105345519269651,0.11051686362433978,-0.04415431355322874,-0.044154313553228915,-0.010209167212805528,0.024000515744846074,0.11722222222222223
acs_CA_2018_ACSIncome,race,0,OCCP_3,False,0.11905386498775797,0.9159066935864463,0.9159066935864472,0.14394988932071795,0.1514128585619312,0.15141285856193118,0.03209121906669194,0.09553726249786232,0.10777777777777778
acs_CA_2018_ACSIncome,race,0,OCCP_4,False,0.3400236127508855,-1.5481193304652725,-1.5481193304652716,-0.37447078141953893,-1.3210227064696618,-1.3210227064696622,-0.2613037378961052,0.2960552539657629,0.22777777777777777
acs_CA_2018_ACSIncome,race,0,OCCP_5,False,0.5177218062173814,-0.21368045053638074,-0.21368045053638118,-0.03847980047599434,-1.5144691091756983,-1.5144691091756999,-0.2659828354516686,0.18679306455810382,0.11361111111111111
acs_CA_2018_ACSIncome,race,0,POBP_0,False,0.06271086595619346,0.15510392549152807,0.155103925491528,0.03819681794142556,0.37326783990292034,0.3732678399029205,0.11174314426981169,0.1395734882448053,0.6811111111111111
acs_CA_2018_ACSIncome,race,0,POBP_2,False,0.09405228226378248,0.524850832262185,0.5248508322621848,0.08431895288259579,0.15288003065168343,0.15288003065168362,0.03623357476060831,0.05697714786824106,0.12527777777777777
acs_CA_2018_ACSIncome,race,0,POBP_3,False,0.35862816708514034,-0.6233859545396812,-0.6233859545396812,-0.12990551244383633,-1.3511657354959408,-1.3511657354959417,-0.25293730689211724,0.13204168178956158,0.15472222222222223
acs_CA_2018_ACSIncome,race,0,RELP_0.0,False,0.21071894608319175,1.5875584243217586,1.5875584243217575,0.39362079622283036,0.6565733743010053,0.6565733743010055,0.21029469848236454,0.2607737267806218,0.4622222222222222
acs_CA_2018_ACSIncome,race,0,RELP_1.0,False,0.07063621692041455,0.9625769900388113,0.9625769900388118,0.20076400095992747,0.2120297811203975,0.2120297811203977,0.060818197281147235,0.11354797303043132,0.2222222222222222
acs_CA_2018_ACSIncome,race,0,RELP_2.0,False,0.5087842759608381,-1.8890791910410054,-1.8890791910410067,-0.39016846220518997,-1.855127727856266,-1.8551277278562683,-0.23609996792457824,0.24489815918194252,0.13166666666666665
acs_CA_2018_ACSIncome,race,0,SCHL_16.0,False,0.5032491458431031,-0.8266334828271158,-0.8266334828271158,-0.1817109701202078,-1.7937371962945463,-1.7937371962945474,-0.3250342059460195,0.272418796675217,0.1711111111111111
acs_CA_2018_ACSIncome,race,0,SCHL_19.0,False,0.21680065554891148,-0.5394274285472207,-0.5394274285472206,-0.10902467082870661,-0.8658282492066872,-0.8658282492066876,-0.18397029439706283,0.13002546899058393,0.1575
acs_CA_2018_ACSIncome,race,0,SCHL_21.0,False,0.269114377103176,1.6084150809490119,1.608415080949012,0.3231545867480727,0.5319210080197595,0.5319210080197598,0.1689536291471359,0.3031894904103126,0.2563888888888889
acs_CA_2018_ACSIncome,race,0,__A__,True,0.0664112072007379,-0.2673897639297689,-0.2673897639297691,-0.06849544501264701,-0.29055866968862987,-0.2905586696886298,-0.09045254804384788,,0.3813888888888889
acs_CA_2018_ACSIncome,race,1,AGEP,False,0.15470113534817315,1.392487106307188,1.3924871063071875,0.3860416783509449,0.472877272279412,0.4728772722794125,0.16825840116528637,0.4589860547609066,0.4936111111111111
acs_CA_2018_ACSIncome,race,1,WKHP,False,0.3416762854824658,1.8051366862262475,1.8051366862262488,0.33897456726923164,0.9452404693262237,0.9452404693262233,0.33262061012877325,0.8184000694027445,0.22777777777777777
acs_CA_2018_ACSIncome,race,1,COW_1.0,False,0.11620689655172414,-0.5087469455363984,-0.508746945536398,-0.13314952455973705,-0.12498489752900366,-0.12498489752900369,-0.044347787569336654,0.015593137286463523,0.6541666666666667
acs_CA_2018_ACSIncome,race,1,MAR_1.0,False,0.15150397508400948,1.3275670312365568,1.3275670312365564,0.3678604301535835,0.6892783416092882,0.6892783416092882,0.23726581010190212,0.12718362567602523,0.5161111111111111
acs_CA_2018_ACSIncome,race,1,MAR_5.0,False,0.1903848330503678,-1.6432623996770699,-1.6432623996770708,-0.46044770727384426,-0.8487982550800863,-0.8487982550800871,-0.24862830553611545,0.13137591297855783,0.35194444444444445
acs_CA_2018_ACSIncome,race,1,OCCP_0,False,0.4797552275638316,2.1704923244644094,2.170492324464409,0.3251909435763132,1.0880774802885713,1.0880774802885713,0.36184815807836807,0.30259357200200854,0.16694444444444445
acs_CA_2018_ACSIncome,race,1,OCCP_2,False,0.12305388467118084,0.773140090329917,0.7731400903299164,0.13496476706169527,0.2366896603593751,0.23668966035937544,0.0614689623092775,0.00319579117140358,0.125
acs_CA_2018_ACSIncome,race,1,OCCP_3,False,0.12408947519357613,0.7676548987871217,0.7676548987871209,0.13165937527541935,-0.28366279431012154,-0.2836627943101215,-0.06557004548113761,0.05659897503471859,0.10777777777777778
acs_CA_2018_ACSIncome,race,1,OCCP_4,False,0.24442964607226536,-1.328637240125704,-1.3286372401257027,-0.3473133321411334,-1.0245106339087788,-1.024510633908778,-0.22729136904944167,0.2770870176238908,0.22833333333333333
acs_CA_2018_ACSIncome,race,1,OCCP_5,False,0.39849960810659496,-0.0727268916334538,-0.07272689163345349,-0.013827031841526826,-1.274920665173624,-1.2749206651736227,-0.23746850391766544,0.13914601428537185,0.1063888888888889
acs_CA_2018_ACSIncome,race,1,POBP_0,False,0.06963061860258124,0.02606933980024273,0.026069339800242567,0.006969818261464655,0.3243581811121091,0.3243581811121091,0.10714063349128655,0.10913897780075098,0.6780555555555555
acs_CA_2018_ACSIncome,race,1,POBP_2,False,0.0952767535996572,0.5451625888286078,0.5451625888286072,0.09625318165220487,0.0005982204821307624,0.0005982204821306422,0.00016094128668959774,0.07770514507806012,0.1322222222222222
acs_CA_2018_ACSIncome,race,1,POBP_3,False,0.3001690644039682,-0.4625245617506901,-0.46252456175069034,-0.10496271452705763,-1.1766414269558836,-1.176641426955883,-0.22953758203820646,0.07837632123585389,0.1525
acs_CA_2018_ACSIncome,race,1,RELP_0.0,False,0.17631685464975982,1.4625673561748163,1.4625673561748158,0.39312368388542457,0.6665968459062328,0.6665968459062325,0.23582439217615495,0.24933027924519252,0.46166666666666667
acs_CA_2018_ACSIncome,race,1,RELP_1.0,False,0.09807916181606519,0.9883114532486024,0.9883114532486035,0.21830579191280886,0.03709786327858111,0.0370978632785811,0.01184775293121757,0.09058326352844291,0.21888888888888888
acs_CA_2018_ACSIncome,race,1,RELP_2.0,False,0.5601201361940021,-1.8103343376044878,-1.8103343376044858,-0.4013871334187007,-1.8891803899407107,-1.8891803899407107,-0.2414098544444472,0.2402758547331827,0.12638888888888888
acs_CA_2018_ACSIncome,race,1,SCHL_16.0,False,0.5078739099832905,-0.8348153672881402,-0.8348153672881413,-0.19821474411624,-1.8293739667778022,-1.8293739667778024,-0.38887766699781096,0.282256191582832,0.17527777777777778
acs_CA_2018_ACSIncome,race,1,SCHL_19.0,False,0.22343413858781302,-0.3084782912255848,-0.3084782912255851,-0.07047897018013217,-0.7968593797771475,-0.796859379777148,-0.18371900723691698,0.0832385821874881,0.16916666666666666
acs_CA_2018_ACSIncome,race,1,SCHL_21.0,False,0.3090380445495762,1.48361221250286,1.4836122125028608,0.30691111811185173,0.4607048927026185,0.4607048927026183,0.1595729710315598,0.2832484987409078,0.23694444444444446
acs_CA_2018_ACSIncome,race,1,__A__,True,0.08765685066764073,-0.2743310190335788,-0.2743310190335787,-0.07607817558239682,-0.3380665093360209,-0.33806650933602067,-0.11596162463899802,,0.38166666666666665
acs_CA_2018_ACSIncome,race,2,AGEP,False,0.16888175819728407,1.4702771809247488,1.4702771809247472,0.38985888322230267,0.6053596714109449,0.6053596714109447,0.20526325212052637,0.49087768978687996,0.5061111111111111
acs_CA_2018_ACSIncome,race,2,WKHP,False,0.2670977783542404,1.6587871832139212,1.6587871832139198,0.2913586620631055,0.884419102708415,0.884419102708416,0.2950260027645395,0.7396781659696815,0.22083333333333333
acs_CA_2018_ACSIncome,race,2,COW_1.0,False,0.09393362008967793,-0.5219999061327973,-0.5219999061327969,-0.1291751927024886,-0.10886736008315634,-0.10886736008315627,-0.037191754805781616,0.036725436098549516,0.6483333333333333
acs_CA_2018_ACSIncome,race,2,MAR_1.0,False,0.19641496936578906,1.505496325551643,1.5054963255516418,0.40055359739683066,0.8201613492924422,0.8201613492924426,0.2678381042388297,0.14553555252938227,0.5402777777777777
acs_CA_2018_ACSIncome,race,2,MAR_5.0,False,0.23532715925673986,-1.7465940053099658,-1.746594005309967,-0.4630115999124841,-1.0003342354412994,-1.0003342354412996,-0.27974489289806426,0.14781568514560964,0.3397222222222222
acs_CA_2018_ACSIncome,race,2,OCCP_0,False,0.5146215043394406,2.406099032329731,2.4060990323297298,0.34931858206667143,1.0723889420578208,1.0723889420578205,0.3341548061135732,0.30560728474224735,0.16194444444444445
acs_CA_2018_ACSIncome,race,2,OCCP_2,False,0.11409999044068442,0.6662646503162768,0.6662646503162761,0.10861934792595901,-0.06179961388400346,-0.06179961388400346,-0.01552852755843771,0.04034744219748443,0.12472222222222222
acs_CA_2018_ACSIncome,race,2,OCCP_3,False,0.06335821533986397,0.6998100724661076,0.6998100724661076,0.10786446447516687,-0.03492870299394135,-0.03492870299394129,-0.008063283670923519,0.0308937046852873,0.10583333333333333
acs_CA_2018_ACSIncome,race,2,OCCP_4,False,0.26716417910447765,-1.2674555009581603,-1.2674555009581603,-0.31177884830151903,-1.1082814843937367,-1.108281484393735,-0.22391726207193158,0.2509519214685629,0.2175
acs_CA_2018_ACSIncome,race,2,OCCP_5,False,0.4188463583200425,-0.2118575219361185,-0.21185752193611856,-0.039693687126825715,-1.3659376817999087,-1.3659376817999083,-0.24895212194534688,0.16926302870805957,0.115
acs_CA_2018_ACSIncome,race,2,POBP_0,False,0.10903934923582748,0.0593899143968204,0.05938991439682004,0.015187812187738117,0.3095207472548134,0.30952074725481327,0.09526720430126658,0.10550775011741223,0.6811111111111111
acs_CA_2018_ACSIncome,race,2,POBP_2,False,0.06717640880776474,0.647690347984176,0.6476903479841768,0.10849761001958141,0.26279210647273477,0.2627921064727351,0.06458702512458764,0.04555092570889405,0.12527777777777777
acs_CA_2018_ACSIncome,race,2,POBP_3,False,0.3543200785468827,-0.6323120213232343,-0.6323120213232339,-0.1386759695667552,-1.3264372536381568,-1.326437253638158,-0.251578065808915,0.11244887625103475,0.15944444444444444
acs_CA_2018_ACSIncome,race,2,RELP_0.0,False,0.2358270351125807,1.6867038321145147,1.6867038321145176,0.4285127042903905,0.6166084431449881,0.6166084431449884,0.2076436631576703,0.281902089872993,0.45805555555555555
acs_CA_2018_ACSIncome,race,2,RELP_1.0,False,0.07390217969165339,0.938448837494746,0.9384488374947465,0.2051534463052042,0.08284697091832427,0.08284697091832417,0.025479060653505393,0.10082207275067924,0.235
acs_CA_2018_ACSIncome,race,2,RELP_2.0,False,0.5433744528452049,-1.930547672479322,-1.9305476724793238,-0.41136636239001534,-1.821606587232884,-1.8216065872328848,-0.21018513999853458,0.245063079248318,0.12833333333333333
acs_CA_2018_ACSIncome,race,2,SCHL_16.0,False,0.5164013337090261,-0.8744416212810981,-0.8744416212810973,-0.19284568355288825,-1.7087460026545496,-1.708746002654551,-0.33135740854903156,0.28643397295795264,0.16305555555555556
acs_CA_2018_ACSIncome,race,2,SCHL_19.0,False,0.23626239352045808,-0.4217265025327348,-0.42172650253273514,-0.09002339831785325,-0.9036078850312063,-0.9036078850312073,-0.2032298015642095,0.12682800275579564,0.1661111111111111
acs_CA_2018_ACSIncome,race,2,SCHL_21.0,False,0.2857722720737693,1.5869174624649247,1.586917462464924,0.32131933969917464,0.2963642125331448,0.29636421253314477,0.09797012305832692,0.2836873130670986,0.24472222222222223
acs_CA_2018_ACSIncome,race,2,__A__,True,0.07450625958230928,-0.3100496744373835,-0.31004967443738396,-0.08171847203502422,-0.2951901172722138,-0.2951901172722135,-0.09654875792333925,,0.3813888888888889
acs_CA_2018_ACSIncome,race,3,AGEP,False,0.1697293525761081,1.4496299098445675,1.4496299098445695,0.37340652325533114,0.3780303738628664,0.378030373862866,0.13139782712662237,0.44491707448503826,0.49416666666666664
acs_CA_2018_ACSIncome,race,3,WKHP,False,0.3863344204653081,2.065179334962325,2.0651793349623233,0.3654984240177635,1.0920415884712058,1.092041588471207,0.3773441514598898,0.8568858933611183,0.23083333333333333
acs_CA_2018_ACSIncome,race,3,COW_1.0,False,0.12561719430729018,-0.5291939106251515,-0.5291939106251512,-0.1263952549652586,-0.09059061246640643,-0.09059061246640626,-0.03168218580737664,0.02293078094776863,0.6625
acs_CA_2018_ACSIncome,race,3,MAR_1.0,False,0.16355216785509386,1.459834150320842,1.459834150320842,0.3773996305473481,0.6540916914038883,0.6540916914038882,0.22084611037200153,0.1338643689701391,0.52
acs_CA_2018_ACSIncome,race,3,MAR_5.0,False,0.1930367801448557,-1.6705385466170202,-1.6705385466170213,-0.43684672818279163,-0.8136746901513316,-0.8136746901513325,-0.22900003755292322,0.13184170514335175,0.35805555555555557
acs_CA_2018_ACSIncome,race,3,OCCP_0,False,0.4703986333491809,2.216509282146533,2.2165092821465326,0.3337930512051644,0.9238143166640518,0.9238143166640524,0.30271801541787835,0.2864207071001259,0.17722222222222223
acs_CA_2018_ACSIncome,race,3,OCCP_2,False,0.1284136052667628,0.664177023048486,0.664177023048486,0.10002109030151157,0.006197523932811144,0.0061975239328109525,0.0016019191230055,0.04257241792369328,0.11722222222222223
acs_CA_2018_ACSIncome,race,3,OCCP_3,False,0.030922137418526785,0.6008088321434235,0.6008088321434238,0.08587777943768521,-0.10134440181963555,-0.10134440181963576,-0.022918318889027664,0.04501942553043404,0.09416666666666666
acs_CA_2018_ACSIncome,race,3,OCCP_4,False,0.38827131152987115,-1.5092141331121298,-1.5092141331121294,-0.36435473315483824,-1.3679085342773738,-1.3679085342773738,-0.29243420363623646,0.28907453896365726,0.22138888888888889
acs_CA_2018_ACSIncome,race,3,OCCP_5,False,0.40436269877894243,-0.011650125686918145,-0.011650125686917761,-0.002169341540999911,-1.3318650671445327,-1.331865067144534,-0.23783916499504842,0.1438581524567882,0.115
acs_CA_2018_ACSIncome,race,3,POBP_0,False,0.045528102090686945,-0.0722143324023019,-0.07221433240230174,-0.017937155610501212,0.14633039915139623,0.14633039915139642,0.0467988870363827,0.11861278034050415,0.6847222222222222
acs_CA_2018_ACSIncome,race,3,POBP_2,False,0.10496408619313646,0.6897674860957999,0.6897674860958007,0.11315522471107828,0.32132676073348365,0.3213267607334841,0.08245881767759336,0.049190849933365616,0.1275
acs_CA_2018_ACSIncome,race,3,POBP_3,False,0.31436161193692413,-0.40591130103568585,-0.40591130103568607,-0.0857482365607992,-1.2273079856557911,-1.2273079856557914,-0.23670038614840824,0.11532921908880044,0.15305555555555556
acs_CA_2018_ACSIncome,race,3,RELP_0.0,False,0.2229864553328167,1.7647856634290715,1.7647856634290728,0.4411639761481962,0.6303742685955823,0.6303742685955825,0.2205232472384231,0.2847588708662181,0.45361111111111113
acs_CA_2018_ACSIncome,race,3,RELP_1.0,False,0.08273731339375717,0.9020426726243302,0.9020426726243299,0.18459466207642325,-0.002609227178522744,-0.0026092271785227955,-0.000842425918397292,0.0622312223372883,0.22833333333333333
acs_CA_2018_ACSIncome,race,3,RELP_2.0,False,0.5339518563123541,-1.7342316532506683,-1.734231653250669,-0.36760226302187465,-1.723271074210022,-1.7232710742100212,-0.21599602410058766,0.19525966437990339,0.13472222222222222
acs_CA_2018_ACSIncome,race,3,SCHL_16.0,False,0.4503241928947724,-0.9529219768430004,-0.9529219768429997,-0.2118023326774521,-1.573644846671475,-1.5736448466714736,-0.32058236787204153,0.2830153876276567,0.17555555555555555
acs_CA_2018_ACSIncome,race,3,SCHL_19.0,False,0.19889390878363722,-0.19671401725852933,-0.19671401725852938,-0.041591103770646745,-0.920818973851184,-0.9208189738511842,-0.2026744053522123,0.08756428992557791,0.16444444444444445
acs_CA_2018_ACSIncome,race,3,SCHL_21.0,False,0.282847318249122,1.5850077662611584,1.5850077662611575,0.3163012283824501,0.4463286714759709,0.44632867147597055,0.15149523696939812,0.30219102807492015,0.2452777777777778
acs_CA_2018_ACSIncome,race,3,__A__,True,0.050363909004462,-0.26885498576703104,-0.2688549857670313,-0.06939468337280826,-0.14468579783795177,-0.1446857978379516,-0.048679783579519825,,0.3813888888888889
acs_CA_2018_ACSIncome,race,4,AGEP,False,0.16374918144642422,1.4874291671359057,1.4874291671359052,0.3745738454241049,0.4932014127871691,0.4932014127871688,0.16135898747489125,0.5010179145236078,0.5030555555555556
acs_CA_2018_ACSIncome,race,4,WKHP,False,0.36970089696804337,1.9349177672250226,1.934917767225023,0.32922518164098075,1.158168454273382,1.1581684542733828,0.3812710146420963,0.8482223569731533,0.23055555555555557
acs_CA_2018_ACSIncome,race,4,COW_1.0,False,0.11564118566406897,-0.6677237573299619,-0.6677237573299626,-0.15580015272153422,-0.1509289446336779,-0.15092894463367793,-0.05021197801539264,0.011630046549861951,0.6605555555555556
acs_CA_2018_ACSIncome,race,4,MAR_1.0,False,0.1750717056158535,1.3538480462077653,1.3538480462077653,0.3429319879635698,0.727422045893972,0.7274220458939712,0.23392528419796077,0.12738524475423427,0.525
acs_CA_2018_ACSIncome,race,4,MAR_5.0,False,0.2073114856881043,-1.672480448729143,-1.6724804487291411,-0.4260085509119032,-0.9186967776401039,-0.9186967776401037,-0.24287059010507073,0.11945571951029287,0.34555555555555556
acs_CA_2018_ACSIncome,race,4,OCCP_0,False,0.47093910389790544,2.164601927697793,2.1646019276977913,0.30686888554492575,1.078697692420672,1.0786976924206724,0.3298000379645243,0.296818257512956,0.16583333333333333
acs_CA_2018_ACSIncome,race,4,OCCP_2,False,0.13288617627736451,0.8112431173532864,0.8112431173532861,0.12012236831312433,0.14199770585481764,0.14199770585481747,0.034222537688663686,0.04169805475655438,0.11527777777777778
acs_CA_2018_ACSIncome,race,4,OCCP_3,False,0.046865482179445195,0.5869440116772655,0.5869440116772652,0.08690995737492971,-0.10314764949735811,-0.10314764949735818,-0.022938476569394982,0.05094326731599508,0.10472222222222222
acs_CA_2018_ACSIncome,race,4,OCCP_4,False,0.3279318868442736,-1.5540512443758066,-1.5540512443758057,-0.365554491346595,-1.3388550311664622,-1.3388550311664609,-0.27748139422853446,0.31934200141237207,0.22194444444444444
acs_CA_2018_ACSIncome,race,4,OCCP_5,False,0.3435389532079112,-0.021335283417731832,-0.021335283417732078,-0.0038067409231671285,-1.2397501129967405,-1.2397501129967408,-0.20726203343298352,0.12255526138615214,0.11027777777777778
acs_CA_2018_ACSIncome,race,4,POBP_0,False,0.051394200190028966,0.025721343292745003,0.025721343292745,0.006256811809532872,0.26122445772708125,0.2612244577270811,0.07915926196034834,0.11060836162150811,0.6830555555555555
acs_CA_2018_ACSIncome,race,4,POBP_2,False,0.08397158924842507,0.4469455757542222,0.4469455757542225,0.07355968971185554,0.13747302008235174,0.13747302008235163,0.03362443667311031,0.07400045817361957,0.1322222222222222
acs_CA_2018_ACSIncome,race,4,POBP_3,False,0.2834029793613831,-0.4867469418592538,-0.4867469418592541,-0.09953405250855109,-1.227317108778702,-1.2273171087787007,-0.22302297075690664,0.09042711876726942,0.14972222222222223
acs_CA_2018_ACSIncome,race,4,RELP_0.0,False,0.2064798045471935,1.6255697960148614,1.6255697960148596,0.3960551038393711,0.5856692284813269,0.5856692284813269,0.19326055863057473,0.26293626379455465,0.45805555555555555
acs_CA_2018_ACSIncome,race,4,RELP_1.0,False,0.056060814057244834,0.8759973326753085,0.875997332675308,0.176544811239945,0.05604219976811464,0.056042199768114795,0.016890811297248218,0.09335815082436559,0.22444444444444445
acs_CA_2018_ACSIncome,race,4,RELP_2.0,False,0.5628882763742306,-1.8221019513432097,-1.8221019513432088,-0.37358389502117945,-1.6416125719274781,-1.6416125719274788,-0.19937962915984983,0.23420631031786576,0.1322222222222222
acs_CA_2018_ACSIncome,race,4,SCHL_16.0,False,0.48686838996935505,-0.8506607352495699,-0.8506607352495698,-0.18332900786022138,-1.5996276145614532,-1.599627614561452,-0.31469477005859464,0.2647834028786647,0.17416666666666666
acs_CA_2018_ACSIncome,race,4,SCHL_19.0,False,0.20507640317367026,-0.3053132303159427,-0.3053132303159425,-0.06287058968063201,-0.8618638855544016,-0.8618638855544007,-0.18461016250758908,0.08197568640504689,0.1661111111111111
acs_CA_2018_ACSIncome,race,4,SCHL_21.0,False,0.2768714689265537,1.6134487909031003,1.6134487909031,0.3069232827533325,0.43856782383531356,0.43856782383531306,0.14136877855246768,0.3152147746928802,0.23916666666666667
acs_CA_2018_ACSIncome,race,4,__A__,True,0.04388852315119596,-0.32100760732635947,-0.3210076073263601,-0.0809053318332769,-0.3073433216082394,-0.3073433216082394,-0.09820171289247477,,0.3813888888888889
acs_CA_2018_ACSIncome,race,5,AGEP,False,0.16583188837873813,1.3364158973410691,1.336415897341069,0.34952080264041335,0.5385886675174532,0.5385886675174532,0.18484609812731526,0.48938436780733013,0.505
acs_CA_2018_ACSIncome,race,5,WKHP,False,0.3255956052317571,1.7822688450580888,1.78226884505809,0.32098668887160614,1.027605989287468,1.0276059892874683,0.3518963603030719,0.8255786741330472,0.23055555555555557
acs_CA_2018_ACSIncome,race,5,COW_1.0,False,0.12574449595945403,-0.6688731917384287,-0.6688731917384277,-0.1636851277893664,-0.24038439977948545,-0.2403843997794856,-0.0841515530207896,0.014081998597433728,0.6455555555555555
acs_CA_2018_ACSIncome,race,5,MAR_1.0,False,0.15656850715746418,1.3497680152932865,1.3497680152932843,0.35358734823430416,0.680139956777744,0.6801399567777437,0.22822980723525213,0.11483019098044794,0.5227777777777778
acs_CA_2018_ACSIncome,race,5,MAR_5.0,False,0.17223830301982979,-1.5034232225218438,-1.5034232225218442,-0.39708941013491905,-0.8220250923509284,-0.8220250923509285,-0.23243295541918713,0.08610377790014222,0.35388888888888886
acs_CA_2018_ACSIncome,race,5,OCCP_0,False,0.44968991760111027,2.102282999500616,2.102282999500613,0.30314303418828753,0.9995923609753051,0.9995923609753039,0.3208863354254316,0.2624289856484093,0.16555555555555557
acs_CA_2018_ACSIncome,race,5,OCCP_2,False,0.15222732052385052,0.9581568447165901,0.9581568447165894,0.15473299367771265,0.2719228891691753,0.27192288916917523,0.07171830070910666,0.0019971661141267335,0.12916666666666668
acs_CA_2018_ACSIncome,race,5,OCCP_3,False,0.10254890854429,0.9151665996689747,0.9151665996689751,0.13405293361489318,-0.013106208262758767,-0.013106208262758826,-0.002950441430836953,0.06545140739042032,0.09583333333333334
acs_CA_2018_ACSIncome,race,5,OCCP_4,False,0.3490546393469931,-1.5130334276393045,-1.5130334276393032,-0.3675407844036917,-1.1938304477787245,-1.1938304477787243,-0.25108539770216376,0.28743329828842346,0.21722222222222223
acs_CA_2018_ACSIncome,race,5,OCCP_5,False,0.4441559060370706,-0.2284216031860009,-0.2284216031860009,-0.04192404152101565,-1.5226878955358312,-1.5226878955358314,-0.2993992544415798,0.17366050918412282,0.11666666666666667
acs_CA_2018_ACSIncome,race,5,POBP_0,False,0.08182731514268837,0.05146882244121076,0.051468822441210496,0.013018249411960654,0.3209889523014725,0.3209889523014724,0.10041830359662576,0.10311713046087788,0.6841666666666667
acs_CA_2018_ACSIncome,race,5,POBP_2,False,0.07628589895460391,0.7538511765052809,0.7538511765052813,0.12671215031739896,0.20101955393426496,0.2010195539342648,0.048973255110659725,0.04430830685290245,0.12305555555555556
acs_CA_2018_ACSIncome,race,5,POBP_3,False,0.395009608277901,-0.762030376659484,-0.7620303766594831,-0.1643419915722053,-1.4498201114771554,-1.4498201114771552,-0.28611305136286613,0.12353346639708028,0.15833333333333333
acs_CA_2018_ACSIncome,race,5,RELP_0.0,False,0.17272647134247981,1.4404371373548783,1.4404371373548792,0.35929277145440136,0.5586865786887433,0.5586865786887432,0.19394185679343545,0.2343736133874554,0.44277777777777777
acs_CA_2018_ACSIncome,race,5,RELP_1.0,False,0.10067908782546822,0.9908752750098733,0.9908752750098733,0.21044930967757725,0.1470662420013431,0.1470662420013428,0.04630520482529482,0.11458063980561523,0.22944444444444445
acs_CA_2018_ACSIncome,race,5,RELP_2.0,False,0.48354877341136093,-1.744440148681203,-1.7444401486812042,-0.37306797365622985,-1.7501599721762284,-1.7501599721762304,-0.23901868795954,0.25339862934107565,0.13666666666666666
acs_CA_2018_ACSIncome,race,5,SCHL_16.0,False,0.4374486193723101,-0.5913035638256916,-0.5913035638256922,-0.12997597072766529,-1.4892561378937952,-1.4892561378937936,-0.29066905803155957,0.22514986331119458,0.16416666666666666
acs_CA_2018_ACSIncome,race,5,SCHL_19.0,False,0.26886525600263134,-0.5047309215784519,-0.5047309215784519,-0.10830885259906176,-0.8856244260706735,-0.8856244260706735,-0.20293663870507314,0.10272929150874008,0.17055555555555554
acs_CA_2018_ACSIncome,race,5,SCHL_21.0,False,0.3370353503813023,1.7284981276542546,1.7284981276542564,0.35430127927544613,0.48592427315204567,0.48592427315204595,0.16182057189040602,0.3292167599674124,0.2427777777777778
acs_CA_2018_ACSIncome,race,5,__A__,True,0.08872160902320803,-0.11634324329798518,-0.11634324329798519,-0.030379938923106437,-0.2814611362818811,-0.2814611362818809,-0.09402371428397525,,0.38166666666666665
acs_CA_2018_ACSIncome,race,6,AGEP,False,0.12895733685065316,1.379115777108259,1.379115777108259,0.3584829937700933,0.50548716054631,0.5054871605463104,0.17777488134337746,0.4075356143033297,0.4822222222222222
acs_CA_2018_ACSIncome,race,6,WKHP,False,0.34019271164635306,1.7620027501733302,1.762002750173329,0.3102954332093482,0.9703381947233034,0.9703381947233032,0.3378689113114771,0.8408883765209494,0.22055555555555556
acs_CA_2018_ACSIncome,race,6,COW_1.0,False,0.11971681078533641,-0.6875754796373614,-0.6875754796373613,-0.16827281506327021,-0.15367453693014876,-0.153674536930149,-0.05449043389684067,0.01139199759186012,0.6619444444444444
acs_CA_2018_ACSIncome,race,6,MAR_1.0,False,0.17359036904287795,1.3385150853551933,1.338515085355192,0.35368792319570774,0.7062021379535048,0.7062021379535047,0.24077193029229652,0.10754016305599404,0.5263888888888889
acs_CA_2018_ACSIncome,race,6,MAR_5.0,False,0.23630261543238162,-1.7001369919566791,-1.700136991956679,-0.45267074344365504,-0.9276582756318926,-0.9276582756318924,-0.26489151640336916,0.14060409322364156,0.34833333333333333
acs_CA_2018_ACSIncome,race,6,OCCP_0,False,0.47122029617724714,2.0873351840461787,2.0873351840461813,0.29027621762934125,0.9854806442416215,0.9854806442416204,0.3225658847923218,0.2818398124218743,0.1597222222222222
acs_CA_2018_ACSIncome,race,6,OCCP_2,False,0.18386117242472652,0.768536282370424,0.7685362823704243,0.1239396269242702,0.16873328148193445,0.1687332814819346,0.043006952865951145,0.02402034616207483,0.11888888888888889
acs_CA_2018_ACSIncome,race,6,OCCP_4,False,0.23937116177110596,-1.1553108487170765,-1.1553108487170765,-0.2859406644599026,-1.0001355740209323,-1.000135574020933,-0.21186509861107042,0.23937431505966408,0.2222222222222222
acs_CA_2018_ACSIncome,race,6,OCCP_5,False,0.44234167893961707,-0.252280480098106,-0.2522804800981063,-0.04730012243955817,-1.4145415199394429,-1.414541519939444,-0.2803877678967715,0.1808157047580659,0.11805555555555555
acs_CA_2018_ACSIncome,race,6,POBP_0,False,0.0661722306119254,0.1216916944713533,0.12169169447135314,0.03108052518255418,0.3017634986100134,0.3017634986100134,0.09841476112871372,0.1140620874914866,0.6766666666666666
acs_CA_2018_ACSIncome,race,6,POBP_2,False,0.061968228325255836,0.4130703234731712,0.4130703234731717,0.07092279807838037,0.09585963078568904,0.09585963078568888,0.025656921827046954,0.06748166424709333,0.13555555555555557
acs_CA_2018_ACSIncome,race,6,POBP_3,False,0.2917015701543348,-0.5687420836110799,-0.5687420836110805,-0.12363859489440833,-1.353577995234453,-1.3535779952344518,-0.2567444796244859,0.11086952459845512,0.15361111111111111
acs_CA_2018_ACSIncome,race,6,RELP_0.0,False,0.20002036625647443,1.6247985221051122,1.6247985221051127,0.4115558261117942,0.6509565505711241,0.6509565505711243,0.23102475586813273,0.2743536931195842,0.4488888888888889
acs_CA_2018_ACSIncome,race,6,RELP_1.0,False,0.06270689057810394,0.8801996020943081,0.8801996020943083,0.18793136744777883,0.09215675320256622,0.09215675320256597,0.029853168408237627,0.11896768651597536,0.23027777777777778
acs_CA_2018_ACSIncome,race,6,RELP_2.0,False,0.5600670541517238,-1.8751926688715763,-1.875192668871579,-0.40072727257126883,-1.8119001697375245,-1.8119001697375225,-0.24001268541016513,0.281835009298255,0.13194444444444445
acs_CA_2018_ACSIncome,race,6,SCHL_16.0,False,0.5151566532903785,-0.702504068802746,-0.702504068802747,-0.15707507358743175,-1.5778668123210502,-1.5778668123210515,-0.3091684658720731,0.26933396801805104,0.16583333333333333
acs_CA_2018_ACSIncome,race,6,SCHL_19.0,False,0.19709809964047253,-0.4778345557403698,-0.47783455574036976,-0.10247250995169481,-0.8696891673729752,-0.8696891673729745,-0.20641464893345882,0.11212714241107502,0.1688888888888889
acs_CA_2018_ACSIncome,race,6,SCHL_21.0,False,0.32006720331449356,1.6293519040347086,1.6293519040347104,0.3213064077678144,0.4779977923863993,0.47799779238639883,0.16460276929849918,0.29957999688763126,0.2363888888888889
acs_CA_2018_ACSIncome,race,6,SCHL_22.0,False,0.5121571988246817,2.3099711608191744,2.309971160819173,0.2351422411159675,1.142935127887744,1.1429351278877447,0.3109521932979422,0.3790524306655467,0.09166666666666666
acs_CA_2018_ACSIncome,race,6,__A__,True,0.0347862332522384,-0.19730051195777087,-0.19730051195777099,-0.05196663312156917,-0.20514527257632786,-0.20514527257632775,-0.07012351731025793,,0.3813888888888889
acs_CA_2018_ACSIncome,race,7,AGEP,False,0.1558079625077196,1.3562450037403182,1.3562450037403189,0.3526643261853479,0.545794685891733,0.5457946858917332,0.18960304644796175,0.5099982339485281,0.4930555555555556
acs_CA_2018_ACSIncome,race,7,WKHP,False,0.28506359300476947,1.6139102718148552,1.6139102718148544,0.2855977742042194,0.939957959340624,0.9399579593406239,0.32759201976569735,0.8309025276302152,0.23555555555555555
acs_CA_2018_ACSIncome,race,7,COW_1.0,False,0.11162992655507839,-0.5393325944858292,-0.5393325944858287,-0.1307386906126032,-0.06701694079294185,-0.06701694079294186,-0.023730504374922037,0.02766994709485128,0.6458333333333334
acs_CA_2018_ACSIncome,race,7,MAR_1.0,False,0.2059145540609183,1.3824408294479182,1.3824408294479185,0.3619272201789135,0.8481969278864975,0.8481969278864973,0.2882907816834253,0.13575708842198925,0.52
acs_CA_2018_ACSIncome,race,7,MAR_5.0,False,0.2328392590882007,-1.6626044112255296,-1.6626044112255303,-0.4389270969005156,-0.9581522816572304,-0.9581522816572295,-0.2743772412009383,0.12479137119216228,0.3561111111111111
acs_CA_2018_ACSIncome,race,7,OCCP_0,False,0.5025677382997482,2.1854466200073883,2.1854466200073874,0.31321301041335997,1.0871285176054244,1.0871285176054233,0.3584009618662453,0.3005758962578473,0.17305555555555555
acs_CA_2018_ACSIncome,race,7,OCCP_2,False,0.10595925936972136,0.5222085361829705,0.5222085361829705,0.07911464865191978,-0.06995528861295885,-0.06995528861295869,-0.0186210357381974,0.042822358821395345,0.1213888888888889
acs_CA_2018_ACSIncome,race,7,OCCP_3,False,0.042016439314445625,0.7458993161346459,0.7458993161346467,0.1193915661629123,-0.13929518932921914,-0.13929518932921922,-0.03151418447050662,0.07688323096907362,0.1063888888888889
acs_CA_2018_ACSIncome,race,7,OCCP_4,False,0.3678839504090411,-1.4179595637495803,-1.4179595637495823,-0.3434141347978153,-1.2682382427830832,-1.2682382427830825,-0.2670906097748982,0.29959155067455384,0.2152777777777778
acs_CA_2018_ACSIncome,race,7,OCCP_5,False,0.3344674049549035,0.05535266187293897,0.055352661872938816,0.010335268626446795,-1.1481562158983831,-1.1481562158983842,-0.20122607098196993,0.1467096123323636,0.11222222222222222
acs_CA_2018_ACSIncome,race,7,POBP_0,False,0.1075223284178508,0.23480069123029468,0.23480069123029423,0.05874955173776314,0.33521473039003835,0.3352147303900389,0.10575268781751028,0.13295676578154766,0.6925
acs_CA_2018_ACSIncome,race,7,POBP_2,False,0.045974801845498625,0.54336700579529,0.5433670057952898,0.0875064029151927,0.10075023837266417,0.10075023837266399,0.02533593169142296,0.06189036774753903,0.12027777777777778
acs_CA_2018_ACSIncome,race,7,POBP_3,False,0.4412223835524926,-0.7605317112616028,-0.7605317112616028,-0.16376078332374672,-1.5267762678543757,-1.5267762678543764,-0.2827459483644128,0.1311592587729092,0.15305555555555556
acs_CA_2018_ACSIncome,race,7,RELP_0.0,False,0.2148654817818151,1.6859552802924749,1.685955280292475,0.4276544105040162,0.695578091935958,0.6955780919359569,0.2395487097547488,0.2741959773873875,0.47055555555555556
acs_CA_2018_ACSIncome,race,7,RELP_1.0,False,0.05632256805542002,0.8949107407807322,0.8949107407807328,0.18598893148878065,0.1335768491284871,0.13357684912848733,0.041353503633809185,0.0936090057636223,0.215
acs_CA_2018_ACSIncome,race,7,RELP_2.0,False,0.563356349120725,-1.7490774153817898,-1.7490774153817912,-0.3689084233856109,-1.8361838962976362,-1.8361838962976365,-0.2417619679961526,0.24615058931186148,0.13111111111111112
acs_CA_2018_ACSIncome,race,7,SCHL_16.0,False,0.38928837093974705,-0.872867148170202,-0.8728671481702017,-0.19472036822951752,-1.5404004277073633,-1.5404004277073624,-0.2877126631804609,0.247101406960308,0.1663888888888889
acs_CA_2018_ACSIncome,race,7,SCHL_19.0,False,0.1554446145116608,-0.11074809851943312,-0.11074809851943328,-0.023727364052606094,-0.6112114898080061,-0.6112114898080055,-0.1353389625640251,0.05782205060860806,0.16583333333333333
acs_CA_2018_ACSIncome,race,7,SCHL_21.0,False,0.23593000569422207,1.4495236940822789,1.4495236940822778,0.2706503400528231,0.17579725329111562,0.17579725329111548,0.05994085798737886,0.25000948010698015,0.22972222222222222
acs_CA_2018_ACSIncome,race,7,__A__,True,0.051058877422789584,-0.12818223488426983,-0.12818223488426989,-0.03344636776859357,-0.2885919218489936,-0.2885919218489933,-0.09713905320807804,,0.38166666666666665
acs_CA_2018_ACSIncome,race,8,AGEP,False,0.16562518335973714,1.3362383997697038,1.336238399769702,0.3480971776182028,0.4981792899787292,0.49817928997872907,0.15867430719685574,0.43734721528424503,0.5088888888888888
acs_CA_2018_ACSIncome,race,8,WKHP,False,0.3311827533592558,1.7459968742383631,1.7459968742383634,0.3103821960258411,1.1138377119376277,1.1138377119376286,0.35672861020485386,0.8314121292651313,0.22444444444444445
acs_CA_2018_ACSIncome,race,8,COW_1.0,False,0.09899307042164185,-0.47741698785632103,-0.4774169878563215,-0.11582021222917686,-0.13149915392714806,-0.1314991539271481,-0.043309837509014876,0.04268195039013043,0.65
acs_CA_2018_ACSIncome,race,8,MAR_1.0,False,0.18225445623150752,1.457189382345423,1.4571893823454227,0.38269178988453195,0.6902188501054796,0.6902188501054797,0.21649647982060385,0.13646389265872907,0.5333333333333333
acs_CA_2018_ACSIncome,race,8,MAR_5.0,False,0.19163238976323088,-1.659742166317229,-1.6597421663172303,-0.4366146544904639,-0.9403128556943952,-0.9403128556943942,-0.2419904232840706,0.13532007357924916,0.3372222222222222
acs_CA_2018_ACSIncome,race,8,OCCP_0,False,0.5274213625321091,2.2608603934413045,2.2608603934413045,0.3168684691260515,1.139559986529209,1.1395599865292094,0.34730716294567704,0.28478068589300226,0.16666666666666666
acs_CA_2018_ACSIncome,race,8,OCCP_2,False,0.09006509811444185,0.4571283707462339,0.45712837074623375,0.07270838307146886,0.06091313366287754,0.06091313366287744,0.014013520560611756,0.04425405437995849,0.11583333333333333
acs_CA_2018_ACSIncome,race,8,OCCP_3,False,0.062377610068428346,0.7280966775659403,0.7280966775659403,0.10950898504175877,-0.1311231612583985,-0.13112316125839876,-0.028873004323054428,0.030609684483571667,0.10333333333333333
acs_CA_2018_ACSIncome,race,8,OCCP_4,False,0.3901498803311492,-1.4165574033142487,-1.4165574033142487,-0.3470830277148799,-1.5168463571535276,-1.5168463571535264,-0.3090882253016455,0.3035610823000109,0.22611111111111112
acs_CA_2018_ACSIncome,race,8,OCCP_5,False,0.4124202258222877,-0.13449695551756014,-0.13449695551755986,-0.02423806368860724,-1.4629473945641562,-1.4629473945641578,-0.2665052279670047,0.15287480497281214,0.11222222222222222
acs_CA_2018_ACSIncome,race,8,POBP_0,False,0.06431297709923667,-0.010811472655427146,-0.010811472655427139,-0.0027271453203209983,0.2669567240627897,0.26695672406278953,0.08087089481050884,0.1051336110785943,0.675
acs_CA_2018_ACSIncome,race,8,POBP_2,False,0.10234855924966979,0.68168003889573,0.6816800388957299,0.11237918456186652,0.13966082715710304,0.13966082715710296,0.03412148504209796,0.04521901227534847,0.1297222222222222
acs_CA_2018_ACSIncome,race,8,POBP_3,False,0.3610116101161012,-0.6620613239635085,-0.6620613239635076,-0.14242262118596333,-1.4697748021248749,-1.4697748021248747,-0.27077559321104666,0.12761390467305092,0.15722222222222224
acs_CA_2018_ACSIncome,race,8,RELP_0.0,False,0.20732868267865223,1.5615570057342816,1.5615570057342811,0.3943868852256107,0.5704038964493903,0.57040389644939,0.18512159071112694,0.2688853193274896,0.45916666666666667
acs_CA_2018_ACSIncome,race,8,RELP_1.0,False,0.0883315055151547,0.9000758734690129,0.9000758734690129,0.19330176391874376,0.09624811197175798,0.09624811197175784,0.028588112950162732,0.08580853939702943,0.23444444444444446
acs_CA_2018_ACSIncome,race,8,RELP_2.0,False,0.43260675796126735,-1.6605877478346913,-1.66058774783469,-0.34637845013847857,-1.6863922597305894,-1.6863922597305894,-0.1890406899113369,0.21686346578442187,0.12527777777777777
acs_CA_2018_ACSIncome,race,8,SCHL_16.0,False,0.5057773860008576,-0.6953372301580376,-0.6953372301580372,-0.15575791935529315,-1.7089583960759918,-1.708958396075991,-0.3160007984435111,0.25939422240549226,0.17222222222222222
acs_CA_2018_ACSIncome,race,8,SCHL_19.0,False,0.16763627388759605,-0.3291553972680832,-0.32915539726808263,-0.07080790367843832,-0.731295903136564,-0.7312959031365635,-0.15719657353536423,0.08532167889413964,0.1713888888888889
acs_CA_2018_ACSIncome,race,8,SCHL_21.0,False,0.2764502948300751,1.5234976987515185,1.5234976987515205,0.2975422268565709,0.4829227805328188,0.4829227805328184,0.1513963885267513,0.31400397161084226,0.2311111111111111
acs_CA_2018_ACSIncome,race,8,__A__,True,0.030774818052193842,-0.1571313744594156,-0.15713137445941586,-0.0409951480708575,-0.21221694228928667,-0.2122169422892865,-0.0666677641307715,,0.38166666666666665
acs_CA_2018_ACSIncome,race,9,AGEP,False,0.15429905239687847,1.3799071440733548,1.3799071440733535,0.3723285121965963,0.4342376331825508,0.434237633182551,0.15158912006388045,0.40208080662605067,0.5083333333333333
acs_CA_2018_ACSIncome,race,9,WKHP,False,0.3058084772370486,1.6178666733434413,1.6178666733434388,0.2908256210308864,0.8739355440076081,0.8739355440076076,0.30865366981115183,0.750435433132853,0.22527777777777777
acs_CA_2018_ACSIncome,race,9,COW_1.0,False,0.12387975945189877,-0.6906723658153489,-0.6906723658153493,-0.17439006820535857,-0.21239420029906475,-0.21239420029906475,-0.07623979356213284,0.006552232005419318,0.6525
acs_CA_2018_ACSIncome,race,9,MAR_1.0,False,0.18749800300348274,1.425427543067951,1.4254275430679495,0.38664360972566064,0.7186135736264043,0.7186135736264045,0.2512945894012225,0.17525545997453976,0.5166666666666667
acs_CA_2018_ACSIncome,race,9,MAR_5.0,False,0.21690495157435752,-1.637848502282954,-1.6378485022829563,-0.44711319514922304,-0.849462508231122,-0.8494625082311229,-0.2510842764366359,0.16456226225812226,0.3527777777777778
acs_CA_2018_ACSIncome,race,9,OCCP_0,False,0.5194319169522935,2.3346058483386067,2.33460584833861,0.33303894414902147,1.0664664093517857,1.066466409351786,0.3595564398829652,0.28368628944495217,0.16944444444444445
acs_CA_2018_ACSIncome,race,9,OCCP_2,False,0.18177862746390666,0.910083575474016,0.9100835754740173,0.14479153738967637,0.09062757485044037,0.09062757485044026,0.023560711159081538,0.03603322265610072,0.11583333333333333
acs_CA_2018_ACSIncome,race,9,OCCP_3,False,0.05071378734546367,0.7498136400383144,0.7498136400383151,0.11983479566448847,-0.1747505357556154,-0.17475053575561547,-0.040406801375151,0.0485733582734471,0.10166666666666667
acs_CA_2018_ACSIncome,race,9,OCCP_4,False,0.3746739716099008,-1.5127847283334561,-1.5127847283334563,-0.38936323094349984,-1.4441319961556278,-1.4441319961556272,-0.32681668894720994,0.31532948297014085,0.2375
acs_CA_2018_ACSIncome,race,9,OCCP_5,False,0.36263868789194403,0.00698178971866148,0.006981789718661808,0.0013261004710695135,-1.1605782913962364,-1.1605782913962372,-0.20890096990529117,0.13646657745640906,0.10888888888888888
acs_CA_2018_ACSIncome,race,9,POBP_0,False,0.08453506166171576,0.06594088526832187,0.06594088526832187,0.017291688368004255,0.3422152314334923,0.342215231433492,0.11273095597842195,0.1307832564544194,0.6744444444444444
acs_CA_2018_ACSIncome,race,9,POBP_2,False,0.06170261960848952,0.6533395413804948,0.6533395413804949,0.111558873590334,0.037822349115694376,0.03782234911569454,0.010153696913646128,0.053391621262342495,0.13027777777777777
acs_CA_2018_ACSIncome,race,9,POBP_3,False,0.3636660740430872,-0.6493021055804884,-0.6493021055804894,-0.1460944548868391,-1.4650678117533058,-1.465067811753305,-0.28318383789378127,0.13924781561025246,0.1575
acs_CA_2018_ACSIncome,race,9,RELP_0.0,False,0.1841663289481888,1.528815474122282,1.5288154741222815,0.4001723921212379,0.49420707882379433,0.49420707882379417,0.17609038351898773,0.2458911077117735,0.4575
acs_CA_2018_ACSIncome,race,9,RELP_1.0,False,0.09058634238477772,0.9167117358329815,0.9167117358329819,0.19618074565478802,0.15153572855224562,0.15153572855224554,0.04925049264300397,0.06862680627101352,0.2222222222222222
acs_CA_2018_ACSIncome,race,9,RELP_2.0,False,0.5241935483870968,-1.855447279742285,-1.8554472797422878,-0.4102920742744131,-1.7586570829114812,-1.758657082911481,-0.23665679331652859,0.23340982284194053,0.135
acs_CA_2018_ACSIncome,race,9,SCHL_16.0,False,0.4537306201550388,-0.6715023576644519,-0.6715023576644518,-0.15740523966627987,-1.5434425543357675,-1.5434425543357666,-0.2857433607609995,0.2278615205309007,0.17027777777777778
acs_CA_2018_ACSIncome,race,9,SCHL_19.0,False,0.1959345205972297,-0.39871588879046915,-0.3987158887904694,-0.08474495981358299,-0.7724576943621944,-0.7724576943621932,-0.18000286255627349,0.11658733571145118,0.15583333333333332
acs_CA_2018_ACSIncome,race,9,SCHL_21.0,False,0.32026099471602665,1.664336345359668,1.6643363453596682,0.33024983849506556,0.5280822595147432,0.5280822595147435,0.18466700246858694,0.2868665110436119,0.2375
acs_CA_2018_ACSIncome,race,9,__A__,True,0.06122154195993945,-0.17497858530762733,-0.17497858530762736,-0.04727629772231895,-0.24498573495231923,-0.24498573495231907,-0.084278441295517,,0.3813888888888889
acs_CA_2018_ACSIncome,race,10,AGEP,False,0.14377118872579264,1.4362920055595851,1.4362920055595847,0.3564052688150336,0.4910593979128136,0.49105939791281394,0.1641571899349218,0.4446376247761177,0.4975
acs_CA_2018_ACSIncome,race,10,WKHP,False,0.34368725957485935,1.813984428285873,1.8139844282858708,0.31092156548759103,0.9514190609398913,0.9514190609398908,0.3152509841441743,0.8106880667123806,0.23027777777777778
acs_CA_2018_ACSIncome,race,10,COW_1.0,False,0.12497526090135433,-0.7163176250010972,-0.716317625001097,-0.1678157543501187,-0.1929493220764058,-0.1929493220764057,-0.06480260278704741,0.006695408780854697,0.6505555555555556
acs_CA_2018_ACSIncome,race,10,MAR_1.0,False,0.16133410737754003,1.5225217605292194,1.5225217605292183,0.3771700653555077,0.7240438538421057,0.7240438538421055,0.2386776679058135,0.13770034522833755,0.5052777777777778
acs_CA_2018_ACSIncome,race,10,MAR_5.0,False,0.20696129404968222,-1.7820551531329474,-1.7820551531329465,-0.4471867716642846,-0.9189622970519105,-0.9189622970519108,-0.2611070711105884,0.1473279488654899,0.3616666666666667
acs_CA_2018_ACSIncome,race,10,OCCP_0,False,0.4372010527520311,2.1696634385998745,2.1696634385998737,0.30432568170025154,0.8420492059992846,0.8420492059992838,0.2667846915078307,0.2701613325230915,0.1761111111111111
acs_CA_2018_ACSIncome,race,10,OCCP_2,False,0.1457322687655302,0.7645507508868168,0.7645507508868167,0.1141987232713923,0.062130829517889063,0.062130829517889334,0.014956757949505121,0.028615435918092944,0.11638888888888889
acs_CA_2018_ACSIncome,race,10,OCCP_3,False,0.07891360297336031,0.9706562989718174,0.9706562989718159,0.14560673807305488,-2.082389585655875e-06,-2.082389585698964e-06,-4.551145171984655e-07,0.08182542043220618,0.105
acs_CA_2018_ACSIncome,race,10,OCCP_4,False,0.3985730234561395,-1.5787782068145944,-1.578778206814596,-0.3597056864280749,-1.4268928716673042,-1.4268928716673055,-0.2785199728253808,0.3116868870512765,0.20583333333333334
acs_CA_2018_ACSIncome,race,10,OCCP_5,False,0.3963107218410803,0.005063817600440945,0.005063817600441139,0.000913424790088758,-1.193450054383756,-1.193450054383756,-0.21602077775155937,0.12550902368561284,0.12
acs_CA_2018_ACSIncome,race,10,POBP_0,False,0.06433270639398775,0.07327821268472201,0.07327821268472223,0.01745444369157865,0.2978318767159399,0.2978318767159403,0.09185180449024535,0.131697286173873,0.6855555555555556
acs_CA_2018_ACSIncome,race,10,POBP_2,False,0.07037346711259762,0.6526356694088691,0.6526356694088693,0.10665014935408665,0.23379016453411872,0.23379016453411886,0.05820267929491652,0.05662723050001113,0.13444444444444445
acs_CA_2018_ACSIncome,race,10,POBP_3,False,0.3355941144332033,-0.790378476330416,-0.7903784763304174,-0.15591852673290058,-1.427716330727551,-1.427716330727551,-0.2647338348357723,0.13466422535986233,0.14416666666666667
acs_CA_2018_ACSIncome,race,10,RELP_0.0,False,0.2342029304177673,1.7636107089136062,1.7636107089136068,0.4260495315477265,0.6904671301385419,0.6904671301385427,0.2277955125493624,0.26529357612506466,0.4741666666666667
acs_CA_2018_ACSIncome,race,10,RELP_1.0,False,0.06893516305425038,1.0163435245460277,1.016343524546029,0.1997266689017918,0.06917576505991807,0.06917576505991797,0.020411724058983907,0.11088821534946706,0.21083333333333334
acs_CA_2018_ACSIncome,race,10,RELP_2.0,False,0.595171773444754,-1.8059643820755953,-1.8059643820755964,-0.36765054943931924,-1.9241626710314788,-1.9241626710314788,-0.21957817960116643,0.22304518102042165,0.13305555555555557
acs_CA_2018_ACSIncome,race,10,SCHL_16.0,False,0.42020627552029016,-0.8316663886896662,-0.831666388689666,-0.1729211862338689,-1.5665221741777822,-1.566522174177782,-0.2787999509614856,0.2449251097922666,0.15833333333333333
acs_CA_2018_ACSIncome,race,10,SCHL_19.0,False,0.24352401511063138,-0.460528377730304,-0.46052837773030475,-0.092538498871804,-0.8283815533899976,-0.8283815533899966,-0.18151155698105695,0.11366205789168858,0.16444444444444445
acs_CA_2018_ACSIncome,race,10,SCHL_21.0,False,0.2719676292807869,1.6829179698614662,1.6829179698614667,0.32450142913668656,0.3137677706113694,0.31376777061136973,0.10244166505909516,0.2884381898377224,0.24694444444444444
acs_CA_2018_ACSIncome,race,10,__A__,True,0.08770843779727078,-0.23196536896018438,-0.23196536896018438,-0.05756049560954215,-0.37068798631103606,-0.3706879863110358,-0.11990943692694234,,0.38166666666666665
acs_CA_2018_ACSIncome,race,11,AGEP,False,0.16642541861005378,1.2790526090101697,1.2790526090101706,0.3254507935113676,0.48670587453640185,0.48670587453640207,0.16017949355147892,0.3890332138609822,0.4716666666666667
acs_CA_2018_ACSIncome,race,11,WKHP,False,0.33417055889471303,1.867242392906473,1.8672423929064716,0.33730790219702156,1.1119597892100028,1.1119597892100024,0.3567453216725057,0.849092833312037,0.22583333333333333
acs_CA_2018_ACSIncome,race,11,COW_1.0,False,0.1132529121585209,-0.5440920612405633,-0.5440920612405636,-0.13188736673734677,-0.0323039470264852,-0.03230394702648521,-0.010606843525587151,0.019856151943818616,0.6547222222222222
acs_CA_2018_ACSIncome,race,11,MAR_1.0,False,0.18135473083493875,1.467376268734012,1.467376268734012,0.37984798694791594,0.7886486455466415,0.7886486455466407,0.25152544963748985,0.11632285391494884,0.5202777777777777
acs_CA_2018_ACSIncome,race,11,MAR_5.0,False,0.21894076885002478,-1.6959043607130164,-1.6959043607130158,-0.4430794098780145,-1.0062009306361301,-1.0062009306361308,-0.2781035622508401,0.1420115267826597,0.3641666666666667
acs_CA_2018_ACSIncome,race,11,OCCP_0,False,0.44641744936346195,2.213507189479366,2.2135071894793676,0.3095240209578175,1.0428938154192802,1.0428938154192795,0.3222223995941914,0.2868472536897093,0.17027777777777778
acs_CA_2018_ACSIncome,race,11,OCCP_2,False,0.1838588105524405,0.9011581479950017,0.901158147995002,0.14669342606656494,-0.04746299300280832,-0.04746299300280827,-0.011413377799764502,0.021992437505978374,0.12583333333333332
acs_CA_2018_ACSIncome,race,11,OCCP_3,False,0.1455888672650183,0.9607153087823557,0.9607153087823554,0.1432935671542851,-0.03782328787489131,-0.037823287874891344,-0.007829703041806798,0.08048794008698629,0.0961111111111111
acs_CA_2018_ACSIncome,race,11,OCCP_4,False,0.35475368452314665,-1.4925813269677553,-1.492581326967754,-0.361195276973003,-1.3959091467443963,-1.3959091467443971,-0.2945517024814838,0.3017948976141011,0.22777777777777777
acs_CA_2018_ACSIncome,race,11,OCCP_5,False,0.41813440492476056,-0.12089874741828921,-0.1208987474182892,-0.021554545949681474,-1.2562841372519749,-1.256284137251974,-0.2139350567086064,0.15752582743298066,0.10722222222222222
acs_CA_2018_ACSIncome,race,11,POBP_0,False,0.06563146997929614,0.14754343423173233,0.14754343423173233,0.03688787796954155,0.3843234202469848,0.3843234202469845,0.1164525780251648,0.13243472010366267,0.6761111111111111
acs_CA_2018_ACSIncome,race,11,POBP_2,False,0.12006555255657331,0.7249841756048836,0.7249841756048846,0.11642026808918064,0.11488931087578125,0.11488931087578118,0.02762731608818471,0.044785989547126856,0.1238888888888889
acs_CA_2018_ACSIncome,race,11,POBP_3,False,0.3428782755705833,-0.7317072682006476,-0.7317072682006468,-0.15824726449479354,-1.4948490378043113,-1.4948490378043127,-0.2804501859028071,0.1444333469849255,0.16361111111111112
acs_CA_2018_ACSIncome,race,11,RELP_0.0,False,0.2209033170717528,1.6391472894666872,1.6391472894666856,0.4109233943805292,0.6046720528116214,0.604672052811621,0.1972062018582158,0.2607759874338732,0.46416666666666667
acs_CA_2018_ACSIncome,race,11,RELP_1.0,False,0.0982864235388603,1.0668682369313727,1.0668682369313736,0.217864135115299,0.21223716913410862,0.21223716913410864,0.061769909373933014,0.11754628499778781,0.21305555555555555
acs_CA_2018_ACSIncome,race,11,RELP_2.0,False,0.45592224231464745,-1.7991113434462986,-1.7991113434463004,-0.38478163588860403,-1.5950426730633795,-1.5950426730633807,-0.20459776998381618,0.2228265272741084,0.14027777777777778
acs_CA_2018_ACSIncome,race,11,SCHL_16.0,False,0.45335648148148144,-0.7916209410757564,-0.7916209410757565,-0.17591904359765134,-1.6531299918880382,-1.6531299918880402,-0.3123659248921297,0.25754090363256416,0.17444444444444446
acs_CA_2018_ACSIncome,race,11,SCHL_19.0,False,0.22428694900605017,-0.4596680768754067,-0.45966807687540717,-0.09386837525186834,-0.943614089376439,-0.9436140893764388,-0.20632928432313302,0.12160522576842751,0.1597222222222222
acs_CA_2018_ACSIncome,race,11,SCHL_21.0,False,0.3130901557006529,1.7425744545820825,1.7425744545820836,0.3432314825797091,0.5028463416215279,0.5028463416215281,0.16103951699339975,0.29523060471255097,0.24388888888888888
acs_CA_2018_ACSIncome,race,11,__A__,True,0.025708961922507934,-0.13200670050572372,-0.13200670050572355,-0.034071961390204915,-0.22611675975720158,-0.22611675975720175,-0.07155118873789103,,0.38166666666666665
acs_CA_2018_ACSIncome,race,12,AGEP,False,0.15034950958864002,1.2891249903317676,1.2891249903317679,0.3430966990973589,0.4235688756867342,0.4235688756867335,0.14667026492945304,0.4369898105184055,0.49527777777777776
acs_CA_2018_ACSIncome,race,12,WKHP,False,0.3389222101054162,1.7268252052516024,1.7268252052516029,0.3194947064474777,0.9180628366863223,0.9180628366863216,0.31506972612960704,0.8268591311536346,0.2325
acs_CA_2018_ACSIncome,race,12,COW_1.0,False,0.15140056709075905,-0.6609884260855527,-0.6609884260855531,-0.16649901817757878,-0.2639360699090698,-0.2639360699090702,-0.09115693248444388,0.006080117030189912,0.6541666666666667
acs_CA_2018_ACSIncome,race,12,MAR_1.0,False,0.1694327686451328,1.2512899424507486,1.251289942450749,0.33411622012557823,0.7385965780852287,0.7385965780852286,0.24950038328333204,0.12983206639355355,0.5188888888888888
acs_CA_2018_ACSIncome,race,12,MAR_5.0,False,0.22120307631974545,-1.5571029960462517,-1.5571029960462532,-0.41899926465715254,-0.9361812359647245,-0.936181235964725,-0.2726131345313305,0.1579941961943591,0.35694444444444445
acs_CA_2018_ACSIncome,race,12,OCCP_0,False,0.509889184204029,2.313530422340204,2.3135304223402056,0.3455739753800834,1.1155698374834335,1.1155698374834335,0.3593796953734887,0.3104611793093649,0.16805555555555557
acs_CA_2018_ACSIncome,race,12,OCCP_2,False,0.10705073494547179,0.7826630791715561,0.782663079171557,0.12940394403169483,0.049407568279760894,0.04940756827976091,0.012348498176052554,0.02971487505327265,0.12111111111111111
acs_CA_2018_ACSIncome,race,12,OCCP_3,False,0.054506812191409626,0.7716195400278116,0.7716195400278121,0.11376380894885889,-0.08426586707745276,-0.08426586707745284,-0.018797995415806196,0.04248503425180007,0.09333333333333334
acs_CA_2018_ACSIncome,race,12,OCCP_4,False,0.31749375398030666,-1.360027792592465,-1.3600277925924644,-0.3392493807786782,-1.1344170321135132,-1.1344170321135127,-0.23366176326801408,0.2762758398024804,0.21972222222222224
acs_CA_2018_ACSIncome,race,12,OCCP_5,False,0.3561152711595189,-0.03403389910305843,-0.0340338991030582,-0.006351741955018123,-1.4016605279522079,-1.4016605279522094,-0.2645383434157706,0.14867576340748836,0.11305555555555556
acs_CA_2018_ACSIncome,race,12,POBP_0,False,0.07761094427761095,0.21052332823290154,0.21052332823290193,0.053718003980424964,0.3521348073375349,0.3521348073375355,0.11155179605832899,0.11972359405210581,0.6894444444444444
acs_CA_2018_ACSIncome,race,12,POBP_2,False,0.07194823072321319,0.6423847564196761,0.6423847564196765,0.1116819960255825,0.1789973879752227,0.17899738797522247,0.04491004449883724,0.03939840154127206,0.12916666666666668
acs_CA_2018_ACSIncome,race,12,POBP_3,False,0.38043935029263626,-0.8880765387448839,-0.8880765387448836,-0.1899397370591257,-1.533945334842059,-1.53394533484206,-0.29869828613120664,0.1339981753293461,0.14833333333333334
acs_CA_2018_ACSIncome,race,12,RELP_0.0,False,0.195104851766638,1.4475136658483687,1.4475136658483694,0.37447971556286536,0.458884831688933,0.4588848316889333,0.15843443374299807,0.22955782417234116,0.4633333333333333
acs_CA_2018_ACSIncome,race,12,RELP_1.0,False,0.060796635885140504,0.8002763658408347,0.8002763658408343,0.17131818839189475,0.2370779498886133,0.2370779498886135,0.07445504901246959,0.08566243891325773,0.22444444444444445
acs_CA_2018_ACSIncome,race,12,RELP_2.0,False,0.3175647056200816,-1.4575813541916043,-1.4575813541916045,-0.3186840157923544,-1.1668178510069953,-1.1668178510069955,-0.11875678067239018,0.16612672441106371,0.13027777777777777
acs_CA_2018_ACSIncome,race,12,SCHL_16.0,False,0.4826877508583587,-0.5843801577041066,-0.5843801577041077,-0.1332266762296928,-1.5821258111287704,-1.5821258111287684,-0.3092366890141935,0.23373782389527606,0.17055555555555554
acs_CA_2018_ACSIncome,race,12,SCHL_19.0,False,0.2361977853305559,-0.23226373699780956,-0.23226373699780986,-0.04912057127908385,-0.8017750646950441,-0.801775064695044,-0.1839856775588092,0.09422154433596967,0.16
acs_CA_2018_ACSIncome,race,12,SCHL_21.0,False,0.28396923864575235,1.6908760926310034,1.6908760926310022,0.34768061932496175,0.5516716830361974,0.5516716830361971,0.18694826011873375,0.299843352622837,0.2475
acs_CA_2018_ACSIncome,race,12,__A__,True,0.0683034231155738,-0.2882874298964295,-0.2882874298964295,-0.07676461738922136,-0.2622840397776416,-0.26228403977764153,-0.08774278708999152,,0.38166666666666665
acs_CA_2018_ACSIncome,race,13,AGEP,False,0.18328305041619714,1.617620972904172,1.617620972904172,0.3987299533377468,0.5500987979051273,0.5500987979051277,0.1802984850433384,0.5106880010881363,0.5063888888888889
acs_CA_2018_ACSIncome,race,13,WKHP,False,0.36452828755613365,2.0699596733899726,2.069959673389972,0.3529716101841223,1.0777461033441595,1.0777461033441604,0.3510013035818732,0.8596508353444768,0.22972222222222222
acs_CA_2018_ACSIncome,race,13,COW_1.0,False,0.13912159614407266,-0.65055075099384,-0.6505507509938401,-0.1510129948660976,-0.08955431963179539,-0.08955431963179519,-0.02984843494840157,0.0190456503808218,0.6422222222222222
acs_CA_2018_ACSIncome,race,13,MAR_1.0,False,0.1669579544111371,1.6326972962155257,1.6326972962155257,0.4038802915941732,0.7847058627406279,0.7847058627406291,0.25310914204092333,0.1622469283922306,0.525
acs_CA_2018_ACSIncome,race,13,MAR_5.0,False,0.18871137084792933,-1.8403169482186201,-1.840316948218619,-0.456678636209565,-0.9082959500463657,-0.9082959500463652,-0.24800566105158922,0.14512248348718546,0.35055555555555556
acs_CA_2018_ACSIncome,race,13,OCCP_0,False,0.4690450751769096,2.3010312662046077,2.3010312662046077,0.30724074785589955,0.9629071943204375,0.9629071943204373,0.2995085733030412,0.26961013284377233,0.17055555555555554
acs_CA_2018_ACSIncome,race,13,OCCP_2,False,0.1532236664261038,0.7805341581902556,0.7805341581902558,0.11646150379902918,-0.015660704851933938,-0.015660704851933927,-0.0038530823168573237,0.04784047624987995,0.12305555555555556
acs_CA_2018_ACSIncome,race,13,OCCP_3,False,0.08904293983039438,0.865072243067809,0.8650722430678086,0.1213827811651763,0.15995551339991654,0.1599555133999168,0.03406963793195933,0.08257622415185535,0.09694444444444444
acs_CA_2018_ACSIncome,race,13,OCCP_4,False,0.37830210636564643,-1.5058023557594284,-1.5058023557594296,-0.3487043101529059,-1.3428844199033907,-1.3428844199033927,-0.27906837975861937,0.29849794499732774,0.2288888888888889
acs_CA_2018_ACSIncome,race,13,OCCP_5,False,0.40116247634495816,-0.2268993667282888,-0.22689936672828853,-0.03914105020886186,-1.4754521208741662,-1.475452120874167,-0.25971154229785026,0.16097376579821784,0.11194444444444444
acs_CA_2018_ACSIncome,race,13,POBP_0,False,0.06062178203009849,-0.03033256278980101,-0.03033256278980052,-0.007278195815415464,0.11653731894260522,0.11653731894260531,0.03501856678061077,0.10619700193133508,0.6741666666666667
acs_CA_2018_ACSIncome,race,13,POBP_2,False,0.12297499559781655,0.6460450886716349,0.6460450886716349,0.10597144487386856,0.4406364699114098,0.4406364699114098,0.10527638443731123,0.03327905006059967,0.13277777777777777
acs_CA_2018_ACSIncome,race,13,POBP_3,False,0.2956585537018725,-0.4590415415160374,-0.45904154151603793,-0.0938635223524774,-1.232518973762478,-1.232518973762477,-0.22329779303140662,0.11023539988173507,0.15805555555555556
acs_CA_2018_ACSIncome,race,13,RELP_0.0,False,0.20691691123738865,1.7105306910855447,1.710530691085543,0.41020848863898257,0.6562862025710484,0.6562862025710492,0.21584299615038474,0.263555038087175,0.4672222222222222
acs_CA_2018_ACSIncome,race,13,RELP_1.0,False,0.05991317180314365,0.9838140160308155,0.983814016030815,0.19331582383919224,0.07728763089997404,0.07728763089997422,0.022845303519552305,0.08479008421322072,0.21888888888888888
acs_CA_2018_ACSIncome,race,13,RELP_2.0,False,0.4243913857677903,-1.8553949890807682,-1.855394989080771,-0.363209793664257,-1.5107062100876703,-1.5107062100876716,-0.19170165313293056,0.18903309216321598,0.1272222222222222
acs_CA_2018_ACSIncome,race,13,SCHL_16.0,False,0.4516296726147299,-0.6673096395835656,-0.6673096395835655,-0.13868832774804496,-1.6212200126551282,-1.6212200126551264,-0.3017488927833618,0.26155348732698985,0.16583333333333333
acs_CA_2018_ACSIncome,race,13,SCHL_19.0,False,0.38500449405321796,-0.6945491880381265,-0.6945491880381266,-0.13761067839532418,-1.290756390172414,-1.2907563901724128,-0.2888839271938927,0.16055925651790062,0.16722222222222222
acs_CA_2018_ACSIncome,race,13,SCHL_21.0,False,0.32153214712942607,1.778605669317823,1.7786056693178223,0.3302553412337191,0.556844548979507,0.5568445489795062,0.1796918740321057,0.31438609226375547,0.24194444444444443
acs_CA_2018_ACSIncome,race,13,SCHL_22.0,False,0.5148628795298728,2.403612781650856,2.4036127816508555,0.22827390905482955,1.0846366240354715,1.0846366240354708,0.27803702149555815,0.369179934610774,0.09361111111111112
acs_CA_2018_ACSIncome,race,13,__A__,True,0.03562467997951871,-0.3091788304685945,-0.30917883046859446,-0.07597553972263121,-0.164487521371109,-0.16448752137110895,-0.052399391990617904,,0.3813888888888889
acs_CA_2018_ACSIncome,race,14,AGEP,False,0.1550147653942907,1.2619608862576424,1.2619608862576412,0.33016944509899837,0.33237004631746847,0.3323700463174679,0.11958670389365576,0.4324308721050059,0.5077777777777778
acs_CA_2018_ACSIncome,race,14,WKHP,False,0.353308067135896,1.879173820781338,1.8791738207813384,0.3345205103649511,1.0286798171588127,1.0286798171588125,0.37513532104968383,0.83496834645386,0.23777777777777778
acs_CA_2018_ACSIncome,race,14,COW_1.0,False,0.11279952489155134,-0.6084760622279393,-0.6084760622279392,-0.1465269992490977,-0.10386694743331082,-0.10386694743331076,-0.0381316526243214,0.015422538910756149,0.6602777777777777
acs_CA_2018_ACSIncome,race,14,MAR_1.0,False,0.12065405791190864,1.1913796198993893,1.1913796198993902,0.31189284297498066,0.41404892515354985,0.41404892515354985,0.1457527263205742,0.1023943079687043,0.5225
acs_CA_2018_ACSIncome,race,14,MAR_5.0,False,0.1741171593015315,-1.5149258755557666,-1.5149258755557666,-0.4002187316496979,-0.7284790443257876,-0.728479044325788,-0.21076506157306274,0.10919361537530449,0.34694444444444444
acs_CA_2018_ACSIncome,race,14,OCCP_0,False,0.4533471308547072,2.24588390593474,2.2458839059347384,0.31965520075117043,0.9037623368496339,0.9037623368496341,0.3062626806295313,0.3031005720208567,0.16527777777777777
acs_CA_2018_ACSIncome,race,14,OCCP_2,False,0.14230699069663738,0.8631776070123978,0.8631776070123975,0.13545265754776642,0.13358775921862465,0.13358775921862467,0.03583083344729576,0.001709635973814057,0.11972222222222222
acs_CA_2018_ACSIncome,race,14,OCCP_3,False,0.1288206210033621,0.9409531045396715,0.9409531045396725,0.14473463225802613,0.04319861802003422,0.04319861802003423,0.010420403501729692,0.07373026744723672,0.10333333333333333
acs_CA_2018_ACSIncome,race,14,OCCP_4,False,0.35955779757432654,-1.609861646104188,-1.6098616461041877,-0.38840550627950615,-1.3121269339800004,-1.3121269339800001,-0.2931885434993195,0.33392390818521395,0.2136111111111111
acs_CA_2018_ACSIncome,race,14,OCCP_5,False,0.45390291262135923,-0.034189807978000974,-0.03418980797800102,-0.006304949213254225,-1.3143722955132626,-1.3143722955132628,-0.24986867188129674,0.15258267530913597,0.11166666666666666
acs_CA_2018_ACSIncome,race,14,POBP_0,False,0.06572120215584187,0.23973258297289224,0.23973258297289277,0.060420759115986065,0.3624645430056823,0.3624645430056827,0.12116202822656014,0.11672129684045214,0.6825
acs_CA_2018_ACSIncome,race,14,POBP_2,False,0.07011789460655382,0.46936043420483964,0.4693604342048402,0.07598881548302906,0.04961118412610577,0.04961118412610575,0.013159456899634483,0.06971739468476995,0.12222222222222222
acs_CA_2018_ACSIncome,race,14,POBP_3,False,0.358056104106537,-0.7276206790233684,-0.7276206790233674,-0.1567430332749893,-1.3467338311905672,-1.3467338311905666,-0.2704100130414998,0.09098901558264588,0.15527777777777776
acs_CA_2018_ACSIncome,race,14,RELP_0.0,False,0.20882543802725506,1.5290675530997262,1.5290675530997269,0.3909655137497984,0.5647783851650984,0.5647783851650984,0.20608544147326815,0.27325064217375955,0.4658333333333333
acs_CA_2018_ACSIncome,race,14,RELP_1.0,False,0.05376329843987537,0.8853008308790031,0.8853008308790039,0.18228068256055685,-0.009123699668349805,-0.009123699668349604,-0.0030700780948628033,0.10106787364495476,0.22555555555555556
acs_CA_2018_ACSIncome,race,14,RELP_2.0,False,0.4826552034389683,-1.7825098046714882,-1.7825098046714891,-0.3771104924276513,-1.661055694954336,-1.6610556949543354,-0.22203518435804648,0.25085296015221337,0.13083333333333333
acs_CA_2018_ACSIncome,race,14,SCHL_16.0,False,0.4320897539875642,-0.5302490255623507,-0.5302490255623502,-0.12016945786087284,-1.4776943308314712,-1.4776943308314705,-0.28713108962667444,0.20159654793435802,0.17194444444444446
acs_CA_2018_ACSIncome,race,14,SCHL_19.0,False,0.278017084696474,-0.5214027383011284,-0.5214027383011278,-0.11118334838344786,-0.942644715921054,-0.9426447159210536,-0.22338899621424743,0.1034275205563543,0.1663888888888889
acs_CA_2018_ACSIncome,race,14,SCHL_21.0,False,0.2645913514494162,1.6689011141248653,1.6689011141248624,0.32753147184371756,0.3976893614778789,0.3976893614778782,0.1410873913683987,0.27674123413982493,0.23805555555555555
acs_CA_2018_ACSIncome,race,14,__A__,True,0.034806868104090394,-0.2788452260392362,-0.278845226039236,-0.07285095026370794,-0.2334965114673977,-0.23349651146739742,-0.08211134563566375,,0.38166666666666665
acs_CA_2018_ACSIncome,race,15,AGEP,False,0.1546391374773705,1.309610301225475,1.3096103012254738,0.3480100940878132,0.5535041976428929,0.5535041976428932,0.18428733005960748,0.4597826174363814,0.4955555555555556
acs_CA_2018_ACSIncome,race,15,WKHP,False,0.3496781448735846,1.789299932438953,1.789299932438951,0.3268478693782296,1.0145194870806573,1.0145194870806562,0.3368763285142193,0.8109797748144713,0.2338888888888889
acs_CA_2018_ACSIncome,race,15,COW_1.0,False,0.10719610990284253,-0.4253787124869426,-0.42537871248694287,-0.10532596362187702,0.013334460908913326,0.013334460908913354,0.004491587076219034,0.02802542558218637,0.6527777777777778
acs_CA_2018_ACSIncome,race,15,MAR_1.0,False,0.16790198331535172,1.402384342650126,1.402384342650125,0.3760326012212501,0.773282496199324,0.7732824961993245,0.24926046204931648,0.14435518148717416,0.5352777777777777
acs_CA_2018_ACSIncome,race,15,MAR_5.0,False,0.24454997007270496,-1.635076672138011,-1.6350766721380114,-0.4379328543591057,-0.9818542023755936,-0.9818542023755944,-0.26979488216139735,0.1589241223148746,0.3416666666666667
acs_CA_2018_ACSIncome,race,15,OCCP_0,False,0.49781865311097734,2.3551268935355325,2.355126893535532,0.34784195797138434,1.2436045734770833,1.243604573477083,0.38475099481534314,0.31669723933973176,0.16583333333333333
acs_CA_2018_ACSIncome,race,15,OCCP_2,False,0.13330756164704502,0.4704269898484874,0.470426989848487,0.07817283085329799,-0.10485198780096894,-0.10485198780096905,-0.026316670277340363,0.03789155310737226,0.12833333333333333
acs_CA_2018_ACSIncome,race,15,OCCP_3,False,0.07356519250035778,0.6971121062988594,0.6971121062988587,0.11091255099057246,-0.042580875349748415,-0.04258087534974841,-0.009196652014236244,0.08433737543616404,0.10277777777777777
acs_CA_2018_ACSIncome,race,15,OCCP_4,False,0.3348676947184729,-1.3589080691600068,-1.358908069160006,-0.33541342006663327,-1.2946778281821099,-1.294677828182109,-0.28398259911318524,0.3213695129314541,0.22333333333333333
acs_CA_2018_ACSIncome,race,15,OCCP_5,False,0.4691234312903468,-0.19495056060699256,-0.1949505606069926,-0.03577233217897482,-1.563355819808391,-1.5633558198083923,-0.2771166741239919,0.17095023579920154,0.10833333333333334
acs_CA_2018_ACSIncome,race,15,POBP_0,False,0.11177519206889008,0.16437335239711293,0.1643733523971127,0.04177289187107048,0.442977669618014,0.44297766961801455,0.13656236609217284,0.14994954593883802,0.6880555555555555
acs_CA_2018_ACSIncome,race,15,POBP_2,False,0.03199019638474332,0.4038465601648533,0.40384656016485304,0.06697723047747475,0.10236574610759108,0.10236574610759107,0.025426587650576336,0.09001335197465325,0.12638888888888888
acs_CA_2018_ACSIncome,race,15,POBP_3,False,0.3334446361325988,-0.5778874165336949,-0.5778874165336952,-0.12570156795111997,-1.310695675345307,-1.3106956753453058,-0.2439379010788532,0.09620491191377614,0.15333333333333332
acs_CA_2018_ACSIncome,race,15,RELP_0.0,False,0.20366654496774977,1.5435991069635335,1.5435991069635342,0.39790999917694964,0.5944319128362949,0.5944319128362948,0.1981061348557017,0.25160369803864735,0.4588888888888889
acs_CA_2018_ACSIncome,race,15,RELP_1.0,False,0.07252285643686679,0.8917044111027019,0.8917044111027017,0.19141789466275597,0.13861744111612095,0.13861744111612098,0.04175426326721334,0.07222420422185089,0.22416666666666665
acs_CA_2018_ACSIncome,race,15,RELP_2.0,False,0.5626050420168067,-1.817035136714944,-1.8170351367149458,-0.39353249333066503,-1.8963447986997233,-1.896344798699723,-0.23450959565211824,0.2222784861953057,0.13277777777777777
acs_CA_2018_ACSIncome,race,15,SCHL_16.0,False,0.38680974682850483,-0.74304869503659,-0.743048695036589,-0.16602713913612877,-1.4872937457935316,-1.4872937457935316,-0.2789160896398113,0.24535883780246015,0.16305555555555556
acs_CA_2018_ACSIncome,race,15,SCHL_19.0,False,0.2786377708978328,-0.47583542726723516,-0.47583542726723466,-0.10590848032060494,-0.9808287223857666,-0.9808287223857665,-0.22252310497675193,0.1390626005540134,0.17972222222222223
acs_CA_2018_ACSIncome,race,15,SCHL_21.0,False,0.28168465007788734,1.4932214557369765,1.493221455736978,0.29738301975392833,0.2951671847577211,0.29516718475772125,0.097446570155508,0.24984061133885105,0.2475
acs_CA_2018_ACSIncome,race,15,__A__,True,0.04603429099680778,-0.20820070838684002,-0.20820070838684007,-0.05538166676494713,-0.1788707947770417,-0.17887079477704157,-0.0576279228711585,,0.3813888888888889
acs_CA_2018_ACSIncome,race,16,AGEP,False,0.17239485247959824,1.3733794352000734,1.3733794352000714,0.3658984468855981,0.5593917394293635,0.5593917394293635,0.1942501822031095,0.4710162226638753,0.4675
acs_CA_2018_ACSIncome,race,16,WKHP,False,0.2854389435834629,1.5381307311466865,1.5381307311466874,0.2827099802253125,0.8441948036511582,0.8441948036511581,0.28708280595290886,0.7833459698696779,0.22944444444444445
acs_CA_2018_ACSIncome,race,16,COW_1.0,False,0.14143390348836107,-0.7576900308723398,-0.7576900308723404,-0.1899284742070806,-0.2645215768875485,-0.26452157688754835,-0.09103355714074943,0.0003043708716733367,0.6597222222222222
acs_CA_2018_ACSIncome,race,16,MAR_1.0,False,0.174145784726641,1.4711342696740033,1.471134269674004,0.398510947151264,0.7635622399011279,0.7635622399011275,0.2557266311684488,0.14309300136426406,0.5244444444444445
acs_CA_2018_ACSIncome,race,16,MAR_5.0,False,0.22118494724397153,-1.7356181695822177,-1.7356181695822188,-0.4718564662152308,-0.9211389943486685,-0.9211389943486675,-0.262578317741201,0.14904571852404477,0.35055555555555556
acs_CA_2018_ACSIncome,race,16,OCCP_0,False,0.5021132713440406,2.3133168637125556,2.3133168637125556,0.3422213493406024,1.0716956027398343,1.071695602739833,0.34497632918677557,0.31013907406742414,0.16944444444444445
acs_CA_2018_ACSIncome,race,16,OCCP_2,False,0.15684046658157433,0.8399068719675731,0.8399068719675719,0.13791179214418353,0.14757970404544896,0.1475797040454488,0.03681707899942991,0.004643703906375568,0.11972222222222222
acs_CA_2018_ACSIncome,race,16,OCCP_3,False,0.0852300421726323,0.8099490476699143,0.8099490476699144,0.12814196451472898,-0.12664810074559796,-0.12664810074559787,-0.028644164800204232,0.0637130613588665,0.1025
acs_CA_2018_ACSIncome,race,16,OCCP_4,False,0.283941010295373,-1.3698618571182581,-1.3698618571182573,-0.34791646683421334,-1.051020418269492,-1.051020418269492,-0.23037012270803175,0.2752055476280557,0.23083333333333333
acs_CA_2018_ACSIncome,race,16,OCCP_5,False,0.3752868490732569,0.01336889481481518,0.013368894814815133,0.0025236828057592954,-1.211853939674418,-1.2118539396744175,-0.2170847998358533,0.14589946625768743,0.11027777777777778
acs_CA_2018_ACSIncome,race,16,POBP_0,False,0.06495112377465317,0.15911099731333644,0.15911099731333597,0.04143311457064967,0.3552297627836689,0.35522976278366836,0.11163759213553429,0.11839575966053845,0.6813888888888889
acs_CA_2018_ACSIncome,race,16,POBP_2,False,0.08520923520923523,0.4998331446252373,0.49983314462523704,0.08835347324976733,0.2551274596230182,0.255127459623018,0.0642451983157335,0.04317661859866995,0.13194444444444445
acs_CA_2018_ACSIncome,race,16,POBP_3,False,0.35992313377679236,-0.6147364681224448,-0.6147364681224445,-0.13594854943339094,-1.485212799094855,-1.4852127990948536,-0.2907379761393375,0.11880232550478212,0.15638888888888888
acs_CA_2018_ACSIncome,race,16,RELP_0.0,False,0.21267547293174513,1.5845295251764324,1.5845295251764315,0.4142638621429641,0.7177958871092545,0.7177958871092547,0.24680612621187273,0.26223730857195404,0.4577777777777778
acs_CA_2018_ACSIncome,race,16,RELP_1.0,False,0.101606773784919,0.9612525955672699,0.9612525955672713,0.21002297128219935,0.03592092530708091,0.03592092530708081,0.011128725514969427,0.08051021165963734,0.22583333333333333
acs_CA_2018_ACSIncome,race,16,RELP_2.0,False,0.4713670969877524,-1.573486180995882,-1.5734861809958822,-0.3431793290971266,-1.5379941938774924,-1.5379941938774913,-0.20119131900970672,0.16941283445775918,0.13194444444444445
acs_CA_2018_ACSIncome,race,16,SCHL_16.0,False,0.4639100673381935,-0.7702305023674452,-0.770230502367445,-0.1767231418518926,-1.753243219661823,-1.753243219661821,-0.33560973666811544,0.24755600349633974,0.16777777777777778
acs_CA_2018_ACSIncome,race,16,SCHL_19.0,False,0.20323406676783007,-0.4142873087273482,-0.41428730872734826,-0.08945920752021744,-0.8262050607444803,-0.8262050607444794,-0.1805987425915673,0.11052734759285306,0.15861111111111112
acs_CA_2018_ACSIncome,race,16,SCHL_21.0,False,0.30189072932717,1.6449158005918316,1.6449158005918316,0.3343329180425954,0.41130784500291595,0.4113078450029167,0.13871937077837157,0.2709312495353564,0.24472222222222223
acs_CA_2018_ACSIncome,race,16,__A__,True,0.052164905482060986,-0.3079750449888725,-0.30797504498887235,-0.08294859493289301,-0.23386214312943188,-0.2338621431294318,-0.07749406142009334,,0.38166666666666665
acs_CA_2018_ACSIncome,race,17,AGEP,False,0.13334107586110272,1.2622756329909783,1.2622756329909788,0.3304460542318467,0.3206276605179832,0.3206276605179828,0.10714745634079825,0.4310659776464215,0.4988888888888889
acs_CA_2018_ACSIncome,race,17,WKHP,False,0.3502310454201485,1.961478176398211,1.9614781763982114,0.3474992383153093,1.054286196391593,1.0542861963915922,0.35339874336607996,0.8475198418572818,0.22694444444444445
acs_CA_2018_ACSIncome,race,17,COW_1.0,False,0.1397193195820198,-0.5073687963980507,-0.507368796398051,-0.12345998946437026,-0.0608985062708326,-0.06089850627083267,-0.020799067850280087,0.022455988659137137,0.6563888888888889
acs_CA_2018_ACSIncome,race,17,MAR_1.0,False,0.18902862433454204,1.362481249369465,1.362481249369463,0.3602823969252241,0.8049862709269926,0.8049862709269918,0.26165018257837236,0.13056253925223257,0.5336111111111111
acs_CA_2018_ACSIncome,race,17,MAR_5.0,False,0.1956538314906595,-1.517841696432875,-1.5178416964328731,-0.4031950361574835,-0.8476672716056346,-0.8476672716056348,-0.2232171891329965,0.11349052166619299,0.34055555555555556
acs_CA_2018_ACSIncome,race,17,OCCP_0,False,0.5073443048819246,2.3085288891591627,2.3085288891591627,0.34901550126828745,1.072199275282277,1.072199275282276,0.34076893628600335,0.31195974116077146,0.175
acs_CA_2018_ACSIncome,race,17,OCCP_2,False,0.09563366662107653,0.5512678945602563,0.551267894560256,0.08944421695794301,-0.11316797376500065,-0.11316797376500061,-0.028048348717279663,0.03427391493175801,0.1225
acs_CA_2018_ACSIncome,race,17,OCCP_4,False,0.31497663076610444,-1.3181736990870387,-1.3181736990870399,-0.3207562470472043,-1.2490996422705596,-1.2490996422705605,-0.2601154888110943,0.2772323265695786,0.2152777777777778
acs_CA_2018_ACSIncome,race,17,OCCP_5,False,0.42284907325684024,-0.1974386840465101,-0.19743868404650994,-0.037191209806373964,-1.3283679645930744,-1.3283679645930746,-0.23463932798742115,0.16218759684415404,0.11472222222222223
acs_CA_2018_ACSIncome,race,17,POBP_0,False,0.0735745682399152,0.220268366398793,0.22026836639879252,0.0560891522740736,0.27994831093620254,0.2799483109362029,0.08740092364194571,0.11296176333151797,0.6769444444444445
acs_CA_2018_ACSIncome,race,17,POBP_2,False,0.008021367521367534,0.12553434999764979,0.1255343499976497,0.021584083841924544,-0.037410992870928195,-0.03741099287092785,-0.009289363981979586,0.09247468904687083,0.1313888888888889
acs_CA_2018_ACSIncome,race,17,POBP_3,False,0.2448731581345891,-0.5743007855615738,-0.5743007855615742,-0.1242769757830918,-1.1289981467377224,-1.128998146737722,-0.21063145543884382,0.08190803246003918,0.15472222222222223
acs_CA_2018_ACSIncome,race,17,RELP_0.0,False,0.21982326521268952,1.5420533829258476,1.5420533829258485,0.39017419453151625,0.6523824206373119,0.6523824206373122,0.21999881212308592,0.27918570801596415,0.455
acs_CA_2018_ACSIncome,race,17,RELP_1.0,False,0.05689724246107464,0.895487907920979,0.8954879079209798,0.19312945345849908,0.010679216442982864,0.010679216442982887,0.003267796405662766,0.09057259303639305,0.23
acs_CA_2018_ACSIncome,race,17,RELP_2.0,False,0.5256300137752209,-1.7231722463614185,-1.7231722463614174,-0.36046845673393074,-1.5598265216247096,-1.559826521624709,-0.18186491750185357,0.2516169961510118,0.1238888888888889
acs_CA_2018_ACSIncome,race,17,SCHL_16.0,False,0.44575355915562104,-0.6311048741157939,-0.6311048741157937,-0.13868965712020306,-1.5284721454144226,-1.5284721454144246,-0.2896079556188638,0.23032875706696465,0.16111111111111112
acs_CA_2018_ACSIncome,race,17,SCHL_19.0,False,0.25576475565898027,-0.33579879971717874,-0.33579879971717913,-0.07344347266171958,-0.8633368138786066,-0.8633368138786055,-0.19302169780460243,0.07793152822754845,0.17444444444444446
acs_CA_2018_ACSIncome,race,17,SCHL_21.0,False,0.2718079783123678,1.6552419822074822,1.655241982207482,0.33059814408558674,0.4799158808178787,0.47991588081787834,0.15728607344302165,0.30897795436283804,0.2375
acs_CA_2018_ACSIncome,race,17,__A__,True,0.09686824853440967,-0.32561587232764455,-0.32561587232764433,-0.08559919613572109,-0.3558067097511892,-0.3558067097511891,-0.11625881911379159,,0.38166666666666665
acs_CA_2018_ACSIncome,race,18,AGEP,False,0.18730744520857973,1.5479585954346649,1.5479585954346666,0.40960990899331,0.5796539950344448,0.5796539950344451,0.20352975477811205,0.5218051048153372,0.49666666666666665
acs_CA_2018_ACSIncome,race,18,WKHP,False,0.38394020757768454,1.9364934964347182,1.9364934964347194,0.3494085143361697,0.9698996526917504,0.9698996526917493,0.33617787976299934,0.8313608323429548,0.22694444444444445
acs_CA_2018_ACSIncome,race,18,COW_1.0,False,0.1574877614597241,-0.8474615775130538,-0.8474615775130538,-0.20711677261181838,-0.26843613722277015,-0.26843613722276993,-0.09456347225665696,0.009021824239212623,0.6630555555555555
acs_CA_2018_ACSIncome,race,18,MAR_1.0,False,0.18309642127971038,1.4762619578814493,1.47626195788145,0.3936041864128727,0.7265514055006803,0.7265514055006799,0.2484053979127679,0.1464985695354818,0.5319444444444444
acs_CA_2018_ACSIncome,race,18,MAR_5.0,False,0.22592704598148072,-1.7130213378323056,-1.7130213378323071,-0.45547642964611723,-0.9067354556111064,-0.9067354556111064,-0.2601042721311373,0.13556432512560124,0.3375
acs_CA_2018_ACSIncome,race,18,OCCP_0,False,0.41728682170542636,1.8399295218718033,1.8399295218718046,0.26935793153784776,0.9873902631977778,0.9873902631977773,0.32569755376521314,0.25174911885427775,0.1711111111111111
acs_CA_2018_ACSIncome,race,18,OCCP_2,False,0.12969908123918733,0.673901547827978,0.6739015478279781,0.10997271749453279,0.14736461665226752,0.14736461665226772,0.038299186616529576,0.028100680471114022,0.12416666666666666
acs_CA_2018_ACSIncome,race,18,OCCP_3,False,0.0931730356376127,0.9290645735938925,0.9290645735938913,0.14690356552662873,0.044971076450294856,0.04497107645029492,0.010108637831732742,0.0861442568569432,0.10166666666666667
acs_CA_2018_ACSIncome,race,18,OCCP_4,False,0.30591462331201136,-1.1852187944838863,-1.1852187944838868,-0.29216968649580455,-1.10327907058299,-1.1032790705829898,-0.22793515630871797,0.25108772113559347,0.21583333333333332
acs_CA_2018_ACSIncome,race,18,OCCP_5,False,0.4888929798723613,-0.35599682191125415,-0.35599682191125387,-0.06501672594732084,-1.6245878156753144,-1.6245878156753155,-0.3192696246816375,0.1864870197155851,0.11222222222222222
acs_CA_2018_ACSIncome,race,18,POBP_0,False,0.03289685099000672,-0.1403240489108457,-0.14032404891084604,-0.03606790746247253,0.13784718750009306,0.13784718750009328,0.04476621262957389,0.1076349239156966,0.6725
acs_CA_2018_ACSIncome,race,18,POBP_2,False,0.09049542272482503,0.6582232849178171,0.6582232849178178,0.11343078214564198,0.1807663202412888,0.18076632024128883,0.047968635254354644,0.06428828666838662,0.13555555555555557
acs_CA_2018_ACSIncome,race,18,POBP_3,False,0.3078140578265204,-0.43014502154661893,-0.4301450215466186,-0.09354084444452697,-1.1058349615798717,-1.1058349615798724,-0.2156625202555759,0.1056538742691117,0.155
acs_CA_2018_ACSIncome,race,18,RELP_0.0,False,0.184753220692085,1.5284143031546695,1.5284143031546684,0.3948585398916522,0.6274757551036814,0.6274757551036824,0.21643714377136133,0.2531340971267893,0.4791666666666667
acs_CA_2018_ACSIncome,race,18,RELP_1.0,False,0.07613383651189434,0.9444014867561362,0.9444014867561352,0.20147754467924978,0.06603540129109886,0.06603540129109872,0.020527723294202382,0.08061191794577556,0.21805555555555556
acs_CA_2018_ACSIncome,race,18,RELP_2.0,False,0.6150058275058274,-1.9040563365227414,-1.9040563365227408,-0.3990762953625058,-1.9709724135735807,-1.9709724135735829,-0.2513871562773815,0.23843620961003703,0.12416666666666666
acs_CA_2018_ACSIncome,race,18,SCHL_16.0,False,0.4496461994978315,-0.8691168130863467,-0.8691168130863475,-0.19475564644595522,-1.3777116658236086,-1.3777116658236086,-0.280768809208952,0.2397198090825297,0.1688888888888889
acs_CA_2018_ACSIncome,race,18,SCHL_19.0,False,0.17899279210925645,-0.42575417129201387,-0.42575417129201415,-0.08966195940268573,-0.6545808685864671,-0.6545808685864668,-0.14633725575545742,0.0864979656660398,0.15666666666666668
acs_CA_2018_ACSIncome,race,18,SCHL_21.0,False,0.22664042417191288,1.511538509886144,1.5115385098861436,0.30861397500484994,0.32306467492747737,0.3230646749274769,0.10926087724887962,0.2952939328984368,0.2388888888888889
acs_CA_2018_ACSIncome,race,18,__A__,True,0.05418093050800943,-0.18479807583701735,-0.18479807583701752,-0.048852819251759085,-0.2217255557102349,-0.22172555571023467,-0.07514307727977972,,0.3813888888888889
acs_CA_2018_ACSIncome,race,19,AGEP,False,0.1451915075612829,1.3204788061941561,1.320478806194156,0.3344840536356487,0.4598808195652524,0.4598808195652524,0.15768487218626334,0.46728188167683893,0.47833333333333333
acs_CA_2018_ACSIncome,race,19,WKHP,False,0.3848635566698433,2.0855825385697844,2.085582538569783,0.3663845284265119,1.0913171513503035,1.0913171513503026,0.36790382244097136,0.9044414753596675,0.2286111111111111
acs_CA_2018_ACSIncome,race,19,COW_1.0,False,0.13025407845081907,-0.7203560283347314,-0.7203560283347313,-0.17165522819566761,-0.18159355115694054,-0.18159355115694073,-0.06228242709111121,0.0144342627498149,0.6561111111111111
acs_CA_2018_ACSIncome,race,19,MAR_1.0,False,0.17066526913631408,1.4217478431056256,1.4217478431056254,0.36443648285089114,0.73510520231249,0.7351052023124893,0.24412308110378003,0.12894274903362263,0.5211111111111111
acs_CA_2018_ACSIncome,race,19,MAR_5.0,False,0.25385855398545754,-1.6785668052618137,-1.678566805261816,-0.4332101828532689,-0.9154992050647573,-0.9154992050647587,-0.2563057309670364,0.13851358159006702,0.3502777777777778
acs_CA_2018_ACSIncome,race,19,OCCP_0,False,0.5058608834300805,2.3243285672967624,2.3243285672967637,0.32170327163323764,0.8089834070936631,0.8089834070936631,0.2566858329898833,0.25967412030001885,0.16444444444444445
acs_CA_2018_ACSIncome,race,19,OCCP_2,False,0.13451996207586212,0.73033251091224,0.7303325109122397,0.11744739048043545,0.12860312764844772,0.12860312764844775,0.03140990021432394,0.022940831854671412,0.12194444444444444
acs_CA_2018_ACSIncome,race,19,OCCP_3,False,0.1092797938836122,0.6128945189153887,0.6128945189153893,0.08961198590836286,0.1645657847480041,0.16456578474800396,0.03827094809412175,0.05172939534148738,0.10333333333333333
acs_CA_2018_ACSIncome,race,19,OCCP_4,False,0.2894084988255392,-1.269572678328996,-1.2695726783289965,-0.30049862152806467,-1.0503688795032997,-1.0503688795033013,-0.2151689854986005,0.26493736369538745,0.2136111111111111
acs_CA_2018_ACSIncome,race,19,OCCP_5,False,0.39918403547671844,-0.24695363537588366,-0.24695363537588338,-0.04514641353709243,-1.3572167111727882,-1.357216711172787,-0.2641793424850121,0.17073428351835104,0.12055555555555555
acs_CA_2018_ACSIncome,race,19,POBP_0,False,0.07154692181154987,0.18387162566955162,0.1838716256695516,0.045060247952497905,0.2987537636565366,0.29875376365653666,0.09498851819789124,0.1329733583703084,0.6813888888888889
acs_CA_2018_ACSIncome,race,19,POBP_2,False,0.09237598265112501,0.6089522324655814,0.6089522324655807,0.09404669646524222,0.2884659114222726,0.2884659114222727,0.07417192866212949,0.0521952161244641,0.12416666666666666
acs_CA_2018_ACSIncome,race,19,POBP_3,False,0.322350302061123,-0.6642073234092798,-0.664207323409279,-0.14140125676280724,-1.2298385610624867,-1.2298385610624862,-0.24702783452289104,0.12755035686917093,0.1638888888888889
acs_CA_2018_ACSIncome,race,19,RELP_0.0,False,0.21290350201215857,1.6564925114383837,1.656492511438382,0.4101694704688407,0.6737159275230735,0.6737159275230739,0.23087564239740851,0.2706785765703424,0.45416666666666666
acs_CA_2018_ACSIncome,race,19,RELP_1.0,False,0.0888605007664793,0.9555263562497309,0.9555263562497301,0.19589304802533272,0.09066086473967105,0.09066086473967105,0.028395084377932558,0.08781020987846637,0.22833333333333333
acs_CA_2018_ACSIncome,race,19,RELP_2.0,False,0.6168623529266516,-1.9041672799218687,-1.90416727992187,-0.39180589575198255,-1.9365687352632364,-1.936568735263238,-0.2608633905466661,0.2517199056615156,0.1313888888888889
acs_CA_2018_ACSIncome,race,19,SCHL_16.0,False,0.4750287043135152,-0.7761929309746352,-0.7761929309746358,-0.16830870098823641,-1.6269903783028088,-1.626990378302808,-0.318977662620348,0.2562169886016503,0.1686111111111111
acs_CA_2018_ACSIncome,race,19,SCHL_19.0,False,0.1623737432643635,-0.18317651723893347,-0.1831765172389336,-0.03848919441076229,-0.7057461186007377,-0.7057461186007373,-0.15465035763951376,0.07648250090968679,0.1675
acs_CA_2018_ACSIncome,race,19,SCHL_21.0,False,0.30688337819833045,1.5546456101299906,1.5546456101299924,0.2912790409121497,0.5113220504446414,0.511322050444641,0.16713892735100497,0.30872424882219046,0.22333333333333333
acs_CA_2018_ACSIncome,race,19,SCHL_22.0,False,0.4538139646102343,2.177828555201166,2.1778285552011662,0.2175581652761394,1.009536448523892,1.0095364485238911,0.26432812184833526,0.3548979746691969,0.09194444444444444
acs_CA_2018_ACSIncome,race,19,__A__,True,0.043036047022700474,-0.24862811428777287,-0.24862811428777298,-0.06351787070717516,-0.2205247814405441,-0.22052478144054397,-0.07266118468973845,,0.38166666666666665
acs_CA_2018_ACSIncome,race,20,AGEP,False,0.10721643108496132,1.2419760764460543,1.2419760764460537,0.32353448143407687,0.4784700360034394,0.4784700360034384,0.15399200671221863,0.404586839211373,0.5113888888888889
acs_CA_2018_ACSIncome,race,20,WKHP,False,0.38172644287220825,1.9731365307927888,1.9731365307927897,0.3471836468560782,1.10500267693564,1.1050026769356407,0.35520447261916405,0.8754333422614022,0.22333333333333333
acs_CA_2018_ACSIncome,race,20,COW_1.0,False,0.10419440745672437,-0.6415991925932669,-0.6415991925932669,-0.15381861214060893,-0.11454512014343321,-0.11454512014343324,-0.03752062650663644,0.005613974798701203,0.6647222222222222
acs_CA_2018_ACSIncome,race,20,MAR_1.0,False,0.17039058964836296,1.3217567306005755,1.3217567306005755,0.3447129362738194,0.7325710282113073,0.732571028211306,0.2297764118219702,0.12148169090998877,0.5288888888888889
acs_CA_2018_ACSIncome,race,20,MAR_5.0,False,0.2297698545194371,-1.6629185900011039,-1.6629185900011016,-0.4359240859192181,-1.026414063694298,-1.0264140636942987,-0.26925613374182045,0.1430279857096821,0.3416666666666667
acs_CA_2018_ACSIncome,race,20,OCCP_0,False,0.5344227937011442,2.348426182598158,2.3484261825981583,0.3466791645760463,1.1502580386120083,1.1502580386120067,0.3497403440097321,0.31209187936067756,0.17
acs_CA_2018_ACSIncome,race,20,OCCP_2,False,0.13734309623430963,0.6966367987900997,0.6966367987900993,0.10966657285245435,0.00866575635298894,0.008665756352989207,0.0020953881858723727,0.04930548592943808,0.12166666666666667
acs_CA_2018_ACSIncome,race,20,OCCP_3,False,0.0805870236869207,0.8614822729664372,0.8614822729664372,0.12653814957238022,0.028959304284886467,0.028959304284886696,0.006216694457387802,0.058322157951868535,0.09777777777777778
acs_CA_2018_ACSIncome,race,20,OCCP_4,False,0.4207133411695563,-1.4289302325987399,-1.4289302325987387,-0.34857012644883406,-1.610027257700593,-1.610027257700591,-0.340321805773148,0.3060052505730096,0.22916666666666666
acs_CA_2018_ACSIncome,race,20,OCCP_5,False,0.48662110591044605,-0.17410292122333626,-0.1741029212233366,-0.03215541048618871,-1.4888440791771822,-1.4888440791771829,-0.24916356455328878,0.16731421574119237,0.11194444444444444
acs_CA_2018_ACSIncome,race,20,POBP_0,False,0.11709736886207467,0.11300304741176781,0.11300304741176789,0.028469549938672293,0.45440953552006313,0.4544095355200637,0.13768659932563898,0.11521965787503542,0.6738888888888889
acs_CA_2018_ACSIncome,race,20,POBP_2,False,0.061174772939478816,0.39423388204136667,0.3942338820413669,0.06723405249676993,0.06275441972207185,0.06275441972207185,0.015228289186768185,0.0674175623468554,0.1338888888888889
acs_CA_2018_ACSIncome,race,20,POBP_3,False,0.41577546296296297,-0.5623674740206865,-0.5623674740206859,-0.11927375767865471,-1.5169670646431532,-1.5169670646431535,-0.28561670694688235,0.11253020449990234,0.15527777777777776
acs_CA_2018_ACSIncome,race,20,RELP_0.0,False,0.17562955675543762,1.5362249872446183,1.536224987244619,0.3908905592669688,0.7023897715335763,0.7023897715335766,0.2294557468151708,0.26740427212841167,0.4677777777777778
acs_CA_2018_ACSIncome,race,20,RELP_1.0,False,0.08094232750488684,0.8925353979105051,0.8925353979105048,0.18420539234819258,0.05848479645350224,0.058484796453502304,0.017421988859987483,0.09792402328058561,0.22305555555555556
acs_CA_2018_ACSIncome,race,20,RELP_2.0,False,0.5614886962482684,-1.8164708667767342,-1.8164708667767338,-0.3791305341721135,-1.9067460589607843,-1.9067460589607843,-0.22852967319238346,0.22898763253629326,0.12833333333333333
acs_CA_2018_ACSIncome,race,20,SCHL_16.0,False,0.4472079980492563,-0.49808750296802695,-0.49808750296802734,-0.1107356962660995,-1.6452558642156259,-1.645255864215626,-0.2902784402705852,0.22457252618906487,0.16722222222222222
acs_CA_2018_ACSIncome,race,20,SCHL_19.0,False,0.16246639536317675,-0.37964618497779257,-0.3796461849777927,-0.08038045012868447,-0.7185080945871817,-0.7185080945871811,-0.146528096029693,0.07660711261859131,0.16166666666666665
acs_CA_2018_ACSIncome,race,20,SCHL_21.0,False,0.29184248951760905,1.5119660402652726,1.5119660402652728,0.2902774478556774,0.32284909111102067,0.32284909111102106,0.10307233632252788,0.2810358938957035,0.2363888888888889
acs_CA_2018_ACSIncome,race,20,__A__,True,0.05719980933396884,-0.1952498148231252,-0.19524981482312576,-0.05073654669820935,-0.3483684926341226,-0.34836849263412223,-0.10984335227022031,,0.38166666666666665
acs_CA_2018_ACSIncome,race,21,AGEP,False,0.14883667460264483,1.3799498028352972,1.3799498028352986,0.3581535225718769,0.5955484499679082,0.5955484499679089,0.18895120447020983,0.4667777794682347,0.49666666666666665
acs_CA_2018_ACSIncome,race,21,WKHP,False,0.38518845605392793,1.7817021942846343,1.7817021942846347,0.3128485936969381,1.0913335442885097,1.0913335442885095,0.35014352090937634,0.7830798951954349,0.23055555555555557
acs_CA_2018_ACSIncome,race,21,COW_1.0,False,0.11779392644623193,-0.6531398609952708,-0.6531398609952702,-0.15713381745116944,-0.09301302115374444,-0.09301302115374459,-0.030135410637161502,0.03441442244543594,0.6636111111111112
acs_CA_2018_ACSIncome,race,21,MAR_1.0,False,0.15795693336852235,1.3927066069070948,1.3927066069070932,0.36546119157176543,0.6010814241177703,0.6010814241177704,0.18810292437487589,0.1189473813073837,0.5233333333333333
acs_CA_2018_ACSIncome,race,21,MAR_5.0,False,0.18021978021978025,-1.6563881884204281,-1.6563881884204266,-0.43730684419217153,-0.8172579283301389,-0.8172579283301392,-0.21574386914444935,0.11326320535475567,0.34944444444444445
acs_CA_2018_ACSIncome,race,21,OCCP_0,False,0.49277837429580346,2.384412394565041,2.38441239456504,0.3549483062029495,1.248466741428988,1.2484667414289894,0.37135903222390776,0.33377840557092336,0.16694444444444445
acs_CA_2018_ACSIncome,race,21,OCCP_2,False,0.11370716510903425,0.6754039738088762,0.6754039738088765,0.10785219080407106,0.031657163494007934,0.031657163494007726,0.007592541181837991,0.045754585625332855,0.12361111111111112
acs_CA_2018_ACSIncome,race,21,OCCP_3,False,0.06959329330463351,0.8383449573525925,0.8383449573525926,0.12448831921587367,-0.08062259033244834,-0.08062259033244848,-0.017538527052595048,0.0483667318171665,0.10138888888888889
acs_CA_2018_ACSIncome,race,21,OCCP_4,False,0.2977562985743937,-1.3342693359408457,-1.3342693359408468,-0.3280768563584479,-1.181880528457391,-1.1818805284573912,-0.23502017359981703,0.2766412123239201,0.22583333333333333
acs_CA_2018_ACSIncome,race,21,OCCP_5,False,0.46328737496620703,-0.009812782362639938,-0.009812782362639372,-0.0017899962509441635,-1.507512891047386,-1.5075128910473863,-0.2591248932899627,0.16127601185204773,0.11083333333333334
acs_CA_2018_ACSIncome,race,21,POBP_0,False,0.0949887561906897,0.18741434252663147,0.18741434252663142,0.04745158706011585,0.38593317143046724,0.38593317143046696,0.11631992993704189,0.10935636844993371,0.6713888888888889
acs_CA_2018_ACSIncome,race,21,POBP_2,False,0.043766482237964754,0.5403805976781937,0.5403805976781944,0.09190055792142747,0.14638272862528479,0.14638272862528498,0.0352312794256738,0.07889968584726817,0.13333333333333333
acs_CA_2018_ACSIncome,race,21,POBP_3,False,0.3858822186715362,-0.7937096373095058,-0.7937096373095066,-0.1702047251682016,-1.6545738597301065,-1.6545738597301074,-0.3095128764151385,0.09451779362479959,0.1575
acs_CA_2018_ACSIncome,race,21,RELP_0.0,False,0.19767756395393765,1.5923273507873976,1.5923273507873972,0.4037758487914468,0.7219272011895905,0.7219272011895909,0.23208640328397487,0.2676549449890873,0.4608333333333333
acs_CA_2018_ACSIncome,race,21,RELP_1.0,False,0.08855981416957026,0.938891108035864,0.938891108035863,0.19472920159169843,0.08341279559108028,0.08341279559108032,0.02405620236329627,0.09927941163540002,0.21638888888888888
acs_CA_2018_ACSIncome,race,21,RELP_2.0,False,0.5108391608391608,-1.8117901975968718,-1.8117901975968735,-0.38417488052037985,-1.8017623986068485,-1.8017623986068498,-0.21094153260522483,0.23271836812857846,0.13111111111111112
acs_CA_2018_ACSIncome,race,21,SCHL_16.0,False,0.4955632563323325,-0.9405679637720841,-0.9405679637720845,-0.2071158906773597,-1.7307929881986428,-1.7307929881986432,-0.3134033803753819,0.2740115963078103,0.16416666666666666
acs_CA_2018_ACSIncome,race,21,SCHL_19.0,False,0.21485872748624057,-0.11379902599263958,-0.11379902599263955,-0.024382591502453487,-0.8424189820411127,-0.8424189820411132,-0.17334443749914083,0.05368506725223724,0.16583333333333333
acs_CA_2018_ACSIncome,race,21,SCHL_21.0,False,0.24354202627541238,1.5770245415179627,1.5770245415179616,0.3219572713862747,0.41501589681928763,0.41501589681928774,0.13123570811414026,0.2954207852883277,0.25277777777777777
acs_CA_2018_ACSIncome,race,21,__A__,True,0.050097293326482606,-0.24897195723007592,-0.2489719572300761,-0.06507822908666877,-0.32372826507039176,-0.3237282650703913,-0.10070612434387516,,0.38166666666666665
acs_CA_2018_ACSIncome,race,22,AGEP,False,0.16364978672208244,1.4784216777770136,1.4784216777770134,0.38900514668899405,0.5747478599236353,0.5747478599236363,0.20857978888213788,0.4693146931499136,0.505
acs_CA_2018_ACSIncome,race,22,WKHP,False,0.31606471387493285,1.7255200082975988,1.7255200082975997,0.3084383042925851,0.8823327834429504,0.8823327834429496,0.31706463969411175,0.7784854450196604,0.2225
acs_CA_2018_ACSIncome,race,22,COW_1.0,False,0.13824141307008242,-0.8187566141781946,-0.8187566141781956,-0.20366385051558156,-0.24357462428083687,-0.24357462428083687,-0.09007304102693964,0.0031708585913792628,0.6402777777777777
acs_CA_2018_ACSIncome,race,22,MAR_1.0,False,0.18673214637671642,1.4696620171653823,1.4696620171653818,0.3877669338905453,0.7621549218550483,0.7621549218550477,0.2699974541826829,0.11152228383659249,0.5258333333333334
acs_CA_2018_ACSIncome,race,22,MAR_5.0,False,0.21096371562078597,-1.6856210464088919,-1.6856210464088934,-0.44737816543275083,-0.9238934080482167,-0.923893408048216,-0.27774411804789817,0.11102839256713715,0.3502777777777778
acs_CA_2018_ACSIncome,race,22,OCCP_0,False,0.4083567506251773,2.0183776834388336,2.018377683438834,0.28243841350232957,0.9250547052404011,0.9250547052404013,0.31856240615554987,0.27429771231817246,0.16777777777777778
acs_CA_2018_ACSIncome,race,22,OCCP_2,False,0.13794253320735844,0.9792862313557836,0.9792862313557844,0.16165498503460618,0.27614031432327535,0.27614031432327535,0.07304164550987927,0.005320944621098594,0.12305555555555556
acs_CA_2018_ACSIncome,race,22,OCCP_4,False,0.37697268588770866,-1.4947859652071802,-1.4947859652071793,-0.36536617938280486,-1.2509511371335726,-1.2509511371335718,-0.2915935217667737,0.3228932248939273,0.22166666666666668
acs_CA_2018_ACSIncome,race,22,OCCP_5,False,0.42795257637938894,-0.15918713351307567,-0.1591871335130757,-0.030089949378753915,-1.3005783129560655,-1.3005783129560653,-0.2473236454660446,0.14860967987954476,0.11527777777777778
acs_CA_2018_ACSIncome,race,22,POBP_0,False,0.08435628255445449,0.11310144250518528,0.1131014425051851,0.02882895381119309,0.32133813720632587,0.32133813720632587,0.10785309364178179,0.11600822913486988,0.6777777777777778
acs_CA_2018_ACSIncome,race,22,POBP_2,False,0.028542330853701753,0.38790377761355277,0.3879037776135526,0.06548796299023249,0.04031142841336277,0.04031142841336273,0.0111348050968666,0.08235748970336322,0.13305555555555557
acs_CA_2018_ACSIncome,race,22,POBP_3,False,0.2362079660797427,-0.4495811690832847,-0.4495811690832846,-0.09796130189249896,-1.1721471029523651,-1.1721471029523658,-0.2278833332349684,0.07283176249968307,0.15472222222222223
acs_CA_2018_ACSIncome,race,22,RELP_0.0,False,0.20184367308444323,1.6398611757417734,1.6398611757417725,0.4207697915355285,0.6093322356595856,0.6093322356595853,0.22294025487547012,0.2747523982854089,0.46555555555555556
acs_CA_2018_ACSIncome,race,22,RELP_1.0,False,0.10019044917341513,1.1576370101559046,1.1576370101559053,0.2392386582280158,0.21759464968460773,0.21759464968460773,0.07188806295227737,0.1354558963070014,0.21666666666666667
acs_CA_2018_ACSIncome,race,22,RELP_2.0,False,0.5444340366058551,-1.838929272258601,-1.8389292722586,-0.39872597780879,-1.7688903988444455,-1.768890398844445,-0.2328571078088188,0.23801788793560807,0.1363888888888889
acs_CA_2018_ACSIncome,race,22,SCHL_16.0,False,0.4482120641806756,-0.6185688951268475,-0.6185688951268479,-0.1383533723872442,-1.6009952261378988,-1.6009952261378977,-0.3217412268541909,0.22634868457990379,0.1663888888888889
acs_CA_2018_ACSIncome,race,22,SCHL_19.0,False,0.24950140674525445,-0.3274340379359679,-0.32743403793596815,-0.07040069592245186,-0.9044300892250947,-0.9044300892250945,-0.2175858468709794,0.11049554425066485,0.16833333333333333
acs_CA_2018_ACSIncome,race,22,SCHL_21.0,False,0.2181248639977329,1.426989525928482,1.426989525928483,0.27599716283666714,0.2167253561295227,0.21672535612952243,0.07736652623990888,0.2812441831116769,0.23416666666666666
acs_CA_2018_ACSIncome,race,22,__A__,True,0.054077756248749,-0.3418234701030247,-0.3418234701030246,-0.08981314949325236,-0.1601870012992629,-0.16018700129926267,-0.0566039087731106,,0.38166666666666665
acs_CA_2018_ACSIncome,race,23,AGEP,False,0.1383744074214278,1.346608062451883,1.3466080624518828,0.36072019378570785,0.3813351764529048,0.38133517645290527,0.1328020594515184,0.42325190368882326,0.5013888888888889
acs_CA_2018_ACSIncome,race,23,WKHP,False,0.3409372105024279,1.8140348184270565,1.8140348184270576,0.3239455767533644,1.0990002530655603,1.0990002530655607,0.38468708985221806,0.8111083712787793,0.2238888888888889
acs_CA_2018_ACSIncome,race,23,COW_1.0,False,0.13111632603660148,-0.616614599233583,-0.6166145992335833,-0.15751308424110075,-0.3025965550418571,-0.3025965550418569,-0.10789463482298732,0.008360251153649308,0.6402777777777777
acs_CA_2018_ACSIncome,race,23,MAR_1.0,False,0.15794210520126956,1.412454915729049,1.4124549157290496,0.38179944260810045,0.6973635366856957,0.6973635366856955,0.23812219291103223,0.13721109738820733,0.5294444444444445
acs_CA_2018_ACSIncome,race,23,MAR_5.0,False,0.1662638208807904,-1.5720965080841118,-1.5720965080841107,-0.4279020696996646,-0.7760235805854323,-0.7760235805854319,-0.22075800911146984,0.11021075032706634,0.3536111111111111
acs_CA_2018_ACSIncome,race,23,OCCP_0,False,0.4850790010193681,2.297150726728391,2.2971507267283924,0.33087892896388993,1.0287474044203209,1.0287474044203224,0.3380378754233208,0.285977938106943,0.16305555555555556
acs_CA_2018_ACSIncome,race,23,OCCP_2,False,0.0876733346506573,0.3928211013967613,0.39282110139676074,0.06623422681931593,0.1475102578941785,0.14751025789417865,0.03806406784246428,0.030692749743171314,0.12416666666666666
acs_CA_2018_ACSIncome,race,23,OCCP_3,False,0.04302137305699483,0.6565530745216166,0.6565530745216166,0.10274701993383092,-0.188594231266063,-0.18859423126606273,-0.046068061527419095,0.03963537499128638,0.10694444444444444
acs_CA_2018_ACSIncome,race,23,OCCP_4,False,0.32378816997651083,-1.3298332009085587,-1.329833200908559,-0.3372003426068715,-1.2342679814983888,-1.2342679814983906,-0.2620250744314415,0.28065450161113864,0.225
acs_CA_2018_ACSIncome,race,23,OCCP_5,False,0.34533657745336577,-0.16613552386508323,-0.16613552386508335,-0.03139994400455215,-1.279900746640239,-1.2799007466402388,-0.24148478302642648,0.14168869248740595,0.11222222222222222
acs_CA_2018_ACSIncome,race,23,POBP_0,False,0.06332266928208362,-0.0023914631473616055,-0.002391463147361475,-0.0006232725270992863,0.25401472616737464,0.25401472616737464,0.08263233787423047,0.09884493785955095,0.6775
acs_CA_2018_ACSIncome,race,23,POBP_2,False,0.06182348178137653,0.6515799371328679,0.6515799371328689,0.1139952990782445,0.23946497358327323,0.2394649735832732,0.062252398844995296,0.04211658448832081,0.13083333333333333
acs_CA_2018_ACSIncome,race,23,POBP_3,False,0.2975770715204651,-0.568541829032345,-0.568541829032346,-0.12595004415716318,-1.220908382109613,-1.2209083821096132,-0.245383053040777,0.10322395722207939,0.15722222222222224
acs_CA_2018_ACSIncome,race,23,RELP_0.0,False,0.17672081458585634,1.472796994031106,1.4727969940311072,0.38204641215900637,0.4983426819846949,0.4983426819846944,0.17613562230922236,0.2688109945629834,0.45444444444444443
acs_CA_2018_ACSIncome,race,23,RELP_1.0,False,0.11735340370408082,1.0012738303063622,1.0012738303063615,0.2164547374130384,0.1816580303615255,0.18165803036152567,0.05837192514381142,0.1085550940777238,0.22527777777777777
acs_CA_2018_ACSIncome,race,23,RELP_2.0,False,0.617948717948718,-1.7494313218106539,-1.7494313218106545,-0.38884047107857256,-1.9024088963169548,-1.9024088963169548,-0.24447464327336266,0.2307519401918628,0.13722222222222222
acs_CA_2018_ACSIncome,race,23,SCHL_16.0,False,0.5064216387677349,-0.8524120063669891,-0.8524120063669894,-0.19802516482519078,-1.5724930226386489,-1.5724930226386482,-0.32175912525905137,0.23680944575808574,0.1761111111111111
acs_CA_2018_ACSIncome,race,23,SCHL_19.0,False,0.20408515535097815,-0.3651444446651799,-0.36514444466518015,-0.07929561273273568,-0.7986643562430674,-0.7986643562430679,-0.17890444342542575,0.08921263771016008,0.16027777777777777
acs_CA_2018_ACSIncome,race,23,SCHL_21.0,False,0.24503848943962514,1.4431856287967952,1.4431856287967944,0.2931862447555013,0.32369095308637863,0.3236909530863785,0.11230471211037742,0.27837061242184197,0.24388888888888888
acs_CA_2018_ACSIncome,race,23,__A__,True,0.036481398709550056,-0.19978647085680423,-0.1997864708568045,-0.053722004208672805,-0.1339476160599563,-0.13394761605995636,-0.045737837431235544,,0.38166666666666665
acs_CA_2018_ACSIncome,race,24,AGEP,False,0.12738214460632025,1.335906425447549,1.3359064254475497,0.3464020599432921,0.5900060048708198,0.5900060048708197,0.19923340199571318,0.47858405494260553,0.5047222222222222
acs_CA_2018_ACSIncome,race,24,WKHP,False,0.34515398136576547,1.8549331939532963,1.854933193953296,0.3225337263696087,0.9700788509483937,0.9700788509483935,0.32855426902548274,0.8489446327467587,0.22722222222222221
acs_CA_2018_ACSIncome,race,24,COW_1.0,False,0.12166246773136341,-0.6684939025303012,-0.6684939025303013,-0.16283256362238854,-0.0540978590682889,-0.05409785906828886,-0.018405700843031586,0.01441668716535969,0.6591666666666667
acs_CA_2018_ACSIncome,race,24,MAR_1.0,False,0.16561338629133793,1.3377750728117221,1.3377750728117204,0.3475884505925545,0.6595462727822303,0.6595462727822295,0.21934750363118163,0.13195597646057952,0.5183333333333333
acs_CA_2018_ACSIncome,race,24,MAR_5.0,False,0.22193720850870202,-1.6415296784087217,-1.6415296784087208,-0.4302462898147979,-0.9104185802831501,-0.9104185802831494,-0.25565653244908454,0.14091519030336302,0.35333333333333333
acs_CA_2018_ACSIncome,race,24,OCCP_0,False,0.5185217965965683,2.474132312070427,2.474132312070426,0.357034344023427,1.1915763102907406,1.1915763102907413,0.37450661313060996,0.33318714921600356,0.16333333333333333
acs_CA_2018_ACSIncome,race,24,OCCP_2,False,0.07857339829028404,0.5074199054201791,0.5074199054201795,0.08296787299647909,-0.11276952811979812,-0.11276952811979826,-0.028406308099943763,0.06012732348043514,0.12666666666666668
acs_CA_2018_ACSIncome,race,24,OCCP_4,False,0.3598083992425087,-1.3647748091799157,-1.3647748091799166,-0.3284189241099609,-1.3813414158537434,-1.3813414158537445,-0.2840160866481211,0.2843950530727697,0.215
acs_CA_2018_ACSIncome,race,24,OCCP_5,False,0.39315394399520226,-0.16866305186112052,-0.16866305186112093,-0.02918401531330363,-1.283836057567721,-1.2838360575677203,-0.23682195487094485,0.15619621328279193,0.10361111111111111
acs_CA_2018_ACSIncome,race,24,POBP_0,False,0.061478772264777354,-0.0353311726807517,-0.035331172680751415,-0.008945228755528122,0.278865211474727,0.2788652114747268,0.08685206475464644,0.10997821704761158,0.6733333333333333
acs_CA_2018_ACSIncome,race,24,POBP_2,False,0.05976358524129233,0.40075232868043376,0.4007523286804339,0.06979492280781098,0.0829612641668751,0.08296126416687503,0.020744994029281063,0.07435309666101526,0.13555555555555557
acs_CA_2018_ACSIncome,race,24,POBP_3,False,0.28651632472352534,-0.41546318440848573,-0.41546318440848595,-0.08903380917993589,-1.19647936366146,-1.19647936366146,-0.2260965065178414,0.09540733041861105,0.15638888888888888
acs_CA_2018_ACSIncome,race,24,RELP_0.0,False,0.23953444166630114,1.6980658906543948,1.6980658906543957,0.42630224251427495,0.729418707709455,0.7294187077094548,0.24857946061637923,0.28167856561358817,0.4588888888888889
acs_CA_2018_ACSIncome,race,24,RELP_1.0,False,0.021581223985356,0.7889364158412062,0.7889364158412063,0.16198326253379644,-0.009306729926502721,-0.009306729926502439,-0.0028661100964239884,0.07508822656500555,0.21833333333333332
acs_CA_2018_ACSIncome,race,24,RELP_2.0,False,0.5608974358974359,-1.693755838267595,-1.6937558382675963,-0.3546362394395134,-1.7433571925215894,-1.743357192521591,-0.21629260003260867,0.20732690433070816,0.1297222222222222
acs_CA_2018_ACSIncome,race,24,SCHL_16.0,False,0.5066412495388022,-0.7148762956097632,-0.7148762956097627,-0.15541757288838365,-1.7116521115644123,-1.7116521115644117,-0.2923574182524237,0.23850411913031072,0.155
acs_CA_2018_ACSIncome,race,24,SCHL_19.0,False,0.2760696883292262,-0.6195039628764221,-0.6195039628764212,-0.12924176195864026,-0.9845439697138242,-0.9845439697138247,-0.22481891810647286,0.12742878198618293,0.165
acs_CA_2018_ACSIncome,race,24,SCHL_21.0,False,0.2704528631989772,1.6243836677361578,1.6243836677361585,0.32925839785995736,0.3711480336159806,0.37114803361598064,0.12366196670850908,0.31663099177080334,0.24944444444444444
acs_CA_2018_ACSIncome,race,24,__A__,True,0.05618462438738936,-0.3011895947569343,-0.30118959475693435,-0.07807339621076594,-0.21203487307343394,-0.21203487307343372,-0.06989937024524175,,0.3813888888888889
acs_CA_2018_ACSIncome,race,25,AGEP,False,0.16516798418972334,1.3793680949803573,1.379368094980358,0.3568850482695626,0.4559384541885292,0.45593845418852913,0.15768923999814802,0.4544441111351364,0.5025
acs_CA_2018_ACSIncome,race,25,WKHP,False,0.33164381570477425,1.7960065407811459,1.7960065407811432,0.3235073192573924,0.8872940865154629,0.8872940865154632,0.30766086149267396,0.8203781854907074,0.23472222222222222
acs_CA_2018_ACSIncome,race,25,COW_1.0,False,0.1301612575906586,-0.8006749885416364,-0.8006749885416354,-0.1942397060815475,-0.2778019492142205,-0.27780194921422086,-0.0971813420038111,0.0038488410943812766,0.6561111111111111
acs_CA_2018_ACSIncome,race,25,MAR_1.0,False,0.1891734925660793,1.3619242508934029,1.3619242508934033,0.3543966153976733,0.6623313524794209,0.6623313524794205,0.21870314414688496,0.12171672466834267,0.5397222222222222
acs_CA_2018_ACSIncome,race,25,MAR_5.0,False,0.24449117844115242,-1.6429530111323314,-1.64295301113233,-0.4290390222601452,-0.9331607473685146,-0.9331607473685152,-0.25659630537561556,0.14312300491343713,0.3377777777777778
acs_CA_2018_ACSIncome,race,25,OCCP_0,False,0.47756753312945976,2.2145627661358267,2.214562766135828,0.3070743418404347,0.8598849890271859,0.8598849890271862,0.28323374198061513,0.27349092638847494,0.16944444444444445
acs_CA_2018_ACSIncome,race,25,OCCP_2,False,0.2118391363022942,1.094254501195171,1.0942545011951725,0.18429497653151444,0.3540372436343715,0.3540372436343711,0.08917254935799315,0.014427295033219687,0.12805555555555556
acs_CA_2018_ACSIncome,race,25,OCCP_3,False,0.1041763991404279,1.0145742686790866,1.0145742686790853,0.14694595599130486,-0.2269102658803731,-0.2269102658803731,-0.05260388008348574,0.04891197227720634,0.09777777777777778
acs_CA_2018_ACSIncome,race,25,OCCP_4,False,0.3028614136237455,-1.430563641049331,-1.4305636410493314,-0.35098937895256027,-1.132569542307608,-1.1325695423076096,-0.23738799975360297,0.2642938348443724,0.2286111111111111
acs_CA_2018_ACSIncome,race,25,OCCP_5,False,0.4814327485380117,-0.2532252451701429,-0.25322524517014283,-0.04547911720603262,-1.4039641559201614,-1.403964155920161,-0.26375288560296767,0.19540811810692568,0.11027777777777778
acs_CA_2018_ACSIncome,race,25,POBP_0,False,0.08974347499194446,0.16303817265981935,0.16303817265981962,0.040620602586593196,0.33352883602592376,0.33352883602592326,0.10797878339283698,0.14020677172424237,0.6805555555555556
acs_CA_2018_ACSIncome,race,25,POBP_2,False,0.1066339066339066,0.7587106116904705,0.7587106116904704,0.12665105419760078,0.3394555547089769,0.33945555470897704,0.08648412364361524,0.03690765614515758,0.12833333333333333
acs_CA_2018_ACSIncome,race,25,POBP_3,False,0.4617620431695812,-0.8178741531643778,-0.8178741531643775,-0.17204824631293011,-1.6638360595070347,-1.6638360595070345,-0.3301661271067857,0.15667173839241494,0.1527777777777778
acs_CA_2018_ACSIncome,race,25,RELP_0.0,False,0.18677463045559634,1.4874928172053574,1.4874928172053565,0.3732029651801872,0.5882291893595915,0.5882291893595915,0.2035184154526252,0.25438044090613177,0.46555555555555556
acs_CA_2018_ACSIncome,race,25,RELP_1.0,False,0.056242233993852586,0.9117960810880179,0.911796081088018,0.19129809158101552,0.02188049073459175,0.02188049073459167,0.006913800005272778,0.10062213021154724,0.2263888888888889
acs_CA_2018_ACSIncome,race,25,RELP_2.0,False,0.4658417774156865,-1.8054937016411212,-1.8054937016411223,-0.37642477506307037,-1.6425765490283988,-1.6425765490283983,-0.19308464540501022,0.22688528221033288,0.12694444444444444
acs_CA_2018_ACSIncome,race,25,SCHL_16.0,False,0.5026115538745553,-0.7666971080202174,-0.7666971080202181,-0.1629588559358649,-1.6595603156377257,-1.6595603156377245,-0.3387695327185495,0.2739579325803929,0.15833333333333333
acs_CA_2018_ACSIncome,race,25,SCHL_19.0,False,0.18709395998069578,-0.24956414162587226,-0.24956414162587234,-0.05254447004588792,-0.7773957503655359,-0.7773957503655365,-0.17476866838310048,0.09179839087783123,0.16416666666666666
acs_CA_2018_ACSIncome,race,25,SCHL_21.0,False,0.270954988561818,1.6284933950353757,1.628493395035377,0.3192011856326804,0.4331653494263764,0.43316534942637636,0.14838213608565387,0.27575044643939883,0.24444444444444444
acs_CA_2018_ACSIncome,race,25,__A__,True,0.04297414246714426,-0.2509428222315657,-0.25094282223156567,-0.06494802605028645,-0.190363937047059,-0.19036393704705898,-0.0641779453239081,,0.3813888888888889
acs_CA_2018_ACSIncome,race,26,AGEP,False,0.1425117264751152,1.1959168957992765,1.1959168957992758,0.3066827030655786,0.5237442464109394,0.5237442464109402,0.1698348815214401,0.4718071317610962,0.5025
acs_CA_2018_ACSIncome,race,26,WKHP,False,0.395183278667735,2.0130662942407,2.0130662942407014,0.35593767176454133,1.0792873253273196,1.0792873253273192,0.35120968726197294,0.8520556655374633,0.23527777777777778
acs_CA_2018_ACSIncome,race,26,COW_1.0,False,0.09656956269593794,-0.4743669144016447,-0.47436691440164425,-0.11342958342163828,-0.03425163369489703,-0.034251633694896956,-0.011304109125105375,0.025144336646537587,0.6508333333333334
acs_CA_2018_ACSIncome,race,26,MAR_1.0,False,0.21420873881523084,1.2751858580964293,1.275185858096429,0.32776467167795076,0.9582456439536929,0.9582456439536919,0.303997757990996,0.15661288968984163,0.5211111111111111
acs_CA_2018_ACSIncome,race,26,MAR_5.0,False,0.24130193662221544,-1.4831054729260784,-1.4831054729260775,-0.3843742233975834,-1.0675473867657128,-1.0675473867657137,-0.287274063839038,0.1434122691964177,0.3536111111111111
acs_CA_2018_ACSIncome,race,26,OCCP_0,False,0.4617179962325987,2.238293648749746,2.2382936487497442,0.31345880563650513,1.0112010214178666,1.0112010214178668,0.3138088579465355,0.2933127453016617,0.17444444444444446
acs_CA_2018_ACSIncome,race,26,OCCP_2,False,0.11319582740635376,0.6519449067137149,0.6519449067137151,0.10377577374506813,-0.021713763092384264,-0.021713763092384195,-0.005108423795312464,0.022934241399168838,0.12083333333333333
acs_CA_2018_ACSIncome,race,26,OCCP_3,False,0.1266155196763235,1.0499630190695988,1.049963019069598,0.1613220698486499,0.01882211072359674,0.01882211072359671,0.0040936467614776356,0.06065882693128719,0.10611111111111111
acs_CA_2018_ACSIncome,race,26,OCCP_4,False,0.39582534741920816,-1.4932888625123717,-1.4932888625123717,-0.35707198048710137,-1.3866759680575176,-1.3866759680575187,-0.27799657397033845,0.2858614652997108,0.21972222222222224
acs_CA_2018_ACSIncome,race,26,OCCP_5,False,0.3864700709625964,-0.1608951793566944,-0.1608951793566943,-0.029276050772397366,-1.4338226944887782,-1.4338226944887789,-0.24889881325373836,0.18545438885774373,0.11388888888888889
acs_CA_2018_ACSIncome,race,26,POBP_0,False,0.11145744523639012,0.3891718800397912,0.38917188003979075,0.09742909634686465,0.42067873016273194,0.42067873016273183,0.12644950791196158,0.12612792620963986,0.6702777777777778
acs_CA_2018_ACSIncome,race,26,POBP_2,False,0.05447107682257235,0.3481930098188415,0.34819300981884155,0.057250061070700235,0.08231348483912859,0.08231348483912877,0.019289336221896047,0.05461155179266147,0.125
acs_CA_2018_ACSIncome,race,26,POBP_3,False,0.34269573156813515,-0.8156810657185991,-0.8156810657185993,-0.1761595236779378,-1.440326311670343,-1.4403263116703438,-0.2732714594422937,0.1213015041128246,0.16666666666666666
acs_CA_2018_ACSIncome,race,26,RELP_0.0,False,0.1997513872435937,1.5368118841686311,1.5368118841686311,0.3816200082682115,0.7180093574523554,0.7180093574523555,0.2339600620109954,0.2574152567963311,0.46
acs_CA_2018_ACSIncome,race,26,RELP_1.0,False,0.0642687835515438,0.8458223069526472,0.8458223069526467,0.1741634373476156,0.08833914232945772,0.08833914232945782,0.026037486020310422,0.0694578825492766,0.2225
acs_CA_2018_ACSIncome,race,26,RELP_2.0,False,0.6560039572942,-1.7638070006594,-1.7638070006593987,-0.3587809924711181,-2.3401138769044607,-2.3401138769044576,-0.28612171937274644,0.24269352178721498,0.12527777777777777
acs_CA_2018_ACSIncome,race,26,SCHL_16.0,False,0.4188672701418514,-0.45326034581678876,-0.4532603458167882,-0.09698150545448346,-1.6527778208088502,-1.6527778208088497,-0.28442066924474335,0.2282051851078073,0.15638888888888888
acs_CA_2018_ACSIncome,race,26,SCHL_19.0,False,0.21250553713428033,-0.2901681118883077,-0.29016811188830804,-0.05991252982402275,-0.8634390336986368,-0.863439033698637,-0.18870331457282116,0.08872365140594908,0.16527777777777777
acs_CA_2018_ACSIncome,race,26,SCHL_21.0,False,0.203264672872516,1.3715907784857233,1.3715907784857222,0.2616674249845451,0.38033432067508766,0.3803343206750879,0.12144920143100976,0.2732554065388515,0.23777777777777778
acs_CA_2018_ACSIncome,race,26,__A__,True,0.11512596545313103,-0.30916410237066083,-0.3091641023706611,-0.07925685992751066,-0.4467310852744544,-0.4467310852744542,-0.1409490832045874,,0.38166666666666665
acs_CA_2018_ACSIncome,race,27,AGEP,False,0.16167810501798152,1.3995389186092586,1.3995389186092584,0.3684026850376462,0.44710061111262445,0.447100611112624,0.14930423308524873,0.42638328901613415,0.49472222222222223
acs_CA_2018_ACSIncome,race,27,WKHP,False,0.309531237501,1.7288390211115063,1.7288390211115043,0.3079195676907466,1.1189721206905099,1.1189721206905108,0.36818403413080064,0.8363280280429277,0.22333333333333333
acs_CA_2018_ACSIncome,race,27,COW_1.0,False,0.15213710792247453,-0.6717131862036079,-0.671713186203608,-0.1662608782915708,-0.24714846133913315,-0.24714846133913315,-0.08290475874290408,0.003457528066945204,0.6525
acs_CA_2018_ACSIncome,race,27,MAR_1.0,False,0.17510694925217163,1.3319476435842015,1.331947643584203,0.35392050889946025,0.731930748260298,0.7319307482602972,0.23743012417345338,0.13111348795359803,0.5344444444444445
acs_CA_2018_ACSIncome,race,27,MAR_5.0,False,0.21169174418846637,-1.6895276836579693,-1.6895276836579691,-0.44825725726084037,-0.9155403393250032,-0.9155403393250025,-0.24607459533805146,0.14666168434868862,0.3375
acs_CA_2018_ACSIncome,race,27,OCCP_0,False,0.44703637447823497,1.9988848116090876,1.9988848116090885,0.29157457814893395,0.9246129137748381,0.9246129137748379,0.28920296406866486,0.26039475586079336,0.16944444444444445
acs_CA_2018_ACSIncome,race,27,OCCP_2,False,0.11970729777836378,0.6803791898827836,0.6803791898827847,0.10553095312326262,0.1249564403252742,0.12495644032527431,0.03029249989832458,0.03986977796626098,0.115
acs_CA_2018_ACSIncome,race,27,OCCP_3,False,0.15328103368712503,1.0716155198551682,1.0716155198551696,0.16621408895748185,0.08133852573918865,0.08133852573918866,0.017545255291286976,0.08217248462457642,0.10055555555555555
acs_CA_2018_ACSIncome,race,27,OCCP_4,False,0.3212150330984411,-1.376301457827976,-1.3763014578279764,-0.3395169159085718,-1.401318663208381,-1.4013186632083827,-0.2810722956326428,0.27811927845097273,0.22027777777777777
acs_CA_2018_ACSIncome,race,27,OCCP_5,False,0.46807805596465385,-0.127235911379042,-0.12723591137904203,-0.023222523912210254,-1.411209569322183,-1.4112095693221836,-0.26401042777247563,0.15232431780115546,0.11277777777777778
acs_CA_2018_ACSIncome,race,27,POBP_0,False,0.09500445534763935,0.04601805390809233,0.04601805390809264,0.011822809053785643,0.40987226367417984,0.40987226367418,0.12742480585797364,0.12325103669692743,0.6672222222222223
acs_CA_2018_ACSIncome,race,27,POBP_2,False,0.0824516630433641,0.5714390994211966,0.5714390994211968,0.09930990367480359,0.1639979849404406,0.1639979849404408,0.04005819235166319,0.041248846237943816,0.1322222222222222
acs_CA_2018_ACSIncome,race,27,POBP_3,False,0.38673015613980893,-0.5217136580318431,-0.5217136580318427,-0.11534540433839352,-1.538585868656436,-1.538585868656435,-0.29535228446262723,0.12916808332479374,0.16444444444444445
acs_CA_2018_ACSIncome,race,27,RELP_0.0,False,0.1811633266924489,1.499219415760221,1.4992194157602223,0.38210881136963515,0.516107657126136,0.5161076571261364,0.170226692779704,0.23759189453301754,0.4666666666666667
acs_CA_2018_ACSIncome,race,27,RELP_1.0,False,0.07565504366957798,0.8338882754184702,0.833888275418471,0.17821325301794705,0.19959396127385154,0.1995939612738515,0.05954169275142349,0.10508685971619862,0.2222222222222222
acs_CA_2018_ACSIncome,race,27,RELP_2.0,False,0.5698861770040416,-2.018906397372758,-2.0189063973727586,-0.43184901083230004,-2.186502301431082,-2.186502301431083,-0.26813478180651473,0.2838315988075284,0.13166666666666665
acs_CA_2018_ACSIncome,race,27,SCHL_16.0,False,0.5330297885476154,-0.7137833432378742,-0.7137833432378748,-0.1605397953337773,-1.796651216179353,-1.7966512161793526,-0.328331421258894,0.253046029012093,0.16722222222222222
acs_CA_2018_ACSIncome,race,27,SCHL_19.0,False,0.1795897250174613,-0.23252677607434613,-0.2325267760743465,-0.050341673328875174,-0.7813331775114584,-0.7813331775114581,-0.1591931593754531,0.08298696462730636,0.1622222222222222
acs_CA_2018_ACSIncome,race,27,SCHL_21.0,False,0.26621256735338006,1.4977259824783102,1.4977259824783096,0.2875607221583022,0.298827037239066,0.29882703723906634,0.09761485520645198,0.2608815789994229,0.23333333333333334
acs_CA_2018_ACSIncome,race,27,__A__,True,0.03580972190410159,-0.1408020076617682,-0.14080200766176773,-0.03709413183191003,-0.2128102202065073,-0.21281022020650722,-0.06865637409434859,,0.38166666666666665
acs_CA_2018_ACSIncome,race,28,AGEP,False,0.13821594848116914,1.233335554024923,1.2333355540249218,0.32911437176238684,0.3080081612465213,0.3080081612465214,0.10364508256291766,0.4422622404891165,0.5038888888888889
acs_CA_2018_ACSIncome,race,28,WKHP,False,0.3614750680677969,1.9365478972053074,1.9365478972053092,0.35714139378278986,1.1435790619378445,1.1435790619378448,0.38527870026515054,0.8604446693812564,0.22805555555555557
acs_CA_2018_ACSIncome,race,28,COW_1.0,False,0.1376784147465829,-0.5883501554323161,-0.5883501554323171,-0.14602020042529956,-0.08771314334368241,-0.08771314334368241,-0.030136550126134656,0.019343630633636293,0.6583333333333333
acs_CA_2018_ACSIncome,race,28,MAR_1.0,False,0.15360440941836284,1.307060526247652,1.3070605262476505,0.351550692226265,0.6199548453021508,0.6199548453021511,0.20693129985196623,0.14471994746958805,0.5238888888888888
acs_CA_2018_ACSIncome,race,28,MAR_5.0,False,0.18859165287736712,-1.5568252242468958,-1.5568252242468972,-0.42056701072822644,-0.6998628693021038,-0.6998628693021045,-0.19562133109844915,0.13441842588851136,0.35
acs_CA_2018_ACSIncome,race,28,OCCP_0,False,0.49491376520090624,2.131373898234329,2.1313738982343278,0.32051299186352866,1.0115486927000985,1.0115486927000976,0.3175906761370241,0.28605034152928643,0.1638888888888889
acs_CA_2018_ACSIncome,race,28,OCCP_2,False,0.11706815791989295,0.5460626791337932,0.5460626791337928,0.09029983485211224,0.2102219253938643,0.2102219253938645,0.05239422378867719,0.024306585796257094,0.12222222222222222
acs_CA_2018_ACSIncome,race,28,OCCP_3,False,0.08408270197550097,0.8702263175655686,0.8702263175655687,0.1295177160643141,0.010020517015107644,0.010020517015107576,0.002227071492896838,0.07149558577676947,0.095
acs_CA_2018_ACSIncome,race,28,OCCP_4,False,0.2866671282512867,-1.247348418516014,-1.2473484185160146,-0.3137461795909959,-1.1774421566051503,-1.1774421566051503,-0.2596376421735929,0.2758271819723049,0.23027777777777778
acs_CA_2018_ACSIncome,race,28,OCCP_5,False,0.41530511340074644,-0.1881723176897463,-0.18817231768974613,-0.035810549174874626,-1.3658477662056385,-1.3658477662056379,-0.25618452077307546,0.16426683199842568,0.11666666666666667
acs_CA_2018_ACSIncome,race,28,POBP_0,False,0.09511207129354582,0.28632839232454543,0.28632839232454577,0.07351662467111365,0.4853508460711438,0.4853508460711436,0.15327700664008034,0.1405541693382828,0.6836111111111111
acs_CA_2018_ACSIncome,race,28,POBP_2,False,0.07545726495726496,0.4507859305883424,0.45078593058834265,0.07883537598642247,0.15230400535668576,0.15230400535668576,0.03852010791312387,0.03830117754179481,0.13277777777777777
acs_CA_2018_ACSIncome,race,28,POBP_3,False,0.4300051871754373,-0.8157780292398753,-0.8157780292398759,-0.17788293050121992,-1.6537813725043864,-1.6537813725043857,-0.3245348732740127,0.16352224559661227,0.15472222222222223
acs_CA_2018_ACSIncome,race,28,RELP_0.0,False,0.1993850164283751,1.5196912316959663,1.519691231695966,0.39420480840809885,0.6112962189406442,0.6112962189406433,0.20727780071152893,0.25459789115776926,0.465
acs_CA_2018_ACSIncome,race,28,RELP_1.0,False,0.09594089768608866,0.8959955397812998,0.8959955397813005,0.1940056588150428,-0.005700875361176583,-0.005700875361176605,-0.0017564039220581843,0.08072545566765262,0.225
acs_CA_2018_ACSIncome,race,28,RELP_2.0,False,0.537703081232493,-1.7463692083802065,-1.7463692083802071,-0.38244245638412383,-1.7415639570293378,-1.7415639570293393,-0.22046633084620498,0.22203657859795878,0.13472222222222222
acs_CA_2018_ACSIncome,race,28,SCHL_16.0,False,0.4280345475546055,-0.6859762917986116,-0.6859762917986112,-0.1563675941803809,-1.5887191821136577,-1.5887191821136581,-0.3139798007871536,0.23561554351078692,0.17083333333333334
acs_CA_2018_ACSIncome,race,28,SCHL_19.0,False,0.25662628321742986,-0.4837204912825046,-0.48372049128250444,-0.10726221042697927,-0.8722331210239728,-0.8722331210239724,-0.1992587517488545,0.11822896631962634,0.17472222222222222
acs_CA_2018_ACSIncome,race,28,SCHL_21.0,False,0.30415620291310896,1.5738138129128647,1.5738138129128656,0.3211381015440711,0.4399481295139386,0.43994812951393897,0.14691366103625683,0.2930175697776832,0.24416666666666667
acs_CA_2018_ACSIncome,race,28,__A__,True,0.03385560143370958,-0.29978995872062164,-0.2997899587206217,-0.0801605985036526,-0.1875550132557825,-0.18755501325578242,-0.06185598683076334,,0.38166666666666665
acs_CA_2018_ACSIncome,race,29,AGEP,False,0.15690830165560313,1.4589186415785904,1.4589186415785904,0.3760744219546612,0.49572274926497517,0.4957227492649754,0.16888630555194187,0.5322286822886854,0.5080555555555556
acs_CA_2018_ACSIncome,race,29,WKHP,False,0.3835227965864708,2.0285897496347274,2.028589749634727,0.36257640415814474,1.088613676453225,1.0886136764532235,0.36625348489244347,0.8684668625273201,0.2313888888888889
acs_CA_2018_ACSIncome,race,29,COW_1.0,False,0.1437213312213312,-0.7253054107516284,-0.7253054107516295,-0.1748853230489919,-0.15784752046987227,-0.15784752046987238,-0.05422750112959294,0.018283485767575387,0.6461111111111111
acs_CA_2018_ACSIncome,race,29,MAR_1.0,False,0.18680260988710506,1.4436451646744959,1.443645164674495,0.37226871627120195,0.7614879650897994,0.7614879650897992,0.25506784085357437,0.15432790244320918,0.5219444444444444
acs_CA_2018_ACSIncome,race,29,MAR_5.0,False,0.19587399696378227,-1.7441216157425528,-1.7441216157425536,-0.44969921555543974,-0.8492466572077308,-0.8492466572077311,-0.2436390024094825,0.14955454359518816,0.34694444444444444
acs_CA_2018_ACSIncome,race,29,OCCP_0,False,0.4606253424196695,2.2162589661394523,2.216258966139451,0.3031753319683354,1.0102786160472768,1.0102786160472779,0.31968839266552523,0.2909106785838654,0.16277777777777777
acs_CA_2018_ACSIncome,race,29,OCCP_2,False,0.15075079030558483,0.9806478954259775,0.9806478954259772,0.15656686588264124,0.28853262738176677,0.28853262738176666,0.07210072584034567,0.01890945068257862,0.12416666666666666
acs_CA_2018_ACSIncome,race,29,OCCP_4,False,0.36699445284921833,-1.3649491668435827,-1.364949166843582,-0.3262129720072319,-1.3946577664956337,-1.3946577664956354,-0.29916865455992236,0.29071629308309166,0.2225
acs_CA_2018_ACSIncome,race,29,OCCP_5,False,0.37986832591239483,0.01256740228035036,0.012567402280350312,0.0023486997957419833,-1.3143440268472362,-1.3143440268472382,-0.2250361869166627,0.12388349114395913,0.11638888888888889
acs_CA_2018_ACSIncome,race,29,POBP_0,False,0.06770016446452284,0.14855003184543847,0.14855003184543877,0.03679538375578023,0.32128869308840524,0.321288693088405,0.10065044134759688,0.12954781323522097,0.6794444444444444
acs_CA_2018_ACSIncome,race,29,POBP_2,False,0.05474115161119908,0.541506061165224,0.541506061165224,0.0876334118913338,0.01624256671729407,0.016242566717294075,0.004005729550522469,0.08655168918221758,0.12416666666666666
acs_CA_2018_ACSIncome,race,29,POBP_3,False,0.33005645557191954,-0.6920810908529009,-0.6920810908529014,-0.14675346412462095,-1.214331112689956,-1.2143311126899572,-0.23155173646911392,0.1103092806583483,0.15777777777777777
acs_CA_2018_ACSIncome,race,29,RELP_0.0,False,0.19689025283562983,1.566383200742015,1.566383200742013,0.39066924678915177,0.4955810700756823,0.49558107007568275,0.16660323119360865,0.22962791370363908,0.4727777777777778
acs_CA_2018_ACSIncome,race,29,RELP_1.0,False,0.05803110788397603,0.9620687680771552,0.9620687680771562,0.1986328068609141,0.17334064673161775,0.17334064673161745,0.052979491184787515,0.07890953433187646,0.22194444444444444
acs_CA_2018_ACSIncome,race,29,RELP_2.0,False,0.4632623304171421,-1.8413933519696972,-1.8413933519697,-0.385915570171148,-1.7544973134382307,-1.7544973134382316,-0.20817282381823868,0.2020599366674064,0.13277777777777777
acs_CA_2018_ACSIncome,race,29,SCHL_16.0,False,0.4772133526850508,-0.6718210912365479,-0.6718210912365472,-0.1451714616973078,-1.471409365643209,-1.4714093656432088,-0.2580052461197308,0.21603592226196755,0.15888888888888889
acs_CA_2018_ACSIncome,race,29,SCHL_19.0,False,0.24060857354701615,-0.28165808642972023,-0.28165808642972046,-0.06006346282260655,-0.9745437132449472,-0.9745437132449458,-0.22618076077574234,0.08987858620777107,0.17833333333333334
acs_CA_2018_ACSIncome,race,29,SCHL_21.0,False,0.2203180824401429,1.4783970215234832,1.4783970215234852,0.280424587114513,0.32622277358008533,0.32622277358008545,0.10927150829563584,0.26957909852100825,0.24083333333333334
acs_CA_2018_ACSIncome,race,29,__A__,True,0.06570618726788949,-0.3687885736878993,-0.3687885736878994,-0.09445133611939677,-0.2729942736024764,-0.2729942736024762,-0.08976835597849274,,0.38166666666666665
acs_TX_2018_ACSIncome,race,0,AGEP,False,0.13931499149009258,1.33152921312814,1.331529213128141,0.3787794344680282,0.45586279439200555,0.4558627943920055,0.16206428013820695,0.466492344904627,0.507359066925854
acs_TX_2018_ACSIncome,race,0,WKHP,False,0.29700673158617086,1.5243283115543087,1.5243283115543098,0.3417629312176858,0.873093456457406,0.8730934564574073,0.32311118084638496,0.7773182877631185,0.2860316578728131
acs_TX_2018_ACSIncome,race,0,COW_1.0,False,0.08159490628182428,-0.38407103028135303,-0.38407103028135264,-0.10078680623233233,0.2024692628036771,0.20246926280367702,0.07166081343546414,0.07742904331666763,0.6848097750624826
acs_TX_2018_ACSIncome,race,0,MAR_1.0,False,0.17214057507987213,1.4842402620373656,1.484240262037365,0.4259251237779124,0.7687526924666719,0.7687526924666728,0.2578624416151415,0.18152003930856672,0.5603998889197445
acs_TX_2018_ACSIncome,race,0,MAR_3.0,False,0.09893955461293746,0.5319731095639919,0.531973109563992,0.09592024411481381,-0.3671546458839824,-0.36715464588398256,-0.09013072882598215,0.030136932296252188,0.11580116634268259
acs_TX_2018_ACSIncome,race,0,MAR_5.0,False,0.17249931337092933,-1.7430273525010755,-1.7430273525010749,-0.4831380112495538,-0.7489477573579433,-0.7489477573579425,-0.18481172616118113,0.14797910335297565,0.2796445431824493
acs_TX_2018_ACSIncome,race,0,OCCP_0,False,0.4914105970465354,1.9339562182562642,1.9339562182562626,0.31334537151819203,1.0966215726491173,1.0966215726491173,0.37072170811436184,0.278496810578986,0.16217717300749793
acs_TX_2018_ACSIncome,race,0,OCCP_2,False,0.1350232300618666,0.6207232092152075,0.6207232092152071,0.11015695976437152,-0.2699047637459715,-0.269904763745972,-0.06502495587704474,0.10690793156281894,0.11135795612329909
acs_TX_2018_ACSIncome,race,0,OCCP_3,False,0.06291446025221803,0.5085206217803317,0.5085206217803321,0.08942467213337407,0.15535118693176336,0.15535118693176353,0.03783512543317978,0.03985900842161019,0.11108025548458761
acs_TX_2018_ACSIncome,race,0,OCCP_4,False,0.2558039979326439,-1.154641609265171,-1.1546416092651706,-0.29909492509602836,-0.8277773939604018,-0.8277773939604026,-0.20478894899810532,0.18095568282932442,0.22632602054984727
acs_TX_2018_ACSIncome,race,0,OCCP_5,False,0.3598204264870931,-0.1481657195189412,-0.14816571951894134,-0.029391344172276623,-1.0933542663392255,-1.093354266339226,-0.21434810624333492,0.14272449647721985,0.11524576506525964
acs_TX_2018_ACSIncome,race,0,POBP_0,False,0.13172114518030908,0.4443960861488032,0.44439608614880305,0.10670642237954371,0.40319013949645616,0.40319013949645605,0.11438095559860798,0.13598106474941024,0.7922799222438212
acs_TX_2018_ACSIncome,race,0,POBP_3,False,0.32075782537067543,-0.7370704744036252,-0.7370704744036266,-0.15551687527475316,-1.023308727097225,-1.0233087270972252,-0.20154360941109553,0.13456085749764457,0.12968619827825603
acs_TX_2018_ACSIncome,race,0,RELP_0.0,False,0.18248362721697375,1.4655486342531265,1.4655486342531265,0.416183921744325,0.6135052999779703,0.6135052999779708,0.21635403458815836,0.24903876838912303,0.5081921688419884
acs_TX_2018_ACSIncome,race,0,RELP_1.0,False,0.05871181131810843,0.8113723105325474,0.8113723105325467,0.1945541653861616,-0.18197167001816028,-0.18197167001816034,-0.06017654521621157,0.022169213488525952,0.24187725631768953
acs_TX_2018_ACSIncome,race,0,RELP_2.0,False,0.4357381748686097,-1.8575990276575558,-1.8575990276575556,-0.4044482783851783,-1.6486636143592555,-1.6486636143592572,-0.17054133936879573,0.15889796732827036,0.1174673701749514
acs_TX_2018_ACSIncome,race,0,SCHL_16.0,False,0.3735580346546404,-0.5465349155825838,-0.5465349155825837,-0.13542067166828167,-1.1948567468298221,-1.1948567468298235,-0.29408362113467135,0.20394482178366624,0.20244376562066094
acs_TX_2018_ACSIncome,race,0,SCHL_19.0,False,0.12546659079400058,-0.40756265027154726,-0.4075626502715467,-0.09104761921058022,-0.45225164598916373,-0.4522516459891643,-0.1118853207885676,0.0752743615973108,0.1641210774784782
acs_TX_2018_ACSIncome,race,0,SCHL_21.0,False,0.28792638946303084,1.4272222621760813,1.42722226217608,0.30046894753867026,0.3713686415700848,0.3713686415700848,0.12830485003413605,0.2828868561082205,0.2168841988336573
acs_TX_2018_ACSIncome,race,0,__A__,True,0.06032772661842123,-0.06445410405161134,-0.06445410405161107,-0.015960932633688835,-0.2753922586922204,-0.27539225869222084,-0.07838796538864302,,0.2216051096917523
acs_TX_2018_ACSIncome,race,1,AGEP,False,0.18060783259398666,1.3400742620864252,1.3400742620864259,0.3761073782312379,0.4977706129762452,0.49777061297624464,0.16610115391926994,0.4872580110755681,0.4782004998611497
acs_TX_2018_ACSIncome,race,1,WKHP,False,0.24520778931837608,1.437212289178922,1.437212289178921,0.33344052541989555,0.9322264270802595,0.9322264270802598,0.32071448975215716,0.7868555759374447,0.30547070258261594
acs_TX_2018_ACSIncome,race,1,COW_1.0,False,0.07587091755940253,-0.5197664118401133,-0.5197664118401133,-0.13528208202779318,-0.12395449128272346,-0.12395449128272351,-0.040397176030897694,0.053469513697050934,0.6928630935851152
acs_TX_2018_ACSIncome,race,1,MAR_1.0,False,0.1889448924731183,1.3993494006093061,1.3993494006093061,0.400707559611726,0.8066125836695928,0.8066125836695938,0.25262185811393584,0.17060044905240626,0.5531796723132463
acs_TX_2018_ACSIncome,race,1,MAR_3.0,False,0.07619863013698625,0.40746671533694845,0.40746671533694834,0.07312888518962697,-0.25076282251328835,-0.2507628225132887,-0.0542700028641635,0.020193709820848414,0.1102471535684532
acs_TX_2018_ACSIncome,race,1,MAR_5.0,False,0.19930926916221026,-1.7009784858475054,-1.700978485847504,-0.4723011236706878,-1.0146856259846797,-1.01468562598468,-0.2468183227556677,0.17478304646624454,0.2901971674534851
acs_TX_2018_ACSIncome,race,1,OCCP_0,False,0.5616822633771786,2.1547698405601583,2.1547698405601547,0.36627600648983133,1.1671073951629412,1.1671073951629407,0.36266813128907077,0.3157863482189361,0.16550958067203556
acs_TX_2018_ACSIncome,race,1,OCCP_2,False,0.08196051594707807,0.6238605807620681,0.6238605807620682,0.10876301083828324,-0.11123717493420737,-0.11123717493420747,-0.024500427053775878,0.10947610530391275,0.10747014718133852
acs_TX_2018_ACSIncome,race,1,OCCP_3,False,0.04670710571923742,0.3020059311399612,0.3020059311399609,0.051232769656449816,-0.22080740225323864,-0.2208074022532389,-0.049725066187745706,0.005221389445195708,0.1058039433490697
acs_TX_2018_ACSIncome,race,1,OCCP_4,False,0.23857446525840303,-1.2666521482818283,-1.266652148281829,-0.3237793264465159,-0.8809605808687468,-0.880960580868746,-0.19623293552233775,0.20897311337120203,0.21632879755623438
acs_TX_2018_ACSIncome,race,1,OCCP_5,False,0.31629445822994207,-0.2518665471072805,-0.2518665471072807,-0.04923166302580763,-0.9592120132572942,-0.9592120132572944,-0.17911058607678895,0.1531413575836692,0.11413496251041377
acs_TX_2018_ACSIncome,race,1,POBP_0,False,0.051843996700836614,0.3305195116504964,0.33051951165049664,0.07991527731567648,0.22101483287190954,0.2210148328719095,0.055447152807036965,0.10529087495773294,0.7961677311857818
acs_TX_2018_ACSIncome,race,1,POBP_3,False,0.32652380246181223,-0.7729666837424689,-0.7729666837424695,-0.16467178800902182,-1.1646081679022506,-1.1646081679022526,-0.2004773202671485,0.10692381019177657,0.1291307970008331
acs_TX_2018_ACSIncome,race,1,RELP_0.0,False,0.1792957267411018,1.3445505967310418,1.344550596731042,0.3821763174188902,0.5860370111006816,0.5860370111006812,0.19406437099352153,0.21949433364219598,0.5054151624548736
acs_TX_2018_ACSIncome,race,1,RELP_1.0,False,0.04502903937612812,0.7884071809073248,0.7884071809073245,0.1894743537586044,-0.039701564617753926,-0.03970156461775384,-0.012405371596245912,0.03875069202764582,0.24965287420161067
acs_TX_2018_ACSIncome,race,1,RELP_2.0,False,0.534108527131783,-2.054956757265857,-2.0549567572658574,-0.43638221306160485,-1.8616971366330946,-1.861697136633093,-0.17167551248640434,0.2095116650204764,0.11052485420716468
acs_TX_2018_ACSIncome,race,1,SCHL_16.0,False,0.3331340507506311,-0.6342071252741401,-0.6342071252741407,-0.15395031538627096,-1.1169398922116787,-1.1169398922116782,-0.2487970501864677,0.19925881312329813,0.19133574007220217
acs_TX_2018_ACSIncome,race,1,SCHL_19.0,False,0.1193637137233815,-0.17279440085072517,-0.17279440085072525,-0.03848543291169861,-0.5531735951256862,-0.5531735951256868,-0.12688206315022046,0.06831950556751598,0.16356567620105525
acs_TX_2018_ACSIncome,race,1,SCHL_21.0,False,0.283817678602318,1.4836663208163725,1.4836663208163727,0.31024115813682523,0.47726102496087724,0.4772610249608778,0.1521741059705282,0.3090208839606566,0.21355179116911968
acs_TX_2018_ACSIncome,race,1,__A__,True,0.030505495501807117,-0.20855611147736774,-0.20855611147736747,-0.05158421381474652,-0.10444024808925484,-0.10444024808925487,-0.027562042242254767,,0.2216051096917523
acs_TX_2018_ACSIncome,race,2,AGEP,False,0.16716727967845976,1.3630616008603549,1.363061600860354,0.3956661602513296,0.543962590989116,0.543962590989116,0.19384487982263196,0.4510427482016497,0.4887531241321855
acs_TX_2018_ACSIncome,race,2,WKHP,False,0.28979887599332094,1.485594508993016,1.4855945089930167,0.34976864891471937,0.8867576526998527,0.8867576526998541,0.3289488273247122,0.7952950607450048,0.29186337128575396
acs_TX_2018_ACSIncome,race,2,COW_1.0,False,0.05283212941533999,-0.1641256449578572,-0.16412564495785747,-0.04381624738958773,0.23548034740859458,0.23548034740859472,0.08278778047650522,0.08283332380482193,0.6978617050819217
acs_TX_2018_ACSIncome,race,2,MAR_1.0,False,0.20811874761898042,1.4312755026408823,1.431275502640881,0.4230416447343548,0.8274701741660562,0.827470174166057,0.2791019778581083,0.1982985413844862,0.5540127742293808
acs_TX_2018_ACSIncome,race,2,MAR_3.0,False,0.07259843880519634,0.6256767824553486,0.6256767824553493,0.11652530733345333,-0.26492600730777477,-0.264926007307775,-0.06254114760859282,0.022303450958013647,0.11191335740072202
acs_TX_2018_ACSIncome,race,2,MAR_5.0,False,0.21662842221870549,-1.718618138406345,-1.7186181384063448,-0.4928543877319509,-0.9214139074320064,-0.9214139074320066,-0.23476809980118374,0.16046628733869928,0.2868647597889475
acs_TX_2018_ACSIncome,race,2,OCCP_0,False,0.4124332255771832,1.6647777801981254,1.6647777801981267,0.2849501147762163,0.9503227586262526,0.9503227586262538,0.3237164573744833,0.2681004821752023,0.16717578450430437
acs_TX_2018_ACSIncome,race,2,OCCP_2,False,0.09493518963034087,0.3350064203499987,0.3350064203499989,0.056597535283636764,-0.17157819274815717,-0.17157819274815742,-0.0409740666246075,0.1332349556904024,0.09913912801999444
acs_TX_2018_ACSIncome,race,2,OCCP_3,False,0.05335327848416849,0.5576427840289961,0.5576427840289967,0.10385473556532132,0.14001927417007887,0.14001927417007892,0.034811274726668624,0.04637239138762344,0.11718966953623994
acs_TX_2018_ACSIncome,race,2,OCCP_4,False,0.26541095890410965,-1.0986449882395475,-1.098644988239549,-0.2926122569970704,-0.8253965177696514,-0.8253965177696525,-0.19312817499280532,0.17496446719663686,0.2188281033046376
acs_TX_2018_ACSIncome,race,2,OCCP_5,False,0.21989966555183937,-0.21107085411678383,-0.21107085411678417,-0.04356973719376246,-0.7396016457898908,-0.7396016457898907,-0.1405117169185865,0.11370431825310119,0.11524576506525964
acs_TX_2018_ACSIncome,race,2,POBP_0,False,0.13691495984985158,0.34310822853247425,0.34310822853247386,0.08344261040653726,0.5795557499866935,0.5795557499866937,0.15404232807052143,0.13763929158299798,0.8092196612052208
acs_TX_2018_ACSIncome,race,2,POBP_3,False,0.2887266828872669,-0.47379168539262095,-0.47379168539262084,-0.10110460514282714,-1.0449037343980896,-1.0449037343980891,-0.18710503908092754,0.09775095693521697,0.11968897528464316
acs_TX_2018_ACSIncome,race,2,RELP_0.0,False,0.16391599367963783,1.3589607314436234,1.358960731443625,0.3980257515757252,0.5158470972768697,0.5158470972768692,0.18572389875106726,0.23991551931423713,0.49791724520966396
acs_TX_2018_ACSIncome,race,2,RELP_1.0,False,0.018093508202967706,0.8006081635995901,0.8006081635995902,0.19943275270546781,0.02438832738947927,0.024388327389479367,0.008276801140384664,0.016647978060397594,0.25298528186614827
acs_TX_2018_ACSIncome,race,2,RELP_2.0,False,0.5274143302180685,-1.9434024588669119,-1.9434024588669128,-0.4447707807797261,-1.6112488769245545,-1.611248876924557,-0.17918057330695375,0.18903656829819465,0.12413218550402666
acs_TX_2018_ACSIncome,race,2,SCHL_16.0,False,0.3493115757266701,-0.5028919836111161,-0.5028919836111163,-0.13034244789965577,-1.221074143500879,-1.2210741435008792,-0.2874136055904126,0.18594178214302723,0.20466537073035268
acs_TX_2018_ACSIncome,race,2,SCHL_19.0,False,0.16587301587301595,-0.23727818266719547,-0.23727818266719589,-0.054253284600727446,-0.6118751039267551,-0.6118751039267555,-0.15663568753024362,0.07848991075985177,0.16550958067203556
acs_TX_2018_ACSIncome,race,2,SCHL_21.0,False,0.30624193849966563,1.4153287180318972,1.4153287180318967,0.29139779540295313,0.49069116889851083,0.4906911688985104,0.1669020557689685,0.312816754190615,0.1974451541238545
acs_TX_2018_ACSIncome,race,2,__A__,True,0.07831522489302545,-0.3568249548518061,-0.3568249548518059,-0.09110930160459825,-0.37636444263836755,-0.37636444263836794,-0.10738370763686646,,0.2216051096917523
acs_TX_2018_ACSIncome,race,3,AGEP,False,0.1688982524843389,1.5650169079391238,1.5650169079391247,0.4030952312733546,0.5806564476444736,0.5806564476444733,0.1905820539623975,0.4888181136247856,0.4626492640933074
acs_TX_2018_ACSIncome,race,3,WKHP,False,0.30039618914836763,1.7989887613504267,1.7989887613504252,0.3844569116225283,1.0107740271100911,1.010774027110091,0.3360270890743629,0.8331209609977215,0.3113024159955568
acs_TX_2018_ACSIncome,race,3,COW_1.0,False,0.1190742783447058,-0.7186471891078485,-0.7186471891078486,-0.1722310185445951,-0.04389880175195959,-0.04389880175195957,-0.013822789161012261,0.03599702458465894,0.690363787836712
acs_TX_2018_ACSIncome,race,3,MAR_1.0,False,0.1895949419856875,1.741373142217312,1.7413731422173102,0.4577946307437067,0.9197699865276311,0.9197699865276303,0.279216209234515,0.17040479326184782,0.5545681755068037
acs_TX_2018_ACSIncome,race,3,MAR_3.0,False,0.07283463432900306,0.6493927586920623,0.6493927586920625,0.10249350841247562,-0.36126593762010695,-0.3612659376201073,-0.07617261027756966,0.010979210886177678,0.10469314079422383
acs_TX_2018_ACSIncome,race,3,MAR_5.0,False,0.20129632774529543,-2.0638067789350076,-2.0638067789350063,-0.5286542266987435,-0.9567212520182384,-0.9567212520182379,-0.22520737464029356,0.1488821200182255,0.2971396834212719
acs_TX_2018_ACSIncome,race,3,OCCP_0,False,0.537152944952656,2.229345535324026,2.2293455353240277,0.3391552963935681,1.1507554237426227,1.1507554237426234,0.34855105108835577,0.29198242150134834,0.16550958067203556
acs_TX_2018_ACSIncome,race,3,OCCP_2,False,0.09825095654042262,0.5268567915554758,0.5268567915554755,0.08443543315090883,-0.29106632126788384,-0.2910663212678837,-0.06463304730527167,0.15751294707350738,0.1121910580394335
acs_TX_2018_ACSIncome,race,3,OCCP_3,False,0.0402723259250892,0.26113509797029355,0.2611350979702935,0.03921193618187978,-0.1769141870795598,-0.17691418707955994,-0.03773464010622191,0.00881472179785271,0.09913912801999444
acs_TX_2018_ACSIncome,race,3,OCCP_4,False,0.2912803364239752,-1.4009301378573478,-1.400930137857348,-0.33805420393853114,-1.1518954968782391,-1.1518954968782409,-0.24569178273493048,0.19851713032424992,0.23271313524021106
acs_TX_2018_ACSIncome,race,3,OCCP_5,False,0.26344143070531295,-0.29983047649596206,-0.2998304764959618,-0.05248265045375731,-1.146399622211272,-1.1463996222112727,-0.20306863398706285,0.1526952850102744,0.10830324909747292
acs_TX_2018_ACSIncome,race,3,POBP_0,False,0.07564825556054744,0.18296450733276903,0.18296450733276923,0.03986756968171399,0.2277604545326224,0.22776045453262247,0.054628858399294725,0.12494346222096832,0.8047764509858373
acs_TX_2018_ACSIncome,race,3,POBP_3,False,0.19399145796932638,-0.32975343696033166,-0.32975343696033144,-0.06239663634281365,-0.7038410065426092,-0.7038410065426093,-0.1252396044508492,0.10209145700235563,0.12496528742016107
acs_TX_2018_ACSIncome,race,3,RELP_0.0,False,0.1677106742680513,1.5358465269910084,1.5358465269910067,0.3984128188756093,0.689313009831298,0.6893130098312991,0.21907895173178038,0.2533738600975434,0.49847264648708695
acs_TX_2018_ACSIncome,race,3,RELP_1.0,False,0.07111024280116787,1.0127624397616817,1.01276243976168,0.22392805807578722,0.029719072433421645,0.02971907243342156,0.008728253402971845,0.08283280261835092,0.24187725631768953
acs_TX_2018_ACSIncome,race,3,RELP_2.0,False,0.4956801470588235,-2.3613472699976823,-2.3613472699976827,-0.47117185204202056,-2.033321375315533,-2.0333213753155346,-0.21466744897935336,0.23420361910664972,0.11968897528464316
acs_TX_2018_ACSIncome,race,3,SCHL_16.0,False,0.34509100571276735,-0.5827927587683497,-0.5827927587683499,-0.1316218235986705,-1.3459436410453018,-1.345943641045301,-0.28950707374785206,0.23189088028118215,0.1974451541238545
acs_TX_2018_ACSIncome,race,3,SCHL_19.0,False,0.15285223367697598,-0.51422339104228,-0.5142233910422798,-0.1039128398388019,-0.7539234804963657,-0.753923480496365,-0.1594281897423425,0.0928906378286751,0.15551235767842267
acs_TX_2018_ACSIncome,race,3,SCHL_21.0,False,0.3057170542635659,1.7068143759129608,1.7068143759129621,0.3244826123197603,0.48553597274924093,0.48553597274924143,0.1510366982313808,0.33224907649816154,0.21577339627881145
acs_TX_2018_ACSIncome,race,3,__A__,True,0.08215250527478157,-0.2580758872737412,-0.2580758872737415,-0.05856842947544033,-0.3831127912312593,-0.38311279123125974,-0.09763084126772,,0.2216051096917523
acs_TX_2018_ACSIncome,race,4,AGEP,False,0.1967537364270347,1.6053527595192936,1.6053527595192942,0.4228124860886457,0.6132038329430782,0.6132038329430788,0.21419254707151428,0.5029648611858912,0.4815329075256873
acs_TX_2018_ACSIncome,race,4,WKHP,False,0.36128764920526935,1.7941602833636179,1.7941602833636183,0.3781468274612151,0.9070801714149416,0.9070801714149411,0.3248472994509112,0.8416456422535938,0.2988058872535407
acs_TX_2018_ACSIncome,race,4,COW_1.0,False,0.051276382823871924,-0.49965907089100403,-0.4996590708910044,-0.12279615708851872,-0.08486707368499558,-0.0848670736849955,-0.029091183092573254,0.06088433470534742,0.6798111635656762
acs_TX_2018_ACSIncome,race,4,MAR_1.0,False,0.18184499710815505,1.7160234655485884,1.7160234655485889,0.4585616229875864,0.7474861022525492,0.7474861022525493,0.23968832949361482,0.1839360053097151,0.556512079977784
acs_TX_2018_ACSIncome,race,4,MAR_3.0,False,0.08156691543022332,0.5238289020038787,0.5238289020038794,0.08638064363613651,-0.329100234305028,-0.32910023430502827,-0.07388405449072485,0.03378030612618378,0.10747014718133852
acs_TX_2018_ACSIncome,race,4,MAR_5.0,False,0.20222145465631425,-2.0738740500028245,-2.0738740500028268,-0.539878113173858,-0.9153760902676474,-0.9153760902676469,-0.22067442648096727,0.16461887073853446,0.2893640655373507
acs_TX_2018_ACSIncome,race,4,OCCP_0,False,0.43322944447890177,2.0470612036886835,2.047061203688682,0.2984915321371908,1.1978148777740378,1.1978148777740378,0.3866498946074994,0.28705357573755397,0.15440155512357678
acs_TX_2018_ACSIncome,race,4,OCCP_2,False,0.0996182214315697,0.6471612199095589,0.6471612199095591,0.10729908928986413,-0.16888047773898607,-0.16888047773898598,-0.039782719477725804,0.09660941726658087,0.1130241599555679
acs_TX_2018_ACSIncome,race,4,OCCP_3,False,0.032817812337233576,0.5424315401994275,0.542431540199428,0.08879265286102826,-0.08634614032855081,-0.08634614032855081,-0.020177332716243994,0.038747427095000724,0.1102471535684532
acs_TX_2018_ACSIncome,race,4,OCCP_4,False,0.23438953102165538,-1.2820997676910664,-1.2820997676910675,-0.30884809469942653,-0.8968356166113225,-0.8968356166113219,-0.2078551062234493,0.19477748586257634,0.2216051096917523
acs_TX_2018_ACSIncome,race,4,OCCP_5,False,0.23284698840254392,-0.2942012502227227,-0.2942012502227227,-0.05301782614095838,-0.9428978040848496,-0.9428978040848498,-0.1783206474512489,0.14535749849546925,0.10996945292974174
acs_TX_2018_ACSIncome,race,4,POBP_0,False,0.06465774070309482,0.18991991832723132,0.18991991832723096,0.04276055067880587,0.1613847382615613,0.16138473826156127,0.04204334140084133,0.11384301197907455,0.7975562343793391
acs_TX_2018_ACSIncome,race,4,POBP_3,False,0.32614953412620257,-0.4660376352370659,-0.4660376352370661,-0.09240317965450935,-0.9332342075759046,-0.9332342075759041,-0.16537518011218874,0.12427900215438296,0.12774229380727575
acs_TX_2018_ACSIncome,race,4,RELP_0.0,False,0.16448308027560687,1.5142444656863874,1.5142444656863885,0.400911043166011,0.5306508536003205,0.53065085360032,0.18013721713295514,0.2369655542328501,0.5087475701194113
acs_TX_2018_ACSIncome,race,4,RELP_1.0,False,0.04931673981984891,1.0547265815132791,1.0547265815132791,0.23666897370905499,-0.058372291295377465,-0.05837229129537749,-0.018669731152850665,0.049360028803023405,0.24409886142738127
acs_TX_2018_ACSIncome,race,4,RELP_2.0,False,0.5078825347758886,-2.265242985828902,-2.2652429858288996,-0.45106205922766995,-1.5753398916909798,-1.5753398916909787,-0.13819351975785577,0.20352474030436077,0.11052485420716468
acs_TX_2018_ACSIncome,race,4,SCHL_16.0,False,0.33493967216266884,-0.6224986576603544,-0.6224986576603538,-0.14460848587974215,-1.2010876682882377,-1.201087668288238,-0.26718615968732307,0.19405141426485267,0.19855595667870035
acs_TX_2018_ACSIncome,race,4,SCHL_19.0,False,0.219004014638552,-0.21872936738191706,-0.21872936738191726,-0.04445670303107456,-0.756453064245056,-0.7564530642450569,-0.1805315881676482,0.08273163856992471,0.15690086087198002
acs_TX_2018_ACSIncome,race,4,SCHL_21.0,False,0.27592768650286703,1.4810635903210634,1.4810635903210645,0.2848471954208055,0.29334585119572276,0.2933458511957232,0.09751313047865194,0.31437187260536487,0.210774784782005
acs_TX_2018_ACSIncome,race,4,__A__,True,0.040038656023210106,-0.21046842581062375,-0.21046842581062364,-0.04860516488929752,-0.15091389969611413,-0.15091389969611418,-0.041438608825877736,,0.2216051096917523
acs_TX_2018_ACSIncome,race,5,AGEP,False,0.17053244847449467,1.4180679936994225,1.4180679936994223,0.38992937620063056,0.6879822758902661,0.6879822758902665,0.23527613463456948,0.50467690642272,0.4726464870869203
acs_TX_2018_ACSIncome,race,5,WKHP,False,0.2875730459125757,1.5307241050383906,1.5307241050383915,0.34889200892179006,0.9126410326623443,0.9126410326623435,0.31971946802699736,0.7979289138931079,0.3079700083310192
acs_TX_2018_ACSIncome,race,5,COW_1.0,False,0.03866470376403372,-0.299133325881624,-0.29913332588162367,-0.07620494921737155,0.014308537293827195,0.01430853729382719,0.00474690805251383,0.08331256226421362,0.6936961955012496
acs_TX_2018_ACSIncome,race,5,MAR_1.0,False,0.17156975505857286,1.4566862889361072,1.4566862889361072,0.40861355134637933,0.8339000973404973,0.8339000973404982,0.2639904039469275,0.1541065655256148,0.5534573729519577
acs_TX_2018_ACSIncome,race,5,MAR_3.0,False,0.06526294123700732,0.6435539368244507,0.64355393682445,0.11037759937935283,-0.4059173107959906,-0.40591731079599086,-0.09280103352424046,0.029361382030263547,0.10996945292974174
acs_TX_2018_ACSIncome,race,5,MAR_5.0,False,0.2150538745768843,-1.8435030382560436,-1.843503038256043,-0.5043178117326841,-0.9714512778782358,-0.9714512778782364,-0.22797792975893094,0.13121195871254607,0.2901971674534851
acs_TX_2018_ACSIncome,race,5,OCCP_0,False,0.46821234321234323,1.9383919593366028,1.9383919593366035,0.3136500789312342,1.196094844959546,1.1960948449595452,0.38044739465871097,0.3011536492722154,0.16356567620105525
acs_TX_2018_ACSIncome,race,5,OCCP_2,False,0.05422278581815665,0.32986232503301594,0.3298623250330157,0.05517612899559002,-0.2740784465209577,-0.2740784465209581,-0.06162577519522329,0.136827146822392,0.10469314079422383
acs_TX_2018_ACSIncome,race,5,OCCP_3,False,0.010441731277663902,0.45059272938381434,0.45059272938381423,0.07611486747903343,-0.038394987712815354,-0.03839498771281536,-0.008657441666939074,0.016565314342689017,0.10635934462649264
acs_TX_2018_ACSIncome,race,5,OCCP_4,False,0.30755332661731855,-1.1732782946330853,-1.1732782946330853,-0.29752461748317416,-1.1260831655682748,-1.126083165568276,-0.25674595647052817,0.17928258450068246,0.22382671480144403
acs_TX_2018_ACSIncome,race,5,OCCP_5,False,0.2827171259155912,-0.17167002569126955,-0.17167002569126968,-0.03279725605126331,-1.0396053616771117,-1.0396053616771106,-0.1878183577479649,0.1489644205926508,0.11052485420716468
acs_TX_2018_ACSIncome,race,5,POBP_0,False,0.0766007635246283,0.1875063829360537,0.18750638293605396,0.044523034993207034,0.30411859540700276,0.3041185954070026,0.07705018937093952,0.1096309200941514,0.7964454318244932
acs_TX_2018_ACSIncome,race,5,POBP_3,False,0.28660516312955336,-0.47466476420762005,-0.4746647642076196,-0.09921577918387857,-0.9574831255507441,-0.9574831255507437,-0.1623562811137757,0.09622357352244656,0.12774229380727575
acs_TX_2018_ACSIncome,race,5,RELP_0.0,False,0.14935743654646544,1.4021167598611748,1.4021167598611741,0.38888622277335,0.5945029194048006,0.5945029194048007,0.19947102672947017,0.23606153159588905,0.49930574840322134
acs_TX_2018_ACSIncome,race,5,RELP_1.0,False,0.05662803637467262,0.8823503295980677,0.8823503295980675,0.20478146778026637,-0.004685517310905163,-0.004685517310905025,-0.001463632831630105,0.057561529926223806,0.2377117467370175
acs_TX_2018_ACSIncome,race,5,RELP_2.0,False,0.521124031007752,-1.9880430195803915,-1.9880430195803926,-0.4181726968533275,-1.7312543564448308,-1.731254356444829,-0.16251260102468634,0.20527468489732323,0.11330186059427937
acs_TX_2018_ACSIncome,race,5,SCHL_16.0,False,0.30678135128396905,-0.49354081112387616,-0.4935408111238759,-0.11892004698349393,-1.1418585941681914,-1.1418585941681914,-0.2672913845684451,0.18718061439442168,0.20022216051096917
acs_TX_2018_ACSIncome,race,5,SCHL_19.0,False,0.059982862039417384,-0.202715179448951,-0.20271517944895093,-0.044372659881088454,-0.5198950325525131,-0.5198950325525132,-0.11487762526470541,0.060920132206419716,0.1588447653429603
acs_TX_2018_ACSIncome,race,5,SCHL_21.0,False,0.2803978060579915,1.510905506182588,1.5109055061825885,0.29951916477182444,0.4598091744606083,0.45980917446060804,0.15105742035248151,0.31225196745932365,0.21105248542071647
acs_TX_2018_ACSIncome,race,5,__A__,True,0.06314751641590921,-0.1701275220741516,-0.17012752207415144,-0.04124224464048281,-0.26755841557352006,-0.2675584155735204,-0.07187683660532139,,0.2216051096917523
acs_TX_2018_ACSIncome,race,6,AGEP,False,0.21388197767145134,1.536480602634159,1.5364806026341589,0.4239323902282943,0.6821359067105222,0.6821359067105216,0.23805100393299325,0.49410598681418005,0.4770896973063038
acs_TX_2018_ACSIncome,race,6,WKHP,False,0.29021036622489205,1.5269277256827105,1.5269277256827098,0.3443331395742706,0.9406511666783491,0.940651166678349,0.3369729768563676,0.7690515862157284,0.3057484032213274
acs_TX_2018_ACSIncome,race,6,COW_1.0,False,0.07333725709979924,-0.4356104615332035,-0.4356104615332033,-0.11086683958749291,-0.05982651316922982,-0.059826513169229774,-0.020616519061532133,0.06844110995838854,0.68619827825604
acs_TX_2018_ACSIncome,race,6,MAR_1.0,False,0.1936385700675951,1.529879569957797,1.5298795699577972,0.43032891212001767,0.8301915203609296,0.8301915203609285,0.2688892032728064,0.19137477624903468,0.5598444876423215
acs_TX_2018_ACSIncome,race,6,MAR_3.0,False,0.04675693008767423,0.553221705689124,0.553221705689124,0.09658485161189109,-0.13572513131617636,-0.1357251313161762,-0.03146129383752293,0.02366642301224434,0.11163565676201055
acs_TX_2018_ACSIncome,race,6,MAR_5.0,False,0.275971527510581,-1.9320871619762041,-1.9320871619762034,-0.5268708408949027,-1.1151543130330563,-1.115154313033055,-0.2773210470118365,0.1894290761436817,0.2888086642599278
acs_TX_2018_ACSIncome,race,6,OCCP_0,False,0.415505724199547,1.8153306823963609,1.8153306823963578,0.2775395695308429,0.998493753121001,0.9984937531210015,0.3231420766756929,0.24937594184877082,0.1549569564009997
acs_TX_2018_ACSIncome,race,6,OCCP_2,False,0.08335530802455104,0.49467720224338807,0.4946772022433875,0.08083875690177181,-0.3558720341816081,-0.3558720341816084,-0.08829791276916976,0.14069693956108278,0.10969175229103027
acs_TX_2018_ACSIncome,race,6,OCCP_3,False,0.020474519256789114,0.25161549737920685,0.2516154973792072,0.0429695236781181,-0.004287478110631016,-0.004287478110630978,-0.0009938440092297943,0.003817881708116423,0.10830324909747292
acs_TX_2018_ACSIncome,race,6,OCCP_4,False,0.2758015597920277,-1.1640112197957198,-1.1640112197957195,-0.29993299385337197,-0.8825327280785189,-0.8825327280785193,-0.20682043398576996,0.16665296711472655,0.23354623715634545
acs_TX_2018_ACSIncome,race,6,OCCP_5,False,0.3171192953672121,-0.04557919378998965,-0.04557919378998966,-0.008658270960307966,-1.0403456944662108,-1.0403456944662102,-0.19308167563156195,0.14807062959247266,0.1094140516523188
acs_TX_2018_ACSIncome,race,6,POBP_0,False,0.1499180865006553,0.39398312436390803,0.39398312436390853,0.09410323137918494,0.49322346560000624,0.4932234656000065,0.1329170574087139,0.14647497605715643,0.7886698139405721
acs_TX_2018_ACSIncome,race,6,POBP_3,False,0.3601724707536701,-0.5210193210732204,-0.5210193210732205,-0.11163942958304642,-1.2122715162757087,-1.212271516275709,-0.22715943864803462,0.12217375279775283,0.13829491807831157
acs_TX_2018_ACSIncome,race,6,RELP_0.0,False,0.19686603993808835,1.4958474908772676,1.4958474908772679,0.4138965281241273,0.5753900531573612,0.5753900531573614,0.19782862137256524,0.22522949969948716,0.49153013051930017
acs_TX_2018_ACSIncome,race,6,RELP_1.0,False,0.020648521505376327,0.8110926975732649,0.8110926975732644,0.1919514406100667,-0.12202150696555741,-0.12202150696555746,-0.0397688653448484,0.003594697727395682,0.2518744793113024
acs_TX_2018_ACSIncome,race,6,RELP_2.0,False,0.5011108642523884,-1.9211674073890852,-1.921167407389086,-0.41643361499048176,-1.894697725659439,-1.8946977256594373,-0.19608264802949077,0.17470498201806106,0.12246598167175785
acs_TX_2018_ACSIncome,race,6,SCHL_16.0,False,0.3741699719238825,-0.3372052742433931,-0.3372052742433929,-0.08048974961076076,-1.1685844961659952,-1.1685844961659944,-0.2525867814158122,0.17660809231995464,0.1857817272979728
acs_TX_2018_ACSIncome,race,6,SCHL_19.0,False,0.24023823001009037,-0.38775025954719755,-0.3877502595471964,-0.0853715224796064,-0.7385278123582312,-0.7385278123582318,-0.18154781689322524,0.10133326001856338,0.16911968897528465
acs_TX_2018_ACSIncome,race,6,SCHL_21.0,False,0.31649813951117567,1.5299994300590025,1.5299994300590012,0.29868946657997725,0.44942340248932533,0.44942340248932544,0.15129743970920925,0.31897685745147925,0.20855317967231324
acs_TX_2018_ACSIncome,race,6,__A__,True,0.04979393843787594,-0.27852067950138415,-0.27852067950138387,-0.0676084569309642,-0.1798921966583355,-0.17989219665833586,-0.04940338513952598,,0.2216051096917523
acs_TX_2018_ACSIncome,race,7,AGEP,False,0.1990362338255922,1.4719392440184649,1.4719392440184649,0.3993054394193557,0.6586133755831525,0.6586133755831526,0.21880268276710313,0.5187323962705006,0.48653151902249375
acs_TX_2018_ACSIncome,race,7,WKHP,False,0.31009373266915524,1.6270144664178543,1.6270144664178536,0.35136778596538143,0.9523907366504625,0.9523907366504629,0.32472905260799684,0.8320313614749868,0.30102749236323245
acs_TX_2018_ACSIncome,race,7,COW_1.0,False,0.07322291796888003,-0.4089695845816823,-0.40896958458168237,-0.1024213790771476,0.05574918932057937,0.055749189320579345,0.01836977157547228,0.07449783768518212,0.6789780616495418
acs_TX_2018_ACSIncome,race,7,MAR_1.0,False,0.1561724423200661,1.42529068505256,1.425290685052561,0.39197512112187816,0.679125455803012,0.6791254558030112,0.20796236702275675,0.1542139990008891,0.5640099972229936
acs_TX_2018_ACSIncome,race,7,MAR_3.0,False,0.07311656567893815,0.5502146329475983,0.5502146329475986,0.09422248256276274,-0.2196445542319041,-0.2196445542319042,-0.046504361177625735,0.02926261178885211,0.10830324909747292
acs_TX_2018_ACSIncome,race,7,MAR_5.0,False,0.21004476575778608,-1.8465582066923492,-1.8465582066923467,-0.49086485642748484,-0.8950999712099861,-0.8950999712099869,-0.21230960541877736,0.14158533544466387,0.2860316578728131
acs_TX_2018_ACSIncome,race,7,OCCP_0,False,0.39972954021837126,1.8533193690347118,1.8533193690347116,0.28899704263695114,1.2741184189060943,1.2741184189060957,0.3975424893682762,0.28981843460591816,0.16467647875590113
acs_TX_2018_ACSIncome,race,7,OCCP_2,False,0.11954830515202036,0.6106922667826566,0.6106922667826562,0.10439361434636148,-0.32998739054778936,-0.3299873905477896,-0.07533706649634836,0.10081486938124712,0.11552346570397112
acs_TX_2018_ACSIncome,race,7,OCCP_3,False,0.10408205702742732,0.6810947664585854,0.6810947664585859,0.11259936019028458,0.12653225604814422,0.12653225604814405,0.027598874674480772,0.050660434855252706,0.1058039433490697
acs_TX_2018_ACSIncome,race,7,OCCP_4,False,0.2767168209876543,-1.2736225008518676,-1.2736225008518667,-0.3163804899861831,-1.0069297858592443,-1.006929785859244,-0.22576062541962047,0.20249066550046735,0.22549291863371285
acs_TX_2018_ACSIncome,race,7,OCCP_5,False,0.23197994053316845,-0.20269862916308856,-0.20269862916308823,-0.03816200184272645,-1.0420378904324386,-1.0420378904324388,-0.18581464163721773,0.13728729878843998,0.11274645931685642
acs_TX_2018_ACSIncome,race,7,POBP_0,False,0.1019205844232356,0.45114934107719096,0.4511493410771906,0.10435383535007464,0.3639524812478992,0.36395248124789925,0.09042092230008057,0.13535931911409593,0.7972785337406276
acs_TX_2018_ACSIncome,race,7,POBP_3,False,0.37833914053426254,-0.8377724128226265,-0.8377724128226263,-0.1687929651717885,-1.2294976066651824,-1.2294976066651828,-0.20510920499233634,0.12959774324477152,0.12440988614273812
acs_TX_2018_ACSIncome,race,7,RELP_0.0,False,0.2016468493871193,1.5946425173195686,1.5946425173195669,0.4353552110711446,0.6492344587593373,0.6492344587593377,0.21471186777209597,0.2653419184375844,0.5029158567064704
acs_TX_2018_ACSIncome,race,7,RELP_1.0,False,0.011493426003807095,0.6299072398522558,0.6299072398522559,0.14589726710496073,-0.06368890941903571,-0.06368890941903582,-0.01987181663799509,0.04578935434144721,0.2546514856984171
acs_TX_2018_ACSIncome,race,7,RELP_2.0,False,0.5971966911764706,-2.1081091208407576,-2.1081091208407585,-0.42187973800265444,-2.113038360272914,-2.1130383602729155,-0.22877949106652717,0.23514569639332175,0.10885865037489587
acs_TX_2018_ACSIncome,race,7,SCHL_16.0,False,0.3819793166123822,-0.43178695621830276,-0.43178695621830265,-0.10244253105280864,-1.239864937504107,-1.2398649375041078,-0.24984281440624762,0.15186108235646165,0.19161344071091363
acs_TX_2018_ACSIncome,race,7,SCHL_19.0,False,0.16109224840496128,-0.2823748178654404,-0.2823748178654406,-0.05936783864048658,-0.5866270027530954,-0.586627002753095,-0.1318738783527145,0.077207268550285,0.1577339627881144
acs_TX_2018_ACSIncome,race,7,SCHL_21.0,False,0.28309248597644454,1.5166624674601152,1.5166624674601155,0.3003768734870058,0.47114760659672744,0.47114760659672694,0.15120331755736044,0.2993354733589226,0.21771730074979173
acs_TX_2018_ACSIncome,race,7,__A__,True,0.027760140397925626,-0.07379909909822713,-0.07379909909822689,-0.017509020113190138,-0.1174567575671942,-0.11745675756719409,-0.030696433977357312,,0.2216051096917523
acs_TX_2018_ACSIncome,race,8,AGEP,False,0.13074919116254569,1.1829793054152493,1.1829793054152486,0.32910435697469337,0.3254064941343525,0.32540649413435263,0.10559770491586151,0.40458950701513813,0.47958900305470703
acs_TX_2018_ACSIncome,race,8,WKHP,False,0.2819707634001083,1.580588870762849,1.5805888707628497,0.3535998935106786,0.8472191521650498,0.8472191521650497,0.2823034705526086,0.8219917574847547,0.29630658150513745
acs_TX_2018_ACSIncome,race,8,COW_1.0,False,0.11197739387322589,-0.42152171077084133,-0.4215217107708413,-0.10920955575159552,0.003790315574822123,0.003790315574822259,0.0012108540301189522,0.07613870217978569,0.682032768675368
acs_TX_2018_ACSIncome,race,8,MAR_1.0,False,0.19352174474125683,1.4959798175116856,1.4959798175116878,0.4235661831226315,0.8340405419135971,0.8340405419135964,0.2500486778965517,0.19968541721382788,0.5587336850874757
acs_TX_2018_ACSIncome,race,8,MAR_3.0,False,0.09242232086239688,0.384001883888611,0.3840018838886111,0.06788417405217989,-0.39781148421677615,-0.397811484216776,-0.08488100008690064,0.04081354924159971,0.11135795612329909
acs_TX_2018_ACSIncome,race,8,MAR_5.0,False,0.21201930685235004,-1.7827023832984439,-1.7827023832984457,-0.49097946161849604,-0.9415612512664329,-0.9415612512664332,-0.21495921017621925,0.18522726683377327,0.29047486809219664
acs_TX_2018_ACSIncome,race,8,OCCP_0,False,0.4963764491929984,1.9263917548931369,1.9263917548931362,0.3170698971031555,1.306069804339466,1.3060698043394667,0.40422817341700107,0.2861199225336772,0.17328519855595667
acs_TX_2018_ACSIncome,race,8,OCCP_2,False,0.0872150534785335,0.5101183560862304,0.5101183560862307,0.08519256533700072,-0.3938961352674468,-0.39389613526744693,-0.08158268815385848,0.11096014552815393,0.10024993057484032
acs_TX_2018_ACSIncome,race,8,OCCP_3,False,0.07690242470005873,0.6296314720405511,0.6296314720405514,0.1078871581498781,0.09735385556213039,0.09735385556213062,0.020287832295298413,0.04308783817743464,0.10441544015551235
acs_TX_2018_ACSIncome,race,8,OCCP_4,False,0.3396764078765835,-1.2710882934067926,-1.2710882934067933,-0.32716347785362837,-1.2369890052156116,-1.2369890052156107,-0.28038516996761786,0.20433759149825056,0.2324354346014996
acs_TX_2018_ACSIncome,race,8,OCCP_5,False,0.33913764510779437,-0.3792369662644288,-0.37923696626442865,-0.07317215209363497,-1.2967579101493651,-1.2967579101493651,-0.23760345474179403,0.19830674144463678,0.11469036378783672
acs_TX_2018_ACSIncome,race,8,POBP_0,False,0.07386128364389244,0.4365031876637433,0.43650318766374335,0.10383428724135459,0.3430030257538228,0.34300302575382263,0.08384949448813814,0.13054718155451525,0.7972785337406276
acs_TX_2018_ACSIncome,race,8,POBP_3,False,0.2543566805155371,-0.6767569392723378,-0.6767569392723376,-0.1429661698609589,-1.0197018626114454,-1.0197018626114462,-0.18120601655999108,0.11500647026271149,0.13357400722021662
acs_TX_2018_ACSIncome,race,8,RELP_0.0,False,0.1570319240724763,1.3734116511027434,1.3734116511027437,0.38553197395867883,0.6059137108577562,0.6059137108577567,0.1918148478289399,0.23736220286249057,0.510969175229103
acs_TX_2018_ACSIncome,race,8,RELP_1.0,False,0.06116184163059163,0.8157674414724962,0.8157674414724965,0.19066518098637816,-0.16800476433924405,-0.16800476433924416,-0.04985629348690092,0.025885002894695617,0.23660094418217162
acs_TX_2018_ACSIncome,race,8,RELP_2.0,False,0.3367003367003367,-2.0092300128306197,-2.0092300128306206,-0.42534589734001826,-1.7027669523232833,-1.7027669523232842,-0.16115162224132062,0.20804613156204788,0.11357956123299083
acs_TX_2018_ACSIncome,race,8,SCHL_16.0,False,0.40016863037098677,-0.5521070736359324,-0.5521070736359329,-0.13195272786132942,-1.4528859499958156,-1.4528859499958173,-0.3152443400966852,0.23418995192436382,0.19022493751735628
acs_TX_2018_ACSIncome,race,8,SCHL_19.0,False,0.14250433275563268,-0.3950422725468663,-0.39504227254686614,-0.08665024249561958,-0.7567384000545291,-0.7567384000545294,-0.16508856086759616,0.08310863193030965,0.1605109691752291
acs_TX_2018_ACSIncome,race,8,SCHL_21.0,False,0.3033958773784355,1.5902863907662725,1.5902863907662736,0.325702114996274,0.36378659767826177,0.3637865976782622,0.11236756043930046,0.32357617707596353,0.21133018605942794
acs_TX_2018_ACSIncome,race,8,__A__,True,0.07014375012324248,-0.2453216202600954,-0.2453216202600952,-0.05997801278922907,-0.1534125711885762,-0.1534125711885763,-0.03922057132320505,,0.2216051096917523
acs_TX_2018_ACSIncome,race,9,AGEP,False,0.18233905981521537,1.5000841927514055,1.5000841927514048,0.4081924608336476,0.6303860588009214,0.6303860588009221,0.21480758906262576,0.5120257423926076,0.47597889475145794
acs_TX_2018_ACSIncome,race,9,WKHP,False,0.2833979320600944,1.5440678557158316,1.5440678557158307,0.3459857448648139,0.9419414558179471,0.9419414558179467,0.3273441491369681,0.8214956920273103,0.30380449875034715
acs_TX_2018_ACSIncome,race,9,COW_1.0,False,0.07935464752679727,-0.5538352885090851,-0.5538352885090854,-0.14085248259699004,-0.05251396451873119,-0.05251396451873113,-0.01731418080174809,0.06444541151766071,0.6848097750624826
acs_TX_2018_ACSIncome,race,9,MAR_1.0,False,0.2522031543111234,1.5514049896540258,1.5514049896540258,0.42914200083708726,0.9044669186235188,0.9044669186235185,0.28734403469388486,0.15770507800396658,0.5526242710358233
acs_TX_2018_ACSIncome,race,9,MAR_3.0,False,0.022931849854926772,0.41754201736650765,0.41754201736650803,0.07337522965732433,-0.1419695372046043,-0.14196953720460428,-0.03095638611335574,0.010136160026701752,0.1121910580394335
acs_TX_2018_ACSIncome,race,9,MAR_5.0,False,0.3185935198821797,-1.7675080744509166,-1.7675080744509148,-0.4739973664180762,-1.0936115334947987,-1.0936115334947973,-0.2699832305200434,0.1274639623769466,0.2907525687309081
acs_TX_2018_ACSIncome,race,9,OCCP_0,False,0.516760199420532,2.02161161834646,2.021611618346459,0.30340651348200004,1.1748256877597694,1.1748256877597685,0.3729568787391513,0.27112472009511207,0.15828936406553734
acs_TX_2018_ACSIncome,race,9,OCCP_2,False,0.11378749877992367,0.6864312171111748,0.6864312171111752,0.11426227934021546,-0.328007467319586,-0.3280074673195863,-0.07424291631533304,0.11242892090895379,0.10747014718133852
acs_TX_2018_ACSIncome,race,9,OCCP_3,False,0.042878969044772175,0.4416016839668979,0.441601683966898,0.0739343156596228,-0.007389817057357195,-0.007389817057357201,-0.0016634666470508029,0.030415438674867266,0.10774784782004998
acs_TX_2018_ACSIncome,race,9,OCCP_4,False,0.2206774740744627,-1.1409293477652738,-1.1409293477652747,-0.28402787794097883,-0.7582463889556998,-0.7582463889557,-0.16632911536723355,0.1562132628453662,0.21855040266592612
acs_TX_2018_ACSIncome,race,9,OCCP_5,False,0.36078620228057434,-0.2920123274751274,-0.2920123274751273,-0.05632170973537216,-1.235744333303335,-1.2357443333033358,-0.22907808636719396,0.15941142933514318,0.1174673701749514
acs_TX_2018_ACSIncome,race,9,POBP_0,False,0.11883530482256599,0.35891304022059956,0.3589130402205994,0.08313619465814368,0.4207963450325908,0.42079634503259067,0.10833127802347067,0.12563386317279152,0.7972785337406276
acs_TX_2018_ACSIncome,race,9,POBP_3,False,0.3611966338259442,-0.7261871132757782,-0.7261871132757783,-0.14829478791387188,-1.2831406639272105,-1.2831406639272125,-0.23237925800031484,0.1277002391450329,0.12940849763954457
acs_TX_2018_ACSIncome,race,9,RELP_0.0,False,0.1613607668926818,1.3845847255667814,1.3845847255667818,0.380290275190629,0.570023393630709,0.5700233936307093,0.18883503636148427,0.24982625075998127,0.5123576784226603
acs_TX_2018_ACSIncome,race,9,RELP_1.0,False,0.041752177381459754,0.9474475126598323,0.9474475126598332,0.21976194780486963,0.050122272948034396,0.050122272948034285,0.015433388566648977,0.061278093767900256,0.24104415440155513
acs_TX_2018_ACSIncome,race,9,RELP_2.0,False,0.5477308294209703,-2.250376882115897,-2.2503768821159,-0.46886044285322226,-1.9466794937540386,-1.9466794937540375,-0.22114389927889255,0.2687632622784518,0.11802277145237434
acs_TX_2018_ACSIncome,race,9,SCHL_16.0,False,0.31607250475175,-0.5626127958636955,-0.5626127958636948,-0.1355067714921487,-1.2155218282514717,-1.215521828251472,-0.26742790785809845,0.19025152865052453,0.20133296306581505
acs_TX_2018_ACSIncome,race,9,SCHL_19.0,False,0.22320024198427102,-0.36689483104856757,-0.3668948310485679,-0.0771373188086511,-0.699855510250249,-0.6998555102502493,-0.16508182740020247,0.10386265604979333,0.1588447653429603
acs_TX_2018_ACSIncome,race,9,SCHL_21.0,False,0.3141131589997409,1.559668580276868,1.559668580276869,0.30991926357271005,0.4947578642777468,0.49475786427774665,0.15821432786695924,0.3298239518768525,0.20660927520133296
acs_TX_2018_ACSIncome,race,9,__A__,True,0.06403486285567794,-0.15839544468554023,-0.1583954446855402,-0.03783824166869255,-0.3212212545623562,-0.3212212545623566,-0.0856668423020694,,0.2216051096917523
acs_TX_2018_ACSIncome,race,10,AGEP,False,0.15907639400638662,1.4014731632518032,1.401473163251805,0.36261202741535936,0.5761516751615263,0.5761516751615259,0.19629222007907904,0.5017431787798449,0.47459039155790056
acs_TX_2018_ACSIncome,race,10,WKHP,False,0.26326003515442836,1.7310668316979048,1.7310668316979039,0.3646057396320975,0.9135872087981312,0.9135872087981308,0.3161765232810041,0.8173292835195635,0.29825048597611775
acs_TX_2018_ACSIncome,race,10,COW_1.0,False,0.07945213346350427,-0.5744656844535396,-0.5744656844535402,-0.13967442731996754,-0.07197580654416835,-0.07197580654416831,-0.0237955955389839,0.05435098630610752,0.6770341571785615
acs_TX_2018_ACSIncome,race,10,MAR_1.0,False,0.16999518732955132,1.5699377786338236,1.569937778633824,0.41270620880272,0.6622890348284813,0.6622890348284811,0.2046525276552143,0.15591720830888095,0.5634545959455707
acs_TX_2018_ACSIncome,race,10,MAR_3.0,False,0.08517893743991578,0.3422407253780295,0.34224072537802963,0.05442615000612276,-0.23114141186601744,-0.23114141186601767,-0.049608599000663396,0.04055631040806431,0.10358233823937794
acs_TX_2018_ACSIncome,race,10,MAR_5.0,False,0.1938873212322626,-1.8634497430672106,-1.863449743067211,-0.4751187122079762,-0.8125038349269816,-0.8125038349269819,-0.19050743575119353,0.12967433391209768,0.2860316578728131
acs_TX_2018_ACSIncome,race,10,OCCP_0,False,0.5068343383830956,2.119672340798211,2.1196723407982088,0.3118120536784124,1.163614569477034,1.1636145694770341,0.3614176244090762,0.2935661823510806,0.15551235767842267
acs_TX_2018_ACSIncome,race,10,OCCP_2,False,0.07950533181949732,0.5942152826716989,0.5942152826716988,0.09172439965946617,-0.29127497736761754,-0.2912749773676171,-0.06533417240626706,0.12076077616662756,0.10358233823937794
acs_TX_2018_ACSIncome,race,10,OCCP_3,False,0.06089347779036755,0.6320223010959252,0.632022301095925,0.09993068172908161,0.1240094234930823,0.12400942349308237,0.02742544339649829,0.038779872849655395,0.10552624271035824
acs_TX_2018_ACSIncome,race,10,OCCP_4,False,0.2899984174711189,-1.3726103970764958,-1.3726103970764962,-0.3267046168453779,-1.0663780459958685,-1.0663780459958685,-0.25306436835670876,0.21497668197527953,0.23104693140794225
acs_TX_2018_ACSIncome,race,10,OCCP_5,False,0.2595127159774801,-0.2619727341089575,-0.26197273410895744,-0.04658452533084517,-0.8786107765123489,-0.8786107765123486,-0.163030387092149,0.13851685551990928,0.11163565676201055
acs_TX_2018_ACSIncome,race,10,POBP_0,False,0.09147525614411034,0.2994860583940946,0.29948605839409476,0.06625257553161575,0.32148707061848225,0.32148707061848225,0.0829311472686547,0.13355331762934852,0.7942238267148014
acs_TX_2018_ACSIncome,race,10,POBP_3,False,0.3530115974560419,-0.6364147021927726,-0.6364147021927731,-0.1234463187446926,-1.2299297895650818,-1.2299297895650823,-0.22511617186880067,0.16097057921046892,0.130241599555679
acs_TX_2018_ACSIncome,race,10,RELP_0.0,False,0.1583343215146844,1.4866338388042832,1.4866338388042835,0.3850939668662052,0.593693958811388,0.5936939588113886,0.1951556912294504,0.24714410785971017,0.5006942515967787
acs_TX_2018_ACSIncome,race,10,RELP_1.0,False,0.06943855364907994,0.9816094036959571,0.9816094036959573,0.21845355058749602,-0.05214633323634643,-0.052146333236346466,-0.016099592114634163,0.06354199999367399,0.24715356845320743
acs_TX_2018_ACSIncome,race,10,RELP_2.0,False,0.6454313699181538,-2.0873314812362764,-2.087331481236276,-0.41890005419622733,-2.138513732836879,-2.138513732836881,-0.2178628820239685,0.2217420643870381,0.11996667592335462
acs_TX_2018_ACSIncome,race,10,SCHL_16.0,False,0.2922561429635146,-0.5954955810772176,-0.5954955810772179,-0.1355241432166756,-1.1459894826167956,-1.1459894826167962,-0.2584691595013155,0.1904944323835651,0.20161066370452652
acs_TX_2018_ACSIncome,race,10,SCHL_19.0,False,0.12961998369417516,-0.18491992232114662,-0.1849199223211468,-0.037326663478205985,-0.5360165569132251,-0.5360165569132248,-0.11888407989533215,0.056839348910396215,0.15579005831713413
acs_TX_2018_ACSIncome,race,10,SCHL_21.0,False,0.26651962317194977,1.401625524755064,1.4016255247550629,0.2620126674245098,0.3287360753393584,0.3287360753393577,0.10623962602735426,0.30001194779625556,0.21021938350458205
acs_TX_2018_ACSIncome,race,10,__A__,True,0.02354493865725954,-0.17781302678640443,-0.17781302678640434,-0.04034710921775734,-0.08862397645296,-0.0886239764529601,-0.023551388906215814,,0.2216051096917523
acs_TX_2018_ACSIncome,race,11,AGEP,False,0.15128846924123035,1.2699646932899098,1.2699646932899098,0.34153983109334857,0.4337993831466948,0.43379938314669503,0.1459908212316659,0.45593475235069647,0.4870869202999167
acs_TX_2018_ACSIncome,race,11,WKHP,False,0.30635316671600343,1.6578441148497833,1.6578441148497838,0.36600121415041165,0.906470162073092,0.9064701620730927,0.31474997544129457,0.8241090165365242,0.30463760066648155
acs_TX_2018_ACSIncome,race,11,COW_1.0,False,0.04532178609359816,-0.25567623232754766,-0.2556762323275472,-0.06304735851025976,0.13305601735605888,0.13305601735605888,0.04404783976757642,0.0887200029622039,0.6931407942238267
acs_TX_2018_ACSIncome,race,11,MAR_1.0,False,0.20804819889097392,1.4380762371946152,1.4380762371946156,0.3924992302054018,0.7894785055719794,0.7894785055719802,0.24860353744375904,0.18692327944117268,0.5548458761455152
acs_TX_2018_ACSIncome,race,11,MAR_3.0,False,0.09683708838821492,0.553204238027964,0.5532042380279633,0.09815131290745223,-0.4316297535013953,-0.4316297535013957,-0.09811058227999202,0.032496927805115955,0.12024437656206609
acs_TX_2018_ACSIncome,race,11,MAR_5.0,False,0.22407172941267672,-1.7767582243978224,-1.7767582243978228,-0.46859014848055486,-0.7820487200833057,-0.7820487200833063,-0.1819790897967919,0.16106624629349867,0.27992224382116077
acs_TX_2018_ACSIncome,race,11,OCCP_0,False,0.4240016947357272,1.9012758543805663,1.9012758543805672,0.2864694636509908,1.0580004866906676,1.0580004866906687,0.3404970819284396,0.25155936537003337,0.16606498194945848
acs_TX_2018_ACSIncome,race,11,OCCP_2,False,0.09067778577605137,0.6423069932577039,0.6423069932577036,0.10214953320367176,-0.21162716113082541,-0.2116271611308256,-0.0486165160872836,0.11940586162741455,0.10469314079422383
acs_TX_2018_ACSIncome,race,11,OCCP_3,False,0.03652163175232928,0.5389337511468937,0.5389337511468943,0.09137428601957429,0.10198927900807186,0.10198927900807209,0.022802657280184987,0.04195766044765214,0.11108025548458761
acs_TX_2018_ACSIncome,race,11,OCCP_4,False,0.24799328471748594,-1.3537781925802972,-1.353778192580298,-0.33861755285087225,-1.0300742701404344,-1.0300742701404348,-0.22568579140410036,0.18871322656108838,0.2296584282143849
acs_TX_2018_ACSIncome,race,11,OCCP_5,False,0.3661139970113143,-0.028431080438249712,-0.028431080438249837,-0.005214931368099607,-1.0652299017783355,-1.065229901778336,-0.18893588349633042,0.12022975819747155,0.10747014718133852
acs_TX_2018_ACSIncome,race,11,POBP_0,False,0.08369972041847042,0.5467611282592295,0.5467611282592303,0.12321647811863179,0.43636184895921093,0.4363618489592111,0.11241296481349579,0.1467615958148144,0.8025548458761456
acs_TX_2018_ACSIncome,race,11,POBP_3,False,0.32956749009358405,-0.828298716609603,-0.8282987166096044,-0.16636815218698506,-1.4488650807040977,-1.4488650807040966,-0.25040986638745905,0.15682150973223016,0.12607608997500694
acs_TX_2018_ACSIncome,race,11,RELP_0.0,False,0.14822148126214962,1.3663509113334387,1.3663509113334384,0.36862617850334006,0.5789698622168847,0.5789698622168843,0.19086608479396736,0.23627608610505915,0.5048597611774507
acs_TX_2018_ACSIncome,race,11,RELP_1.0,False,0.05173905126103978,0.8335116121484718,0.833511612148472,0.19156287552392975,-0.07969506260252557,-0.07969506260252551,-0.024790511855777703,0.03888927370145596,0.24632046653707304
acs_TX_2018_ACSIncome,race,11,RELP_2.0,False,0.4909935265972417,-1.9801080748403355,-1.9801080748403397,-0.40669309429430245,-1.7059387179158125,-1.705938717915812,-0.15214146944784726,0.19530113120702014,0.11385726187170231
acs_TX_2018_ACSIncome,race,11,SCHL_16.0,False,0.3464405964405965,-0.37653649927924593,-0.3765364992792456,-0.08784202635348742,-1.251440860662902,-1.2514408606629022,-0.2561211287413803,0.17605440899388003,0.1866148292141072
acs_TX_2018_ACSIncome,race,11,SCHL_19.0,False,0.1823188844629834,-0.25915106925071796,-0.2591510692507178,-0.05511146031796952,-0.6617000125763004,-0.6617000125763012,-0.1531943226332109,0.0689480647510813,0.1641210774784782
acs_TX_2018_ACSIncome,race,11,SCHL_21.0,False,0.35736949998514517,1.7415980530521789,1.74159805305218,0.3419110140130015,0.6715127116737398,0.6715127116737388,0.21965186117002375,0.34130702600988855,0.21716189947236877
acs_TX_2018_ACSIncome,race,11,__A__,True,0.046635524802907835,-0.2046221230102323,-0.20462212301023208,-0.04823640940310009,-0.13789165863958985,-0.13789165863959,-0.0367302794303844,,0.2216051096917523
acs_TX_2018_ACSIncome,race,12,AGEP,False,0.16645177947314654,1.4302996798273633,1.4302996798273648,0.38401789889453974,0.6055013728550751,0.6055013728550745,0.21662542542957464,0.478476258080233,0.47653429602888087
acs_TX_2018_ACSIncome,race,12,WKHP,False,0.30574115579613104,1.61324326097071,1.61324326097071,0.3567427820759109,0.7873739017319854,0.7873739017319861,0.2885517788005044,0.7948306007309018,0.30463760066648155
acs_TX_2018_ACSIncome,race,12,COW_1.0,False,0.08002517739478232,-0.5450780442977095,-0.5450780442977092,-0.13438056527336653,0.10213912657282648,0.10213912657282646,0.035687225293640504,0.08506025432247012,0.6942515967786725
acs_TX_2018_ACSIncome,race,12,MAR_1.0,False,0.19740259740259747,1.6398522048622926,1.6398522048622923,0.4469223988070876,0.7770876831837806,0.7770876831837802,0.2604416549884422,0.1783488599016501,0.5406831435712303
acs_TX_2018_ACSIncome,race,12,MAR_3.0,False,0.06392373034520152,0.6363379937030518,0.6363379937030518,0.11344470983855053,-0.14629711665193207,-0.14629711665193212,-0.0340301603500801,0.006344550674033733,0.11774507081366287
acs_TX_2018_ACSIncome,race,12,MAR_5.0,False,0.24788204626914306,-1.9603636354616851,-1.9603636354616878,-0.5214392966394981,-1.0322469633801443,-1.0322469633801434,-0.27090713178591674,0.175698239846582,0.296028880866426
acs_TX_2018_ACSIncome,race,12,OCCP_0,False,0.37606856119678855,1.7158146944839814,1.7158146944839807,0.2650807724301968,0.9551728632459251,0.9551728632459243,0.31819528865698943,0.27108266419729354,0.1613440710913635
acs_TX_2018_ACSIncome,race,12,OCCP_2,False,0.13746391688578893,0.6975269267216424,0.6975269267216431,0.11227563725750805,-0.24805549655375508,-0.24805549655375494,-0.05998635186931767,0.09128874419574871,0.1058039433490697
acs_TX_2018_ACSIncome,race,12,OCCP_3,False,0.09841488097410997,0.6913078056124939,0.691307805612494,0.1163453032003891,0.15028968540243703,0.15028968540243728,0.03718763696417536,0.0330135235789669,0.11469036378783672
acs_TX_2018_ACSIncome,race,12,OCCP_4,False,0.22149511978704517,-1.1881841702149456,-1.1881841702149456,-0.2979404895388379,-0.8321520704333707,-0.8321520704333698,-0.18716215367626743,0.16690516935416663,0.22771452374340462
acs_TX_2018_ACSIncome,race,12,OCCP_5,False,0.32443320544122783,-0.33935413701702144,-0.33935413701702133,-0.062258194475300295,-1.0429478546074564,-1.042947854607456,-0.19718713138049357,0.15901883030148173,0.10774784782004998
acs_TX_2018_ACSIncome,race,12,POBP_0,False,0.1329684224676433,0.4293928017772757,0.4293928017772757,0.09878213884298724,0.4241925851105876,0.42419258511058694,0.1155495837485817,0.14327889223927265,0.7947792279922243
acs_TX_2018_ACSIncome,race,12,POBP_3,False,0.2857053004232072,-0.6298108501615443,-0.6298108501615437,-0.12876723459716283,-0.807906959581616,-0.8079069595816152,-0.15047605809988604,0.13527352304355006,0.13135240211052485
acs_TX_2018_ACSIncome,race,12,RELP_0.0,False,0.1731223858883434,1.4432294339121543,1.4432294339121552,0.39106364650182573,0.6086495728110256,0.6086495728110256,0.21381962396573417,0.24267988550649447,0.5048597611774507
acs_TX_2018_ACSIncome,race,12,RELP_1.0,False,0.08994390197995714,1.065273065192648,1.0652730651926494,0.2383245806109943,-0.05426951140125613,-0.05426951140125609,-0.017802115499300872,0.03982848198159825,0.2349347403499028
acs_TX_2018_ACSIncome,race,12,RELP_2.0,False,0.5098349657855897,-1.9123401860848852,-1.9123401860848868,-0.39701541185700834,-1.6087465388339233,-1.6087465388339253,-0.1733845198749735,0.14705817357097714,0.11830047209108581
acs_TX_2018_ACSIncome,race,12,SCHL_16.0,False,0.32081240706347447,-0.3540139384091747,-0.3540139384091746,-0.08393807329168289,-1.095921368636624,-1.0959213686366247,-0.25037905338205096,0.14230637534335924,0.19800055540127742
acs_TX_2018_ACSIncome,race,12,SCHL_19.0,False,0.15615199771921962,-0.4079211090898611,-0.4079211090898609,-0.08518933169598487,-0.6411584879789769,-0.6411584879789771,-0.1586480737092229,0.11415425155257913,0.1596778672590947
acs_TX_2018_ACSIncome,race,12,SCHL_21.0,False,0.26286275978281226,1.4688176202935777,1.4688176202935779,0.2818291072899546,0.33928081498861046,0.3392808149886108,0.11547376105757846,0.2948640706470569,0.2052207720077756
acs_TX_2018_ACSIncome,race,12,__A__,True,0.10254175457969361,-0.2587984070335494,-0.2587984070335491,-0.061108339979421354,-0.31445510774282365,-0.3144551077428241,-0.08840471710690137,,0.2216051096917523
acs_TX_2018_ACSIncome,race,13,AGEP,False,0.16553664418271413,1.3785097912889572,1.3785097912889577,0.3752660579374921,0.6234608425366104,0.6234608425366095,0.20088270208182324,0.499651337992247,0.475423493474035
acs_TX_2018_ACSIncome,race,13,WKHP,False,0.26145194223961066,1.5724159743409936,1.5724159743409938,0.3448031009671993,0.9700781803466192,0.9700781803466196,0.3186434453878604,0.833257877658846,0.296028880866426
acs_TX_2018_ACSIncome,race,13,COW_1.0,False,0.0948411322308676,-0.537147534615354,-0.5371475346153541,-0.13713701453832475,0.019605553147396204,0.019605553147396194,0.0060762386258460975,0.05979270267307815,0.6853651763399056
acs_TX_2018_ACSIncome,race,13,MAR_1.0,False,0.2522765693677448,1.433559483765103,1.4335594837651031,0.3975838308169348,1.0096620706485149,1.009662070648514,0.30113170572393727,0.18249957258001803,0.5687309080810886
acs_TX_2018_ACSIncome,race,13,MAR_3.0,False,0.10302768018312991,0.5233455003313319,0.5233455003313318,0.09029097486477795,-0.32149763120442254,-0.32149763120442254,-0.06744834759630741,0.024460893055137274,0.11080255484587614
acs_TX_2018_ACSIncome,race,13,MAR_5.0,False,0.2651215375918598,-1.8221616659413875,-1.8221616659413888,-0.48354963213538166,-1.2245215660594626,-1.2245215660594637,-0.27889356362044276,0.17030763209982666,0.27575673424048874
acs_TX_2018_ACSIncome,race,13,OCCP_0,False,0.537951659557778,2.108699817823997,2.108699817823996,0.3267640728747696,1.2788780642595148,1.2788780642595132,0.3777581317214618,0.3126741584686481,0.15634545959455706
acs_TX_2018_ACSIncome,race,13,OCCP_2,False,0.08783992835043156,0.5471301985406258,0.5471301985406254,0.0930414826789689,-0.3432166174260268,-0.3432166174260267,-0.0722118332882152,0.13733642092773454,0.10885865037489587
acs_TX_2018_ACSIncome,race,13,OCCP_3,False,0.018724799413513682,0.36187102354447065,0.36187102354447037,0.06187550915408231,-0.07233649130806064,-0.07233649130806069,-0.01604981093658436,0.02238701744110558,0.11524576506525964
acs_TX_2018_ACSIncome,race,13,OCCP_4,False,0.24904964999304624,-1.142937272214958,-1.1429372722149596,-0.28630337416527346,-0.9542803270724688,-0.954280327072469,-0.19845923351145828,0.1552219051167001,0.22216051096917522
acs_TX_2018_ACSIncome,race,13,OCCP_5,False,0.43552631578947365,-0.459256013550418,-0.45925601355041823,-0.08391088901636003,-1.403854191414666,-1.4038541914146665,-0.25994427543459364,0.19864716945617752,0.1102471535684532
acs_TX_2018_ACSIncome,race,13,POBP_0,False,0.08837127672403398,0.340106537172399,0.34010653717239897,0.07952180969805446,0.17780698946046658,0.17780698946046639,0.04277778731290048,0.11140300530180769,0.7953346292696474
acs_TX_2018_ACSIncome,race,13,POBP_3,False,0.2705705029704521,-0.5093116047398423,-0.5093116047398419,-0.10530012870982587,-0.884622597678764,-0.8846225976787643,-0.14156024575563686,0.0878227595443181,0.12885309636212164
acs_TX_2018_ACSIncome,race,13,RELP_0.0,False,0.18154662945114913,1.470375344994026,1.4703753449940276,0.4037901293183603,0.6087866394060639,0.6087866394060636,0.191214624040691,0.2265244287075653,0.5090252707581228
acs_TX_2018_ACSIncome,race,13,RELP_1.0,False,0.029477621769711027,0.6759563875963635,0.6759563875963627,0.15741556663816872,0.05082264207647469,0.05082264207647465,0.014871765253770692,0.04518850838405165,0.24409886142738127
acs_TX_2018_ACSIncome,race,13,RELP_2.0,False,0.5327102803738318,-2.1134460694548802,-2.113446069454879,-0.4355734786955596,-2.087290641798089,-2.08729064179809,-0.2050884823181692,0.20558213478746126,0.11330186059427937
acs_TX_2018_ACSIncome,race,13,SCHL_16.0,False,0.3134704307617425,-0.5962142360247402,-0.5962142360247408,-0.13931098965470606,-1.2302704132422468,-1.230270413242248,-0.249697303345583,0.1864266067498194,0.18522632602054984
acs_TX_2018_ACSIncome,race,13,SCHL_19.0,False,0.22423286232830347,-0.358785264813287,-0.3587852648132879,-0.07599645143008789,-0.8054663016467829,-0.8054663016467823,-0.1746602371850742,0.0977019383474865,0.1577339627881144
acs_TX_2018_ACSIncome,race,13,SCHL_21.0,False,0.28981323702705225,1.5483744071599401,1.54837440715994,0.3160347678019693,0.38004199402990924,0.3800419940299097,0.11575312852267378,0.32647053376532187,0.21605109691752292
acs_TX_2018_ACSIncome,race,13,__A__,True,0.04920631790665109,-0.03517873220873757,-0.0351787322087371,-0.00840861380624505,-0.24096914496902416,-0.2409691449690245,-0.060746504994134976,,0.2216051096917523
acs_TX_2018_ACSIncome,race,14,AGEP,False,0.1628310342357258,1.3780213987477903,1.3780213987477894,0.369570707569118,0.4977989122495824,0.49779891224958245,0.17278612121340814,0.45273682836237106,0.48375451263537905
acs_TX_2018_ACSIncome,race,14,WKHP,False,0.2838317673765831,1.5348146050170661,1.5348146050170668,0.33473514921001457,0.9445929837863025,0.9445929837863032,0.33831129020728473,0.8146449901537053,0.29547347958900305
acs_TX_2018_ACSIncome,race,14,COW_1.0,False,0.07067845602620185,-0.395639428685449,-0.39563942868544855,-0.09891772142552811,-0.032413014639736004,-0.0324130146397359,-0.011161361502417028,0.06490129085782935,0.6806442654818106
acs_TX_2018_ACSIncome,race,14,MAR_1.0,False,0.1522151532677848,1.4411213804854015,1.441121380485404,0.393422609700645,0.6276620951974355,0.6276620951974358,0.20170278977522735,0.14955388337804418,0.560122188281033
acs_TX_2018_ACSIncome,race,14,MAR_3.0,False,0.06251723359987968,0.6567608594467895,0.6567608594467889,0.11744005805331263,-0.045305734137530806,-0.045305734137530806,-0.010405226504081851,0.028082606898280772,0.11941127464593168
acs_TX_2018_ACSIncome,race,14,MAR_5.0,False,0.23299596790616217,-1.8861068724210157,-1.8861068724210155,-0.4970496483245416,-0.9312733167473384,-0.9312733167473388,-0.22555265485874756,0.1736436241175824,0.27992224382116077
acs_TX_2018_ACSIncome,race,14,OCCP_0,False,0.44970741946084614,1.9301242574956141,1.9301242574956137,0.28368979670362693,1.0638770959819406,1.0638770959819412,0.35227082709076113,0.2585995569566301,0.16162177173007497
acs_TX_2018_ACSIncome,race,14,OCCP_2,False,0.10200045129886576,0.5438042835102816,0.5438042835102811,0.0857502050547602,-0.2990110182940695,-0.2990110182940695,-0.07295273642638701,0.16116936642480134,0.10663704526520411
acs_TX_2018_ACSIncome,race,14,OCCP_3,False,0.05093758101218426,0.44373432547612346,0.44373432547612335,0.07317069814206686,0.20850291119698938,0.20850291119698952,0.047472459033332255,0.02161920139359558,0.10552624271035824
acs_TX_2018_ACSIncome,race,14,OCCP_4,False,0.3087710351861296,-1.240077852647915,-1.240077852647915,-0.3071984843063234,-1.0879886330905844,-1.0879886330905848,-0.24698922039332552,0.1955425930144959,0.22382671480144403
acs_TX_2018_ACSIncome,race,14,OCCP_5,False,0.327175697865353,-0.10761545099794456,-0.10761545099794434,-0.020588222607350395,-1.038898178105149,-1.03889817810515,-0.1941358554182382,0.14584726090291214,0.11718966953623994
acs_TX_2018_ACSIncome,race,14,POBP_0,False,0.08259865950997025,0.39690279906259507,0.3969027990625957,0.09182463043235278,0.3762286913731703,0.37622869137317044,0.09842023632207103,0.11703563298455791,0.7945015273535129
acs_TX_2018_ACSIncome,race,14,POBP_3,False,0.2598011859086153,-0.6410488909115322,-0.6410488909115325,-0.13112116156688183,-1.0538982076576056,-1.053898207657605,-0.19503655462932154,0.11356322191843897,0.1327409053040822
acs_TX_2018_ACSIncome,race,14,RELP_0.0,False,0.17387371372026478,1.4739561549387328,1.4739561549387323,0.39765418596988994,0.6308544985898386,0.6308544985898388,0.21507819421080543,0.2708586886279266,0.5043043599000278
acs_TX_2018_ACSIncome,race,14,RELP_1.0,False,0.0392709435697588,0.8028938543378163,0.8028938543378163,0.18452486527235878,-0.15504323208126214,-0.15504323208126222,-0.04934866041868068,0.06841571226754412,0.24326575951124688
acs_TX_2018_ACSIncome,race,14,RELP_2.0,False,0.3190883190883191,-1.9560682012760322,-1.956068201276034,-0.40702740581979513,-1.3607528985886348,-1.3607528985886366,-0.13861937359630574,0.1915578264027927,0.11885587336850875
acs_TX_2018_ACSIncome,race,14,SCHL_16.0,False,0.35273181131421955,-0.3912422533158588,-0.3912422533158584,-0.09057408731324908,-1.1743952358642797,-1.1743952358642806,-0.2626239054685748,0.193163136463448,0.18800333240766454
acs_TX_2018_ACSIncome,race,14,SCHL_19.0,False,0.1746659597030753,-0.3411118303536942,-0.34111183035369463,-0.07146392772549866,-0.5923112891438402,-0.5923112891438406,-0.14057055603433433,0.07954636603513499,0.1588447653429603
acs_TX_2018_ACSIncome,race,14,SCHL_21.0,False,0.32908612674333254,1.6217631557004875,1.621763155700488,0.3137952521093131,0.403861321112035,0.4038613211120351,0.1360711735121819,0.33786194398847985,0.21244098861427382
acs_TX_2018_ACSIncome,race,14,__A__,True,0.027313694864683324,-0.14466617330239884,-0.14466617330239895,-0.034102518270357804,-0.024997968523596925,-0.024997968523596953,-0.0068789614986160975,,0.2216051096917523
acs_TX_2018_ACSIncome,race,15,AGEP,False,0.1626164880128195,1.3916653102941414,1.3916653102941432,0.3896277855669369,0.39798518969467445,0.39798518969467467,0.14111851317313998,0.41560371347499503,0.5148569841710636
acs_TX_2018_ACSIncome,race,15,WKHP,False,0.30487220542015064,1.6428306122788978,1.6428306122788983,0.3724924977524121,0.9782952461847202,0.9782952461847207,0.36340052386722876,0.7719113366906719,0.29630658150513745
acs_TX_2018_ACSIncome,race,15,COW_1.0,False,0.0908758386177741,-0.3517598631112522,-0.3517598631112523,-0.09060517633668592,0.04093033474562513,0.040930334745625185,0.014542849092809887,0.06978292473220367,0.6850874757011941
acs_TX_2018_ACSIncome,race,15,MAR_1.0,False,0.20398422909317282,1.4940412737095736,1.4940412737095718,0.42114868914008996,0.8101449196908871,0.8101449196908866,0.2706588456654413,0.16789531815652375,0.5623437933907248
acs_TX_2018_ACSIncome,race,15,MAR_3.0,False,0.04155236049137884,0.5441731843586946,0.5441731843586946,0.09916177436405955,-0.14573751514824668,-0.14573751514824665,-0.034235782354764197,0.0004370020644687179,0.11580116634268259
acs_TX_2018_ACSIncome,race,15,MAR_5.0,False,0.27973074046372476,-1.8750771624677045,-1.875077162467705,-0.5098213415603574,-1.044226611162135,-1.0442266111621348,-0.25987021590391546,0.16133521141148344,0.27853374062760344
acs_TX_2018_ACSIncome,race,15,OCCP_0,False,0.5485026353617634,1.9968221371421024,1.9968221371421053,0.3185575673599922,1.2030991445415524,1.203099144541551,0.40261105573294675,0.3013954409087842,0.1577339627881144
acs_TX_2018_ACSIncome,race,15,OCCP_2,False,0.14841320394169885,0.6154478303317934,0.6154478303317938,0.10533336769001592,-0.11775725559956995,-0.11775725559956997,-0.028929034579064362,0.08483425886193284,0.1102471535684532
acs_TX_2018_ACSIncome,race,15,OCCP_3,False,0.06208848016542412,0.5150376698598866,0.5150376698598869,0.0864539695612541,0.12059184168824821,0.12059184168824834,0.027815783096780757,0.03347925869704201,0.1013607331296862
acs_TX_2018_ACSIncome,race,15,OCCP_4,False,0.3449822238696104,-1.1352937247628088,-1.1352937247628097,-0.286566490053226,-1.1670121132950246,-1.1670121132950257,-0.2896877358536144,0.20351082011826557,0.2216051096917523
acs_TX_2018_ACSIncome,race,15,OCCP_5,False,0.39356435643564364,-0.4559174354318374,-0.455917435431837,-0.08813384223202335,-1.131548640461609,-1.1315486404616084,-0.2256521230352234,0.17141051953462194,0.11441266314912524
acs_TX_2018_ACSIncome,race,15,POBP_0,False,0.12161616161616162,0.3060693135795054,0.30606931357950534,0.07321795228059838,0.46422578839762063,0.4642257883976205,0.13033146060107215,0.13684534659075945,0.7886698139405721
acs_TX_2018_ACSIncome,race,15,POBP_3,False,0.33603780823259577,-0.5528192410389086,-0.5528192410389091,-0.11681297712472384,-1.079277508961102,-1.0792775089611029,-0.21425897116688644,0.15263537741820798,0.13496251041377394
acs_TX_2018_ACSIncome,race,15,RELP_0.0,False,0.16966881626407254,1.4625923843854305,1.4625923843854325,0.40873935998444444,0.4691479486213056,0.4691479486213058,0.16893691427691448,0.25966080078738196,0.5015273535129131
acs_TX_2018_ACSIncome,race,15,RELP_1.0,False,0.059671342774194974,0.9427032804553972,0.9427032804553982,0.22113695254792223,0.07244341368636992,0.07244341368637013,0.0247014360339004,0.057496523322379485,0.24965287420161067
acs_TX_2018_ACSIncome,race,15,RELP_2.0,False,0.5899510325739834,-2.3237402826010642,-2.3237402826010682,-0.49253631067713843,-1.9576333614951948,-1.9576333614951948,-0.22828516674169008,0.2674147792539338,0.11691196889752846
acs_TX_2018_ACSIncome,race,15,SCHL_16.0,False,0.28580234467263876,-0.5494413648583987,-0.549441364858399,-0.12969636518164426,-1.1826712847028285,-1.1826712847028287,-0.27946984244734313,0.20370131825852653,0.1846709247431269
acs_TX_2018_ACSIncome,race,15,SCHL_19.0,False,0.20644283121597096,-0.35694234551423687,-0.3569423455142369,-0.07979858909270854,-0.8247816744342253,-0.8247816744342253,-0.20834393080224634,0.07563708304670647,0.17189669536239932
acs_TX_2018_ACSIncome,race,15,SCHL_21.0,False,0.3310312426591496,1.6351839355878885,1.6351839355878903,0.333235107388334,0.5152307308797763,0.515230730879776,0.17951241564915513,0.3123068410309416,0.21549569564009996
acs_TX_2018_ACSIncome,race,15,__A__,True,0.07587403624317235,-0.11215990540564702,-0.11215990540564713,-0.027285554481293307,-0.3374718786023737,-0.337471878602374,-0.0963822462325775,,0.2216051096917523
acs_TX_2018_ACSIncome,race,16,AGEP,False,0.13441057198940431,1.291057366053082,1.2910573660530829,0.3579506290045346,0.38949191035010317,0.38949191035010294,0.12998310347227876,0.46690313404141315,0.5104137739516801
acs_TX_2018_ACSIncome,race,16,WKHP,False,0.29944318862978186,1.524936923856424,1.5249369238564243,0.3402523483118843,0.9081823964225124,0.9081823964225133,0.3163891337198017,0.8222967747265073,0.29380727575673427
acs_TX_2018_ACSIncome,race,16,COW_1.0,False,0.07717885070457217,-0.3680445643263812,-0.3680445643263817,-0.09469164649607047,0.11283726965810426,0.11283726965810421,0.03765659339192718,0.06826598802955955,0.6792557622882532
acs_TX_2018_ACSIncome,race,16,MAR_1.0,False,0.19318621757646148,1.4412797667683637,1.4412797667683657,0.40284249310157827,0.7278893428390022,0.7278893428390016,0.22863468889646402,0.15250756025353188,0.5626214940294363
acs_TX_2018_ACSIncome,race,16,MAR_3.0,False,0.046232876712328674,0.5119032896797258,0.5119032896797255,0.08701838406065718,-0.34528232089790084,-0.3452823208979012,-0.07584376194086977,0.026475057496003304,0.1058039433490697
acs_TX_2018_ACSIncome,race,16,MAR_5.0,False,0.21585568478518868,-1.7870615015244942,-1.7870615015244933,-0.4830111487801029,-0.7708490862313598,-0.7708490862313605,-0.17853321396854677,0.12528304311208102,0.2807553457372952
acs_TX_2018_ACSIncome,race,16,OCCP_0,False,0.4517050937541755,1.795297465973939,1.7952974659739371,0.27938552104161546,1.1891089569167468,1.1891089569167463,0.37769701521116406,0.27594426992976134,0.15995556789780616
acs_TX_2018_ACSIncome,race,16,OCCP_2,False,0.10914718791876302,0.6101693484301673,0.6101693484301675,0.10545810619488065,-0.35686636421719287,-0.356866364217193,-0.08243737138745878,0.13404874909401887,0.11330186059427937
acs_TX_2018_ACSIncome,race,16,OCCP_3,False,0.054432989690721634,0.3726422860983807,0.37264228609838035,0.06428893070349016,0.08595587007877781,0.08595587007877777,0.01910492492162065,0.03778914262187022,0.10913635101360733
acs_TX_2018_ACSIncome,race,16,OCCP_4,False,0.23972053726169845,-1.2105741712113707,-1.2105741712113691,-0.30410315132734067,-0.8992244482850331,-0.8992244482850341,-0.2055316348237342,0.18723291723731642,0.22188281033046375
acs_TX_2018_ACSIncome,race,16,OCCP_5,False,0.367355853232382,-0.3403651545348567,-0.340365154534857,-0.06396274034552252,-1.2573208645361116,-1.257320864536111,-0.23515011374908812,0.1678496128685901,0.11052485420716468
acs_TX_2018_ACSIncome,race,16,POBP_0,False,0.08896067616331094,0.32203101043765625,0.3220310104376565,0.07520274086292565,0.360404599933881,0.3604045999338805,0.09353436042474197,0.14066977555022633,0.7972785337406276
acs_TX_2018_ACSIncome,race,16,POBP_3,False,0.2730798414973442,-0.48460354585062193,-0.48460354585062204,-0.10151324082194614,-0.9603858888251933,-0.9603858888251929,-0.1669073080805591,0.1101658759768454,0.13107470147181338
acs_TX_2018_ACSIncome,race,16,RELP_0.0,False,0.19741761686909265,1.4122789788274535,1.412278978827452,0.39340976135100225,0.6411420041382472,0.6411420041382467,0.21230744096455786,0.2542530437451355,0.5270758122743683
acs_TX_2018_ACSIncome,race,16,RELP_1.0,False,0.047077837273083456,0.826026541850388,0.8260265418503882,0.1938270710584198,-0.0994812870859112,-0.09948128708591103,-0.030595707931282468,0.06566835694952572,0.2402110524854207
acs_TX_2018_ACSIncome,race,16,RELP_2.0,False,0.5608753610308821,-1.9520962763270095,-1.9520962763270098,-0.39890673560721424,-2.022843285422688,-2.0228432854226868,-0.20417821985926446,0.19242174167972306,0.10830324909747292
acs_TX_2018_ACSIncome,race,16,SCHL_16.0,False,0.3577064444988973,-0.5524296079456725,-0.5524296079456722,-0.13274802864152996,-1.277666604737386,-1.2776666047373868,-0.29124251495279957,0.21409072021689934,0.19883365731741184
acs_TX_2018_ACSIncome,race,16,SCHL_19.0,False,0.20572184207212119,-0.3866625689392056,-0.3866625689392055,-0.08182607698583687,-0.838012765875541,-0.8380127658755402,-0.19459124532989722,0.12019523355208955,0.15579005831713413
acs_TX_2018_ACSIncome,race,16,SCHL_21.0,False,0.28512513846630483,1.4813517353450179,1.4813517353450183,0.2999689016414579,0.4563042863485512,0.45630428634855075,0.14844530702075193,0.32679422079790565,0.21410719244654264
acs_TX_2018_ACSIncome,race,16,__A__,True,0.02885650622128455,-0.23137580036618832,-0.2313758003661878,-0.05580090551064374,-0.2040152141247793,-0.2040152141247797,-0.054645560369084516,,0.2216051096917523
acs_TX_2018_ACSIncome,race,17,AGEP,False,0.1657336349579062,1.2857669589811618,1.2857669589811604,0.3648465480484618,0.44269851846596964,0.4426985184659694,0.15404894860597856,0.4525767900578439,0.4806998056095529
acs_TX_2018_ACSIncome,race,17,WKHP,False,0.308659584353432,1.563562011755856,1.563562011755857,0.36067085790837705,0.9018675535554667,0.9018675535554659,0.32246009442381823,0.8003517673963562,0.29825048597611775
acs_TX_2018_ACSIncome,race,17,COW_1.0,False,0.056113426803081956,-0.2973218643525879,-0.29732186435258817,-0.07807712263319853,0.13056686344589524,0.13056686344589508,0.044625053157015204,0.08224733407766577,0.6878644820883087
acs_TX_2018_ACSIncome,race,17,MAR_1.0,False,0.15608802811766254,1.3563075949333125,1.3563075949333128,0.3914285806712157,0.6451708527120512,0.6451708527120507,0.20589435780469253,0.1507631342044411,0.5592890863648986
acs_TX_2018_ACSIncome,race,17,MAR_3.0,False,0.11558219178082196,0.5524347851398457,0.5524347851398451,0.09726733670940668,-0.4236442507169005,-0.42364425071690087,-0.09534983877768846,0.030001814224053094,0.10608164398778117
acs_TX_2018_ACSIncome,race,17,MAR_5.0,False,0.175205684367988,-1.716099361701239,-1.716099361701239,-0.48220771789999833,-0.7700875616861534,-0.7700875616861533,-0.1841653214081735,0.14757795039867072,0.28825326298250487
acs_TX_2018_ACSIncome,race,17,OCCP_0,False,0.44805363494664485,1.7327946289156961,1.7327946289156966,0.27746396736361023,0.9670172806090931,0.9670172806090925,0.3202254760514466,0.23994332959926165,0.16606498194945848
acs_TX_2018_ACSIncome,race,17,OCCP_2,False,0.1231862405548689,0.713769514449915,0.713769514449915,0.12006027912126621,-0.24475387550143252,-0.24475387550143235,-0.05541540441210562,0.08092088880464197,0.10024993057484032
acs_TX_2018_ACSIncome,race,17,OCCP_3,False,0.04817925428227779,0.5799285853490179,0.5799285853490178,0.10191645321842488,0.17916387417793167,0.17916387417793173,0.04127248294599443,0.05796595622885961,0.10802554845876146
acs_TX_2018_ACSIncome,race,17,OCCP_4,False,0.2557378126231878,-1.1609707081826859,-1.1609707081826854,-0.30527909134419035,-0.9631947793563098,-0.9631947793563104,-0.22435842227349462,0.17477194891586803,0.22882532629825048
acs_TX_2018_ACSIncome,race,17,OCCP_5,False,0.34519319718209635,-0.04377669340862633,-0.0437766934086261,-0.00850494709256073,-0.9470307430326239,-0.9470307430326235,-0.17306704998559794,0.14810236699081808,0.10774784782004998
acs_TX_2018_ACSIncome,race,17,POBP_0,False,0.12452438602559668,0.4043344739472676,0.4043344739472678,0.09815267914585317,0.5368884028119008,0.5368884028119004,0.1475945093717083,0.14633315897054447,0.789780616495418
acs_TX_2018_ACSIncome,race,17,POBP_3,False,0.3888531850807982,-0.6470833895063564,-0.6470833895063559,-0.13776690825236956,-1.4120084847280818,-1.4120084847280818,-0.27656908131330954,0.1548710722041175,0.13218550402665927
acs_TX_2018_ACSIncome,race,17,RELP_0.0,False,0.16178674824959438,1.4501168385254628,1.4501168385254624,0.4157003823329848,0.5798890467875748,0.5798890467875749,0.1972824954814215,0.24121211807092902,0.5134684809775063
acs_TX_2018_ACSIncome,race,17,RELP_1.0,False,0.030453622089120225,0.7534849892586808,0.7534849892586803,0.18266131927002277,-0.10712114024936159,-0.10712114024936147,-0.03418573279656892,0.03839195653214702,0.2438211607886698
acs_TX_2018_ACSIncome,race,17,RELP_2.0,False,0.5584112149532711,-1.9664346824279786,-1.9664346824279815,-0.42717423115055675,-1.6135949781572474,-1.6135949781572478,-0.1726070259421472,0.20301284932474792,0.11607886698139405
acs_TX_2018_ACSIncome,race,17,SCHL_16.0,False,0.39433032297566206,-0.4974289933320535,-0.4974289933320536,-0.12327226712837967,-1.2920096398544434,-1.292009639854444,-0.28458557587849115,0.18173638817764404,0.1921688419883366
acs_TX_2018_ACSIncome,race,17,SCHL_19.0,False,0.19694664498190018,-0.1952501957457764,-0.19525019574577604,-0.04351186647755391,-0.6693312313409678,-0.6693312313409678,-0.15109704887882514,0.0719232817979816,0.15579005831713413
acs_TX_2018_ACSIncome,race,17,SCHL_21.0,False,0.3337838558802084,1.6539716705580496,1.653971670558048,0.34383791850290313,0.6103752199531802,0.6103752199531798,0.20253208525793526,0.3203094179860042,0.21049708414329352
acs_TX_2018_ACSIncome,race,17,__A__,True,0.07460808865576873,-0.022481996993140463,-0.022481996993140168,-0.00560537780396734,-0.2014661530220711,-0.20146615302207124,-0.055292667722881786,,0.2216051096917523
acs_TX_2018_ACSIncome,race,18,AGEP,False,0.14290004776972157,1.316047887030415,1.3160478870304149,0.37318980675393554,0.4530513420844815,0.45305134208448095,0.165949182609301,0.47208603070647276,0.4951402388225493
acs_TX_2018_ACSIncome,race,18,WKHP,False,0.30051773862886133,1.5596031603240328,1.5596031603240323,0.36484693915266575,0.8847547787477662,0.8847547787477666,0.33672814768883746,0.8058062533637101,0.3079700083310192
acs_TX_2018_ACSIncome,race,18,COW_1.0,False,0.07725141710179709,-0.4125517390240878,-0.41255173902408865,-0.10943100372210778,-0.07224205989409815,-0.07224205989409793,-0.02601398223365276,0.05996610065268177,0.6828658705915024
acs_TX_2018_ACSIncome,race,18,MAR_1.0,False,0.16299267655393224,1.3993829007356744,1.399382900735674,0.401996401681433,0.7140169199391978,0.7140169199391975,0.24601112764565247,0.18435463803637672,0.5567897806164954
acs_TX_2018_ACSIncome,race,18,MAR_3.0,False,0.08071549961114155,0.4489975225615037,0.4489975225615036,0.07805342664039545,-0.40124196745782154,-0.40124196745782187,-0.09690991797722279,0.03301231815842712,0.1058039433490697
acs_TX_2018_ACSIncome,race,18,MAR_5.0,False,0.16436175873935296,-1.7016853710862334,-1.7016853710862354,-0.47712520220332705,-0.6314747833674933,-0.631474783367493,-0.1618389159833986,0.16065327419209222,0.2929741738405998
acs_TX_2018_ACSIncome,race,18,OCCP_0,False,0.45671364485261556,1.795489694255484,1.795489694255483,0.291388780379405,1.0317970184664897,1.0317970184664909,0.36241966781620166,0.2672853200346038,0.16717578450430437
acs_TX_2018_ACSIncome,race,18,OCCP_2,False,0.11341901543988711,0.6352945892578699,0.63529458925787,0.10937544145564496,-0.10352320530504922,-0.10352320530504945,-0.02478228444249627,0.0786236461664701,0.10358233823937794
acs_TX_2018_ACSIncome,race,18,OCCP_3,False,0.07867803221248007,0.6074140850291427,0.6074140850291423,0.10639514569919495,0.01563714888684209,0.015637148886841975,0.0038205437245222573,0.04890008051775162,0.10802554845876146
acs_TX_2018_ACSIncome,race,18,OCCP_4,False,0.22576100370218022,-1.2322639217033244,-1.2322639217033233,-0.3189761780498551,-0.8289983064873829,-0.8289983064873828,-0.21193217446958645,0.1892240622414454,0.22577061927242434
acs_TX_2018_ACSIncome,race,18,OCCP_5,False,0.37844436693407746,-0.19511951964777108,-0.19511951964777077,-0.037603317039763856,-1.1460068941932429,-1.1460068941932422,-0.22497634156503135,0.1526793794854886,0.10774784782004998
acs_TX_2018_ACSIncome,race,18,POBP_0,False,0.13794118023307878,0.4728285022902159,0.47282850229021534,0.11457089924225278,0.43608142180867265,0.43608142180867293,0.12242125406711545,0.13352108598761545,0.7947792279922243
acs_TX_2018_ACSIncome,race,18,POBP_3,False,0.3908037269903795,-0.6838943596522351,-0.6838943596522348,-0.14389410157219845,-1.2048807875699115,-1.2048807875699108,-0.226985579034078,0.1317086274126906,0.1246875867814496
acs_TX_2018_ACSIncome,race,18,RELP_0.0,False,0.21258018392492986,1.4768221607341872,1.476822160734186,0.4206387265078199,0.5378427551204349,0.5378427551204346,0.19367432070337343,0.23196885324673447,0.5131907803387947
acs_TX_2018_ACSIncome,race,18,RELP_1.0,False,0.04942166140904314,0.5608194114565961,0.5608194114565971,0.13356133493491135,-0.22125312866415697,-0.22125312866415692,-0.07535963207268455,0.0072677274417989515,0.23993335184670925
acs_TX_2018_ACSIncome,race,18,RELP_2.0,False,0.4832535885167464,-2.0343172649604933,-2.034317264960494,-0.43828078373628937,-1.5676594127495362,-1.5676594127495358,-0.15321457806410016,0.19701095112504904,0.1130241599555679
acs_TX_2018_ACSIncome,race,18,SCHL_16.0,False,0.29906092871931383,-0.4625070362851742,-0.4625070362851736,-0.11409605581220122,-1.08134798824786,-1.0813479882478596,-0.25253086045280815,0.1748097449370713,0.1921688419883366
acs_TX_2018_ACSIncome,race,18,SCHL_19.0,False,0.1627555518240209,-0.0807826863418446,-0.08078268634184475,-0.018141700548342528,-0.6269769862947124,-0.626976986294712,-0.1586654492989972,0.0674750146354387,0.1649541793946126
acs_TX_2018_ACSIncome,race,18,SCHL_21.0,False,0.32568764272258666,1.6448347891072372,1.6448347891072357,0.3365229845781104,0.43283624566112294,0.43283624566112294,0.15524581506848167,0.29637380739313934,0.2152179950013885
acs_TX_2018_ACSIncome,race,18,__A__,True,0.05737779267643406,-0.15563589911846654,-0.1556358991184665,-0.03860385989462043,-0.15280824516773273,-0.15280824516773286,-0.04460640463709873,,0.2216051096917523
acs_TX_2018_ACSIncome,race,19,AGEP,False,0.14629034582314704,1.3315504123666373,1.3315504123666375,0.3640637278308338,0.5859264591562969,0.5859264591562968,0.1928937730421586,0.425260763266852,0.502082754790336
acs_TX_2018_ACSIncome,race,19,WKHP,False,0.27999056627193963,1.552736630975859,1.5527366309758597,0.337558665087899,0.9442470184889198,0.9442470184889198,0.3243227507034766,0.7934966886292689,0.29408497639544573
acs_TX_2018_ACSIncome,race,19,COW_1.0,False,0.0873089605359573,-0.44519107648625234,-0.44519107648625256,-0.11153513397639654,0.05530726479344117,0.05530726479344113,0.01812703422791404,0.07542316390799164,0.6906414884754235
acs_TX_2018_ACSIncome,race,19,MAR_1.0,False,0.236635364177737,1.6414365500084702,1.6414365500084709,0.45444545993097035,0.9613956958141195,0.961395695814119,0.2974157648216795,0.19680518726791466,0.5709525131907803
acs_TX_2018_ACSIncome,race,19,MAR_3.0,False,0.09419132177349765,0.4911080123946876,0.49110801239468677,0.0833734752035228,-0.45827685645755883,-0.4582768564575588,-0.1016741252931901,0.035219508029753196,0.10969175229103027
acs_TX_2018_ACSIncome,race,19,MAR_5.0,False,0.2488329772925073,-1.89793395423174,-1.89793395423174,-0.505122391293979,-1.0298664278724674,-1.0298664278724687,-0.23472418502679665,0.15154329586797582,0.2754790336017773
acs_TX_2018_ACSIncome,race,19,OCCP_0,False,0.47114409793151446,1.846944991900936,1.8469449919009358,0.2816916329354522,1.353740996765668,1.3537409967656684,0.4214968739163373,0.305148184029569,0.15745626214940295
acs_TX_2018_ACSIncome,race,19,OCCP_2,False,0.1531292933989981,0.7763258522811438,0.7763258522811445,0.1293336264226883,-0.09943433572652016,-0.09943433572652022,-0.021998885746942313,0.10584684719347509,0.10663704526520411
acs_TX_2018_ACSIncome,race,19,OCCP_3,False,0.019658792506427214,0.2391515440642673,0.2391515440642672,0.039060797893921924,-0.004391684218572278,-0.004391684218572147,-0.0009797664478443057,0.018826095331520458,0.10469314079422383
acs_TX_2018_ACSIncome,race,19,OCCP_4,False,0.197353137094066,-0.9959247082503921,-0.9959247082503909,-0.24939835046791278,-0.7727944794883649,-0.7727944794883658,-0.17240722793319996,0.1605676012359661,0.22549291863371285
acs_TX_2018_ACSIncome,race,19,OCCP_5,False,0.44578975516995484,-0.38762329901489356,-0.387623299014894,-0.07389662138698523,-1.4073509988583601,-1.40735099885836,-0.2702953803821581,0.18268015066376853,0.11830047209108581
acs_TX_2018_ACSIncome,race,19,POBP_0,False,0.07011013567438147,0.14836387769576476,0.14836387769576456,0.034835390663572524,0.21514427907496664,0.21514427907496672,0.054329253588237765,0.1209178514077803,0.7922799222438212
acs_TX_2018_ACSIncome,race,19,POBP_3,False,0.24086617405582916,-0.4119469182016713,-0.4119469182016714,-0.08511513104240626,-0.8217341976610401,-0.8217341976610409,-0.14708404810659134,0.1018684159379919,0.1327409053040822
acs_TX_2018_ACSIncome,race,19,RELP_0.0,False,0.17971202593921903,1.483072838504611,1.4830728385046115,0.4064845483775414,0.48726862255430325,0.48726862255430337,0.1601027066396085,0.2594214224891249,0.5081921688419884
acs_TX_2018_ACSIncome,race,19,RELP_1.0,False,0.03046839212093455,0.8351964925431132,0.8351964925431136,0.19135269996918647,0.06213898172634219,0.06213898172634215,0.019223211478735017,0.05016688925984551,0.24187725631768953
acs_TX_2018_ACSIncome,race,19,RELP_2.0,False,0.4987780493223728,-1.9398840695457253,-1.9398840695457242,-0.39089746868736175,-1.8284882067976143,-1.8284882067976143,-0.1816212314289284,0.21107994278262546,0.10747014718133852
acs_TX_2018_ACSIncome,race,19,SCHL_16.0,False,0.365676667588972,-0.4777754115582511,-0.47777541155825193,-0.11501251180114938,-1.295593951525856,-1.2955939515258577,-0.29681360840957033,0.1998853038549488,0.20688697584004442
acs_TX_2018_ACSIncome,race,19,SCHL_19.0,False,0.16645363951473136,-0.42931345459704784,-0.42931345459704734,-0.08861041648325686,-0.6268207380827027,-0.6268207380827031,-0.14098769313296763,0.10461566294360895,0.15023604554290476
acs_TX_2018_ACSIncome,race,19,SCHL_21.0,False,0.2872851980234531,1.4237473441244453,1.4237473441244437,0.283934458426105,0.5111020986973667,0.5111020986973663,0.1640398615257614,0.30161767469636747,0.21410719244654264
acs_TX_2018_ACSIncome,race,19,__A__,True,0.04065476215006614,-0.1855682542623105,-0.18556825426231055,-0.044280534319343486,-0.14405791991809497,-0.1440579199180952,-0.03797141186134787,,0.2216051096917523
acs_TX_2018_ACSIncome,race,20,AGEP,False,0.20656423267740942,1.619028479999268,1.6190284799992707,0.4238937600947406,0.6629040977656447,0.6629040977656441,0.22219285747803583,0.5204618451932911,0.47653429602888087
acs_TX_2018_ACSIncome,race,20,WKHP,False,0.3029094814867273,1.6123075392007333,1.6123075392007324,0.3468508125546689,0.9937725505827907,0.9937725505827918,0.3405244303484745,0.8417595790152954,0.2976950846986948
acs_TX_2018_ACSIncome,race,20,COW_1.0,False,0.083913243268082,-0.34400877462449553,-0.3440087746244957,-0.08386834907155831,-0.03329728130201293,-0.03329728130201281,-0.010836606237612791,0.07059251991588272,0.6886975840044433
acs_TX_2018_ACSIncome,race,20,MAR_1.0,False,0.25244755244755246,1.6484330583694702,1.6484330583694702,0.43983320694036715,0.9116212635427927,0.9116212635427916,0.2862463526264091,0.17273171907957757,0.555956678700361
acs_TX_2018_ACSIncome,race,20,MAR_3.0,False,0.10684483797691346,0.48619366438115663,0.486193664381157,0.08080494095238511,-0.3238576104790844,-0.3238576104790842,-0.0703706343598538,0.033766071138994484,0.10996945292974174
acs_TX_2018_ACSIncome,race,20,MAR_5.0,False,0.28063049906903725,-2.0136178142467207,-2.0136178142467194,-0.5203756439769602,-1.083363536545303,-1.0833635365453027,-0.26526526027243136,0.1536335225917429,0.29103026936961957
acs_TX_2018_ACSIncome,race,20,OCCP_0,False,0.40937795324271575,1.7709066699103095,1.7709066699103098,0.278539740730237,1.0525779142320921,1.0525779142320912,0.3302608893884523,0.2812444353029222,0.16884198833657318
acs_TX_2018_ACSIncome,race,20,OCCP_2,False,0.08328738069989394,0.3829875155310243,0.38298751553102456,0.0629699176178156,-0.28825532649258045,-0.2882553264925806,-0.06547950855228392,0.15080034663788608,0.11274645931685642
acs_TX_2018_ACSIncome,race,20,OCCP_3,False,0.04340472134339257,0.4557802041309027,0.4557802041309034,0.07548118040158788,0.21243626139739402,0.2124362613973942,0.04504887418396326,0.04024068831983253,0.10719244654262705
acs_TX_2018_ACSIncome,race,20,OCCP_4,False,0.27084891548242335,-1.2509167627696243,-1.2509167627696243,-0.2960095329938056,-1.0196321713102785,-1.0196321713102787,-0.23401716048787835,0.19500375018911698,0.21660649819494585
acs_TX_2018_ACSIncome,race,20,OCCP_5,False,0.31477528358780454,-0.08717616817132456,-0.08717616817132463,-0.01597223197259369,-1.1531996448473352,-1.153199644847336,-0.19496072454561356,0.11637731972285131,0.10996945292974174
acs_TX_2018_ACSIncome,race,20,POBP_0,False,0.024846560846560783,0.030605633384232833,0.03060563338423283,0.006814397621850973,0.07638966356639021,0.0763896635663902,0.0184246389662055,0.10361349374754271,0.8056095529019717
acs_TX_2018_ACSIncome,race,20,POBP_3,False,0.3441000746825989,-0.30792562989501415,-0.30792562989501454,-0.06034540861150054,-1.1448902758064325,-1.1448902758064328,-0.1859420562478832,0.11628377565648981,0.12329908358789225
acs_TX_2018_ACSIncome,race,20,RELP_0.0,False,0.1940767085995302,1.5499583586390862,1.5499583586390866,0.40910297554539793,0.5262191007983092,0.5262191007983091,0.17277428707521633,0.2548057451759792,0.5040266592613163
acs_TX_2018_ACSIncome,race,20,RELP_1.0,False,0.03261708869185498,0.9144382881212967,0.914438288121296,0.20637547554271443,0.09501148223143485,0.09501148223143487,0.02889349121828897,0.06101195853379111,0.2449319633435157
acs_TX_2018_ACSIncome,race,20,RELP_2.0,False,0.5911871150712185,-2.1641159623392556,-2.1641159623392547,-0.42782679700101756,-2.0569155874550233,-2.0569155874550202,-0.23386757147600934,0.22429944435970572,0.11413496251041377
acs_TX_2018_ACSIncome,race,20,SCHL_16.0,False,0.3702101639641272,-0.5305454310579139,-0.5305454310579143,-0.12082006750005875,-1.3934964689356892,-1.3934964689356881,-0.3063288894726552,0.21580304351133578,0.1935573451818939
acs_TX_2018_ACSIncome,race,20,SCHL_19.0,False,0.1509074410163339,-0.3960637718755322,-0.39606377187553193,-0.0818186066703826,-0.7584048188069806,-0.7584048188069805,-0.17667917371833017,0.10439629946937004,0.16439877811718967
acs_TX_2018_ACSIncome,race,20,SCHL_21.0,False,0.29596805174616503,1.4692734789571258,1.469273478957127,0.2814152480193894,0.49479830985579537,0.4947983098557955,0.15994535575289354,0.30518614199621474,0.21660649819494585
acs_TX_2018_ACSIncome,race,20,__A__,True,0.043645613550766016,-0.047310515749882986,-0.04731051574988274,-0.01089368164475503,-0.08723491585977111,-0.08723491585977121,-0.02297694189085473,,0.2216051096917523
acs_TX_2018_ACSIncome,race,21,AGEP,False,0.14568223876366024,1.378169472311493,1.3781694723114937,0.3722545444571949,0.4881113912702236,0.4881113912702242,0.17290397293518606,0.39112058888311674,0.48208830880311027
acs_TX_2018_ACSIncome,race,21,WKHP,False,0.2997656366282957,1.5788977605692591,1.5788977605692591,0.33884642912572277,0.9078541163892205,0.9078541163892204,0.3318821129395252,0.7658857863530398,0.2965842821438489
acs_TX_2018_ACSIncome,race,21,COW_1.0,False,0.06001553024154874,-0.33717631312112517,-0.33717631312112517,-0.08462718875627459,-0.05399648636321874,-0.05399648636321878,-0.018954384990095823,0.07104005933533325,0.6823104693140795
acs_TX_2018_ACSIncome,race,21,MAR_1.0,False,0.23716293929712462,1.662606641437045,1.6626066414370446,0.4561379792675867,0.8695220819999103,0.8695220819999109,0.28717370701375877,0.18540147929886752,0.5479033601777284
acs_TX_2018_ACSIncome,race,21,MAR_3.0,False,0.12956764697410483,0.47356693968475816,0.4735669396847587,0.07911424682237535,-0.4908723200741216,-0.4908723200741219,-0.11382568402998051,0.03894397833220003,0.10635934462649264
acs_TX_2018_ACSIncome,race,21,MAR_5.0,False,0.2548775524860556,-1.9238105561341339,-1.923810556134133,-0.5172526839134537,-0.9088385938709838,-0.9088385938709846,-0.23117199714533143,0.1654957231751531,0.29908358789225215
acs_TX_2018_ACSIncome,race,21,OCCP_0,False,0.46621282269037245,1.856944189466532,1.8569441894665306,0.29622702148151425,1.1896850494675912,1.1896850494675906,0.393539294932294,0.2966185537122053,0.16328797556234378
acs_TX_2018_ACSIncome,race,21,OCCP_2,False,0.1264658018918559,0.5968782012714184,0.5968782012714187,0.0981860642981513,-0.20782016845285534,-0.20782016845285567,-0.049834592676529794,0.10880463407781607,0.10747014718133852
acs_TX_2018_ACSIncome,race,21,OCCP_3,False,0.047108227209042036,0.6580349643329859,0.6580349643329858,0.11338239754521905,0.13766090081679028,0.13766090081679036,0.0322914882425003,0.0485630939586927,0.1121910580394335
acs_TX_2018_ACSIncome,race,21,OCCP_4,False,0.2553184575389948,-1.2613130352348128,-1.261313035234813,-0.31212646157379204,-0.932696672514111,-0.9326966725141114,-0.2230585896070209,0.1894670021275668,0.22216051096917522
acs_TX_2018_ACSIncome,race,21,OCCP_5,False,0.30095710740872034,-0.22474869010787724,-0.22474869010787699,-0.042977906502515255,-1.0936982316631667,-1.0936982316631667,-0.21688071614305682,0.1565362559907646,0.11802277145237434
acs_TX_2018_ACSIncome,race,21,POBP_0,False,0.1456732509956954,0.3234242914770782,0.3234242914770779,0.07436679141995324,0.4127799647073637,0.41277996470736344,0.10866253916912756,0.13633233234856837,0.8017217439600111
acs_TX_2018_ACSIncome,race,21,POBP_3,False,0.37391450973779616,-0.6403510495552918,-0.6403510495552911,-0.1294175783851975,-1.2616844081481804,-1.26168440814818,-0.22942897903144127,0.14988872329106842,0.12579838933629547
acs_TX_2018_ACSIncome,race,21,RELP_0.0,False,0.17149313073259065,1.5277704704684818,1.5277704704684831,0.4150080645973181,0.46232894247136064,0.46232894247136014,0.16258805248058272,0.24302966823941158,0.4962510413773952
acs_TX_2018_ACSIncome,race,21,RELP_1.0,False,0.047737243257597206,0.9534986187829857,0.9534986187829849,0.21939509505287083,0.09537666177437576,0.09537666177437581,0.031499682516800964,0.06748150367274758,0.24687586781449597
acs_TX_2018_ACSIncome,race,21,RELP_2.0,False,0.6396713615023474,-2.288315452508728,-2.288315452508729,-0.4777634995059125,-1.8968165400849162,-1.896816540084916,-0.22644233994297183,0.25791770324777674,0.12024437656206609
acs_TX_2018_ACSIncome,race,21,SCHL_16.0,False,0.39146307542533954,-0.7174115381530723,-0.7174115381530731,-0.1691180394880924,-1.2919368646172371,-1.291936864617237,-0.29870125848274265,0.22943847748847537,0.19411274645931686
acs_TX_2018_ACSIncome,race,21,SCHL_19.0,False,0.16350749390889174,-0.26486066214013104,-0.2648606621401308,-0.05663488492006144,-0.7123839980932094,-0.71238399809321,-0.1787122121014254,0.08057928838491842,0.16689808386559288
acs_TX_2018_ACSIncome,race,21,SCHL_21.0,False,0.3002710027100271,1.5271785940536935,1.5271785940536933,0.30658637761070984,0.48111540030319516,0.4811154003031953,0.16366270357183446,0.32056191485302443,0.21549569564009996
acs_TX_2018_ACSIncome,race,21,__A__,True,0.08181334174669219,-0.2517736427567838,-0.2517736427567841,-0.05978662117046357,-0.17083872993647037,-0.17083872993647053,-0.047879170345002886,,0.2216051096917523
acs_TX_2018_ACSIncome,race,22,AGEP,False,0.16060643776156322,1.3911188947228097,1.391118894722812,0.37408450243448294,0.5321852323791696,0.5321852323791697,0.17513629009686352,0.4663727387268164,0.5126353790613718
acs_TX_2018_ACSIncome,race,22,WKHP,False,0.28878894521829007,1.6162424114404974,1.6162424114404963,0.3455643678736914,0.8375280150925659,0.8375280150925649,0.28843656197286527,0.7944823832129327,0.3013051930019439
acs_TX_2018_ACSIncome,race,22,COW_1.0,False,0.06937009433054017,-0.39472695901402677,-0.394726959014027,-0.09823301126656961,-0.012470303007457773,-0.012470303007457936,-0.004121564516769885,0.0642766509800819,0.6775895584559845
acs_TX_2018_ACSIncome,race,22,MAR_1.0,False,0.17242417400466625,1.6080177903698512,1.6080177903698538,0.4355128504732434,0.7220749180249271,0.7220749180249271,0.22674392511433428,0.19708504753740666,0.5584559844487642
acs_TX_2018_ACSIncome,race,22,MAR_3.0,False,0.07530928027375505,0.51070644812792,0.5107064481279195,0.08613277998806962,-0.4122756694224625,-0.4122756694224624,-0.09362185043339404,0.028168994943548714,0.11413496251041377
acs_TX_2018_ACSIncome,race,22,MAR_5.0,False,0.19848980377068104,-1.9923572650921486,-1.9923572650921486,-0.5229818138928894,-0.7656699753419646,-0.7656699753419645,-0.18304075630687056,0.19576022885771946,0.2888086642599278
acs_TX_2018_ACSIncome,race,22,OCCP_0,False,0.4119661552467401,1.8612793137704948,1.8612793137704953,0.2697752362109035,1.0169715848276464,1.0169715848276453,0.32215424954155447,0.26794356361026994,0.15995556789780616
acs_TX_2018_ACSIncome,race,22,OCCP_2,False,0.09725994567822338,0.4980074606500384,0.4980074606500383,0.08061052218150676,-0.31412642115817263,-0.31412642115817263,-0.0737038174519606,0.1335411947669102,0.11163565676201055
acs_TX_2018_ACSIncome,race,22,OCCP_3,False,0.12611685173053533,0.7440586756896981,0.7440586756896982,0.12526605928143536,0.31878366323598706,0.3187836632359876,0.07123125789473113,0.033689382516976424,0.1121910580394335
acs_TX_2018_ACSIncome,race,22,OCCP_4,False,0.2572962449485266,-1.2187241190745512,-1.2187241190745521,-0.299794563796318,-0.9159739057305916,-0.9159739057305912,-0.197711717824468,0.15372709106606908,0.22410441544015552
acs_TX_2018_ACSIncome,race,22,OCCP_5,False,0.44945607553366174,-0.2941253043616612,-0.2941253043616611,-0.05519903401994222,-1.3937915188885721,-1.3937915188885734,-0.24987058257014413,0.17024188849725916,0.11496806442654818
acs_TX_2018_ACSIncome,race,22,POBP_0,False,0.1448479308625561,0.4395489655102711,0.43954896551027106,0.09965614049050142,0.6259640740347198,0.6259640740347197,0.16100058757861535,0.1600673387122964,0.7956123299083588
acs_TX_2018_ACSIncome,race,22,POBP_3,False,0.4118561374724753,-0.56067020831659,-0.5606702083165908,-0.11223440517525163,-1.3957792223695211,-1.395779222369521,-0.24902241221904958,0.14620400892114896,0.12968619827825603
acs_TX_2018_ACSIncome,race,22,RELP_0.0,False,0.17911873024662903,1.4853087816878623,1.4853087816878618,0.39719501010416525,0.5158878286874836,0.5158878286874833,0.16993923324843418,0.2124666592385298,0.5004165509580673
acs_TX_2018_ACSIncome,race,22,RELP_1.0,False,0.026603542655781354,0.8179249520078302,0.8179249520078307,0.1832357276876964,-0.11430042292836085,-0.11430042292836069,-0.0355593913258669,0.0036567936598049158,0.24271035823382395
acs_TX_2018_ACSIncome,race,22,RELP_2.0,False,0.4478114478114478,-2.0053054536545423,-2.005305453654545,-0.4136054335345079,-1.407049724009598,-1.4070497240095983,-0.13751138365151724,0.17198476843708652,0.11885587336850875
acs_TX_2018_ACSIncome,race,22,SCHL_16.0,False,0.3126057529610829,-0.4762777289978626,-0.47627772899786286,-0.1099249050719855,-1.1444766228418446,-1.1444766228418444,-0.23700673156121285,0.1713472170378943,0.1874479311302416
acs_TX_2018_ACSIncome,race,22,SCHL_19.0,False,0.21588733285861228,-0.14170964113675688,-0.14170964113675674,-0.030033244238399814,-0.7484698774259607,-0.7484698774259612,-0.17085762462102766,0.07108916757899805,0.16523188003332406
acs_TX_2018_ACSIncome,race,22,SCHL_21.0,False,0.319188440316461,1.609613161331292,1.6096131613312927,0.3121043387422657,0.4881376440120272,0.48813764401202725,0.15691596400001145,0.3154006450521114,0.21244098861427382
acs_TX_2018_ACSIncome,race,22,__A__,True,0.032353813882375265,-0.27405196854974334,-0.2740519685497432,-0.06403514896979183,-0.22399820320116565,-0.22399820320116592,-0.0591353592185701,,0.2216051096917523
acs_TX_2018_ACSIncome,race,23,AGEP,False,0.17410723535008552,1.471089109840723,1.4710891098407248,0.39011366465412084,0.4756026788801402,0.4756026788801407,0.16112966420545854,0.49000059530669965,0.4782004998611497
acs_TX_2018_ACSIncome,race,23,WKHP,False,0.28975238735064063,1.655351279754274,1.6553512797542729,0.3577687616020219,0.9345225666839501,0.9345225666839498,0.32509888136316495,0.8163655570559837,0.3021382949180783
acs_TX_2018_ACSIncome,race,23,COW_1.0,False,0.07311937933067963,-0.293889892405943,-0.2938898924059429,-0.07247685931422758,0.12351698784280807,0.12351698784280793,0.04099834855464156,0.08570174056215346,0.6859205776173285
acs_TX_2018_ACSIncome,race,23,MAR_1.0,False,0.20430368572059154,1.5817384736446494,1.581738473644651,0.4274218319558679,0.9026986659874671,0.9026986659874666,0.28796194368401756,0.18849711493548288,0.5542904748680922
acs_TX_2018_ACSIncome,race,23,MAR_3.0,False,0.11402116402116402,0.47372473000595305,0.47372473000595305,0.08072384033603913,-0.4900620131037948,-0.49006201310379516,-0.11731244614673877,0.05612430183059528,0.12079977783948903
acs_TX_2018_ACSIncome,race,23,MAR_5.0,False,0.23288952329387447,-1.9500121643908988,-1.9500121643909005,-0.5114962744425783,-1.0120061166339989,-1.0120061166339998,-0.241689539776753,0.1670118595848218,0.2888086642599278
acs_TX_2018_ACSIncome,race,23,OCCP_0,False,0.5100558867560642,1.9818326874536318,1.981832687453635,0.28744786943134865,1.1942108297557148,1.194210829755715,0.3801198117831534,0.28768506018241785,0.15801166342682588
acs_TX_2018_ACSIncome,race,23,OCCP_2,False,0.13649726632996487,0.6270473787430955,0.6270473787430957,0.09969024529540167,-0.39066184612691707,-0.39066184612691707,-0.0912827556310948,0.1388068272943118,0.10774784782004998
acs_TX_2018_ACSIncome,race,23,OCCP_3,False,0.06150804447588465,0.6142419904932519,0.614241990493252,0.10229105482590871,0.10114790289728082,0.10114790289728079,0.021795443791472285,0.037264236857514774,0.10635934462649264
acs_TX_2018_ACSIncome,race,23,OCCP_4,False,0.2493286720372903,-1.243618983430788,-1.2436189834307882,-0.3066917251380549,-1.0274271725985404,-1.0274271725985415,-0.229436835353742,0.17513032855853608,0.22910302693696197
acs_TX_2018_ACSIncome,race,23,OCCP_5,False,0.35105754460593175,-0.07270147409826522,-0.07270147409826513,-0.013343789449805745,-0.9995974088476786,-0.9995974088476786,-0.18870490664642664,0.13686478235599062,0.11330186059427937
acs_TX_2018_ACSIncome,race,23,POBP_0,False,0.0763016735723813,0.26765860948732856,0.26765860948732867,0.06014953182647224,0.15303766892021609,0.1530376689202158,0.03992421809321745,0.11988176906636969,0.7978339350180506
acs_TX_2018_ACSIncome,race,23,POBP_3,False,0.25513495476790754,-0.5174215203318806,-0.5174215203318807,-0.10304473055927404,-0.8413707493805342,-0.8413707493805349,-0.14642804085209307,0.10245930022209591,0.12690919189114136
acs_TX_2018_ACSIncome,race,23,RELP_0.0,False,0.1565815394758015,1.5080934345986508,1.5080934345986508,0.40393484220708004,0.44871694538406887,0.4487169453840691,0.14751940709781114,0.24560696900756906,0.5140238822549292
acs_TX_2018_ACSIncome,race,23,RELP_1.0,False,0.05312443824027449,0.8625474177537649,0.862547417753765,0.19383580993488533,0.07898025510814521,0.07898025510814526,0.024263139122319068,0.05589223336961567,0.23715634545959455
acs_TX_2018_ACSIncome,race,23,RELP_2.0,False,0.583956386292835,-2.3192103822796337,-2.319210382279637,-0.47744900523388617,-1.993195744078235,-1.9931957440782369,-0.20727329981014334,0.24319258567969934,0.11968897528464316
acs_TX_2018_ACSIncome,race,23,SCHL_16.0,False,0.40199010195337775,-0.44086257919965566,-0.44086257919965577,-0.10238420976397694,-1.3557746492945741,-1.3557746492945741,-0.29753076268833106,0.20355724343956214,0.19522354901416272
acs_TX_2018_ACSIncome,race,23,SCHL_19.0,False,0.15597012997080173,-0.29054758357733657,-0.29054758357733673,-0.06167989959058776,-0.7694389091955322,-0.7694389091955323,-0.1793372520028062,0.09163855394026829,0.16745348514301583
acs_TX_2018_ACSIncome,race,23,SCHL_21.0,False,0.3014183041516936,1.5168701256478867,1.5168701256478856,0.28451168154669176,0.6018392243682732,0.6018392243682728,0.19515195479902042,0.3318785893074365,0.20466537073035268
acs_TX_2018_ACSIncome,race,23,__A__,True,0.07995977362806372,-0.2112350906223326,-0.21123509062233253,-0.04926434458785283,-0.2974341645925202,-0.29743416459252053,-0.07935709777702334,,0.2216051096917523
acs_TX_2018_ACSIncome,race,24,AGEP,False,0.16090618319751837,1.2462944979105515,1.2462944979105517,0.3482100048492249,0.3912710677982148,0.39127106779821486,0.12820650723689353,0.43724247559301044,0.4776450985837267
acs_TX_2018_ACSIncome,race,24,WKHP,False,0.2838203788419795,1.5901184503296746,1.5901184503296748,0.36688372304114364,0.9734037699269821,0.9734037699269819,0.32959552027558064,0.821895550580874,0.2996389891696751
acs_TX_2018_ACSIncome,race,24,COW_1.0,False,0.045114526968299345,-0.15005182752664425,-0.1500518275266442,-0.03908444787636411,0.07906156376516743,0.07906156376516735,0.02570864610827023,0.07707273645420339,0.6842543737850597
acs_TX_2018_ACSIncome,race,24,MAR_1.0,False,0.17536499738149536,1.2758330352857379,1.275833035285737,0.36385200767883896,0.672551974843771,0.6725519748437713,0.20869599349620585,0.1440794608392008,0.5445709525131908
acs_TX_2018_ACSIncome,race,24,MAR_3.0,False,0.05837791879225249,0.5053730125881661,0.505373012588166,0.08789935581880426,-0.23854210104819673,-0.23854210104819668,-0.053228939926683046,0.016356039173105567,0.1102471535684532
acs_TX_2018_ACSIncome,race,24,MAR_5.0,False,0.1740530387728635,-1.579687619635338,-1.5796876196353395,-0.4418873226221943,-0.7283100720686526,-0.7283100720686525,-0.16876493314896243,0.13306665342509472,0.2985281866148292
acs_TX_2018_ACSIncome,race,24,OCCP_0,False,0.504852694727127,2.071330548418968,2.0713305484189664,0.33289456362821057,1.4006262696141132,1.4006262696141134,0.4232449229145708,0.32203227023524494,0.15412385448486532
acs_TX_2018_ACSIncome,race,24,OCCP_2,False,0.1041533676504543,0.43839702589949514,0.438397025899495,0.07298150474176272,-0.26377665285234964,-0.26377665285234997,-0.05870336206055812,0.13975045546692424,0.10386003887808942
acs_TX_2018_ACSIncome,race,24,OCCP_3,False,0.0591109802767148,0.4977714313298409,0.4977714313298403,0.08492129210671082,0.098046979782344,0.09804697978234396,0.019801007159000666,0.041810092217880256,0.09830602610386004
acs_TX_2018_ACSIncome,race,24,OCCP_4,False,0.22885134570959392,-1.1726849754645159,-1.1726849754645159,-0.3045042775763184,-1.0230614851813282,-1.0230614851813282,-0.22397953180578592,0.1839160868330586,0.22660372118855873
acs_TX_2018_ACSIncome,race,24,OCCP_5,False,0.38223764539554017,-0.27035878882963416,-0.27035878882963454,-0.05351238073074095,-1.2374408430778363,-1.237440843077838,-0.23920127076522887,0.17259694817308116,0.12052207720077757
acs_TX_2018_ACSIncome,race,24,POBP_0,False,0.11872924014656028,0.462499158849661,0.46249915884966114,0.10941982447162457,0.5853678846248208,0.5853678846248206,0.14614590457540144,0.14542210545827447,0.8025548458761456
acs_TX_2018_ACSIncome,race,24,POBP_3,False,0.35383903792784466,-0.6392270746871507,-0.6392270746871515,-0.1319813093628786,-1.4310670089513486,-1.4310670089513484,-0.2478497679544765,0.13207258736078953,0.12302138294918079
acs_TX_2018_ACSIncome,race,24,RELP_0.0,False,0.16586792318802832,1.3820009375289932,1.3820009375289932,0.3896242396106794,0.5302129282973608,0.5302129282973608,0.1723286362822731,0.22676365957744887,0.49652874201610664
acs_TX_2018_ACSIncome,race,24,RELP_1.0,False,0.031914302541365264,0.658157131679967,0.6581571316799665,0.15637962487489437,-0.04083071300339658,-0.04083071300339657,-0.012454178366848806,0.028926954019241145,0.24271035823382395
acs_TX_2018_ACSIncome,race,24,RELP_2.0,False,0.5785046728971963,-1.9530656650019678,-1.953065665001968,-0.4249950065903539,-1.9198313675757634,-1.9198313675757643,-0.19462796986397182,0.23388068389356206,0.11941127464593168
acs_TX_2018_ACSIncome,race,24,SCHL_16.0,False,0.36292055717128424,-0.522639613046123,-0.522639613046123,-0.1287340825936766,-1.2761002846062424,-1.2761002846062433,-0.2663852470906604,0.19468659887713116,0.19411274645931686
acs_TX_2018_ACSIncome,race,24,SCHL_19.0,False,0.14140691382317427,-0.3455165834578928,-0.34551658345789343,-0.07436059187087647,-0.6567886371857179,-0.6567886371857181,-0.1521918955930593,0.09342209842624905,0.15717856151069148
acs_TX_2018_ACSIncome,race,24,SCHL_21.0,False,0.31030098346791013,1.545282769276883,1.5452827692768831,0.3238167669968776,0.5836725532698605,0.5836725532698602,0.18438795624300408,0.33426718931022187,0.2168841988336573
acs_TX_2018_ACSIncome,race,24,__A__,True,0.06476120221056407,-0.3118936372746015,-0.3118936372746012,-0.07696271499001098,-0.10862406247021927,-0.10862406247021933,-0.028253335377598356,,0.2216051096917523
acs_TX_2018_ACSIncome,race,25,AGEP,False,0.16523176978508117,1.447887283182796,1.4478872831827945,0.4039022951760749,0.4903454527900507,0.4903454527900509,0.1775115668289157,0.4720553465895263,0.4848653151902249
acs_TX_2018_ACSIncome,race,25,WKHP,False,0.28337311962411427,1.4986172336006667,1.4986172336006678,0.3413096825058991,0.8083929733588707,0.8083929733588704,0.29981015575548203,0.7857468658339463,0.30102749236323245
acs_TX_2018_ACSIncome,race,25,COW_1.0,False,0.078794173462584,-0.3793311994585966,-0.37933119945859645,-0.09823165190930828,-0.0178667011721656,-0.01786670117216554,-0.00636770318319588,0.0492603598912861,0.6803665648430991
acs_TX_2018_ACSIncome,race,25,MAR_1.0,False,0.1732011798750227,1.452541711478703,1.4525417114787014,0.41054314061458497,0.6201766635960007,0.6201766635960003,0.2096838754356567,0.15842239674926198,0.5523465703971119
acs_TX_2018_ACSIncome,race,25,MAR_3.0,False,0.05904794411199621,0.4791544014492466,0.47915440144924587,0.08819168178052939,-0.2156328915514178,-0.21563289155141813,-0.051956860996990074,0.014022646846724284,0.11968897528464316
acs_TX_2018_ACSIncome,race,25,MAR_5.0,False,0.1856883715657005,-1.7964613873672906,-1.79646138736729,-0.4922872736125875,-0.665812978791591,-0.6658129787915911,-0.1731855962987535,0.15148791274340428,0.2888086642599278
acs_TX_2018_ACSIncome,race,25,OCCP_0,False,0.46543895410135655,1.906533475220493,1.9065334752204925,0.3086858356974806,1.2079062455974285,1.2079062455974279,0.4058682604288224,0.3010974452074589,0.16162177173007497
acs_TX_2018_ACSIncome,race,25,OCCP_2,False,0.12764193949440528,0.2901719965277274,0.2901719965277278,0.049464262192077425,-0.45994680022773704,-0.45994680022773676,-0.11495825557251012,0.16674341055014094,0.11135795612329909
acs_TX_2018_ACSIncome,race,25,OCCP_3,False,0.08784146887595168,0.4037127996014438,0.4037127996014437,0.07127369200025023,0.29929969604576023,0.2992996960457603,0.0715166270445422,0.050415557920983366,0.11191335740072202
acs_TX_2018_ACSIncome,race,25,OCCP_4,False,0.22923875432525953,-1.2180939210275559,-1.2180939210275559,-0.3126839986743369,-0.9384580160643804,-0.9384580160643812,-0.22674290242594605,0.19477653102986472,0.2268814218272702
acs_TX_2018_ACSIncome,race,25,OCCP_5,False,0.43828671328671326,-0.22460126736131247,-0.22460126736131195,-0.042484455063275875,-1.318894566178563,-1.318894566178563,-0.26450313661947983,0.16958227277618262,0.10996945292974174
acs_TX_2018_ACSIncome,race,25,POBP_0,False,0.07628716665295537,0.28856139667639535,0.28856139667639497,0.06873611861291584,0.178660930259939,0.17866093025993895,0.04909746394132031,0.11491539764278497,0.7947792279922243
acs_TX_2018_ACSIncome,race,25,POBP_3,False,0.22895408163265307,-0.5399839305459284,-0.5399839305459289,-0.11355942067280286,-0.741349442230257,-0.7413494422302562,-0.14468189326389921,0.10954920197343085,0.1319078033879478
acs_TX_2018_ACSIncome,race,25,RELP_0.0,False,0.1874639145496536,1.4629829963052656,1.4629829963052667,0.4095186044265001,0.6178045764369122,0.6178045764369128,0.21755069085117315,0.2533359880707405,0.5084698694806998
acs_TX_2018_ACSIncome,race,25,RELP_1.0,False,0.028150648404677375,0.8261435084594129,0.8261435084594125,0.19665754047165368,-0.02382096845189552,-0.023820968451895446,-0.00782956273801832,0.06050896124816698,0.24271035823382395
acs_TX_2018_ACSIncome,race,25,RELP_2.0,False,0.6439680071095313,-2.148966516128557,-2.148966516128556,-0.4509664155697014,-2.0074725164891096,-2.0074725164891083,-0.21535774788865153,0.2354079878360279,0.11191335740072202
acs_TX_2018_ACSIncome,race,25,SCHL_16.0,False,0.3313412583699596,-0.5690067759724684,-0.5690067759724675,-0.13652631047552433,-1.1077793078963265,-1.107779307896327,-0.2578433280877673,0.17923681233621194,0.18883643432379896
acs_TX_2018_ACSIncome,race,25,SCHL_19.0,False,0.1707024566527906,-0.36688359967156714,-0.36688359967156736,-0.07961167178137443,-0.6164918485239885,-0.6164918485239881,-0.1509628879249985,0.0994680032832135,0.15856706470424883
acs_TX_2018_ACSIncome,race,25,SCHL_21.0,False,0.2849041080086587,1.3404920039144659,1.3404920039144645,0.26963947397025123,0.2865113104815811,0.2865113104815808,0.09937835793876275,0.29467963809637326,0.21105248542071647
acs_TX_2018_ACSIncome,race,25,__A__,True,0.061633111825370124,-0.21243306011686447,-0.21243306011686452,-0.05186804836646054,-0.21187794599967363,-0.21187794599967394,-0.06031728714734059,,0.2216051096917523
acs_TX_2018_ACSIncome,race,26,AGEP,False,0.17128055136362927,1.433118802572688,1.43311880257269,0.41077344245704356,0.5961752204586134,0.5961752204586137,0.2010256313741318,0.5032623107033269,0.5159677867259095
acs_TX_2018_ACSIncome,race,26,WKHP,False,0.3335269730145726,1.6193989349735436,1.6193989349735438,0.36744837860523666,0.9913708372249928,0.991370837224994,0.3513145445238509,0.7886814766644715,0.2915856706470425
acs_TX_2018_ACSIncome,race,26,COW_1.0,False,0.0877895692723947,-0.3449997362860715,-0.3449997362860716,-0.0904184649916159,-0.049445111810384634,-0.049445111810384634,-0.01684745299719321,0.07283897108066674,0.6853651763399056
acs_TX_2018_ACSIncome,race,26,MAR_1.0,False,0.24076418646928965,1.4185385860795212,1.4185385860795228,0.40978355338350586,0.8746569155240266,0.8746569155240271,0.2874191890444479,0.14736574537009878,0.5573451818939184
acs_TX_2018_ACSIncome,race,26,MAR_3.0,False,0.13671317401114336,0.2286828633117468,0.2286828633117467,0.04096378175221624,-0.5578257065421581,-0.5578257065421578,-0.1332918327833119,0.05828510858884474,0.11580116634268259
acs_TX_2018_ACSIncome,race,26,MAR_5.0,False,0.21401342204055596,-1.6280926226110755,-1.6280926226110748,-0.4527283324272148,-0.7282117380722379,-0.7282117380722387,-0.17905991229216836,0.09543693835229172,0.2815884476534296
acs_TX_2018_ACSIncome,race,26,OCCP_0,False,0.4336783331063597,1.8332759345188994,1.8332759345189014,0.2918359890995543,1.1756879989251663,1.175687998925166,0.37886042299881945,0.27551964707622,0.15828936406553734
acs_TX_2018_ACSIncome,race,26,OCCP_2,False,0.0860527778965827,0.42313064628399544,0.42313064628399566,0.07314731454191961,-0.24422705503373782,-0.24422705503373784,-0.05732558058224486,0.10404653953722463,0.10858094973618439
acs_TX_2018_ACSIncome,race,26,OCCP_3,False,0.055206619099952725,0.37170119419132575,0.3717011941913261,0.06438236406899263,-0.14075302954628766,-0.14075302954628768,-0.03188011852480849,0.012785465328848191,0.10524854207164676
acs_TX_2018_ACSIncome,race,26,OCCP_4,False,0.2576315857471383,-1.097791151570737,-1.0977911515707364,-0.28627149785954475,-0.967442082002448,-0.9674420820024485,-0.2300143414245772,0.19152256921139524,0.22743682310469315
acs_TX_2018_ACSIncome,race,26,OCCP_5,False,0.37942021741846804,-0.33214083979602815,-0.3321408397960288,-0.0648274899805406,-1.2690068503225023,-1.2690068503225032,-0.24543370945940204,0.16415591125578616,0.11274645931685642
acs_TX_2018_ACSIncome,race,26,POBP_0,False,0.04840182648401825,0.14754362525509412,0.14754362525509418,0.03608771656597925,0.27340102565377256,0.2734010256537723,0.0723624231787714,0.11067594157170318,0.7908914190502638
acs_TX_2018_ACSIncome,race,26,POBP_3,False,0.30114203049607785,-0.3619621706894025,-0.361962170689402,-0.07870576044383684,-1.2111299608362214,-1.21112996083622,-0.2183778156134318,0.10445927293166546,0.13357400722021662
acs_TX_2018_ACSIncome,race,26,RELP_0.0,False,0.1389174047079099,1.3577248878796697,1.3577248878796677,0.3892081588573659,0.5426584565713191,0.5426584565713191,0.184014143878921,0.24502935987361596,0.5131907803387947
acs_TX_2018_ACSIncome,race,26,RELP_1.0,False,0.08487565066512434,0.8658869242232186,0.8658869242232184,0.2115109833438525,0.02939684312674673,0.029396843126746723,0.009229051702815617,0.08611649556263601,0.2449319633435157
acs_TX_2018_ACSIncome,race,26,RELP_2.0,False,0.3647269071819502,-2.122787358155266,-2.122787358155266,-0.4519556057690482,-1.6512413756198425,-1.651241375619843,-0.18882682976314571,0.24039265782308775,0.11246875867814496
acs_TX_2018_ACSIncome,race,26,SCHL_16.0,False,0.3145470881319937,-0.4850833760031952,-0.4850833760031947,-0.1208138115277091,-1.137939259890544,-1.137939259890545,-0.26356787828508804,0.1992013942453366,0.20049986114968063
acs_TX_2018_ACSIncome,race,26,SCHL_19.0,False,0.17970275628698773,-0.2580541928609881,-0.25805419286098785,-0.05744567614408175,-0.6271027159488425,-0.6271027159488426,-0.15205103904319836,0.09956580901151098,0.1641210774784782
acs_TX_2018_ACSIncome,race,26,SCHL_21.0,False,0.33802999908094933,1.527684310965839,1.5276843109658378,0.30679993118782384,0.5928058578479691,0.59280585784797,0.19544913506401593,0.3125975466964918,0.20383226881421826
acs_TX_2018_ACSIncome,race,26,__A__,True,0.02999756854438229,-0.18704778113496512,-0.18704778113496492,-0.04658571390945174,-0.20991280798769896,-0.20991280798769932,-0.05713042261497005,,0.2216051096917523
acs_TX_2018_ACSIncome,race,27,AGEP,False,0.17108768164959998,1.336893694699606,1.3368936946996064,0.3850904590097577,0.5859394076937819,0.585939407693782,0.20950210521750873,0.48457862851453376,0.507359066925854
acs_TX_2018_ACSIncome,race,27,WKHP,False,0.2895146386538275,1.4758288474445171,1.4758288474445176,0.33995553576890314,0.8547862962644922,0.8547862962644925,0.31670246451581174,0.7699754225056498,0.30186059427936685
acs_TX_2018_ACSIncome,race,27,COW_1.0,False,0.06575013303635596,-0.2702843067799372,-0.27028430677993726,-0.07179440593684731,0.12864329341268016,0.1286432934126802,0.04587522356006406,0.08660345650009796,0.6781449597334074
acs_TX_2018_ACSIncome,race,27,MAR_1.0,False,0.13868913088144652,1.332916624707323,1.3329166247073239,0.386988234086072,0.6049763565956195,0.6049763565956193,0.20202693732868782,0.16481142334987592,0.5703971119133574
acs_TX_2018_ACSIncome,race,27,MAR_3.0,False,0.027157541934439755,0.3797469889525287,0.37974698895252856,0.06735614855412787,-0.26169361434394217,-0.2616936143439426,-0.06461108388750234,0.05834983208902711,0.11246875867814496
acs_TX_2018_ACSIncome,race,27,MAR_5.0,False,0.1917942667411472,-1.6585154565192892,-1.6585154565192888,-0.4622721116965071,-0.7334663359302971,-0.7334663359302976,-0.18108984079820503,0.12266299932950477,0.2746459316856429
acs_TX_2018_ACSIncome,race,27,OCCP_0,False,0.42844870404346547,1.6162048970718519,1.6162048970718519,0.25787248872192803,1.0727362442773944,1.0727362442773942,0.36407679655493297,0.25032977187442357,0.1613440710913635
acs_TX_2018_ACSIncome,race,27,OCCP_2,False,0.13782402262029286,0.62980256450614,0.6298025645061402,0.11191590236627176,-0.28078336832574774,-0.28078336832574746,-0.0665687181565899,0.07724735657311896,0.10858094973618439
acs_TX_2018_ACSIncome,race,27,OCCP_3,False,0.043347717113252915,0.44936256956869447,0.4493625695686947,0.08014596818109038,-0.13256546928143242,-0.1325654692814325,-0.03289655847160248,0.006450095205958366,0.11385726187170231
acs_TX_2018_ACSIncome,race,27,OCCP_4,False,0.242541517949323,-1.1102231612245994,-1.1102231612246003,-0.28638887174308403,-0.8640334426257,-0.8640334426257001,-0.20067615241249365,0.17637588706943133,0.21188558733685087
acs_TX_2018_ACSIncome,race,27,OCCP_5,False,0.33350530135914036,-0.09846318022175038,-0.09846318022175046,-0.01973713726966795,-1.0982068778386842,-1.0982068778386846,-0.20772445709716508,0.14401657957050715,0.11330186059427937
acs_TX_2018_ACSIncome,race,27,POBP_0,False,0.16771349862258955,0.4615194004743943,0.4615194004743943,0.1141462253518578,0.5270504444062624,0.5270504444062624,0.14717408332173673,0.13444055232664232,0.7864482088308803
acs_TX_2018_ACSIncome,race,27,POBP_3,False,0.3127345424357682,-0.7349880797005184,-0.734988079700518,-0.1594177238384629,-1.1108186493410481,-1.1108186493410483,-0.2153021047212562,0.1396023201365865,0.13329630658150513
acs_TX_2018_ACSIncome,race,27,RELP_0.0,False,0.18041774594592044,1.391266616108262,1.3912666161082619,0.39849518267203843,0.6277232409927617,0.627723240992762,0.22444187701856935,0.2533878899317404,0.4954179394612608
acs_TX_2018_ACSIncome,race,27,RELP_1.0,False,0.022849840255591114,0.6968974326932871,0.6968974326932866,0.17137057579461512,-0.11835853478403463,-0.11835853478403469,-0.03962068382314475,0.035004663788616136,0.2527075812274368
acs_TX_2018_ACSIncome,race,27,RELP_2.0,False,0.6144085781302356,-1.8689272191959727,-1.868927219195972,-0.3971514682938216,-1.8437881469645925,-1.8437881469645938,-0.22006666897173666,0.21546437358392248,0.11080255484587614
acs_TX_2018_ACSIncome,race,27,SCHL_16.0,False,0.25715431678264244,-0.41063163129601543,-0.4106316312960151,-0.10232029403789553,-0.9788026008423079,-0.9788026008423081,-0.21883654053708954,0.16767787323432068,0.19133574007220217
acs_TX_2018_ACSIncome,race,27,SCHL_19.0,False,0.19268253714650907,-0.33985148166781887,-0.3398514816678191,-0.0770662306595694,-0.707557253914169,-0.707557253914169,-0.1786335418827097,0.07490368170767457,0.16800888642043876
acs_TX_2018_ACSIncome,race,27,SCHL_21.0,False,0.3045589589708547,1.4217979009075412,1.421797900907542,0.29629677225361406,0.4893865624030798,0.4893865624030795,0.17148926445731807,0.2960796868105114,0.21938350458206055
acs_TX_2018_ACSIncome,race,27,__A__,True,0.10570070790527086,-0.23208399021666182,-0.2320839902166612,-0.05807529977522045,-0.3973381841735182,-0.3973381841735186,-0.1128701007980055,,0.2216051096917523
acs_TX_2018_ACSIncome,race,28,AGEP,False,0.14325578448917536,1.3211476150645254,1.3211476150645247,0.351267246220535,0.4578105683379966,0.457810568337997,0.15476912773649829,0.45354690839569867,0.4848653151902249
acs_TX_2018_ACSIncome,race,28,WKHP,False,0.31333109501201123,1.6413170163120274,1.641317016312028,0.3571523432339037,0.9953637681111897,0.9953637681111895,0.345722314375437,0.7935263312516031,0.2988058872535407
acs_TX_2018_ACSIncome,race,28,COW_1.0,False,0.08578802873934718,-0.3645713959672132,-0.3645713959672135,-0.08950371772243322,0.17297332975171315,0.17297332975171303,0.05693658338637077,0.08622608512765399,0.6928630935851152
acs_TX_2018_ACSIncome,race,28,MAR_1.0,False,0.16332982086406744,1.3929370742373184,1.392937074237317,0.3752494814494518,0.7325179561778477,0.732517956177848,0.22845419112537868,0.1560666479570198,0.551791169119689
acs_TX_2018_ACSIncome,race,28,MAR_3.0,False,0.07693617114742576,0.6879239253456491,0.6879239253456483,0.12030371275994763,-0.2065406287996322,-0.20654062879963248,-0.044510797301059196,0.017135047296715906,0.11441266314912524
acs_TX_2018_ACSIncome,race,28,MAR_5.0,False,0.1717372578938302,-1.7408166769370474,-1.7408166769370486,-0.4572037137137637,-0.854260626697103,-0.8542606266971036,-0.20404039360567539,0.1362731288119251,0.29103026936961957
acs_TX_2018_ACSIncome,race,28,OCCP_0,False,0.47239119595412776,1.8156847638433071,1.815684763843306,0.27879043582312957,1.0826297926686985,1.0826297926686985,0.3430990474681097,0.2759977764898565,0.16301027492363232
acs_TX_2018_ACSIncome,race,28,OCCP_2,False,0.14776291052915239,0.6714570745183661,0.6714570745183663,0.10906047565674867,-0.1297918123803174,-0.12979181238031715,-0.029712032406913027,0.1000729217067813,0.10858094973618439
acs_TX_2018_ACSIncome,race,28,OCCP_3,False,0.047336805018841965,0.6035092418392547,0.6035092418392548,0.099897946010316,-0.030848982258163682,-0.030848982258163626,-0.007080658048437326,0.030643537029469342,0.11163565676201055
acs_TX_2018_ACSIncome,race,28,OCCP_4,False,0.28222884021264155,-1.2741798090955403,-1.2741798090955403,-0.3092146723934891,-1.0111245780812887,-1.0111245780812883,-0.2270981261147792,0.1819026585358083,0.22021660649819494
acs_TX_2018_ACSIncome,race,28,OCCP_5,False,0.3106425041186162,-0.31717156050108875,-0.317171560501089,-0.05801974503564978,-1.1702232658613438,-1.1702232658613436,-0.21606249562512544,0.17141510156263218,0.11135795612329909
acs_TX_2018_ACSIncome,race,28,POBP_0,False,0.07634575569358171,0.4138169241890459,0.41381692418904603,0.09069141276401999,0.26963198462434695,0.26963198462434684,0.068796589440834,0.13161128828149632,0.8103304637600667
acs_TX_2018_ACSIncome,race,28,POBP_3,False,0.33946488294314375,-0.7998281550698036,-0.7998281550698041,-0.15526408110005582,-0.9796498394356972,-0.9796498394356972,-0.17406109234593273,0.1364185664812519,0.1219105803943349
acs_TX_2018_ACSIncome,race,28,RELP_0.0,False,0.1887779617923538,1.5818362234792875,1.5818362234792882,0.42443643489943306,0.6649193259760515,0.6649193259760512,0.21800214909783944,0.2763611620995724,0.5206886975840045
acs_TX_2018_ACSIncome,race,28,RELP_1.0,False,0.02838647806281469,0.7245372132415115,0.7245372132415112,0.16156899913558942,-0.1464536594796257,-0.1464536594796256,-0.04482978260468056,0.0565724641537285,0.233268536517634
acs_TX_2018_ACSIncome,race,28,RELP_2.0,False,0.45713545713545717,-1.7985670369038835,-1.7985670369038826,-0.3667608558293861,-1.685131562268491,-1.6851315622684913,-0.16645861809457288,0.1764020790999165,0.11635656762010553
acs_TX_2018_ACSIncome,race,28,SCHL_16.0,False,0.4106401117338702,-0.50890765494831,-0.5089076549483098,-0.11611410047680577,-1.343456617967595,-1.3434566179675962,-0.2895233037328131,0.19558182067727972,0.18605942793668426
acs_TX_2018_ACSIncome,race,28,SCHL_19.0,False,0.2369060734833779,-0.3299111702028428,-0.32991117020284316,-0.06873450139930946,-0.72827514513872,-0.7282751451387199,-0.15984199826261128,0.09420456311785069,0.15579005831713413
acs_TX_2018_ACSIncome,race,28,SCHL_21.0,False,0.27874926817243395,1.538247020355385,1.5382470203553853,0.29320894303650913,0.4290255867988326,0.4290255867988325,0.14291420404854693,0.29076927398104924,0.2216051096917523
acs_TX_2018_ACSIncome,race,28,__A__,True,0.02148167136631629,-0.12038766056830497,-0.12038766056830427,-0.028061669828462338,-0.24336021086254372,-0.24336021086254403,-0.06493749671001926,,0.2216051096917523
acs_TX_2018_ACSIncome,race,29,AGEP,False,0.1608583401027885,1.3736258729368016,1.3736258729367998,0.3568137249262621,0.45386096492774697,0.45386096492774736,0.15489752189595488,0.4249718853993448,0.4682032768675368
acs_TX_2018_ACSIncome,race,29,WKHP,False,0.26450139683477947,1.6125475082707565,1.612547508270754,0.34687720552535867,0.9252315528966361,0.9252315528966356,0.3229032444413039,0.7556046974678238,0.3065815051374618
acs_TX_2018_ACSIncome,race,29,COW_1.0,False,0.1065225688191753,-0.6726982426517569,-0.6726982426517575,-0.16556497242907195,-0.12264852349403993,-0.12264852349403978,-0.04105657343919272,0.049799164530371,0.6734240488753124
acs_TX_2018_ACSIncome,race,29,MAR_1.0,False,0.23163305611024565,1.6616672934490988,1.6616672934490955,0.4420089956522199,0.8944038711438377,0.8944038711438371,0.28702727446974957,0.19165430098636138,0.5548458761455152
acs_TX_2018_ACSIncome,race,29,MAR_3.0,False,0.09636638486087004,0.8020297849848412,0.8020297849848402,0.13676780976667036,-0.21250587449075092,-0.21250587449075078,-0.04650101374196937,0.0269236104955508,0.11385726187170231
acs_TX_2018_ACSIncome,race,29,MAR_5.0,False,0.25891554672708644,-2.1232333882315064,-2.123233388231506,-0.5462614694669397,-1.0396903528099743,-1.0396903528099737,-0.2624274658109659,0.20763274961118033,0.2915856706470425
acs_TX_2018_ACSIncome,race,29,OCCP_0,False,0.42035697172975567,1.7849534744809494,1.7849534744809517,0.26864762493651345,1.0479443645461712,1.0479443645461723,0.33051173235391823,0.2888629785974968,0.1596778672590947
acs_TX_2018_ACSIncome,race,29,OCCP_2,False,0.15088248815686903,0.7776062581243091,0.7776062581243095,0.12812991577465982,-0.03137031567561899,-0.03137031567561916,-0.007106170421470319,0.10209739247776148,0.11163565676201055
acs_TX_2018_ACSIncome,race,29,OCCP_3,False,0.0240066720841709,0.34840805405648867,0.3484080540564883,0.05550276348543279,-0.03374780297997654,-0.03374780297997668,-0.007789625401035889,0.015296103101465819,0.10858094973618439
acs_TX_2018_ACSIncome,race,29,OCCP_4,False,0.25460990233417546,-1.4069330292229867,-1.4069330292229862,-0.33421450203118264,-1.0570773946638647,-1.057077394663866,-0.24206645007393424,0.22004562213391582,0.21855040266592612
acs_TX_2018_ACSIncome,race,29,OCCP_5,False,0.35242200328407225,-0.07011437430778256,-0.07011437430778232,-0.012646509433900218,-1.1429186977920005,-1.1429186977920016,-0.2077183299969373,0.1381917383295792,0.11052485420716468
acs_TX_2018_ACSIncome,race,29,POBP_0,False,0.10161980209136272,0.31898644860946,0.3189864486094595,0.0715195323477436,0.3208730074376161,0.32087300743761615,0.08471515492294103,0.13286352054534786,0.7908914190502638
acs_TX_2018_ACSIncome,race,29,POBP_3,False,0.24596443951282654,-0.5258771977243384,-0.5258771977243388,-0.1041772796599652,-0.9266597598556243,-0.9266597598556251,-0.16596627032458916,0.09486227114669717,0.13107470147181338
acs_TX_2018_ACSIncome,race,29,RELP_0.0,False,0.16748978720809704,1.6154576157877312,1.6154576157877294,0.4253576081238585,0.5955970747571079,0.5955970747571078,0.1986065490199415,0.25927233752716866,0.5059705637322965
acs_TX_2018_ACSIncome,race,29,RELP_1.0,False,0.05344392354850344,0.9863379173087266,0.9863379173087268,0.219804974066883,-0.04050168085245587,-0.04050168085245589,-0.012604400120806531,0.06172969598912401,0.24326575951124688
acs_TX_2018_ACSIncome,race,29,RELP_2.0,False,0.6074761164185737,-2.499302226432767,-2.499302226432767,-0.48603585756437745,-2.403972347344676,-2.4039723473446757,-0.2424539096402618,0.29328289180028,0.10830324909747292
acs_TX_2018_ACSIncome,race,29,SCHL_16.0,False,0.41233766233766234,-0.7273019216374834,-0.7273019216374832,-0.1666229425570379,-1.4397121517996516,-1.439712151799652,-0.32341879098692317,0.21903757353020356,0.1982782560399889
acs_TX_2018_ACSIncome,race,29,SCHL_19.0,False,0.1578605902365694,-0.10429391692014867,-0.10429391692014901,-0.021232262528608558,-0.5826393746553854,-0.582639374655386,-0.1348348142598526,0.062008437897782015,0.15856706470424883
acs_TX_2018_ACSIncome,race,29,SCHL_21.0,False,0.3039296347926518,1.560275429253016,1.5602754292530172,0.29173292380755744,0.3833491842846249,0.3833491842846247,0.1253921979023114,0.31015097001889236,0.2099416828658706
acs_TX_2018_ACSIncome,race,29,__A__,True,0.09272573107487225,-0.17378203986925378,-0.17378203986925395,-0.03988481678146306,-0.3291959647529458,-0.32919596475294627,-0.08810476161800178,,0.2216051096917523
acs_FL_2018_ACSIncome,race,0,AGEP,False,0.12919743705826886,1.3122346619674066,1.312234661967407,0.35843623778653216,0.6438671149379908,0.6438671149379904,0.20782391240693754,0.5424696857460051,0.46694444444444444
acs_FL_2018_ACSIncome,race,0,WKHP,False,0.33520705156363845,1.6043499177502176,1.604349917750218,0.3244451895774536,1.2535306238742445,1.253530623874245,0.41082410490286414,0.8357907330916591,0.24805555555555556
acs_FL_2018_ACSIncome,race,0,COW_1.0,False,0.07745479390243706,-0.4927997082905562,-0.4927997082905558,-0.12777712886709555,0.057458851023026836,0.0574588510230268,0.018377736056752126,0.05351286882948431,0.6655555555555556
acs_FL_2018_ACSIncome,race,0,MAR_1.0,False,0.20974647198187057,1.350479773606874,1.3504797736068739,0.37481848429788994,0.8459197240233103,0.8459197240233106,0.26126207186800443,0.13000145007951477,0.5236111111111111
acs_FL_2018_ACSIncome,race,0,MAR_3.0,False,0.051822897114398,0.6732336784679973,0.6732336784679975,0.12484179781504087,-0.25306808450658813,-0.25306808450658824,-0.05918854082545475,0.012778342298220308,0.13305555555555557
acs_FL_2018_ACSIncome,race,0,MAR_5.0,False,0.2760444024232237,-1.7717314366706265,-1.7717314366706292,-0.47766606363148917,-1.017336426035428,-1.0173364260354278,-0.2333478764478968,0.1288856911132594,0.2941666666666667
acs_FL_2018_ACSIncome,race,0,OCCP_0,False,0.45045623067781154,1.8509080332396417,1.8509080332396406,0.30551344218720666,1.2031508741794525,1.203150874179452,0.3653782549412139,0.3397807009464206,0.165
acs_FL_2018_ACSIncome,race,0,OCCP_2,False,0.1094362355682661,0.2294191070893794,0.22941910708937974,0.03858327628272735,-0.49457651643337613,-0.49457651643337686,-0.10651476747594632,0.17421107465217228,0.1075
acs_FL_2018_ACSIncome,race,0,OCCP_3,False,0.11421020426237694,1.1234962378146705,1.1234962378146702,0.1836561237044718,0.4046900760376659,0.40469007603766616,0.09374614112707973,0.15256493784100242,0.11083333333333334
acs_FL_2018_ACSIncome,race,0,OCCP_4,False,0.28507184380827033,-0.8085996015477808,-0.8085996015477817,-0.2113982242171162,-1.1374066060681582,-1.137406606068159,-0.26913120987176603,0.11026831943006447,0.26722222222222225
acs_FL_2018_ACSIncome,race,0,OCCP_5,False,0.5191413237924867,-0.47907118261721315,-0.47907118261721354,-0.09570432369173328,-1.5312731141273586,-1.5312731141273581,-0.24570360750957315,0.22968607364441107,0.12166666666666667
acs_FL_2018_ACSIncome,race,0,POBP_0,False,0.16210605132393985,0.19580903601411026,0.19580903601411018,0.0489900398336615,0.548993402050307,0.5489934020503074,0.14748917214104074,0.13465279093054486,0.7447222222222222
acs_FL_2018_ACSIncome,race,0,POBP_3,False,0.2768633748160043,-0.3615984898925406,-0.36159848989254084,-0.0844797169771702,-1.0272485489022671,-1.027248548902268,-0.23080313853702225,0.14482998193001057,0.19555555555555557
acs_FL_2018_ACSIncome,race,0,RELP_0.0,False,0.12208934592749282,1.3928856642328025,1.3928856642328016,0.3866222940181487,0.31599569536337513,0.3159956953633752,0.09966151868696012,0.2011172298108602,0.5144444444444445
acs_FL_2018_ACSIncome,race,0,RELP_1.0,False,0.08505897388776584,0.8927140788349721,0.8927140788349721,0.2026131372615983,0.21653506971358255,0.21653506971358227,0.06397207040465616,0.10330358542782125,0.2311111111111111
acs_FL_2018_ACSIncome,race,0,RELP_2.0,False,0.5691376380628717,-2.04067128421669,-2.0406712842166885,-0.4015706595695554,-1.8700959691525054,-1.8700959691525072,-0.14220650374649083,0.1717361865530469,0.10166666666666667
acs_FL_2018_ACSIncome,race,0,SCHL_16.0,False,0.408140756302521,-0.6900260912363441,-0.6900260912363446,-0.16625917465970033,-1.4717284051411204,-1.4717284051411197,-0.27564118702936646,0.2501805585883736,0.1947222222222222
acs_FL_2018_ACSIncome,race,0,SCHL_19.0,False,0.17540501972634936,-0.19567261579764295,-0.19567261579764256,-0.0390008631812297,-0.6121354159231807,-0.6121354159231808,-0.11707533793332221,0.03394481705473271,0.13083333333333333
acs_FL_2018_ACSIncome,race,0,SCHL_20.0,False,0.1379770180167399,0.5527891237287779,0.5527891237287775,0.09847521292014345,-0.5447806399298866,-0.544780639929887,-0.11334640777574614,0.015005510142609955,0.11388888888888889
acs_FL_2018_ACSIncome,race,0,SCHL_21.0,False,0.19669840367580882,1.2088715661559546,1.2088715661559544,0.2639957670623344,0.3761114251678237,0.37611142516782414,0.1150070988318643,0.22906898388746344,0.2288888888888889
acs_FL_2018_ACSIncome,race,0,__A__,True,0.06642701604564316,-0.37513610949833565,-0.37513610949833553,-0.08837149004854895,-0.10978045057783459,-0.10978045057783474,-0.02466557151183022,,0.19916666666666666
acs_FL_2018_ACSIncome,race,1,AGEP,False,0.13383300827704314,1.1898489810048198,1.1898489810048205,0.35380627368309603,0.49378404180977487,0.4937840418097745,0.17488164416165405,0.4687406001538183,0.48444444444444446
acs_FL_2018_ACSIncome,race,1,WKHP,False,0.3339222518275603,1.5214047411039326,1.5214047411039315,0.3259045074958303,0.9616783623931067,0.9616783623931073,0.3473390739256688,0.7759761114129634,0.24333333333333335
acs_FL_2018_ACSIncome,race,1,COW_1.0,False,0.0925780036753287,-0.47221719924200545,-0.47221719924200545,-0.13147628741920417,-0.09279356213211254,-0.09279356213211254,-0.03280899880597021,0.0510647881712547,0.6677777777777778
acs_FL_2018_ACSIncome,race,1,MAR_1.0,False,0.19377681142387027,1.2526675713843298,1.2526675713843296,0.37685134260676584,0.7519060682612202,0.751906068261221,0.25412741103731623,0.15091265685034408,0.5422222222222223
acs_FL_2018_ACSIncome,race,1,MAR_3.0,False,0.07160586938050731,0.5316038878482996,0.531603887848299,0.10552834656671496,-0.07482073636279274,-0.0748207363627927,-0.01928524061025983,0.019881805053984025,0.1313888888888889
acs_FL_2018_ACSIncome,race,1,MAR_5.0,False,0.30704207843868475,-1.6305632999743052,-1.6305632999743032,-0.4706971613702191,-1.1555062169185977,-1.1555062169185968,-0.2830394570867717,0.16125360854809725,0.2813888888888889
acs_FL_2018_ACSIncome,race,1,OCCP_0,False,0.49046045800373805,1.7642243470726107,1.764224347072612,0.3215135357331916,0.9989893331129492,0.998989333112948,0.3381239797106051,0.3144793035997134,0.1725
acs_FL_2018_ACSIncome,race,1,OCCP_2,False,0.02586889228478509,0.4858129420017523,0.48581294200175196,0.08690954675098601,-0.08739607680618716,-0.0873960768061873,-0.019151050078541332,0.09543610823063962,0.09861111111111111
acs_FL_2018_ACSIncome,race,1,OCCP_3,False,0.15056733270603861,0.7325105890501007,0.7325105890501004,0.12928391916682183,0.46835547157800095,0.46835547157800117,0.1215706645672243,0.1204714892755535,0.11277777777777778
acs_FL_2018_ACSIncome,race,1,OCCP_4,False,0.3494276364609564,-0.7493916535540646,-0.7493916535540655,-0.21045682827519213,-1.2124836107578936,-1.2124836107578938,-0.30022363484091136,0.10969757637320386,0.25722222222222224
acs_FL_2018_ACSIncome,race,1,OCCP_5,False,0.517334913013656,-0.62455755707515,-0.6245575570751505,-0.13206388717093817,-1.5315318097238557,-1.5315318097238553,-0.2901171360043477,0.25317059326690705,0.12027777777777778
acs_FL_2018_ACSIncome,race,1,POBP_0,False,0.2212908815247997,0.30559475037109185,0.30559475037109146,0.08299791637514406,0.6700486661048567,0.6700486661048564,0.19659906889116102,0.1501328432787179,0.7430555555555556
acs_FL_2018_ACSIncome,race,1,POBP_3,False,0.30704207843868475,-0.3944681682614424,-0.3944681682614429,-0.09911270866538345,-0.9554695993196298,-0.9554695993196294,-0.23404079761294339,0.1333175263112853,0.19277777777777777
acs_FL_2018_ACSIncome,race,1,RELP_0.0,False,0.0987493387742765,1.142534827159009,1.142534827159008,0.3424030957844824,0.4100147820624375,0.410014782062437,0.14110566887883677,0.18397903447068248,0.5191666666666667
acs_FL_2018_ACSIncome,race,1,RELP_1.0,False,0.07718676514423872,0.7520200079803128,0.7520200079803124,0.1907904141298237,0.12888190737675043,0.12888190737675037,0.041134620716150434,0.07981424788571873,0.23972222222222223
acs_FL_2018_ACSIncome,race,1,SCHL_16.0,False,0.386002886002886,-0.6038749041681744,-0.6038749041681744,-0.15647181912041117,-1.3949813938471634,-1.3949813938471634,-0.31235327768133725,0.25349259152105813,0.1986111111111111
acs_FL_2018_ACSIncome,race,1,SCHL_19.0,False,0.025160362751603715,-0.057713737177362834,-0.05771373717736269,-0.01262881626457292,-0.3072359008250938,-0.3072359008250936,-0.07136320969072851,0.030234457667900325,0.1425
acs_FL_2018_ACSIncome,race,1,SCHL_20.0,False,0.23517458920187795,0.30096750084419255,0.30096750084419244,0.05640132123783347,-0.7110735591125705,-0.7110735591125701,-0.16032619620026134,0.04464968359911,0.10805555555555556
acs_FL_2018_ACSIncome,race,1,SCHL_21.0,False,0.1456271146198136,0.9772020907186056,0.977202090718607,0.22457698178110327,0.3222525464257064,0.3222525464257063,0.10768042913655959,0.20284199466647224,0.21777777777777776
acs_FL_2018_ACSIncome,race,1,__A__,True,0.13173485152609998,-0.43240368021085906,-0.43240368021085923,-0.10997893248790479,-0.44449140229270173,-0.44449140229270184,-0.11006072434120112,,0.19916666666666666
acs_FL_2018_ACSIncome,race,2,AGEP,False,0.13598891522587842,1.3375525155169186,1.3375525155169192,0.38058365136104644,0.6212822625593338,0.6212822625593336,0.21488417385951947,0.5509473689591292,0.4786111111111111
acs_FL_2018_ACSIncome,race,2,WKHP,False,0.2922396999006171,1.5493649308639725,1.5493649308639728,0.3228799466727897,1.0063044772365874,1.0063044772365868,0.3491851303820226,0.8119450718332816,0.2425
acs_FL_2018_ACSIncome,race,2,COW_1.0,False,0.09388666508063989,-0.461767444431491,-0.46176744443149076,-0.12364826184530836,0.04462632414194384,0.044626324141943834,0.015379166610943658,0.059957339583288916,0.6558333333333334
acs_FL_2018_ACSIncome,race,2,MAR_1.0,False,0.14316130961668483,1.1903813134730221,1.1903813134730212,0.3412319579749759,0.5294071515911766,0.529407151591176,0.17309330700165673,0.10281544080606625,0.5294444444444445
acs_FL_2018_ACSIncome,race,2,MAR_3.0,False,0.08108741835604671,0.768207342147615,0.7682073421476144,0.1546456901446875,-0.0837400744166521,-0.08374007441665215,-0.02122239000674043,0.03457276420791285,0.1461111111111111
acs_FL_2018_ACSIncome,race,2,MAR_5.0,False,0.20140073683950255,-1.7110450589704158,-1.7110450589704167,-0.4723079197120277,-0.7545432821957645,-0.7545432821957634,-0.17890008682970618,0.12265771810798244,0.2825
acs_FL_2018_ACSIncome,race,2,OCCP_0,False,0.5338441812434825,2.1111653689642327,2.11116536896423,0.3546188087006039,1.1842837437725842,1.1842837437725837,0.3919498282843796,0.32849969933665235,0.1725
acs_FL_2018_ACSIncome,race,2,OCCP_2,False,0.03287894722649187,0.13703631922084591,0.13703631922084608,0.023861845693568414,-0.24875052614373755,-0.2487505261437374,-0.05647498852624816,0.16951016846897127,0.10722222222222222
acs_FL_2018_ACSIncome,race,2,OCCP_3,False,0.11767382067399595,0.863691512927403,0.8636915129274032,0.14304142540445605,0.3277175422347308,0.327717542234731,0.07394385898700005,0.14730940364414483,0.09944444444444445
acs_FL_2018_ACSIncome,race,2,OCCP_4,False,0.33056783407004414,-1.0389147661645446,-1.0389147661645437,-0.27627809416110594,-1.1858472207860054,-1.185847220786005,-0.2936476939592556,0.14609560373270977,0.25416666666666665
acs_FL_2018_ACSIncome,race,2,OCCP_5,False,0.3954964061096137,-0.1343292909266598,-0.1343292909266597,-0.028592635737955157,-1.1757535488089612,-1.175753548808962,-0.20681574131781033,0.17784765836121658,0.1313888888888889
acs_FL_2018_ACSIncome,race,2,POBP_0,False,0.21157936832074065,0.3490561390204905,0.3490561390204897,0.09021626023457614,0.7015855573514007,0.7015855573514007,0.20051230431373757,0.15645998587332766,0.7438888888888889
acs_FL_2018_ACSIncome,race,2,POBP_3,False,0.30066030543737543,-0.528963352841104,-0.5289633528411034,-0.1259700430730786,-1.0242880449665452,-1.0242880449665441,-0.24351545243570827,0.16456799610133743,0.19
acs_FL_2018_ACSIncome,race,2,RELP_0.0,False,0.14779077890324832,1.3262979601275064,1.3262979601275056,0.38053500717717725,0.5366287376745953,0.5366287376745954,0.1791300012191048,0.19847527004686805,0.5238888888888888
acs_FL_2018_ACSIncome,race,2,RELP_1.0,False,0.04081715047034601,0.661814514228285,0.6618145142282842,0.15760789932978383,-0.028451086895015243,-0.02845108689501518,-0.008829109787158632,0.089509378901879,0.23416666666666666
acs_FL_2018_ACSIncome,race,2,RELP_2.0,False,0.5618729096989966,-1.8961492424958388,-1.8961492424958397,-0.3746227472161505,-2.1504046013196243,-2.1504046013196234,-0.20794656301260406,0.18506892264377361,0.0975
acs_FL_2018_ACSIncome,race,2,SCHL_16.0,False,0.4305917602996255,-0.6997183423458193,-0.6997183423458184,-0.17372920972038017,-1.4340325167530583,-1.4340325167530603,-0.30886901922749843,0.25490465626752534,0.19972222222222222
acs_FL_2018_ACSIncome,race,2,SCHL_19.0,False,0.09452608708772137,-0.2043229254411898,-0.2043229254411896,-0.04098116081191999,-0.4969673649850489,-0.4969673649850491,-0.10666017270753893,0.05971571297527938,0.1288888888888889
acs_FL_2018_ACSIncome,race,2,SCHL_20.0,False,0.2036688617121355,0.3127680101112029,0.31276801011120303,0.0581050601491737,-0.6850928828658425,-0.6850928828658432,-0.1501282704572578,0.029236221417371734,0.115
acs_FL_2018_ACSIncome,race,2,SCHL_21.0,False,0.16023792780121895,1.0558547498326958,1.0558547498326964,0.23333885491934817,0.24847153882193423,0.2484715388219341,0.08045986950218556,0.20243121619669596,0.22111111111111112
acs_FL_2018_ACSIncome,race,2,__A__,True,0.1114192912667421,-0.3311451021326808,-0.33114510213268084,-0.0804750679199868,-0.33510393020706053,-0.3351039302070606,-0.08009641351217277,,0.19916666666666666
acs_FL_2018_ACSIncome,race,3,AGEP,False,0.12217405324065789,1.298275686258476,1.2982756862584761,0.36812892922265517,0.47293095507092825,0.4729309550709289,0.1571632474710458,0.5600755629293062,0.4816666666666667
acs_FL_2018_ACSIncome,race,3,WKHP,False,0.31661033030896046,1.6377279992572893,1.6377279992572906,0.3375741843646181,0.923982732661404,0.923982732661403,0.3122258055925636,0.7836396632115964,0.23944444444444443
acs_FL_2018_ACSIncome,race,3,COW_1.0,False,0.1194357035956867,-0.5486230521091302,-0.5486230521091295,-0.14682744390996727,-0.16053272969402638,-0.16053272969402643,-0.053734919137394484,0.04629086922034817,0.6586111111111111
acs_FL_2018_ACSIncome,race,3,MAR_1.0,False,0.15898049078827114,1.314323244740008,1.3143232447400082,0.37651581492274144,0.669300262498235,0.6693002624982359,0.20733554371828414,0.10326337819614795,0.5363888888888889
acs_FL_2018_ACSIncome,race,3,MAR_3.0,False,0.04129558344532258,0.44433527652495397,0.4443352765249534,0.08293796356226915,-0.22062651915350875,-0.22062651915350864,-0.05308963496244132,0.022092081470888793,0.1275
acs_FL_2018_ACSIncome,race,3,MAR_5.0,False,0.21552328560256723,-1.6021207562111186,-1.6021207562111197,-0.44950332446905983,-0.8852146028488503,-0.8852146028488502,-0.19576764992615353,0.08046372246765224,0.2980555555555556
acs_FL_2018_ACSIncome,race,3,OCCP_0,False,0.4483293722913463,1.9493006889968234,1.9493006889968238,0.330069703926097,1.190800912253886,1.190800912253887,0.37141710427841423,0.33733366749300703,0.16111111111111112
acs_FL_2018_ACSIncome,race,3,OCCP_2,False,0.06255155944713797,0.39327153423983896,0.3932715342398381,0.06995391079627256,-0.21847825726134368,-0.21847825726134404,-0.04663601817511742,0.14376622115328724,0.1075
acs_FL_2018_ACSIncome,race,3,OCCP_3,False,0.11603142999360028,0.9376081682999564,0.9376081682999557,0.15752051729649086,0.30933135924017996,0.30933135924017985,0.07296733637325431,0.1304061866773922,0.10833333333333334
acs_FL_2018_ACSIncome,race,3,OCCP_4,False,0.3169033050372732,-0.9740863588060289,-0.9740863588060301,-0.2614271944830648,-1.2717437201814166,-1.2717437201814177,-0.31465093598334065,0.16038010398047467,0.26416666666666666
acs_FL_2018_ACSIncome,race,3,OCCP_5,False,0.3443173585651248,-0.32912698748720626,-0.3291269874872059,-0.06569871535234874,-1.1092971374361646,-1.1092971374361655,-0.19225904446134817,0.1868540981250791,0.11611111111111111
acs_FL_2018_ACSIncome,race,3,POBP_0,False,0.13436953480237845,0.16982387214171246,0.16982387214171227,0.0441941302415983,0.46063779524916765,0.46063779524916776,0.1264988483261859,0.11994981319227768,0.7422222222222222
acs_FL_2018_ACSIncome,race,3,POBP_3,False,0.18840201379824728,-0.326813313485796,-0.3268133134857963,-0.07872982974765412,-0.7095506331444559,-0.7095506331444554,-0.1634266390521981,0.12847446090286474,0.19416666666666665
acs_FL_2018_ACSIncome,race,3,RELP_0.0,False,0.13420954657679193,1.3600348899679713,1.3600348899679728,0.3890384846108351,0.46896741675530723,0.4689674167553068,0.15318508758831145,0.20113508281177986,0.5111111111111111
acs_FL_2018_ACSIncome,race,3,RELP_1.0,False,0.05040454491465199,0.7821421469529566,0.7821421469529574,0.18654989714653758,0.07827206277396997,0.07827206277397016,0.023825531538576424,0.10205582036704255,0.23666666666666666
acs_FL_2018_ACSIncome,race,3,SCHL_16.0,False,0.45453265104924645,-0.557974851338787,-0.5579748513387865,-0.13964188133864414,-1.5222480623377694,-1.5222480623377717,-0.31248989841959757,0.24051391725664548,0.20194444444444445
acs_FL_2018_ACSIncome,race,3,SCHL_19.0,False,0.07750526145378014,-0.23779420024773112,-0.237794200247731,-0.04816734939348395,-0.4184671453499038,-0.4184671453499043,-0.08992510539607451,0.04795196872669345,0.13333333333333333
acs_FL_2018_ACSIncome,race,3,SCHL_20.0,False,0.12182964820302411,0.21786704394237133,0.21786704394237144,0.040849304215814806,-0.40486062136545187,-0.4048606213654517,-0.08433831373187711,0.02038238587079739,0.11472222222222223
acs_FL_2018_ACSIncome,race,3,SCHL_21.0,False,0.22703008735037203,1.2580337418205276,1.258033741820528,0.28006220416643657,0.36795083913131077,0.3679508391313104,0.11641678804543125,0.21588769230513324,0.22444444444444445
acs_FL_2018_ACSIncome,race,3,__A__,True,0.07368344221013834,-0.44053026981543253,-0.44053026981543186,-0.10707670659964177,-0.2627291033415387,-0.2627291033415389,-0.06117048821940573,,0.19916666666666666
acs_FL_2018_ACSIncome,race,4,AGEP,False,0.15107607136980183,1.2303683498279645,1.2303683498279638,0.3566722582936403,0.6613675049548127,0.661367504954812,0.22111965146328103,0.536129818235771,0.48138888888888887
acs_FL_2018_ACSIncome,race,4,WKHP,False,0.2765137045478435,1.4713038658149606,1.4713038658149609,0.31705602166251096,1.066923664625185,1.066923664625186,0.36088983068516606,0.8004519491454714,0.24888888888888888
acs_FL_2018_ACSIncome,race,4,COW_1.0,False,0.09361565713440245,-0.5210853886799818,-0.5210853886799812,-0.14022784753909479,0.032350608890861776,0.03235060889086168,0.010743905878327338,0.051021582621090335,0.6730555555555555
acs_FL_2018_ACSIncome,race,4,MAR_1.0,False,0.22265667636162856,1.3553362064223073,1.3553362064223078,0.39722679052987064,0.9044647133077215,0.9044647133077212,0.2893129704356089,0.17188919883265358,0.5380555555555555
acs_FL_2018_ACSIncome,race,4,MAR_3.0,False,0.03596039616111532,0.5426303815434981,0.5426303815434979,0.10688992206002082,-0.0517804705205922,-0.051780470520592196,-0.012159739291737163,0.010072777230722451,0.13166666666666665
acs_FL_2018_ACSIncome,race,4,MAR_5.0,False,0.31668788398738035,-1.7110824559497073,-1.7110824559497084,-0.4789629283778587,-1.2423913898487653,-1.2423913898487664,-0.3026546228230335,0.16758128029650385,0.2827777777777778
acs_FL_2018_ACSIncome,race,4,OCCP_0,False,0.4639820755677767,1.78905026923976,1.7890502692397576,0.30584261379018196,1.211816674615829,1.21181667461583,0.3791145990574882,0.33707767226484914,0.1613888888888889
acs_FL_2018_ACSIncome,race,4,OCCP_2,False,0.03251495193541837,0.30534451916089056,0.30534451916089045,0.053825081628385986,-0.18122115762192478,-0.18122115762192495,-0.03925224265910788,0.12910680854480142,0.10444444444444445
acs_FL_2018_ACSIncome,race,4,OCCP_3,False,0.12848571862123703,0.6950788514163257,0.6950788514163264,0.12297665064426884,0.3779143830132176,0.37791438301321756,0.0896543143568648,0.11239476343776254,0.11388888888888889
acs_FL_2018_ACSIncome,race,4,OCCP_4,False,0.38932307522001436,-0.9609491402542378,-0.9609491402542375,-0.2622145067561548,-1.3489951462111789,-1.34899514621118,-0.32862399120163466,0.16209251104339525,0.2602777777777778
acs_FL_2018_ACSIncome,race,4,OCCP_5,False,0.4255372786286002,-0.30537623644803613,-0.30537623644803635,-0.06120814238528759,-1.3622373306846824,-1.3622373306846824,-0.2408916077352725,0.19656608476611348,0.11388888888888889
acs_FL_2018_ACSIncome,race,4,POBP_0,False,0.09158878504672896,0.18131252639914996,0.18131252639915052,0.04863648886320793,0.3833601287198403,0.38336012871984027,0.10340221938175839,0.10953927648547078,0.7377777777777778
acs_FL_2018_ACSIncome,race,4,POBP_3,False,0.21275351288881367,-0.42104919597314017,-0.4210491959731401,-0.10355216208279004,-0.9011392149110395,-0.9011392149110383,-0.19455308652954664,0.1380242029571194,0.18888888888888888
acs_FL_2018_ACSIncome,race,4,RELP_0.0,False,0.11317706374740596,1.2658629586315342,1.2658629586315335,0.3700988266066069,0.3921393660510931,0.3921393660510927,0.1255189513926269,0.17168389773339693,0.5272222222222223
acs_FL_2018_ACSIncome,race,4,RELP_1.0,False,0.0809509636897309,0.7648908742076215,0.7648908742076203,0.1842130871393609,0.10138797823256102,0.10138797823256106,0.02983921436397592,0.05123380838575024,0.22444444444444445
acs_FL_2018_ACSIncome,race,4,RELP_2.0,False,0.4211817168338908,-1.8504799537923133,-1.8504799537923151,-0.3635157122615477,-1.8595305374402615,-1.8595305374402618,-0.17482599968072446,0.15549986765845109,0.09222222222222222
acs_FL_2018_ACSIncome,race,4,SCHL_16.0,False,0.32077494995710604,-0.7110774243073952,-0.7110774243073947,-0.18261305936047373,-1.3091744876836866,-1.3091744876836886,-0.2662210896130048,0.24255062768198055,0.20472222222222222
acs_FL_2018_ACSIncome,race,4,SCHL_19.0,False,0.1999858135905802,-0.1855593639190336,-0.18555936391903355,-0.03850498341917825,-0.7170179147030664,-0.7170179147030667,-0.15429598184735754,0.06452262298629254,0.13472222222222222
acs_FL_2018_ACSIncome,race,4,SCHL_20.0,False,0.2015917415917416,0.1696017099244964,0.16960170992449627,0.03203251724275663,-0.579970704387377,-0.5799707043873777,-0.1287996200267004,0.037350181783960636,0.11805555555555555
acs_FL_2018_ACSIncome,race,4,SCHL_21.0,False,0.2199377179870453,1.2679231974966525,1.2679231974966527,0.27717461328363546,0.3246882567177949,0.32468825671779517,0.10038995766332016,0.21413285068147114,0.2061111111111111
acs_FL_2018_ACSIncome,race,4,__A__,True,0.09545880320669564,-0.34065156569517185,-0.34065156569517163,-0.0844214418275323,-0.2785318752983118,-0.278531875298312,-0.06472612257350734,,0.19916666666666666
acs_FL_2018_ACSIncome,race,5,AGEP,False,0.12497733957883772,1.2932135646600142,1.2932135646600151,0.37454852791099424,0.5735547624280288,0.5735547624280288,0.19909398881880794,0.5281916025103081,0.4777777777777778
acs_FL_2018_ACSIncome,race,5,WKHP,False,0.2945177490446291,1.4012435146984363,1.4012435146984379,0.28797993943087946,1.0038370321652343,1.0038370321652348,0.35183427425834773,0.7380327133161696,0.23777777777777778
acs_FL_2018_ACSIncome,race,5,COW_1.0,False,0.08866484392800184,-0.5291529150339944,-0.5291529150339939,-0.14310762827388954,0.002630429250765176,0.002630429250765082,0.0009066171359042743,0.04931046889888378,0.6680555555555555
acs_FL_2018_ACSIncome,race,5,MAR_1.0,False,0.19205304577080895,1.3679546335111008,1.3679546335110984,0.3996222869340898,0.7237859533168394,0.7237859533168394,0.2363577476592608,0.12292765239102503,0.5305555555555556
acs_FL_2018_ACSIncome,race,5,MAR_3.0,False,0.08882492942934628,0.5623213073009923,0.562321307300992,0.11196052179415035,-0.2981386609947568,-0.2981386609947571,-0.07521902743670345,0.0009046871165869622,0.13805555555555554
acs_FL_2018_ACSIncome,race,5,MAR_5.0,False,0.21615851709811446,-1.7745513040859957,-1.774551304085994,-0.500365684127024,-0.9373688020137794,-0.9373688020137778,-0.2200719408883387,0.12165615114405691,0.2827777777777778
acs_FL_2018_ACSIncome,race,5,OCCP_0,False,0.49189753816204923,1.8855246723649226,1.8855246723649228,0.2985462715544469,1.1068227265204558,1.1068227265204547,0.36566767585290755,0.3154133643048542,0.15888888888888889
acs_FL_2018_ACSIncome,race,5,OCCP_2,False,0.15128474410137926,0.3115432099833999,0.31154320998339946,0.05659344562419625,-0.5259664436056848,-0.5259664436056849,-0.11798699771746415,0.16952632476350973,0.10916666666666666
acs_FL_2018_ACSIncome,race,5,OCCP_3,False,0.09440151186865042,0.7339202797200313,0.7339202797200318,0.12983758785636604,0.20358426519769368,0.20358426519769354,0.04925648199841301,0.10059728643842675,0.11222222222222222
acs_FL_2018_ACSIncome,race,5,OCCP_4,False,0.36864866757712644,-0.8930551617825333,-0.8930551617825333,-0.2471853755855952,-1.2821774370713386,-1.2821774370713381,-0.3150260306147966,0.13863237229987185,0.26916666666666667
acs_FL_2018_ACSIncome,race,5,OCCP_5,False,0.48587783384800776,-0.32383151540355515,-0.3238315154035556,-0.06655301467125485,-1.455060602244198,-1.4550606022441976,-0.24376597109730425,0.1895084516928711,0.11527777777777778
acs_FL_2018_ACSIncome,race,5,POBP_0,False,0.19375998654444537,0.275340876086156,0.2753408760861565,0.07355024583470837,0.6862414583723736,0.6862414583723725,0.1986403785249187,0.1426004225348742,0.7341666666666666
acs_FL_2018_ACSIncome,race,5,POBP_3,False,0.30105348953201216,-0.3414249676726353,-0.34142496767263497,-0.08423253042404161,-1.0804420263334058,-1.0804420263334067,-0.2600319394542729,0.14721794811774447,0.19722222222222222
acs_FL_2018_ACSIncome,race,5,RELP_0.0,False,0.16219035202086052,1.4480789394955655,1.448078939495565,0.4237680736927068,0.5885345452243114,0.5885345452243108,0.198271677861088,0.23164829830732897,0.5238888888888888
acs_FL_2018_ACSIncome,race,5,RELP_1.0,False,0.029908355795148278,0.6723701898502876,0.672370189850288,0.16134183388168571,-0.0694115832961508,-0.06941158329615084,-0.021732812457410947,0.07947872721514025,0.23
acs_FL_2018_ACSIncome,race,5,RELP_2.0,False,0.4519196587273373,-2.1171596954029717,-2.1171596954029708,-0.4329952176647566,-1.8913957680636404,-1.891395768063639,-0.20626440910674232,0.22845634822786226,0.1025
acs_FL_2018_ACSIncome,race,5,SCHL_16.0,False,0.3179944248826291,-0.6242990208344676,-0.6242990208344682,-0.1604821527720831,-1.1738906779101659,-1.1738906779101645,-0.257260931272859,0.23877883248447418,0.20833333333333334
acs_FL_2018_ACSIncome,race,5,SCHL_19.0,False,0.0844640481691521,-0.34430211816550593,-0.34430211816550593,-0.07292154410641065,-0.3792000268673921,-0.3792000268673923,-0.08506373980391661,0.06418589579988858,0.14027777777777778
acs_FL_2018_ACSIncome,race,5,SCHL_20.0,False,0.22172828638497655,0.21682801213395386,0.2168280121339535,0.03952190497434259,-0.669669649903253,-0.6696696499032522,-0.1467596949368264,0.02882231560762727,0.10777777777777778
acs_FL_2018_ACSIncome,race,5,SCHL_21.0,False,0.2141494512981483,1.2290258630031992,1.2290258630032007,0.2718321782651608,0.32848903512609784,0.32848903512609773,0.10743311198966787,0.20986438569608196,0.21666666666666667
acs_FL_2018_ACSIncome,race,5,__A__,True,0.09061713076165101,-0.47354058159563084,-0.4735405815956307,-0.11734444721295201,-0.295949459030452,-0.2959494590304521,-0.07122669235043609,,0.19916666666666666
acs_FL_2018_ACSIncome,race,6,AGEP,False,0.14157421923900015,1.2447772764272527,1.2447772764272524,0.36074264728430666,0.5904719049673006,0.5904719049673002,0.2042818945572235,0.5134833583930546,0.4797222222222222
acs_FL_2018_ACSIncome,race,6,WKHP,False,0.29346583319976494,1.482589091526182,1.4825890915261828,0.3139822393603452,0.9725826564598385,0.9725826564598394,0.3420415956764536,0.7739101556386474,0.2411111111111111
acs_FL_2018_ACSIncome,race,6,COW_1.0,False,0.08430927639703178,-0.46686058797587116,-0.4668605879758705,-0.1275230289824673,-0.13123764694648704,-0.1312376469464871,-0.045744169419673957,0.05383920860416068,0.6594444444444445
acs_FL_2018_ACSIncome,race,6,MAR_1.0,False,0.2617876464535829,1.4320822371364965,1.432082237136497,0.42109727415871656,0.938266531801009,0.9382665318010087,0.3076090275809923,0.1810319923085593,0.545
acs_FL_2018_ACSIncome,race,6,MAR_3.0,False,0.11421012288900423,0.6921171110854214,0.692117111085421,0.1350657623707316,-0.35521660573571695,-0.3552166057357166,-0.08533465368625852,0.021906409607951784,0.1272222222222222
acs_FL_2018_ACSIncome,race,6,MAR_5.0,False,0.288580194691663,-1.8702705712184005,-1.8702705712184011,-0.5281374049220204,-1.0930848189280464,-1.0930848189280467,-0.27491350303223083,0.18528544382437362,0.2875
acs_FL_2018_ACSIncome,race,6,OCCP_0,False,0.4048054344537206,1.724776169956033,1.7247761699560327,0.28919788471769,1.06607898823652,1.0660789882365205,0.35392150148559137,0.30147073152059023,0.165
acs_FL_2018_ACSIncome,race,6,OCCP_2,False,0.020266645732752386,0.2490221539560591,0.24902215395605926,0.04329599998306665,-0.24709626715699412,-0.24709626715699406,-0.05770274136199353,0.1719199848041303,0.105
acs_FL_2018_ACSIncome,race,6,OCCP_3,False,0.12439674879349757,0.8468080664468947,0.8468080664468944,0.15166079013040915,0.2198671275045223,0.21986712750452214,0.053669510632173366,0.12115542361291773,0.11388888888888889
acs_FL_2018_ACSIncome,race,6,OCCP_4,False,0.42857231648952704,-0.9399238197015745,-0.9399238197015756,-0.25801706341102154,-1.3024790647323548,-1.302479064732354,-0.31204395244516514,0.13678750610663884,0.2561111111111111
acs_FL_2018_ACSIncome,race,6,OCCP_5,False,0.3732017775099796,-0.4914993152485474,-0.4914993152485474,-0.10385642872326,-1.1492090654987952,-1.1492090654987948,-0.19373368487611595,0.18404469602849485,0.12111111111111111
acs_FL_2018_ACSIncome,race,6,POBP_0,False,0.15825368121932315,0.04479744145954445,0.04479744145954446,0.011871394041084143,0.5532356944979115,0.5532356944979117,0.15924943367042327,0.1317534645668349,0.7436111111111111
acs_FL_2018_ACSIncome,race,6,POBP_3,False,0.22586246123265197,-0.14806398554759448,-0.1480639855475942,-0.03599783693057754,-0.8665440947058601,-0.866544094705859,-0.21152319599530225,0.13851738975005,0.19055555555555556
acs_FL_2018_ACSIncome,race,6,RELP_0.0,False,0.137299201339239,1.355758798240742,1.3557587982407415,0.39731976265127367,0.4693868163083778,0.46938681630837764,0.1588488919170592,0.2235682381078485,0.5180555555555556
acs_FL_2018_ACSIncome,race,6,RELP_1.0,False,0.030978634919240244,0.756360954343777,0.7563609543437764,0.18612483632363966,0.10789682850054805,0.107896828500548,0.03368174196471223,0.05848957546438874,0.2363888888888889
acs_FL_2018_ACSIncome,race,6,RELP_2.0,False,0.5485987696514012,-2.478582474485105,-2.4785824744851026,-0.5022440022327671,-2.0811977912011885,-2.08119779120119,-0.2604213822027808,0.2776063524235883,0.10222222222222223
acs_FL_2018_ACSIncome,race,6,SCHL_16.0,False,0.4623100895987534,-0.75650816913302,-0.756508169133021,-0.1945892687213356,-1.332979413736491,-1.3329794137364905,-0.30186369448821104,0.3038444726886113,0.20916666666666667
acs_FL_2018_ACSIncome,race,6,SCHL_19.0,False,0.09943820224719102,-0.1446911277007119,-0.14469112770071185,-0.030744996247251213,-0.6050333741057516,-0.6050333741057523,-0.13203846203047243,0.06265640459563837,0.1375
acs_FL_2018_ACSIncome,race,6,SCHL_20.0,False,0.15456663560111827,0.2459892310152063,0.24598923101520642,0.04689274023735427,-0.5351364341794782,-0.5351364341794786,-0.11469262623646517,0.01184522257974484,0.11277777777777778
acs_FL_2018_ACSIncome,race,6,SCHL_21.0,False,0.1894307424015944,1.166989721631484,1.166989721631485,0.2559215628646101,0.1952376033894933,0.19523760338949314,0.06360337284860752,0.21472297232778073,0.20972222222222223
acs_FL_2018_ACSIncome,race,6,__A__,True,0.08384122233981728,-0.3010327361130636,-0.3010327361130633,-0.07484028753200725,-0.29142711639245866,-0.29142711639245883,-0.070577989615731,,0.19916666666666666
acs_FL_2018_ACSIncome,race,7,AGEP,False,0.1568832840799368,1.4110873937425998,1.4110873937425983,0.4116511624443068,0.705081136819809,0.7050811368198087,0.2377814534718272,0.5738553157050178,0.48305555555555557
acs_FL_2018_ACSIncome,race,7,WKHP,False,0.34318873036938735,1.5505239831003013,1.5505239831003006,0.3232734951810824,1.0127779487738182,1.0127779487738187,0.3455411515221335,0.773720332674399,0.24194444444444443
acs_FL_2018_ACSIncome,race,7,COW_1.0,False,0.06574775858047263,-0.38376582461108977,-0.3837658246110897,-0.10380561720182144,0.03231770628253566,0.03231770628253566,0.010770344257765537,0.06259571742517252,0.6747222222222222
acs_FL_2018_ACSIncome,race,7,MAR_1.0,False,0.2583782630619449,1.3063603724944666,1.3063603724944681,0.38416947159235104,0.8969442947235153,0.8969442947235154,0.2877914493529692,0.16755150835068428,0.5330555555555555
acs_FL_2018_ACSIncome,race,7,MAR_3.0,False,0.10407296780764697,0.6041002745789383,0.6041002745789382,0.12353302805261128,-0.2771815686043804,-0.27718156860438037,-0.0668435894913284,0.007258645041472898,0.14083333333333334
acs_FL_2018_ACSIncome,race,7,MAR_5.0,False,0.2998322403538203,-1.7628873928522288,-1.7628873928522293,-0.4971560248578461,-1.0985060745116937,-1.0985060745116926,-0.2616457235158109,0.1412238632307164,0.2822222222222222
acs_FL_2018_ACSIncome,race,7,OCCP_0,False,0.49461512225836923,1.8783537967190749,1.8783537967190778,0.3114125028056621,1.2290838909586326,1.2290838909586317,0.39154014951459243,0.33253851839171417,0.16083333333333333
acs_FL_2018_ACSIncome,race,7,OCCP_2,False,0.06797073919896535,0.5083997787515311,0.5083997787515309,0.08767199598368947,-0.21146184852254815,-0.21146184852254826,-0.0451928370405731,0.13184876159169925,0.09888888888888889
acs_FL_2018_ACSIncome,race,7,OCCP_3,False,0.0837980278816729,0.7127274292597996,0.712727429259799,0.12290767802648707,0.21635328214796296,0.21635328214796293,0.05242742619703523,0.11045099938689858,0.1111111111111111
acs_FL_2018_ACSIncome,race,7,OCCP_4,False,0.3610280540830306,-0.6769703548830741,-0.6769703548830739,-0.18804573355125773,-1.1754307455250483,-1.1754307455250468,-0.27783142919369574,0.09256378454410497,0.26694444444444443
acs_FL_2018_ACSIncome,race,7,OCCP_5,False,0.49006760862959586,-0.5039243933870152,-0.5039243933870148,-0.10806833030037317,-1.5723628782921015,-1.5723628782921015,-0.29434971829878676,0.2548047569440292,0.1313888888888889
acs_FL_2018_ACSIncome,race,7,POBP_0,False,0.21572319438926224,0.3198908091483328,0.31989080914833246,0.08440166735316097,0.8021833556981459,0.8021833556981455,0.22267608555459956,0.1488937204358554,0.7475
acs_FL_2018_ACSIncome,race,7,POBP_3,False,0.2981521355668284,-0.45784169938652175,-0.4578416993865213,-0.11125496885384499,-1.1569322735896854,-1.1569322735896859,-0.2706067839676927,0.1560696168542883,0.18888888888888888
acs_FL_2018_ACSIncome,race,7,RELP_0.0,False,0.13190991517987716,1.3130336208313151,1.3130336208313151,0.3857131166938848,0.5162870742915948,0.5162870742915954,0.16997251897046844,0.20364779391934204,0.5172222222222222
acs_FL_2018_ACSIncome,race,7,RELP_1.0,False,0.023164403692720686,0.6251829512447784,0.6251829512447777,0.15244344754516748,-0.035245557830487384,-0.03524555783048747,-0.010788441078460585,0.04043994594021771,0.2361111111111111
acs_FL_2018_ACSIncome,race,7,RELP_2.0,False,0.49922269724057516,-2.0223456140938865,-2.0223456140938865,-0.4067427885341866,-1.9109603064117708,-1.9109603064117708,-0.20922206743123908,0.20937162677390692,0.09833333333333333
acs_FL_2018_ACSIncome,race,7,SCHL_16.0,False,0.48847477545538487,-0.7176514879308586,-0.7176514879308591,-0.18307986336564516,-1.6271154009266846,-1.6271154009266844,-0.323967048148384,0.2740562087931662,0.19694444444444445
acs_FL_2018_ACSIncome,race,7,SCHL_19.0,False,0.1734109340393999,-0.18641071532470854,-0.1864107153247085,-0.04001954643200787,-0.6710316534181182,-0.6710316534181178,-0.13414980286164957,0.037402754731627845,0.13583333333333333
acs_FL_2018_ACSIncome,race,7,SCHL_20.0,False,0.16143775390951087,0.30782186825957925,0.30782186825957925,0.058143577374588515,-0.7622045678206407,-0.7622045678206405,-0.1667056837378112,0.011143746465258448,0.11527777777777778
acs_FL_2018_ACSIncome,race,7,SCHL_21.0,False,0.1880180277888242,1.0618938375768723,1.061893837576872,0.23713192777458447,0.3736659328772096,0.37366593287720945,0.1190359879447615,0.1962738735248958,0.21888888888888888
acs_FL_2018_ACSIncome,race,7,__A__,True,0.13851075994793383,-0.300030066989325,-0.30003006698932516,-0.07470758536828283,-0.37867582891390833,-0.37867582891390844,-0.08857238281610554,,0.19916666666666666
acs_FL_2018_ACSIncome,race,8,AGEP,False,0.15579858401355523,1.456407347940341,1.4564073479403408,0.4033301906739774,0.6616975252800762,0.661697525280076,0.2248809137860699,0.56912920357537,0.49277777777777776
acs_FL_2018_ACSIncome,race,8,WKHP,False,0.29873044909439717,1.5341135330227398,1.5341135330227393,0.3156243984716441,0.9165435567423504,0.9165435567423507,0.317415724973131,0.7878754660643383,0.25333333333333335
acs_FL_2018_ACSIncome,race,8,COW_1.0,False,0.09339888779000957,-0.5430376584623202,-0.5430376584623207,-0.14005263780250635,-0.12818467543553652,-0.1281846754355366,-0.043930787675256926,0.04741373164105458,0.66
acs_FL_2018_ACSIncome,race,8,MAR_1.0,False,0.24992924127780813,1.4019968120703306,1.4019968120703314,0.3910134118752512,0.8626423903261711,0.8626423903261711,0.28458968017317665,0.1493654750522587,0.5327777777777778
acs_FL_2018_ACSIncome,race,8,MAR_3.0,False,0.050259341589922735,0.7108012543005799,0.7108012543005788,0.1357712804115258,-0.10744983981574796,-0.10744983981574804,-0.027324662822182016,0.008651519569509002,0.1425
acs_FL_2018_ACSIncome,race,8,MAR_5.0,False,0.255232830935787,-1.8802146113190594,-1.8802146113190576,-0.5000719502743433,-1.0673539573569322,-1.0673539573569326,-0.26104720727718866,0.1343479878717068,0.2791666666666667
acs_FL_2018_ACSIncome,race,8,OCCP_0,False,0.5013256274501879,2.057649424511034,2.0576494245110326,0.3361168181139299,1.2142103385069671,1.2142103385069667,0.39051939759725907,0.33492493764008385,0.16444444444444445
acs_FL_2018_ACSIncome,race,8,OCCP_2,False,0.035356529290717226,0.2043317446677677,0.20433174466776755,0.03453221333963796,-0.16166311427916835,-0.1616631142791685,-0.036648878796571124,0.1488037713231128,0.10777777777777778
acs_FL_2018_ACSIncome,race,8,OCCP_3,False,0.07046580926060306,0.7612944769461885,0.7612944769461882,0.12725034064591403,0.11630560558712183,0.11630560558712186,0.029055523583368117,0.11614073794457595,0.11638888888888889
acs_FL_2018_ACSIncome,race,8,OCCP_4,False,0.3193638692000714,-0.8733756310674943,-0.8733756310674935,-0.22600181510642509,-1.1738929984948419,-1.173892998494841,-0.2814025383439278,0.12650238110360165,0.25333333333333335
acs_FL_2018_ACSIncome,race,8,OCCP_5,False,0.4713428629866146,-0.37258854058365753,-0.37258854058365803,-0.07384311919666563,-1.3342856131803154,-1.3342856131803145,-0.23157518947723155,0.19902992201581654,0.12055555555555555
acs_FL_2018_ACSIncome,race,8,POBP_0,False,0.17450142450142447,0.13427360273767608,0.1342736027376758,0.033636100193332824,0.5957878918476253,0.5957878918476258,0.16155039559779075,0.11851334439389757,0.7525
acs_FL_2018_ACSIncome,race,8,POBP_3,False,0.29215491559086393,-0.2736541066518221,-0.2736541066518221,-0.06316392602458684,-1.011327161872338,-1.0113271618723387,-0.2221557243645865,0.11688122183749076,0.1827777777777778
acs_FL_2018_ACSIncome,race,8,RELP_0.0,False,0.17317326547046064,1.47001734552101,1.4700173455210115,0.4093222873202024,0.6991436731834769,0.6991436731834773,0.2333119213283457,0.2295855641472544,0.52
acs_FL_2018_ACSIncome,race,8,RELP_1.0,False,0.033979953253508,0.6806138841662477,0.6806138841662478,0.1582696995597528,-0.07682348795689442,-0.07682348795689442,-0.023684421919693974,0.05696592234716872,0.23694444444444446
acs_FL_2018_ACSIncome,race,8,RELP_2.0,False,0.5610182088442958,-2.0561617558452117,-2.0561617558452134,-0.3947804909659558,-2.2790630446355253,-2.279063044635525,-0.21872592991158335,0.17804488678837949,0.09777777777777778
acs_FL_2018_ACSIncome,race,8,SCHL_16.0,False,0.40128808162674573,-0.7804612146239451,-0.7804612146239452,-0.18775031448479385,-1.405916160302856,-1.4059161603028583,-0.3057629185051986,0.27184691561434876,0.20027777777777778
acs_FL_2018_ACSIncome,race,8,SCHL_19.0,False,0.06089962768786572,-0.06918620115725638,-0.06918620115725618,-0.013631647223712894,-0.43559652151731687,-0.43559652151731654,-0.0924519192441649,0.03535533398010571,0.1313888888888889
acs_FL_2018_ACSIncome,race,8,SCHL_20.0,False,0.23295885061490934,0.33437718965259444,0.33437718965259416,0.06083783580352218,-0.6799479858643146,-0.679947985864315,-0.1473765699387788,0.014561456596282397,0.11638888888888889
acs_FL_2018_ACSIncome,race,8,SCHL_21.0,False,0.24014619549186958,1.2970561165985215,1.2970561165985226,0.2761726941145941,0.2720479111200134,0.27204791112001364,0.08688007902384846,0.22807619911455998,0.21666666666666667
acs_FL_2018_ACSIncome,race,8,__A__,True,0.11770859944284273,-0.392540841052182,-0.3925408410521816,-0.092586589928059,-0.3102328774229432,-0.31023287742294314,-0.07359253044572094,,0.19916666666666666
acs_FL_2018_ACSIncome,race,9,AGEP,False,0.16146331591728602,1.5666351358346096,1.566635135834611,0.42288018532982724,0.7497907467770909,0.7497907467770906,0.2510613696716574,0.6364936578485234,0.4872222222222222
acs_FL_2018_ACSIncome,race,9,WKHP,False,0.27275666851812735,1.4772779451203744,1.4772779451203741,0.2937569782950434,0.9090083021864548,0.909008302186455,0.3085647188279998,0.7683702367198986,0.24194444444444443
acs_FL_2018_ACSIncome,race,9,COW_1.0,False,0.10686133874930762,-0.6198218318553474,-0.6198218318553482,-0.15843687380669108,-0.19729759757052573,-0.19729759757052573,-0.06606350544055171,0.056674738164136235,0.6575
acs_FL_2018_ACSIncome,race,9,MAR_1.0,False,0.19108368181114188,1.3458776226966098,1.3458776226966103,0.3669170706826543,0.7399203100906142,0.7399203100906141,0.23300943026416157,0.13143248126587284,0.5444444444444444
acs_FL_2018_ACSIncome,race,9,MAR_3.0,False,0.10540065737277571,0.6787042949783622,0.6787042949783612,0.1257709209018552,-0.30088575139177887,-0.3008857513917789,-0.0730349434818563,0.006350205526286808,0.13666666666666666
acs_FL_2018_ACSIncome,race,9,MAR_5.0,False,0.22940299093299843,-1.844217466656709,-1.8442174666567097,-0.4801585501215118,-0.9651787016609782,-0.9651787016609783,-0.21805368815376866,0.11121463656301106,0.2733333333333333
acs_FL_2018_ACSIncome,race,9,OCCP_0,False,0.45811051693404636,1.961785682922991,1.9617856829229927,0.3158101259478544,1.0799581746566589,1.0799581746566576,0.34587392712051435,0.32700558128448465,0.1686111111111111
acs_FL_2018_ACSIncome,race,9,OCCP_2,False,0.09402251466624387,0.5111582919519522,0.5111582919519525,0.08744342003475077,-0.0458187118149066,-0.04581871181490662,-0.009321957393065036,0.10713282479317965,0.10555555555555556
acs_FL_2018_ACSIncome,race,9,OCCP_3,False,0.10856157674072331,0.9303413599846893,0.9303413599846897,0.15091945387677155,0.34920873185928825,0.34920873185928797,0.08289353185677793,0.16402147097230474,0.11083333333333334
acs_FL_2018_ACSIncome,race,9,OCCP_4,False,0.39134045933843703,-0.9462607948245474,-0.9462607948245465,-0.23726402882027592,-1.260224352744864,-1.2602243527448618,-0.29682918010923415,0.13322400348814797,0.2461111111111111
acs_FL_2018_ACSIncome,race,9,OCCP_5,False,0.39189759303668176,-0.49020994284809083,-0.4902099428480911,-0.09388042530310724,-1.302338956879774,-1.3023389568797743,-0.22585248479808,0.23591910053383683,0.11833333333333333
acs_FL_2018_ACSIncome,race,9,POBP_0,False,0.21416405090395885,0.3903161340346626,0.3903161340346627,0.09560769959239092,0.7597583168452495,0.7597583168452493,0.21800280737637848,0.15840088730177293,0.74
acs_FL_2018_ACSIncome,race,9,POBP_3,False,0.303832095271784,-0.5016375396514432,-0.5016375396514424,-0.11274927493002239,-1.1597410939692971,-1.1597410939692958,-0.2759977322348137,0.15412244357143767,0.19
acs_FL_2018_ACSIncome,race,9,RELP_0.0,False,0.18754493563653873,1.4699801025955979,1.4699801025955996,0.4007271758542462,0.6534889703221687,0.6534889703221689,0.2135761126893579,0.22301025596526525,0.5294444444444445
acs_FL_2018_ACSIncome,race,9,RELP_1.0,False,0.0840072804307388,0.7752074721365898,0.7752074721365899,0.17591602479150228,-0.1829802480059195,-0.1829802480059196,-0.056103834312049,0.06930332813476756,0.23805555555555555
acs_FL_2018_ACSIncome,race,9,RELP_2.0,False,0.5316722694614725,-2.0886688715231796,-2.0886688715231796,-0.3855042822708657,-1.8507236960456896,-1.8507236960456903,-0.1862814568122688,0.21958528928155616,0.095
acs_FL_2018_ACSIncome,race,9,SCHL_16.0,False,0.4280945479215493,-0.7286887163118558,-0.7286887163118555,-0.1706191576856787,-1.4004363071952686,-1.4004363071952692,-0.291446857900418,0.27113239192058625,0.19555555555555557
acs_FL_2018_ACSIncome,race,9,SCHL_19.0,False,0.12742409962014112,-0.2155152678089034,-0.21551526780890348,-0.042151288545131074,-0.52636502911174,-0.5263650291117403,-0.11382499066358404,0.06541502017853419,0.1375
acs_FL_2018_ACSIncome,race,9,SCHL_20.0,False,0.18753259199751948,0.37328193600822024,0.3732819360082206,0.06530763276965493,-0.7137074643601348,-0.7137074643601339,-0.1553554725160868,0.028428192606342287,0.11472222222222223
acs_FL_2018_ACSIncome,race,9,SCHL_21.0,False,0.22598466582288626,1.2785024190037566,1.2785024190037568,0.26741292749745377,0.24301647341986798,0.24301647341986782,0.075888281579272,0.22003868783981756,0.21472222222222223
acs_FL_2018_ACSIncome,race,9,__A__,True,0.12448450786467646,-0.5129460459952442,-0.5129460459952436,-0.11830314662756768,-0.42033161399478797,-0.4203316139947881,-0.09848199212184891,,0.19916666666666666
acs_FL_2018_ACSIncome,race,10,AGEP,False,0.1396559035917493,1.1994037017298478,1.1994037017298458,0.34537031150438763,0.6229711899595185,0.6229711899595185,0.19920459567403817,0.587167765904117,0.4713888888888889
acs_FL_2018_ACSIncome,race,10,WKHP,False,0.3073113142794388,1.500586356629801,1.5005863566298028,0.31221406938297863,1.1558586387139627,1.1558586387139624,0.37612911783926467,0.810720291782425,0.24638888888888888
acs_FL_2018_ACSIncome,race,10,COW_1.0,False,0.11208300100850971,-0.5372668224093606,-0.5372668224093605,-0.14428769997446733,-0.18573929527725952,-0.18573929527725933,-0.059184827057709305,0.03904586844817969,0.6725
acs_FL_2018_ACSIncome,race,10,MAR_1.0,False,0.1347671935907231,1.2439396467783734,1.2439396467783734,0.36425064489905856,0.5667982020676317,0.5667982020676322,0.1721400410721343,0.1254045733487274,0.5411111111111111
acs_FL_2018_ACSIncome,race,10,MAR_3.0,False,0.06369976209069611,0.6082521602495461,0.6082521602495458,0.12052935691277455,-0.034977059439475044,-0.0349770594394751,-0.008043333493992782,0.023422847297763123,0.13555555555555557
acs_FL_2018_ACSIncome,race,10,MAR_5.0,False,0.1652763734411864,-1.6181658676296022,-1.6181658676296033,-0.4526948299757275,-0.7401998251618892,-0.7401998251618888,-0.1655683997058573,0.10923004704721484,0.2783333333333333
acs_FL_2018_ACSIncome,race,10,OCCP_0,False,0.44572441011712777,1.8207893600142497,1.8207893600142475,0.30471079016279007,1.1330521304211085,1.1330521304211087,0.34559117922052174,0.32789025663426113,0.16527777777777777
acs_FL_2018_ACSIncome,race,10,OCCP_2,False,0.07260602279771469,0.4084552525800502,0.4084552525800499,0.07086647605119124,-0.4075565386050908,-0.40755653860509106,-0.08452268205055656,0.20152956005271985,0.10222222222222223
acs_FL_2018_ACSIncome,race,10,OCCP_3,False,0.15624394966118105,0.760294138230132,0.7602941382301327,0.12507392444326193,0.5093654767322311,0.5093654767322314,0.11363584476959815,0.08796312232630371,0.10194444444444445
acs_FL_2018_ACSIncome,race,10,OCCP_4,False,0.3872725566335449,-0.8779878657007936,-0.8779878657007932,-0.2392032341462705,-1.3342908422470472,-1.334290842247047,-0.30231901048893395,0.10917734927674393,0.2563888888888889
acs_FL_2018_ACSIncome,race,10,OCCP_5,False,0.403069263250772,-0.34141985344703674,-0.3414198534470367,-0.07397039740763792,-1.3143886678065082,-1.3143886678065084,-0.22254740187352878,0.21390543850051122,0.13277777777777777
acs_FL_2018_ACSIncome,race,10,POBP_0,False,0.2007750020611757,0.3883867597499966,0.38838675974999687,0.10161702106977702,0.7637006734044731,0.763700673404473,0.20640791918996987,0.14633667925158306,0.7447222222222222
acs_FL_2018_ACSIncome,race,10,POBP_3,False,0.28652677214624117,-0.493647060672594,-0.4936470606725934,-0.11945283756111685,-1.1443481024453805,-1.1443481024453814,-0.2656749762863889,0.15408850705385269,0.19416666666666665
acs_FL_2018_ACSIncome,race,10,RELP_0.0,False,0.13523808351691624,1.3018021950611856,1.3018021950611842,0.3804280951823287,0.46073297021667503,0.46073297021667536,0.14413673363251267,0.20728591597174648,0.5191666666666667
acs_FL_2018_ACSIncome,race,10,RELP_1.0,False,0.05304530513364361,0.690157334086503,0.6901573340865029,0.16780573531595705,0.01261982176999793,0.012619821769997886,0.003652973268893072,0.07754700956466111,0.23555555555555555
acs_FL_2018_ACSIncome,race,10,RELP_2.0,False,0.4217817561807332,-1.9316491518073822,-1.9316491518073835,-0.3952384772764188,-1.697238524405913,-1.6972385244059136,-0.14265354586159865,0.17149717654961683,0.10027777777777777
acs_FL_2018_ACSIncome,race,10,SCHL_16.0,False,0.4135864135864136,-0.6103460342048923,-0.6103460342048921,-0.15492426703909157,-1.4851704738347897,-1.485170473834791,-0.31580184370141934,0.2698801462268558,0.2063888888888889
acs_FL_2018_ACSIncome,race,10,SCHL_19.0,False,0.15721770625967701,-0.23372966250571636,-0.23372966250571647,-0.049465093022085696,-0.5678018880130122,-0.5678018880130122,-0.11851266419000439,0.08398343767337375,0.14083333333333334
acs_FL_2018_ACSIncome,race,10,SCHL_20.0,False,0.17290205871994369,0.2924088912373075,0.2924088912373083,0.05526493577024817,-0.5829374533977368,-0.5829374533977374,-0.11306664143852337,0.00045900321770342786,0.11083333333333334
acs_FL_2018_ACSIncome,race,10,SCHL_21.0,False,0.2140301239910127,1.222082662343691,1.2220826623436916,0.265313410786697,0.3099298319415966,0.30992983194159696,0.09159105071439598,0.22140538011520633,0.2038888888888889
acs_FL_2018_ACSIncome,race,10,__A__,True,0.08482050533435526,-0.42971336469996935,-0.42971336469996907,-0.1064027953791216,-0.3184010110778996,-0.3184010110778997,-0.0708449594439374,,0.19916666666666666
acs_FL_2018_ACSIncome,race,11,AGEP,False,0.13921617932322727,1.207160579839398,1.2071605798393985,0.3553307865561947,0.6367002267972914,0.6367002267972917,0.21513694725955795,0.5374473444011966,0.4855555555555556
acs_FL_2018_ACSIncome,race,11,WKHP,False,0.2988861338038569,1.4686278250995894,1.4686278250995908,0.3200118503148812,1.0197571552092455,1.0197571552092464,0.3514962913923157,0.8042991324748838,0.24638888888888888
acs_FL_2018_ACSIncome,race,11,COW_1.0,False,0.10056236757699324,-0.553960248195301,-0.5539602481953009,-0.1544593753657143,-0.0027484167871320575,-0.0027484167871320523,-0.0009278464848970879,0.040595277895055265,0.6608333333333334
acs_FL_2018_ACSIncome,race,11,MAR_1.0,False,0.1668376767103785,1.3365925860927643,1.3365925860927643,0.3975830790099034,0.7259639286259789,0.7259639286259781,0.23638901858288747,0.15371279532381885,0.5316666666666666
acs_FL_2018_ACSIncome,race,11,MAR_3.0,False,0.058875647668393705,0.5632034183325481,0.5632034183325478,0.11262049829108269,-0.27498748767143555,-0.27498748767143577,-0.07062556687834637,0.0009252019093664396,0.13972222222222222
acs_FL_2018_ACSIncome,race,11,MAR_5.0,False,0.1710308122246778,-1.684107992681047,-1.684107992681048,-0.48370623528989126,-0.8052475333856113,-0.8052475333856113,-0.1867334388897889,0.13132597244898261,0.2852777777777778
acs_FL_2018_ACSIncome,race,11,OCCP_0,False,0.5179125806928497,2.0382652383563302,2.0382652383563324,0.35278616613424874,1.1802792024934132,1.1802792024934121,0.37903827823806846,0.34839441527301546,0.16305555555555556
acs_FL_2018_ACSIncome,race,11,OCCP_2,False,0.07532020504941572,0.27998617587945596,0.27998617587945634,0.049326728458682384,-0.4425938712957702,-0.44259387129577044,-0.09520422403186242,0.14178221719201256,0.09972222222222223
acs_FL_2018_ACSIncome,race,11,OCCP_3,False,0.05552534120632946,0.7909809217932819,0.7909809217932833,0.13353512105223628,0.09922198151686934,0.09922198151686937,0.024366962351821325,0.1047009514385227,0.10666666666666667
acs_FL_2018_ACSIncome,race,11,OCCP_4,False,0.36187154348919054,-0.8378946897896238,-0.8378946897896243,-0.23370740158854011,-1.1789282100955332,-1.1789282100955323,-0.27492871607039615,0.12380001360880816,0.2577777777777778
acs_FL_2018_ACSIncome,race,11,OCCP_5,False,0.4003242501714785,-0.3459690695259996,-0.34596906952599943,-0.0713973772292739,-1.100839594954093,-1.100839594954092,-0.19963265865041993,0.18510432467729906,0.11694444444444445
acs_FL_2018_ACSIncome,race,11,POBP_0,False,0.1963532094479613,0.27041508375005385,0.2704150837500543,0.07194669767177994,0.7591517473483722,0.7591517473483723,0.2151714396673218,0.14995366195373286,0.7480555555555556
acs_FL_2018_ACSIncome,race,11,POBP_3,False,0.294968921203493,-0.3950310580569827,-0.39503105805698185,-0.09771773984384421,-1.049553194561914,-1.0495531945619136,-0.24338687073563148,0.13613992157306262,0.18916666666666668
acs_FL_2018_ACSIncome,race,11,RELP_0.0,False,0.15819060302908294,1.2880526632537026,1.2880526632537022,0.3828070398256695,0.6366929696779434,0.6366929696779426,0.21150189371597705,0.19090039961092004,0.5194444444444445
acs_FL_2018_ACSIncome,race,11,RELP_1.0,False,0.059111802357858984,0.7218914780965109,0.7218914780965099,0.1772265116111693,-0.15243695387037837,-0.1524369538703785,-0.04714887985169316,0.044075933359836485,0.23333333333333334
acs_FL_2018_ACSIncome,race,11,RELP_2.0,False,0.45132455712660496,-1.9146008492976034,-1.914600849297603,-0.39511474036703276,-2.04238483308864,-2.0423848330886396,-0.18731880945830554,0.17183728156813877,0.09861111111111111
acs_FL_2018_ACSIncome,race,11,SCHL_16.0,False,0.37493167481644535,-0.6393338536276774,-0.6393338536276778,-0.16707601356601304,-1.4136692146627543,-1.413669214662754,-0.3040875379174868,0.2639990215455753,0.20805555555555555
acs_FL_2018_ACSIncome,race,11,SCHL_19.0,False,0.09452608708772137,-0.132513802119685,-0.13251380211968436,-0.028115399179799067,-0.4411462656697087,-0.4411462656697087,-0.09389720422314277,0.03187726385261977,0.13361111111111112
acs_FL_2018_ACSIncome,race,11,SCHL_20.0,False,0.17401937792310485,0.21911449665690408,0.21911449665690447,0.041412037971059704,-0.6555860952214353,-0.6555860952214353,-0.14806268575276912,0.022282982862009647,0.115
acs_FL_2018_ACSIncome,race,11,SCHL_21.0,False,0.1851830181043352,1.1124350802326224,1.1124350802326226,0.24988946973232254,0.3806146115312512,0.38061461153125065,0.12332773806039754,0.210190792415847,0.21861111111111112
acs_FL_2018_ACSIncome,race,11,__A__,True,0.08239358660876128,-0.39114823226361684,-0.39114823226361706,-0.09853692997607373,-0.3326343492221461,-0.3326343492221462,-0.07884901724849239,,0.19916666666666666
acs_FL_2018_ACSIncome,race,12,AGEP,False,0.1536670597062922,1.3874392070087889,1.387439207008788,0.3970749518650458,0.6208921454662437,0.6208921454662438,0.20692039996416142,0.5417785468649038,0.48194444444444445
acs_FL_2018_ACSIncome,race,12,WKHP,False,0.30726065417695375,1.580746505634464,1.5807465056344634,0.3297937785597884,1.0083918146122917,1.00839181461229,0.3433803531016875,0.7772982510667537,0.23916666666666667
acs_FL_2018_ACSIncome,race,12,COW_1.0,False,0.08866896273950534,-0.4294909736937067,-0.42949097369370637,-0.11460879474053044,0.07463873854080666,0.0746387385408066,0.024897670264177118,0.05677740749053124,0.6766666666666666
acs_FL_2018_ACSIncome,race,12,MAR_1.0,False,0.24939514810697705,1.3752175937116327,1.3752175937116327,0.399258389530805,0.9482852727675364,0.9482852727675367,0.30364327359023713,0.15569001915989042,0.5366666666666666
acs_FL_2018_ACSIncome,race,12,MAR_3.0,False,0.11032520325203243,0.6014166094943825,0.6014166094943826,0.11633950164354644,-0.4242654893341596,-0.42426548933416,-0.1019336551065349,0.01864929641654096,0.13111111111111112
acs_FL_2018_ACSIncome,race,12,MAR_5.0,False,0.27067400774443373,-1.7834857595744387,-1.783485759574436,-0.49920328135939346,-1.0512472195243,-1.0512472195243001,-0.24744479860772717,0.12383877139943103,0.2866666666666667
acs_FL_2018_ACSIncome,race,12,OCCP_0,False,0.4938826175521982,1.902737836640061,1.9027378366400594,0.31601944951321725,1.1878068126927745,1.187806812692774,0.3768984860303657,0.32580033753151066,0.16
acs_FL_2018_ACSIncome,race,12,OCCP_2,False,0.041762190462253934,0.20322638207911892,0.20322638207911856,0.03499316053273171,-0.1365600106374105,-0.13656001063741058,-0.027730008769543478,0.14381285691990103,0.09638888888888889
acs_FL_2018_ACSIncome,race,12,OCCP_3,False,0.08751536891024558,0.5927961483182675,0.5927961483182679,0.09824872625290737,-0.028383722650933252,-0.028383722650933252,-0.006919813467121728,0.08641732813727561,0.10777777777777778
acs_FL_2018_ACSIncome,race,12,OCCP_4,False,0.3125399943867528,-0.7214824303591922,-0.7214824303591925,-0.19870580000623658,-1.1365039172849496,-1.1365039172849503,-0.27773279662785655,0.11189877308303504,0.27444444444444444
acs_FL_2018_ACSIncome,race,12,OCCP_5,False,0.4386450470599199,-0.49051833482922413,-0.4905183348292241,-0.0993632331851359,-1.3524541966248642,-1.352454196624865,-0.2565109920177938,0.24522678778494164,0.1213888888888889
acs_FL_2018_ACSIncome,race,12,POBP_0,False,0.12149152108061612,0.14012418457437437,0.14012418457437442,0.03701032472381448,0.5366893334066725,0.536689333406672,0.14526257467379336,0.12003507667113855,0.7436111111111111
acs_FL_2018_ACSIncome,race,12,POBP_3,False,0.23428889546601273,-0.2658821102457094,-0.26588211024570946,-0.06500874269449065,-0.9017456134596408,-0.9017456134596393,-0.19667435501026856,0.11817370145840123,0.19
acs_FL_2018_ACSIncome,race,12,RELP_0.0,False,0.14263138700919809,1.37467981086785,1.374679810867851,0.39790068174526805,0.5249496516133473,0.5249496516133467,0.17200690391770496,0.21550153456588278,0.5161111111111111
acs_FL_2018_ACSIncome,race,12,RELP_1.0,False,0.04310198848517102,0.7140435981465267,0.7140435981465274,0.17206812809103433,-0.008038694038770389,-0.008038694038770321,-0.002445164477125667,0.06887381657285471,0.2338888888888889
acs_FL_2018_ACSIncome,race,12,RELP_2.0,False,0.5041451335055986,-2.093430014746266,-2.093430014746267,-0.4251049359962346,-2.1482136120450597,-2.1482136120450597,-0.2397352411529925,0.2198592001616486,0.10361111111111111
acs_FL_2018_ACSIncome,race,12,SCHL_16.0,False,0.4085160554287941,-0.8267348071159599,-0.82673480711596,-0.20963776124892608,-1.2790442439483398,-1.279044243948339,-0.2807733168183984,0.2787716068978941,0.20777777777777778
acs_FL_2018_ACSIncome,race,12,SCHL_19.0,False,0.11805053147086653,-0.022524651142499463,-0.0225246511424998,-0.004629334257589929,-0.5830682716039317,-0.5830682716039315,-0.1279940184433674,0.04052670844685575,0.13527777777777777
acs_FL_2018_ACSIncome,race,12,SCHL_20.0,False,0.14702171361502347,0.3179040404637461,0.31790404046374615,0.05785014470850876,-0.5962695477434304,-0.5962695477434299,-0.12746346950243811,0.015117442361315622,0.10888888888888888
acs_FL_2018_ACSIncome,race,12,SCHL_21.0,False,0.19571478495595485,1.2020496872381545,1.2020496872381539,0.2649185311805033,0.27362688429611814,0.2736268842961185,0.08546728641711572,0.20544125274641678,0.21083333333333334
acs_FL_2018_ACSIncome,race,12,__A__,True,0.10029439314866861,-0.44426639607786256,-0.44426639607786206,-0.109175294692649,-0.4066385217406912,-0.4066385217406916,-0.09546203022319871,,0.19916666666666666
acs_FL_2018_ACSIncome,race,13,AGEP,False,0.17832990726249154,1.462548309493261,1.4625483094932625,0.3897061627716296,0.7433903951631069,0.743390395163107,0.24581250296999188,0.5879385281534427,0.4727777777777778
acs_FL_2018_ACSIncome,race,13,WKHP,False,0.30492222316992557,1.5973642744871088,1.5973642744871088,0.31128702610495645,0.9441742723862205,0.9441742723862209,0.3165311739665378,0.8212769618181779,0.25083333333333335
acs_FL_2018_ACSIncome,race,13,COW_1.0,False,0.12025036135947914,-0.6375158080290293,-0.6375158080290292,-0.16040392124955194,-0.12556733693610322,-0.125567336936103,-0.04102530664741514,0.01644961023534407,0.6641666666666667
acs_FL_2018_ACSIncome,race,13,MAR_1.0,False,0.16040821923174864,1.517221295579548,1.5172212955795485,0.4095481215755246,0.7355832437653058,0.7355832437653066,0.23002978211195527,0.15018493121489446,0.5358333333333334
acs_FL_2018_ACSIncome,race,13,MAR_3.0,False,0.0484875253156376,0.508380329704025,0.5083803297040254,0.09321719910372786,-0.3030167173136898,-0.30301671731368984,-0.07377268192812624,0.023116050891073284,0.13944444444444445
acs_FL_2018_ACSIncome,race,13,MAR_5.0,False,0.21216796523438503,-1.9476060057700946,-1.9476060057700952,-0.5055125671737554,-0.9599070276639154,-0.9599070276639157,-0.2139178589520183,0.12542470531488,0.28055555555555556
acs_FL_2018_ACSIncome,race,13,OCCP_0,False,0.49924033234942233,2.1354001956499293,2.135400195649928,0.3339066165626687,1.165997655720925,1.1659976557209248,0.3661923242184532,0.33035161407399843,0.16694444444444445
acs_FL_2018_ACSIncome,race,13,OCCP_2,False,0.010354624495105103,0.3402743509872528,0.3402743509872533,0.05551182564900653,-0.14667575339700673,-0.14667575339700675,-0.030493921564331634,0.1316088150490477,0.10277777777777777
acs_FL_2018_ACSIncome,race,13,OCCP_3,False,0.11048935557475467,0.8970802451735356,0.8970802451735352,0.1355942933296263,0.252831132801989,0.2528311328019891,0.06001062865999102,0.12272506593161854,0.105
acs_FL_2018_ACSIncome,race,13,OCCP_4,False,0.3307445947372743,-0.9777522999409878,-0.9777522999409879,-0.24687294390435227,-1.21916393941012,-1.2191639394101195,-0.28443030225435345,0.14026118519146583,0.25972222222222224
acs_FL_2018_ACSIncome,race,13,OCCP_5,False,0.36487581699346405,-0.08163476845499984,-0.0816347684549998,-0.01563821820633338,-1.1393983854629584,-1.1393983854629584,-0.17806591911245945,0.1726002123671871,0.11694444444444445
acs_FL_2018_ACSIncome,race,13,POBP_0,False,0.15951427691495446,0.24344979709284775,0.24344979709284792,0.058642676040836,0.465322358137594,0.4653223581375943,0.1253483359980637,0.12308075336220549,0.7522222222222222
acs_FL_2018_ACSIncome,race,13,POBP_3,False,0.24284502044279876,-0.41275825013909784,-0.41275825013909856,-0.09140078175974141,-0.7345608627473245,-0.7345608627473251,-0.16369886093163577,0.12255940054761733,0.18333333333333332
acs_FL_2018_ACSIncome,race,13,RELP_0.0,False,0.15635885870061617,1.4578971144322121,1.4578971144322121,0.39128942112997,0.5947688467648052,0.5947688467648051,0.1927850912710501,0.22439160585807985,0.5013888888888889
acs_FL_2018_ACSIncome,race,13,RELP_1.0,False,0.01744092138066644,0.791002197239898,0.7910021972398978,0.17891274637573987,0.012473496674301698,0.012473496674301632,0.0037611882595811105,0.05948165619247396,0.24222222222222223
acs_FL_2018_ACSIncome,race,13,SCHL_16.0,False,0.43134193568137635,-0.6617107195952678,-0.6617107195952682,-0.1539563881444262,-1.5124324110178184,-1.5124324110178184,-0.308905125782216,0.24999584825248186,0.19722222222222222
acs_FL_2018_ACSIncome,race,13,SCHL_19.0,False,0.04481535261163287,-0.025685746045894575,-0.025685746045895182,-0.0050930773159396,-0.13332466402871423,-0.13332466402871426,-0.028744235303547187,0.00884397522790341,0.145
acs_FL_2018_ACSIncome,race,13,SCHL_20.0,False,0.061253448955459255,0.5268424079490082,0.5268424079490092,0.08929721768273627,-0.46686899950016564,-0.4668689995001654,-0.09395388903408934,0.012956525769031443,0.1063888888888889
acs_FL_2018_ACSIncome,race,13,SCHL_21.0,False,0.18863893427171047,1.2576078002920201,1.25760780029202,0.2622746464724046,0.179573367882703,0.17957336788270287,0.05497513888679703,0.21546733990834496,0.2175
acs_FL_2018_ACSIncome,race,13,__A__,True,0.0978735569261463,-0.26099135922943817,-0.2609913592294378,-0.05963980507427499,-0.3746365830112256,-0.3746365830112259,-0.0858308678232952,,0.19916666666666666
acs_FL_2018_ACSIncome,race,14,AGEP,False,0.20652854043496316,1.4094215264457712,1.4094215264457728,0.4008296450196926,0.864016618902006,0.8640166189020062,0.28284360627775756,0.586537934281437,0.48333333333333334
acs_FL_2018_ACSIncome,race,14,WKHP,False,0.3313039484526334,1.6130191542136871,1.6130191542136882,0.3315804221419464,1.0272651919862257,1.0272651919862252,0.3392088088679793,0.7926392336420772,0.24166666666666667
acs_FL_2018_ACSIncome,race,14,COW_1.0,False,0.07904178978471929,-0.4446644413572327,-0.4446644413572328,-0.11881747179665783,-0.0913664801911887,-0.09136648019118873,-0.029396519790892434,0.04306483172889668,0.6677777777777778
acs_FL_2018_ACSIncome,race,14,MAR_1.0,False,0.2657979726324043,1.3796322535285013,1.3796322535285006,0.3957170180821807,0.9330575235421332,0.9330575235421337,0.2961011634697117,0.16519768878202024,0.5280555555555555
acs_FL_2018_ACSIncome,race,14,MAR_3.0,False,0.1002393119520123,0.5931206372301288,0.5931206372301294,0.11314506894019956,-0.3138050923591447,-0.3138050923591448,-0.07684541116442462,0.029178597397560582,0.13722222222222222
acs_FL_2018_ACSIncome,race,14,MAR_5.0,False,0.32089487637288316,-1.7860733109671934,-1.7860733109671922,-0.491817474194798,-1.2302583255970636,-1.2302583255970645,-0.29606696505286617,0.13994306390683162,0.28888888888888886
acs_FL_2018_ACSIncome,race,14,OCCP_0,False,0.40826262345249686,1.7696370031585364,1.769637003158537,0.27767863894109973,1.1591512741116448,1.159151274111644,0.35504039972441653,0.29981994585617955,0.15388888888888888
acs_FL_2018_ACSIncome,race,14,OCCP_2,False,0.037220617994133814,0.22483157214496163,0.22483157214496138,0.03902373953983293,-0.09947469517503485,-0.09947469517503478,-0.021445562925763825,0.16559060873445183,0.10694444444444444
acs_FL_2018_ACSIncome,race,14,OCCP_3,False,0.10976942096486686,0.8099607656622858,0.8099607656622869,0.1413473753499058,0.2786559924447461,0.27865599244474604,0.06504861764760977,0.130514782891453,0.11583333333333333
acs_FL_2018_ACSIncome,race,14,OCCP_4,False,0.39700772200772194,-0.9249217612001916,-0.9249217612001912,-0.2464356568990084,-1.2868290532039408,-1.2868290532039417,-0.3110601629266627,0.14623476944958366,0.26
acs_FL_2018_ACSIncome,race,14,OCCP_5,False,0.39269170819520977,-0.34145296873859077,-0.34145296873859077,-0.07011092916726892,-1.4055073058532912,-1.4055073058532919,-0.23746765871971537,0.21854395670693433,0.12305555555555556
acs_FL_2018_ACSIncome,race,14,POBP_0,False,0.21630306335787652,0.25467148850316357,0.25467148850316373,0.06496047075062124,0.8081604010641885,0.8081604010641893,0.21219544358748832,0.13955734198072725,0.7566666666666667
acs_FL_2018_ACSIncome,race,14,POBP_3,False,0.342232289728447,-0.44894822343099894,-0.4489482234309987,-0.10527504884195765,-1.2104163368475858,-1.2104163368475849,-0.26095138741125923,0.14926290566559655,0.18
acs_FL_2018_ACSIncome,race,14,RELP_0.0,False,0.12734892566563383,1.2571101668626958,1.2571101668626965,0.35982670993450855,0.5489538896555745,0.548953889655574,0.17317215086094223,0.20023957321609837,0.5225
acs_FL_2018_ACSIncome,race,14,RELP_1.0,False,0.05322302627187522,0.7868937832628622,0.7868937832628632,0.1897555567406674,0.0806983073504477,0.08069830735044779,0.023196736952811468,0.07941803998190292,0.2336111111111111
acs_FL_2018_ACSIncome,race,14,SCHL_16.0,False,0.42436320463796723,-0.5864610214383803,-0.5864610214383807,-0.1449080723115903,-1.4087864071159777,-1.4087864071159784,-0.2840158895608674,0.2589326482926897,0.19694444444444445
acs_FL_2018_ACSIncome,race,14,SCHL_19.0,False,0.14753830252122824,-0.16762787793788414,-0.1676278779378845,-0.03533585479857429,-0.66913268417033,-0.6691326841703301,-0.1464432706499333,0.06201697206354454,0.1475
acs_FL_2018_ACSIncome,race,14,SCHL_20.0,False,0.24323757145958463,0.11471236417762554,0.11471236417762595,0.020784454709269228,-0.8346925128251407,-0.8346925128251413,-0.17368896755667684,0.045805604763938974,0.11083333333333334
acs_FL_2018_ACSIncome,race,14,SCHL_21.0,False,0.15279652452694306,0.9889299830162066,0.9889299830162072,0.2192238446774313,0.36724839735947346,0.36724839735947334,0.1121252701440667,0.21202509721889862,0.22
acs_FL_2018_ACSIncome,race,14,__A__,True,0.12787246207559333,-0.38442085532213754,-0.3844208553221377,-0.09329124949569206,-0.5229667376306185,-0.5229667376306187,-0.11869715401812822,,0.19916666666666666
acs_FL_2018_ACSIncome,race,15,AGEP,False,0.15054076789040438,1.247118619052431,1.2471186190524315,0.3653182508092028,0.6101681180759485,0.6101681180759486,0.21379782429976193,0.5533146346282928,0.48777777777777775
acs_FL_2018_ACSIncome,race,15,WKHP,False,0.2899355478433317,1.5477295586605033,1.5477295586605038,0.33861392398649137,0.9696949230426571,0.9696949230426577,0.3488300387385384,0.8127158343395984,0.2544444444444444
acs_FL_2018_ACSIncome,race,15,COW_1.0,False,0.08035049861561772,-0.41913309703302315,-0.41913309703302337,-0.11607699105901834,-0.07146130578918314,-0.07146130578918322,-0.025221655491387406,0.05518684768972594,0.6577777777777778
acs_FL_2018_ACSIncome,race,15,MAR_1.0,False,0.16448101427931106,1.2799143949348135,1.2799143949348137,0.37877374013066795,0.6092704103205356,0.6092704103205352,0.2067982480180607,0.13647462244853195,0.5313888888888889
acs_FL_2018_ACSIncome,race,15,MAR_3.0,False,0.040406098797170054,0.5281195957939144,0.5281195957939142,0.10632058413377023,-0.16081435855811438,-0.16081435855811438,-0.042726599767333694,0.002840841306005937,0.14166666666666666
acs_FL_2018_ACSIncome,race,15,MAR_5.0,False,0.2098943323727186,-1.6544538763187708,-1.6544538763187715,-0.4708531365550394,-0.7925323912806945,-0.7925323912806937,-0.19146400767172053,0.12158025684027422,0.2813888888888889
acs_FL_2018_ACSIncome,race,15,OCCP_0,False,0.3882626707729263,1.682654738467639,1.6826547384676382,0.29140805236766004,0.9237185906365535,0.923718590636554,0.3104848412828304,0.28628337363956996,0.16666666666666666
acs_FL_2018_ACSIncome,race,15,OCCP_3,False,0.095209014381339,0.770395921291912,0.7703959212919129,0.1296354115223195,0.21281442239924314,0.21281442239924292,0.05282151605584462,0.11479188307351311,0.10388888888888889
acs_FL_2018_ACSIncome,race,15,OCCP_4,False,0.31392186387459003,-0.8487467891183447,-0.8487467891183446,-0.23270820645927773,-1.2262832498341565,-1.2262832498341558,-0.3082802322166244,0.12632534550915994,0.2525
acs_FL_2018_ACSIncome,race,15,OCCP_5,False,0.39309784637000283,-0.5436574811702217,-0.5436574811702218,-0.11338306670813833,-1.213971827382089,-1.21397182738209,-0.22253356694416676,0.22948262151608279,0.11916666666666667
acs_FL_2018_ACSIncome,race,15,POBP_0,False,0.05802305802305807,0.03875663426219056,0.03875663426219083,0.010280175815975245,0.24062099853407123,0.24062099853407118,0.06888902149059176,0.10505168678797827,0.7516666666666667
acs_FL_2018_ACSIncome,race,15,POBP_3,False,0.18527822480407163,-0.24168913137765635,-0.24168913137765688,-0.05938297553976504,-0.6817855891692157,-0.6817855891692158,-0.16189019695604748,0.11845867596766751,0.18722222222222223
acs_FL_2018_ACSIncome,race,15,RELP_0.0,False,0.13020902381899335,1.2999471207040816,1.2999471207040807,0.3846243724164232,0.48613026798212833,0.48613026798212805,0.16617754046559535,0.19900493586003468,0.5275
acs_FL_2018_ACSIncome,race,15,RELP_1.0,False,0.06053897503350067,0.807687536879625,0.8076875368796246,0.19638871770332733,-0.041465981215920156,-0.04146598121592022,-0.013020248272610712,0.08088715752758123,0.22555555555555556
acs_FL_2018_ACSIncome,race,15,RELP_2.0,False,0.4845665811234673,-1.8175435234415058,-1.817543523441507,-0.380417485394339,-1.788681984837556,-1.7886819848375544,-0.1819570866692735,0.13536393795212023,0.10388888888888889
acs_FL_2018_ACSIncome,race,15,SCHL_16.0,False,0.3940213585434173,-0.6275578643570243,-0.6275578643570247,-0.16073699282742468,-1.1298748842675963,-1.1298748842675963,-0.2319329316163154,0.21923832411985017,0.19444444444444445
acs_FL_2018_ACSIncome,race,15,SCHL_19.0,False,0.14506608051316083,-0.2713652156064845,-0.2713652156064846,-0.059614054349116,-0.7043610970518994,-0.7043610970518993,-0.16270862283472803,0.06084775937190478,0.1475
acs_FL_2018_ACSIncome,race,15,SCHL_20.0,False,0.22314067058475323,0.2560767635665113,0.25607676356651143,0.04882356026627492,-0.7335301546737804,-0.7335301546737797,-0.16781907250746939,0.016957616366673277,0.11527777777777778
acs_FL_2018_ACSIncome,race,15,SCHL_21.0,False,0.20079456147567604,1.1778846904512652,1.1778846904512645,0.264931008447229,0.21081220251493987,0.2108122025149398,0.06936951049927245,0.20601382555511544,0.2125
acs_FL_2018_ACSIncome,race,15,__A__,True,0.08432782258555038,-0.35052953323303404,-0.35052953323303376,-0.08782833559664378,-0.21948650778760811,-0.2194865077876083,-0.05404924421239663,,0.19916666666666666
acs_FL_2018_ACSIncome,race,16,AGEP,False,0.1499299518643581,1.3705611876013866,1.3705611876013866,0.3845627488005422,0.6293530680002768,0.629353068000277,0.20576146886799776,0.572482814798477,0.49083333333333334
acs_FL_2018_ACSIncome,race,16,WKHP,False,0.29392401131985557,1.5618808586280428,1.5618808586280433,0.31832655556962236,1.078768233491576,1.0787682334915765,0.3578121141598615,0.8492619651866546,0.23694444444444446
acs_FL_2018_ACSIncome,race,16,COW_1.0,False,0.10232469268454916,-0.5462055948953104,-0.5462055948953105,-0.1440517565808254,0.0025046502948691263,0.0025046502948690816,0.0008202988783570933,0.0466259556317976,0.6633333333333333
acs_FL_2018_ACSIncome,race,16,MAR_1.0,False,0.21448246010978422,1.3658104077314477,1.365810407731449,0.385793652521171,0.7737523080410532,0.7737523080410529,0.24170458048286333,0.14740026329694725,0.5302777777777777
acs_FL_2018_ACSIncome,race,16,MAR_3.0,False,0.08041622081977595,0.5593548332477956,0.5593548332477961,0.108641351014814,-0.41957428655474105,-0.4195742865547408,-0.10157772177506398,0.03390733669104586,0.14083333333333334
acs_FL_2018_ACSIncome,race,16,MAR_5.0,False,0.2496520596766431,-1.7573186437307753,-1.757318643730774,-0.47822394067519347,-0.8127194851126749,-0.812719485112675,-0.18027073997711315,0.1113362661732509,0.2802777777777778
acs_FL_2018_ACSIncome,race,16,OCCP_0,False,0.4516463572724915,1.800121116972965,1.800121116972965,0.28393469455148423,1.178138545060981,1.1781385450609816,0.36910396483376956,0.3083852568733933,0.16055555555555556
acs_FL_2018_ACSIncome,race,16,OCCP_2,False,0.12819281736124444,0.5096069252000628,0.5096069252000625,0.08932726461559362,-0.4634556257652051,-0.4634556257652054,-0.09646031609661554,0.1433676966821307,0.10666666666666667
acs_FL_2018_ACSIncome,race,16,OCCP_3,False,0.1102067420307567,0.9479778663790299,0.9479778663790293,0.15663173264447908,0.2982789468282151,0.2982789468282147,0.06767794863413078,0.14961928836752517,0.10555555555555556
acs_FL_2018_ACSIncome,race,16,OCCP_4,False,0.2694792917834424,-1.0357464643509533,-1.035746464350953,-0.27137071844829513,-1.0247643669621278,-1.0247643669621267,-0.24582019707561248,0.13443696115641013,0.255
acs_FL_2018_ACSIncome,race,16,OCCP_5,False,0.3775757575757576,-0.3741856141064801,-0.3741856141064803,-0.07660310713987069,-1.2079661522386043,-1.2079661522386045,-0.21855092140349602,0.21071705413136468,0.12861111111111112
acs_FL_2018_ACSIncome,race,16,POBP_0,False,0.16522120162377119,0.2734055691499444,0.27340556914994446,0.06932666100183385,0.6168922291694606,0.6168922291694611,0.17162979326400427,0.14044601648801297,0.7438888888888889
acs_FL_2018_ACSIncome,race,16,POBP_3,False,0.20477258352021166,-0.415272113909706,-0.4152721139097054,-0.09652601142353798,-0.8465972434008487,-0.8465972434008482,-0.19970971283777209,0.12879892047200187,0.1897222222222222
acs_FL_2018_ACSIncome,race,16,RELP_0.0,False,0.1756278288801285,1.4411758179815648,1.4411758179815626,0.4077926736347701,0.6087192269126954,0.608719226912696,0.19742915236500058,0.23615332620802496,0.52
acs_FL_2018_ACSIncome,race,16,RELP_1.0,False,0.050662255727866395,0.6606685490026176,0.6606685490026176,0.15389239922993528,-0.09096595017632131,-0.09096595017632121,-0.027587031280403244,0.07458359518609486,0.2363888888888889
acs_FL_2018_ACSIncome,race,16,RELP_2.0,False,0.5515634580012263,-2.389906611381664,-2.3899066113816625,-0.46952760640301033,-2.112181294113685,-2.112181294113686,-0.21579095154568415,0.25565646693509725,0.10083333333333333
acs_FL_2018_ACSIncome,race,16,SCHL_16.0,False,0.38360483858347805,-0.6651625414785196,-0.6651625414785196,-0.16174743444668965,-1.2665661197948446,-1.2665661197948463,-0.2561318271542788,0.23605404937508787,0.195
acs_FL_2018_ACSIncome,race,16,SCHL_19.0,False,0.059242281438322886,-0.1853764994281537,-0.18537649942815362,-0.03782384848419969,-0.49126207076438966,-0.4912620707643902,-0.1039963152157209,0.038588092900739626,0.1386111111111111
acs_FL_2018_ACSIncome,race,16,SCHL_20.0,False,0.18987753172504473,0.24444556710134413,0.2444455671013441,0.04536609418344684,-0.6995716446044529,-0.699571644604453,-0.14560380372847545,0.02582016998247296,0.11666666666666667
acs_FL_2018_ACSIncome,race,16,SCHL_21.0,False,0.18923720375362818,1.162926020827582,1.1629260208275825,0.25307375893577194,0.32377333051403107,0.3237733305140315,0.0979200778045694,0.21397341626766375,0.21194444444444444
acs_FL_2018_ACSIncome,race,16,__A__,True,0.18398355291169421,-0.22767331004934555,-0.22767331004934557,-0.054533151826890135,-0.4147528323508512,-0.41475283235085136,-0.09512797493332324,,0.19916666666666666
acs_FL_2018_ACSIncome,race,17,AGEP,False,0.14530014703688707,1.3667149056014931,1.3667149056014918,0.37533056784909014,0.5886578891960689,0.5886578891960689,0.20073791766101132,0.5673592692816956,0.4777777777777778
acs_FL_2018_ACSIncome,race,17,WKHP,False,0.33933623830124565,1.6788470282542591,1.6788470282542582,0.34030006477289815,1.0145056823133465,1.0145056823133478,0.34908949665948275,0.8162130741051995,0.245
acs_FL_2018_ACSIncome,race,17,COW_1.0,False,0.08361081274615109,-0.4310189687322292,-0.43101896873222906,-0.11059160771339843,-0.019155870487047977,-0.019155870487047918,-0.006497784657164747,0.06038273943750129,0.6677777777777778
acs_FL_2018_ACSIncome,race,17,MAR_1.0,False,0.20955268268173122,1.4510689553515597,1.451068955351561,0.4029002338099248,0.7473541230377411,0.7473541230377405,0.23684694678164392,0.15748655077043883,0.5419444444444445
acs_FL_2018_ACSIncome,race,17,MAR_3.0,False,0.10181869211338757,0.573666933447303,0.5736669334473035,0.1108980533425224,-0.23438796481761187,-0.23438796481761187,-0.05776777499266793,0.009524361326807352,0.14222222222222222
acs_FL_2018_ACSIncome,race,17,MAR_5.0,False,0.23711568237115688,-1.8779830969717577,-1.8779830969717597,-0.5012307667379493,-0.9936222277640128,-0.9936222277640124,-0.22068405732019783,0.12352973496869057,0.27666666666666667
acs_FL_2018_ACSIncome,race,17,OCCP_0,False,0.4723563218390805,1.947764197659347,1.9477641976593474,0.32023882516844754,1.203939137938513,1.2039391379385125,0.3867721986649891,0.3451465603059959,0.1661111111111111
acs_FL_2018_ACSIncome,race,17,OCCP_2,False,0.03520057063028034,0.46800681645889997,0.4680068164588999,0.07968515093973198,-0.2567799978522598,-0.25677999785226013,-0.055169503139243715,0.10798680440994354,0.105
acs_FL_2018_ACSIncome,race,17,OCCP_3,False,0.0581423731666772,0.7936911958862125,0.793691195886212,0.12663899906447815,0.07043008791600908,0.07043008791600903,0.017399327384889196,0.09860110804361683,0.10916666666666666
acs_FL_2018_ACSIncome,race,17,OCCP_4,False,0.29896828204221204,-0.9252900764794478,-0.9252900764794476,-0.24011017367833032,-1.1653497163044535,-1.1653497163044524,-0.2802542602486344,0.10628948404870842,0.2586111111111111
acs_FL_2018_ACSIncome,race,17,OCCP_5,False,0.5154800238521169,-0.4713877863049263,-0.47138778630492634,-0.09044196286047884,-1.5206688110415374,-1.520668811041537,-0.2571245775027805,0.2289120833257127,0.11277777777777778
acs_FL_2018_ACSIncome,race,17,POBP_0,False,0.15720872654203588,0.2661488116421171,0.26614881164211696,0.06639364862046909,0.5417588139020078,0.5417588139020079,0.1493719638480997,0.1338142149930136,0.75
acs_FL_2018_ACSIncome,race,17,POBP_3,False,0.26889679907235114,-0.42775787670453025,-0.42775787670453,-0.09800464758173948,-0.9625881047164799,-0.9625881047164792,-0.21647878200325876,0.14125937554138346,0.18333333333333332
acs_FL_2018_ACSIncome,race,17,RELP_0.0,False,0.12840205359692936,1.3163858920133646,1.3163858920133642,0.36505082791084414,0.42399041718973846,0.4239904171897387,0.13917628738343482,0.2003675955129042,0.5238888888888888
acs_FL_2018_ACSIncome,race,17,RELP_1.0,False,0.053514293129510865,0.7838255918166503,0.7838255918166495,0.1822795187734439,-0.06475890356645381,-0.06475890356645385,-0.02004554154590175,0.041652163955557917,0.24
acs_FL_2018_ACSIncome,race,17,RELP_2.0,False,0.5134017678927859,-2.108208645487278,-2.108208645487277,-0.40855703055718323,-1.809535850238197,-1.8095358502381973,-0.1769854184973748,0.1799662945598025,0.10083333333333333
acs_FL_2018_ACSIncome,race,17,SCHL_16.0,False,0.321412852112676,-0.7257494302487186,-0.7257494302487186,-0.1730171438342871,-1.2293112281695189,-1.2293112281695173,-0.26503245291329935,0.2468829454522298,0.19694444444444445
acs_FL_2018_ACSIncome,race,17,SCHL_19.0,False,0.1955751592802632,-0.2545877183554406,-0.25458771835544086,-0.0520993851700602,-0.5871161865859055,-0.5871161865859059,-0.1295660416635597,0.05411235314351967,0.145
acs_FL_2018_ACSIncome,race,17,SCHL_20.0,False,0.09715677034244419,0.44504280302800603,0.44504280302800564,0.08070959950842246,-0.33848917387065436,-0.33848917387065464,-0.07396850811722025,0.0013980913634999493,0.11722222222222223
acs_FL_2018_ACSIncome,race,17,SCHL_21.0,False,0.17360434815341907,1.1581300114921167,1.1581300114921176,0.24325338971035007,0.15635969062884358,0.15635969062884336,0.04908215571775387,0.20186940799943878,0.2086111111111111
acs_FL_2018_ACSIncome,race,17,__A__,True,0.0404500349893675,-0.4313560574470665,-0.43135605744706623,-0.10141108709282161,-0.1282359944603303,-0.12823599446033043,-0.03036170767884158,,0.19916666666666666
acs_FL_2018_ACSIncome,race,18,AGEP,False,0.1559641933006272,1.481332263105499,1.4813322631054973,0.40004259973183326,0.6696894599365993,0.6696894599365989,0.22718726981566617,0.614224593682702,0.48
acs_FL_2018_ACSIncome,race,18,WKHP,False,0.37019098548510315,1.7725893685386134,1.7725893685386143,0.341896598804074,0.9002905660008832,0.9002905660008835,0.3065469538964661,0.8183586118347967,0.2325
acs_FL_2018_ACSIncome,race,18,COW_1.0,False,0.06153474069723247,-0.3501098719742146,-0.3501098719742146,-0.08774780195189738,-0.03672907915187901,-0.03672907915187897,-0.012561699411176205,0.0718405570119307,0.6602777777777777
acs_FL_2018_ACSIncome,race,18,MAR_1.0,False,0.2315331304935767,1.421127612631943,1.4211276126319434,0.3878750465525497,0.8245766353519418,0.8245766353519411,0.2655793195332302,0.15339019054316372,0.5380555555555555
acs_FL_2018_ACSIncome,race,18,MAR_3.0,False,0.13046374962986584,0.5406765397919988,0.5406765397919983,0.0970132296574869,-0.40534810217838246,-0.4053481021783823,-0.09863992039125588,0.037516738391981955,0.1297222222222222
acs_FL_2018_ACSIncome,race,18,MAR_5.0,False,0.22137719608536732,-1.760892012124524,-1.7608920121245237,-0.4625280809999929,-0.8816348394268441,-0.8816348394268433,-0.21085055466334157,0.10182404070531094,0.2866666666666667
acs_FL_2018_ACSIncome,race,18,OCCP_0,False,0.5027728656152634,2.029557043326622,2.0295570433266237,0.3258242568119355,1.247173483645362,1.2471734836453612,0.39752706473143934,0.35128339164794264,0.16444444444444445
acs_FL_2018_ACSIncome,race,18,OCCP_2,False,0.09391945248749678,0.35508311609408927,0.3550831160940894,0.058532525052978485,-0.353935823087038,-0.3539358230870382,-0.08011920630723658,0.15441525397668995,0.10777777777777778
acs_FL_2018_ACSIncome,race,18,OCCP_3,False,0.07395200986593797,0.8511201731117031,0.8511201731117038,0.13169938652766133,0.158220053079216,0.1582200530792159,0.039850042974463255,0.1047682117954885,0.11055555555555556
acs_FL_2018_ACSIncome,race,18,OCCP_4,False,0.3760406582768635,-1.0960895074583976,-1.0960895074583972,-0.2779645499581391,-1.2108215906610345,-1.2108215906610351,-0.28584972787118834,0.1476382276890466,0.25333333333333335
acs_FL_2018_ACSIncome,race,18,OCCP_5,False,0.44240459882583166,-0.2117765589076901,-0.2117765589076899,-0.041793595594697516,-1.3668033806603046,-1.3668033806603064,-0.22694674607790327,0.1983052406364314,0.12305555555555556
acs_FL_2018_ACSIncome,race,18,POBP_0,False,0.15042669397508113,0.1936330412464331,0.193633041246433,0.04837449082287295,0.5225278876963421,0.5225278876963423,0.1468921857829175,0.13527152379115537,0.7330555555555556
acs_FL_2018_ACSIncome,race,18,POBP_3,False,0.2505207127979634,-0.38565794136435416,-0.3856579413643549,-0.08876774376572599,-0.8788638773367332,-0.8788638773367341,-0.20128549167077356,0.13759333137024454,0.195
acs_FL_2018_ACSIncome,race,18,RELP_0.0,False,0.14906752693012237,1.348164927509434,1.3481649275094334,0.3675145605777736,0.5062363558749149,0.5062363558749152,0.1662682337891146,0.21157306768013834,0.5244444444444445
acs_FL_2018_ACSIncome,race,18,RELP_1.0,False,0.05015940488841658,0.6920542291111866,0.6920542291111867,0.15637418542545775,-0.006515211656035802,-0.0065152116560358,-0.0019814836384322776,0.04368597816838313,0.23222222222222222
acs_FL_2018_ACSIncome,race,18,RELP_2.0,False,0.49406762902906864,-1.8214208023388732,-1.8214208023388718,-0.3432206709879485,-1.825315981979543,-1.8253159819795453,-0.18463228008383029,0.14078502224314715,0.09916666666666667
acs_FL_2018_ACSIncome,race,18,SCHL_16.0,False,0.37032604359337035,-0.7477745077696831,-0.7477745077696838,-0.1814790722865598,-1.2743004771044237,-1.274300477104423,-0.2457487550293963,0.24471692353809749,0.20805555555555555
acs_FL_2018_ACSIncome,race,18,SCHL_19.0,False,0.0639289678135405,-0.35337417729408616,-0.35337417729408654,-0.06734106484008766,-0.4544705574317746,-0.4544705574317753,-0.0977729900301427,0.06465347493906053,0.13027777777777777
acs_FL_2018_ACSIncome,race,18,SCHL_20.0,False,0.15670738494073133,0.43243336508445696,0.4324333650844567,0.07466873789537115,-0.5979740037198129,-0.5979740037198126,-0.1316548086882869,0.01799798602952503,0.11277777777777778
acs_FL_2018_ACSIncome,race,18,SCHL_21.0,False,0.15699239032572365,1.2240235156255033,1.224023515625503,0.25054444713831664,0.22508058095621736,0.22508058095621739,0.07264781774324203,0.19487903306028725,0.21805555555555556
acs_FL_2018_ACSIncome,race,18,__A__,True,0.13367517000596085,-0.20771578627523413,-0.2077157862752345,-0.04796125416445071,-0.3067723199967446,-0.3067723199967447,-0.07223080863127172,,0.19916666666666666
acs_FL_2018_ACSIncome,race,19,AGEP,False,0.16517252444250086,1.3944432698855085,1.3944432698855085,0.40335951448549195,0.6057979660191687,0.6057979660191682,0.2087586437321614,0.5699165722634217,0.4825
acs_FL_2018_ACSIncome,race,19,WKHP,False,0.34020462296324366,1.6495587922122525,1.6495587922122512,0.3517080073914381,1.0392179280086395,1.039217928008639,0.36303124283154475,0.8226827733509193,0.2436111111111111
acs_FL_2018_ACSIncome,race,19,COW_1.0,False,0.09475023914136094,-0.5321183725426522,-0.5321183725426524,-0.14404151383099467,-0.09689640792640608,-0.09689640792640616,-0.03355755021520015,0.035075052830219604,0.6630555555555555
acs_FL_2018_ACSIncome,race,19,MAR_1.0,False,0.20663650075414786,1.2449227969060608,1.2449227969060617,0.36273481821754283,0.8308950985814898,0.8308950985814889,0.27349393774388175,0.13627191613482667,0.5225
acs_FL_2018_ACSIncome,race,19,MAR_3.0,False,0.08566865630552845,0.7512025158066786,0.7512025158066793,0.14638926321897225,-0.263005857385944,-0.263005857385944,-0.06460752277581121,0.0033913640172081607,0.13083333333333333
acs_FL_2018_ACSIncome,race,19,MAR_5.0,False,0.23360068417159763,-1.684877660345872,-1.684877660345873,-0.4782357255724512,-0.9557730292766144,-0.9557730292766149,-0.23595753709276995,0.12302028448303594,0.29694444444444446
acs_FL_2018_ACSIncome,race,19,OCCP_0,False,0.46673410570114326,1.8956986858324616,1.8956986858324636,0.3344272868068001,1.335569255303875,1.3355692553038754,0.4312424407147446,0.3550732978548467,0.165
acs_FL_2018_ACSIncome,race,19,OCCP_2,False,0.06020423205263925,0.28188149131452556,0.28188149131452606,0.04908244235411012,-0.3659594308399609,-0.36595943083996085,-0.08390043766864776,0.17271230240662547,0.10472222222222222
acs_FL_2018_ACSIncome,race,19,OCCP_3,False,0.06546119632539385,0.7121988906025503,0.7121988906025519,0.12040174683048878,0.04429220184295374,0.044292201842953696,0.010988452270294644,0.0874667199777373,0.10861111111111112
acs_FL_2018_ACSIncome,race,19,OCCP_4,False,0.29478994679875253,-0.8931468496953643,-0.8931468496953631,-0.24489305836493488,-1.0130833579213812,-1.0130833579213818,-0.24312501877956047,0.11608304444694835,0.2594444444444444
acs_FL_2018_ACSIncome,race,19,OCCP_5,False,0.4468419462073134,-0.5864808686457148,-0.5864808686457159,-0.12041440612647066,-1.4012754046527933,-1.4012754046527929,-0.2620102387564393,0.21635284207025304,0.12055555555555555
acs_FL_2018_ACSIncome,race,19,POBP_0,False,0.18343615879828323,0.13252851982999525,0.1325285198299951,0.0348291644222905,0.6148676899628474,0.6148676899628471,0.17257623978791525,0.12951406411328706,0.7494444444444445
acs_FL_2018_ACSIncome,race,19,POBP_3,False,0.3074660633484163,-0.2903711147699859,-0.29037111476998534,-0.07110557082871137,-1.0006741697114119,-1.0006741697114112,-0.23688678143313943,0.15266384646231748,0.19277777777777777
acs_FL_2018_ACSIncome,race,19,RELP_0.0,False,0.1453930643282713,1.2967110587867638,1.2967110587867638,0.377750670945971,0.39105517574904186,0.391055175749042,0.13286148930266398,0.20803112706488502,0.5075
acs_FL_2018_ACSIncome,race,19,RELP_1.0,False,0.022399056881815482,0.6536966488843141,0.6536966488843146,0.1580385187358445,0.10807475268286207,0.10807475268286197,0.03432269217924146,0.048140205394478656,0.2375
acs_FL_2018_ACSIncome,race,19,SCHL_16.0,False,0.32392899061032865,-0.653464815009615,-0.6534648150096145,-0.17020038207355112,-1.147518098910321,-1.1475180989103195,-0.25143462578818687,0.24523753904400916,0.21611111111111111
acs_FL_2018_ACSIncome,race,19,SCHL_19.0,False,0.0722096297822653,-0.13096225132789852,-0.130962251327899,-0.02701840396003438,-0.35201975365828597,-0.35201975365828625,-0.07971105558088258,0.03986810093816843,0.135
acs_FL_2018_ACSIncome,race,19,SCHL_20.0,False,0.07465524004948854,0.40684053595533354,0.4068405359553329,0.07675806220314162,-0.32376290627210064,-0.32376290627210047,-0.06995399758670721,0.010701787484840507,0.11277777777777778
acs_FL_2018_ACSIncome,race,19,SCHL_21.0,False,0.15396676192858644,1.0015436158552171,1.0015436158552178,0.21716590311876954,0.2405747410086457,0.2405747410086457,0.07774326490486784,0.19515196280797772,0.20722222222222222
acs_FL_2018_ACSIncome,race,19,__A__,True,0.08771577679646736,-0.386439615194732,-0.3864396151947322,-0.09566717708298707,-0.2957560783277145,-0.29575607832771456,-0.07116693516149067,,0.19916666666666666
acs_FL_2018_ACSIncome,race,20,AGEP,False,0.14695888693058567,1.3266610437118682,1.326661043711867,0.3861709245641556,0.6051403264817493,0.6051403264817492,0.21267977103175542,0.5426210345503063,0.4955555555555556
acs_FL_2018_ACSIncome,race,20,WKHP,False,0.275383616651784,1.4798330276832719,1.4798330276832725,0.30929939606503715,0.9809567667758224,0.9809567667758214,0.3556089723287907,0.7439099219893845,0.2436111111111111
acs_FL_2018_ACSIncome,race,20,COW_1.0,False,0.08370651246256039,-0.47162754164651477,-0.4716275416465145,-0.12807899995791963,-0.029845170840927304,-0.02984517084092735,-0.010529836524117542,0.04968979352805289,0.6722222222222223
acs_FL_2018_ACSIncome,race,20,MAR_1.0,False,0.21659082061401747,1.3401909467266078,1.3401909467266078,0.39288570805415857,0.8323069516610881,0.8323069516610888,0.2783495954974187,0.1355167564601365,0.5363888888888889
acs_FL_2018_ACSIncome,race,20,MAR_3.0,False,0.11774870967372775,0.7052037522225136,0.7052037522225134,0.14002618553938806,-0.39511392549456786,-0.39511392549456786,-0.10119642818316721,0.011968401279258883,0.135
acs_FL_2018_ACSIncome,race,20,MAR_5.0,False,0.21035137701804374,-1.7689621246844864,-1.7689621246844862,-0.5008455910051175,-0.9615873678765826,-0.9615873678765838,-0.22619671706815894,0.1235967040525198,0.2816666666666667
acs_FL_2018_ACSIncome,race,20,OCCP_0,False,0.4939075948127775,1.9005596938637337,1.9005596938637332,0.3116465861864175,1.085702926495808,1.0857029264958067,0.36622957145879026,0.3150239692113096,0.15861111111111112
acs_FL_2018_ACSIncome,race,20,OCCP_2,False,0.030248461363118317,0.20361027235707052,0.2036102723570708,0.03558131982063666,-0.31745701819427635,-0.31745701819427613,-0.07055839963217339,0.15428629285181436,0.09944444444444445
acs_FL_2018_ACSIncome,race,20,OCCP_3,False,0.12957220535889757,0.6609968590403827,0.6609968590403826,0.11052640289723266,0.3220200993244324,0.32202009932443226,0.08443681980543156,0.09880541604618996,0.10944444444444444
acs_FL_2018_ACSIncome,race,20,OCCP_4,False,0.329883733684326,-0.7970739792636898,-0.7970739792636897,-0.2209208097203847,-1.1536509096965533,-1.1536509096965537,-0.30181076950834285,0.10769232747064769,0.27166666666666667
acs_FL_2018_ACSIncome,race,20,OCCP_5,False,0.4909041571692174,-0.44909423564397444,-0.4490942356439742,-0.09589003856785067,-1.3368751087139181,-1.3368751087139186,-0.2486054913377277,0.22718572730449557,0.1272222222222222
acs_FL_2018_ACSIncome,race,20,POBP_0,False,0.13063314485402966,0.28486900806397597,0.28486900806397547,0.07594090289646477,0.6027019873083186,0.6027019873083183,0.183604403118167,0.15536422501336686,0.7333333333333333
acs_FL_2018_ACSIncome,race,20,POBP_3,False,0.217844847511648,-0.37545257495406714,-0.3754525749540671,-0.09221098326033576,-0.9440651373761099,-0.9440651373761106,-0.23452013542260292,0.1541230596390316,0.19416666666666665
acs_FL_2018_ACSIncome,race,20,RELP_0.0,False,0.13802230291729023,1.380410192679287,1.3804101926792864,0.4044860328576582,0.5030665744358245,0.5030665744358241,0.175991180700833,0.2131027642020774,0.5158333333333334
acs_FL_2018_ACSIncome,race,20,RELP_1.0,False,0.04352366233657742,0.7206165421210295,0.7206165421210302,0.17674964199331378,-0.005205077503211808,-0.005205077503211739,-0.001711222944388023,0.077168507312013,0.2427777777777778
acs_FL_2018_ACSIncome,race,20,SCHL_16.0,False,0.39283489096573215,-0.680710030339073,-0.6807100303390725,-0.17169884405837918,-1.241945201541896,-1.2419452015418952,-0.2760363161920267,0.2634638372849645,0.19611111111111112
acs_FL_2018_ACSIncome,race,20,SCHL_19.0,False,0.12921801643192488,-0.2735343780305244,-0.2735343780305245,-0.05934111415795378,-0.637518189499447,-0.6375181894994465,-0.14420878363789794,0.04564368391693978,0.1438888888888889
acs_FL_2018_ACSIncome,race,20,SCHL_20.0,False,0.10137864608041869,0.3083099347763607,0.3083099347763605,0.056248774759667684,-0.4345865578079546,-0.434586557807954,-0.0993101275709836,0.004276284477967952,0.10833333333333334
acs_FL_2018_ACSIncome,race,20,SCHL_21.0,False,0.24513444530183418,1.229861168120813,1.229861168120814,0.27609650318815593,0.40624501171267796,0.4062450117126782,0.13355723995597857,0.2409312183728991,0.21138888888888888
acs_FL_2018_ACSIncome,race,20,__A__,True,0.10174202887972461,-0.28151552438833805,-0.28151552438833777,-0.06994335031059244,-0.34328979934844606,-0.3432897993484464,-0.08527840616607975,,0.19916666666666666
acs_FL_2018_ACSIncome,race,21,AGEP,False,0.11379828485565248,1.2773294350557425,1.277329435055743,0.3505285554970581,0.5274072450162886,0.5274072450162882,0.17772421129455288,0.46752230914876125,0.48083333333333333
acs_FL_2018_ACSIncome,race,21,WKHP,False,0.29795884324742244,1.5374100810959577,1.5374100810959583,0.3098746503732395,1.0650193126920178,1.065019312692018,0.36782349021936483,0.7600754747356073,0.2475
acs_FL_2018_ACSIncome,race,21,COW_1.0,False,0.09350092217193834,-0.5671952637674356,-0.5671952637674349,-0.14593016007175452,0.08296350878263176,0.08296350878263177,0.02819162105588449,0.06631421880551286,0.6658333333333334
acs_FL_2018_ACSIncome,race,21,MAR_1.0,False,0.26279650436953805,1.4323593163345194,1.4323593163345185,0.39871968653074136,0.9606216551414721,0.9606216551414709,0.3142566221568517,0.17326776979521116,0.5325
acs_FL_2018_ACSIncome,race,21,MAR_3.0,False,0.12628860022189348,0.5537487352842825,0.5537487352842826,0.10536184074597868,-0.4783911453260635,-0.4783911453260637,-0.11618477923402096,0.0018020670342996192,0.13666666666666666
acs_FL_2018_ACSIncome,race,21,MAR_5.0,False,0.2698774921931299,-1.822177743762846,-1.8221777437628452,-0.48535771102064706,-1.0043553092740476,-1.0043553092740471,-0.2509514430137185,0.1653994268767605,0.2847222222222222
acs_FL_2018_ACSIncome,race,21,OCCP_0,False,0.46781901325058156,1.9108716583240677,1.91087165832407,0.2896806361332817,1.0559596738112254,1.055959673811225,0.33864764841238854,0.3050704454338462,0.15472222222222223
acs_FL_2018_ACSIncome,race,21,OCCP_2,False,0.13554714286293937,0.6586982315512022,0.6586982315512017,0.10724795836746581,-0.1209354982505721,-0.12093549825057223,-0.02642233713853339,0.11228230430603221,0.09944444444444445
acs_FL_2018_ACSIncome,race,21,OCCP_3,False,0.08741678994082835,0.834746035471946,0.8347460354719463,0.14165340237729615,0.1863626680630469,0.18636266806304697,0.04526109159401402,0.12628916861718573,0.11583333333333333
acs_FL_2018_ACSIncome,race,21,OCCP_4,False,0.23988456610506403,-0.7400880916677546,-0.7400880916677544,-0.19472808926242646,-0.9626766548933194,-0.9626766548933181,-0.22968892440606634,0.08297894778913333,0.2677777777777778
acs_FL_2018_ACSIncome,race,21,OCCP_5,False,0.418629084848924,-0.47100812373618894,-0.4710081237361894,-0.0920190439183075,-1.16366250024605,-1.1636625002460512,-0.19549277713671387,0.2290052717023225,0.11611111111111111
acs_FL_2018_ACSIncome,race,21,POBP_0,False,0.1569807234134719,0.31164732611771484,0.31164732611771456,0.07807571451314647,0.590834687795053,0.590834687795053,0.16573097986728932,0.1460899939699756,0.7455555555555555
acs_FL_2018_ACSIncome,race,21,POBP_3,False,0.22885670019427984,-0.4684658089593843,-0.4684658089593836,-0.10769315214760361,-0.8419107526433456,-0.8419107526433447,-0.19822961343353968,0.14850523658033996,0.18833333333333332
acs_FL_2018_ACSIncome,race,21,RELP_0.0,False,0.157317080841054,1.412615603512228,1.4126156035122284,0.3923187329723518,0.510382243888866,0.5103822438888659,0.16802333446553813,0.2235724896357649,0.5208333333333334
acs_FL_2018_ACSIncome,race,21,RELP_1.0,False,0.0692084864144697,0.8638665932126861,0.8638665932126859,0.19941204877711033,0.10506966276107577,0.10506966276107566,0.032025587524207644,0.08805053992669269,0.23194444444444445
acs_FL_2018_ACSIncome,race,21,RELP_2.0,False,0.5951363055910277,-2.016779145823092,-2.0167791458230893,-0.3916101520639531,-2.0485469286994262,-2.0485469286994262,-0.22698784524478288,0.23084473227277666,0.10277777777777777
acs_FL_2018_ACSIncome,race,21,SCHL_16.0,False,0.3800229122910555,-0.7976442532415751,-0.7976442532415756,-0.19218172146715495,-1.3187454381219674,-1.3187454381219672,-0.2613373294890578,0.2413028320731187,0.195
acs_FL_2018_ACSIncome,race,21,SCHL_19.0,False,0.10817124538175127,-0.007512541062777434,-0.007512541062777441,-0.0015208445581430686,-0.49396463385667333,-0.49396463385667283,-0.1075638989839906,0.03333377488216048,0.14055555555555554
acs_FL_2018_ACSIncome,race,21,SCHL_20.0,False,0.14466848701253232,0.32459396126345874,0.32459396126345863,0.05736464513049701,-0.5463290043813737,-0.5463290043813737,-0.12054154390528703,0.023052037474395472,0.11305555555555556
acs_FL_2018_ACSIncome,race,21,SCHL_21.0,False,0.22985135135135137,1.2455809276005887,1.2455809276005874,0.2606181368768117,0.21591718719919795,0.21591718719919767,0.06841383322825541,0.21881495404585216,0.21
acs_FL_2018_ACSIncome,race,21,__A__,True,0.11287300950086987,-0.2505162279069486,-0.250516227906948,-0.05901221315889281,-0.3552207497325537,-0.35522074973255363,-0.08408720789153125,,0.19916666666666666
acs_FL_2018_ACSIncome,race,22,AGEP,False,0.17581777276243604,1.4699831779727581,1.4699831779727588,0.42027084129552345,0.690071414841982,0.6900714148419816,0.23989284814950584,0.5785278706989928,0.4836111111111111
acs_FL_2018_ACSIncome,race,22,WKHP,False,0.3062866905596876,1.4938314789449127,1.493831478944913,0.31745516989327066,1.0093860714626384,1.0093860714626388,0.355107026531131,0.8085803423846426,0.24305555555555555
acs_FL_2018_ACSIncome,race,22,COW_1.0,False,0.08779244103073938,-0.5212424298211142,-0.5212424298211142,-0.14020971765816612,-0.05945917584250576,-0.05945917584250587,-0.020435221181268788,0.0385078112146311,0.6702777777777778
acs_FL_2018_ACSIncome,race,22,MAR_1.0,False,0.2612060594290153,1.4297158244066694,1.429715824406671,0.41118105704994273,0.8318152357004158,0.831815235700416,0.2771342471687659,0.15767843595446818,0.5183333333333333
acs_FL_2018_ACSIncome,race,22,MAR_3.0,False,0.08183734878103699,0.6839439346503471,0.6839439346503475,0.13620751822291602,-0.26143905810775603,-0.26143905810775625,-0.06927433105527454,0.0020235111754690525,0.14583333333333334
acs_FL_2018_ACSIncome,race,22,MAR_5.0,False,0.33192027557804016,-1.808397289031348,-1.8083972890313484,-0.5075998644308187,-1.1397030595830806,-1.1397030595830804,-0.27098191213368167,0.13229863034062245,0.2927777777777778
acs_FL_2018_ACSIncome,race,22,OCCP_0,False,0.4108936428463056,1.730730233102412,1.730730233102413,0.2831482702305237,1.0084786242579662,1.008478624257966,0.3333264230834705,0.3183454927787214,0.16083333333333333
acs_FL_2018_ACSIncome,race,22,OCCP_2,False,0.0536675413989684,0.2829386433359371,0.28293864333593693,0.0506568190595978,-0.3496271639397624,-0.34962716393976184,-0.07816805920942267,0.137338374246972,0.10777777777777778
acs_FL_2018_ACSIncome,race,22,OCCP_3,False,0.06277410929877297,0.7617898588427907,0.7617898588427913,0.1280482927015493,0.09603613765491792,0.09603613765491789,0.024637150972915738,0.10372274889223367,0.11222222222222222
acs_FL_2018_ACSIncome,race,22,OCCP_4,False,0.3150881186952938,-0.8519180763147853,-0.8519180763147848,-0.22882729402937863,-1.0978317523264507,-1.0978317523264505,-0.2572834270900333,0.14156848776015027,0.24916666666666668
acs_FL_2018_ACSIncome,race,22,OCCP_5,False,0.3790518305224188,-0.4913235012792956,-0.49132350127929514,-0.10239423619255984,-1.1905784486071083,-1.1905784486071087,-0.22253931536519186,0.20372874786546508,0.12638888888888888
acs_FL_2018_ACSIncome,race,22,POBP_0,False,0.18731865506059053,0.08718319531376229,0.08718319531376215,0.02253751664074086,0.6112731868054477,0.611273186805448,0.17737946735690832,0.12813490998104127,0.7480555555555556
acs_FL_2018_ACSIncome,race,22,POBP_3,False,0.31546730190333977,-0.2531091255373812,-0.25310912553738096,-0.05979074668846413,-0.9822442465503978,-0.9822442465503979,-0.2418662998721445,0.1398036876413165,0.18611111111111112
acs_FL_2018_ACSIncome,race,22,RELP_0.0,False,0.1037193005014787,1.2277033686083614,1.2277033686083596,0.35371320123480543,0.39235246000999974,0.3923524600099993,0.13117125712006014,0.18285622634686463,0.5219444444444444
acs_FL_2018_ACSIncome,race,22,RELP_1.0,False,0.09574510798360172,0.8757902914586586,0.8757902914586584,0.2052137831795538,0.08245196042456754,0.08245196042456754,0.025437616650488402,0.07672009856058687,0.21944444444444444
acs_FL_2018_ACSIncome,race,22,RELP_2.0,False,0.46188184147193534,-1.8213817720396075,-1.8213817720396057,-0.3677651222129968,-1.926768218367482,-1.926768218367481,-0.18537258993841282,0.16261835869687247,0.10055555555555555
acs_FL_2018_ACSIncome,race,22,SCHL_16.0,False,0.404916718624744,-0.6503090814404926,-0.6503090814404922,-0.16399047801118743,-1.2055841611670217,-1.2055841611670237,-0.24213392980527773,0.24043683179286077,0.19805555555555557
acs_FL_2018_ACSIncome,race,22,SCHL_19.0,False,0.07820260149783209,-0.2549656211073148,-0.25496562110731463,-0.05378094208547817,-0.6006123722774198,-0.6006123722774198,-0.12822295036828224,0.02617352596607178,0.13777777777777778
acs_FL_2018_ACSIncome,race,22,SCHL_20.0,False,0.17290579491381664,0.35128732899784443,0.35128732899784426,0.06539689546109642,-0.6414238332176195,-0.6414238332176188,-0.1434066381121583,0.01599158411027095,0.11444444444444445
acs_FL_2018_ACSIncome,race,22,SCHL_21.0,False,0.2228252124687331,1.2871135598911372,1.287113559891137,0.28078758521799624,0.2843587868420527,0.28435878684205246,0.09453849034086635,0.2173232897309409,0.21888888888888888
acs_FL_2018_ACSIncome,race,22,__A__,True,0.1685035825943092,-0.4294848979727415,-0.42948489797274114,-0.10507352669031479,-0.5632276993308732,-0.5632276993308734,-0.13688917065532322,,0.19916666666666666
acs_FL_2018_ACSIncome,race,23,AGEP,False,0.17374103402409158,1.481132751220903,1.4811327512209038,0.41254024150191715,0.6850639368046916,0.6850639368046916,0.22963603108629105,0.604613287154421,0.515
acs_FL_2018_ACSIncome,race,23,WKHP,False,0.29663759836813286,1.5746615166533486,1.5746615166533489,0.3179047698899466,0.9562673004735045,0.9562673004735057,0.335158068435944,0.767116888507976,0.25055555555555553
acs_FL_2018_ACSIncome,race,23,COW_1.0,False,0.10098577421412067,-0.5304500755270125,-0.5304500755270132,-0.13796645563500284,-0.09288865103756738,-0.09288865103756748,-0.031766968952285445,0.037807481368967076,0.6644444444444444
acs_FL_2018_ACSIncome,race,23,MAR_1.0,False,0.2198112713318403,1.403632210004962,1.4036322100049619,0.391926498634702,0.7380085065837546,0.7380085065837547,0.24101230565170553,0.1409661307264868,0.5347222222222222
acs_FL_2018_ACSIncome,race,23,MAR_3.0,False,0.05578098793485908,0.6722123638482482,0.6722123638482478,0.12477586092356838,-0.1377157877891747,-0.1377157877891748,-0.0349868436135355,0.02376408803761561,0.13472222222222222
acs_FL_2018_ACSIncome,race,23,MAR_5.0,False,0.2497478339583603,-1.7779346543090657,-1.777934654309065,-0.4780359881776298,-0.9022490980713054,-0.9022490980713052,-0.2096767424356399,0.09189651846060014,0.2813888888888889
acs_FL_2018_ACSIncome,race,23,OCCP_0,False,0.44641053531194164,1.915593961993713,1.9155939619937148,0.30356759672205424,1.1023574050951022,1.1023574050951022,0.3583855762439682,0.30331724492571877,0.16027777777777777
acs_FL_2018_ACSIncome,race,23,OCCP_2,False,0.05465706746298665,0.4162494749859402,0.4162494749859401,0.07128686157050626,-0.13632911827415445,-0.13632911827415461,-0.029846203528449702,0.14346862015387143,0.10555555555555556
acs_FL_2018_ACSIncome,race,23,OCCP_3,False,0.0973410607944506,1.0335355725135889,1.0335355725135886,0.16825611748465263,0.29908883992143503,0.29908883992143465,0.07127951128547332,0.14109348618295256,0.10583333333333333
acs_FL_2018_ACSIncome,race,23,OCCP_4,False,0.35951751524931047,-1.0155124427821505,-1.015512442782151,-0.2621844549646482,-1.1187490086172183,-1.1187490086172185,-0.2763700440717624,0.12847350704746408,0.25194444444444447
acs_FL_2018_ACSIncome,race,23,OCCP_5,False,0.44969207899766406,-0.6209931316672956,-0.6209931316672965,-0.12410564211923909,-1.5303577870563334,-1.530357787056333,-0.27752820197068817,0.2434790349753922,0.12361111111111112
acs_FL_2018_ACSIncome,race,23,POBP_0,False,0.14092427091113569,0.25451359674950713,0.25451359674950663,0.06429608484217347,0.5475300624736608,0.5475300624736609,0.15616557825270402,0.1475141591939963,0.7419444444444444
acs_FL_2018_ACSIncome,race,23,POBP_3,False,0.26499823134064376,-0.4852252618380115,-0.48522526183801196,-0.11327491605498086,-0.9782702192868851,-0.9782702192868846,-0.2380850706993464,0.16060649260280363,0.19527777777777777
acs_FL_2018_ACSIncome,race,23,RELP_0.0,False,0.16713633792928606,1.4417735933542635,1.4417735933542628,0.4021906262074813,0.47858738176225596,0.4785873817622562,0.1610547496377822,0.22274208456401917,0.5180555555555556
acs_FL_2018_ACSIncome,race,23,RELP_1.0,False,0.026621074756093738,0.6988215147350683,0.6988215147350677,0.15909633427432193,-0.022328278751973962,-0.022328278751974,-0.0069807294297104345,0.05522305406939582,0.2286111111111111
acs_FL_2018_ACSIncome,race,23,RELP_2.0,False,0.38810545677498465,-2.138649769542752,-2.138649769542754,-0.4239569889564511,-1.679173091915469,-1.6791730919154693,-0.1792141289764467,0.21490741416787212,0.10583333333333333
acs_FL_2018_ACSIncome,race,23,SCHL_16.0,False,0.45514728080389877,-0.9466819105491258,-0.9466819105491261,-0.226201402341857,-1.3321804553982133,-1.3321804553982117,-0.29362684940927286,0.305269241304724,0.19611111111111112
acs_FL_2018_ACSIncome,race,23,SCHL_19.0,False,0.08465072555873321,-0.1968891385549747,-0.19688913855497486,-0.039438215674729375,-0.4879603697698755,-0.48796036976987606,-0.11206973451087811,0.05341457668994386,0.14055555555555554
acs_FL_2018_ACSIncome,race,23,SCHL_20.0,False,0.25581640966836655,0.29941068413222616,0.29941068413222627,0.05199108389490389,-0.7009170821331734,-0.7009170821331736,-0.15079993028702854,0.013985663131744172,0.1063888888888889
acs_FL_2018_ACSIncome,race,23,SCHL_21.0,False,0.23591748074666916,1.349928935322859,1.3499289353228592,0.2915944780194743,0.3993000383314868,0.3993000383314863,0.12718360768133652,0.2452190426113443,0.21611111111111111
acs_FL_2018_ACSIncome,race,23,__A__,True,0.12110263615683126,-0.32817570929458717,-0.32817570929458684,-0.07760443565550666,-0.3625168549901731,-0.3625168549901731,-0.08686040227786576,,0.19916666666666666
acs_FL_2018_ACSIncome,race,24,AGEP,False,0.13021137616228734,1.2666048865065478,1.2666048865065476,0.3717232475734991,0.5680582684084311,0.5680582684084317,0.20027740484119036,0.5254208625975534,0.49527777777777776
acs_FL_2018_ACSIncome,race,24,WKHP,False,0.31755230930488665,1.5420665484888558,1.5420665484888578,0.3296312630657816,1.0291626503684514,1.0291626503684508,0.3717948837940992,0.8105528171712025,0.2475
acs_FL_2018_ACSIncome,race,24,COW_1.0,False,0.11612546669286697,-0.5472538030869332,-0.5472538030869337,-0.1489153739437708,-0.04200427869683726,-0.04200427869683724,-0.014949528769277977,0.04470863317339752,0.6675
acs_FL_2018_ACSIncome,race,24,MAR_1.0,False,0.19386572566993931,1.456984779955258,1.4569847799552582,0.43091966612177834,0.7417162922373468,0.7417162922373457,0.25099129752876803,0.15189033829953633,0.5405555555555556
acs_FL_2018_ACSIncome,race,24,MAR_3.0,False,0.07691223083257193,0.3826926757689686,0.3826926757689686,0.0763885894146872,-0.2894040584524878,-0.28940405845248807,-0.07440159186357695,0.019891350670911565,0.13555555555555557
acs_FL_2018_ACSIncome,race,24,MAR_5.0,False,0.2483242704037566,-1.8071949894273698,-1.8071949894273691,-0.5127157950687511,-0.96753758615548,-0.9675375861554801,-0.23952043460748912,0.12130082485623944,0.28194444444444444
acs_FL_2018_ACSIncome,race,24,OCCP_0,False,0.4235532778133675,1.6549609759099393,1.6549609759099404,0.2843776151731207,1.02932532905642,1.029325329056419,0.34601235782888723,0.3055946578234397,0.1638888888888889
acs_FL_2018_ACSIncome,race,24,OCCP_2,False,0.09854866307955551,0.44196678949323376,0.441966789493234,0.07579154256424613,-0.30721202593506786,-0.3072120259350682,-0.07201654961974348,0.13537606360334462,0.10055555555555555
acs_FL_2018_ACSIncome,race,24,OCCP_3,False,0.10844367015098721,0.8086721627974738,0.8086721627974751,0.14517650344005295,0.41714421799450885,0.41714421799450957,0.10568630055687649,0.13352726309854418,0.115
acs_FL_2018_ACSIncome,race,24,OCCP_4,False,0.2985699841109345,-0.7316153840649271,-0.7316153840649268,-0.20168433506197822,-0.9599618850451465,-0.9599618850451453,-0.23890358720765859,0.10034541165407518,0.2563888888888889
acs_FL_2018_ACSIncome,race,24,OCCP_5,False,0.49844784543579723,-0.5638777258808421,-0.5638777258808414,-0.11667744821655987,-1.4236056402106432,-1.4236056402106447,-0.26381903648466737,0.2289952250122759,0.11805555555555555
acs_FL_2018_ACSIncome,race,24,POBP_0,False,0.09860467230251801,0.05566605992396023,0.05566605992396029,0.01499512644559326,0.34288480234189656,0.342884802341897,0.09819631962530839,0.1144977106233805,0.7416666666666667
acs_FL_2018_ACSIncome,race,24,POBP_3,False,0.21667371984765132,-0.18600404475967358,-0.18600404475967314,-0.04628482080602711,-0.7264041110469616,-0.7264041110469627,-0.169754733554805,0.11655856875357853,0.1913888888888889
acs_FL_2018_ACSIncome,race,24,RELP_0.0,False,0.11247042529863238,1.2354558562414133,1.2354558562414142,0.36366976500543874,0.5109113223532632,0.5109113223532625,0.1742145506025631,0.1919064713478625,0.5197222222222222
acs_FL_2018_ACSIncome,race,24,RELP_1.0,False,0.09424314390169397,0.864684524944551,0.8646845249445513,0.21447401295487614,-0.041458882912662476,-0.0414588829126625,-0.013115932272032258,0.08168016619809798,0.235
acs_FL_2018_ACSIncome,race,24,RELP_2.0,False,0.5827139317705357,-2.1647592786292114,-2.164759278629209,-0.43558681485867956,-2.251893844484272,-2.251893844484274,-0.24394671002603704,0.24676503223073365,0.09638888888888889
acs_FL_2018_ACSIncome,race,24,SCHL_16.0,False,0.4020832376666513,-0.5449774314516562,-0.5449774314516567,-0.14101863837325027,-1.2832409673000282,-1.2832409673000276,-0.2832035943666322,0.2345605042189901,0.20527777777777778
acs_FL_2018_ACSIncome,race,24,SCHL_19.0,False,0.27468318980606315,-0.5511804207263646,-0.5511804207263652,-0.11569611861447207,-0.9072620149827147,-0.9072620149827151,-0.2093429504453098,0.11496163828337114,0.13583333333333333
acs_FL_2018_ACSIncome,race,24,SCHL_20.0,False,0.0838545683032017,0.42202258701204176,0.4220225870120411,0.08019131916728629,-0.4206518851806023,-0.4206518851806027,-0.09611327846136238,0.012814692130935711,0.11444444444444445
acs_FL_2018_ACSIncome,race,24,SCHL_21.0,False,0.24243132102099912,1.297412580910856,1.297412580910857,0.28961901004493523,0.3469597163284787,0.34695971632847905,0.1157263338633209,0.2255496579254257,0.2136111111111111
acs_FL_2018_ACSIncome,race,24,__A__,True,0.05965719012688109,-0.30173102392641926,-0.3017310239264189,-0.07546306202518507,-0.15691914370728988,-0.1569191437072899,-0.038846389056936624,,0.19916666666666666
acs_FL_2018_ACSIncome,race,25,AGEP,False,0.138716148445336,1.3249975366336333,1.3249975366336335,0.3856465178231111,0.618985374585395,0.6189853745853958,0.2159521214970117,0.5441217134036143,0.4791666666666667
acs_FL_2018_ACSIncome,race,25,WKHP,False,0.32011297987990556,1.5422192866365472,1.5422192866365456,0.31737523450635163,0.896875456594052,0.8968754565940511,0.31674366890812305,0.7545111697164208,0.2338888888888889
acs_FL_2018_ACSIncome,race,25,COW_1.0,False,0.0842763308419768,-0.5019349264207671,-0.5019349264207672,-0.13824031388291258,-0.17649154689988183,-0.17649154689988175,-0.061737275858965684,0.0398351030398612,0.6555555555555556
acs_FL_2018_ACSIncome,race,25,MAR_1.0,False,0.2157315294669132,1.2877203604473246,1.2877203604473249,0.37928900018714956,0.7072648031139217,0.7072648031139206,0.23505631204936264,0.13173821298764976,0.5352777777777777
acs_FL_2018_ACSIncome,race,25,MAR_3.0,False,0.06268959885378372,0.6645096982785765,0.6645096982785768,0.13435795089948196,-0.083140345353027,-0.08314034535302711,-0.021091795685570288,0.01672961116338373,0.13944444444444445
acs_FL_2018_ACSIncome,race,25,MAR_5.0,False,0.3377424009572858,-1.739221407187095,-1.7392214071870948,-0.49116323298560505,-1.1118540031470514,-1.1118540031470507,-0.27527828316053754,0.1385517030424071,0.2822222222222222
acs_FL_2018_ACSIncome,race,25,OCCP_0,False,0.4578941196104699,1.8110714171390296,1.8110714171390292,0.29604216196891914,1.1436654235513757,1.1436654235513752,0.37671409467858674,0.3035163189212477,0.15694444444444444
acs_FL_2018_ACSIncome,race,25,OCCP_2,False,0.039077471489259,0.24268340638895225,0.24268340638895222,0.0439784987526624,-0.30851532123663683,-0.3085153212366369,-0.07146726920771175,0.166067391652801,0.10972222222222222
acs_FL_2018_ACSIncome,race,25,OCCP_3,False,0.14770692685490894,1.0553109581555804,1.055310958155582,0.18079083236691645,0.28348426253234055,0.2834842625323406,0.07106199218686886,0.14313146684858485,0.10944444444444444
acs_FL_2018_ACSIncome,race,25,OCCP_4,False,0.3947236417217921,-0.9480508460809267,-0.9480508460809275,-0.2613771852516902,-1.3055335179670313,-1.3055335179670309,-0.342470755498883,0.15748283082856523,0.26722222222222225
acs_FL_2018_ACSIncome,race,25,OCCP_5,False,0.3297078115682767,-0.3929544054337346,-0.3929544054337341,-0.08271258051598918,-1.1400989718241088,-1.140098971824108,-0.19796071268092102,0.20903579180188397,0.12055555555555555
acs_FL_2018_ACSIncome,race,25,POBP_0,False,0.16366159280127823,0.14586823317479003,0.14586823317479006,0.03866449183370969,0.5589819328008184,0.5589819328008175,0.16345826300763774,0.13315920081471536,0.7430555555555556
acs_FL_2018_ACSIncome,race,25,POBP_3,False,0.21096023278370513,-0.19682961535536259,-0.19682961535536275,-0.048192307670364434,-0.8283421654696358,-0.8283421654696351,-0.20299321879578552,0.12076567189545363,0.1922222222222222
acs_FL_2018_ACSIncome,race,25,RELP_0.0,False,0.14117560644177973,1.3181287671411863,1.3181287671411845,0.3866831680912883,0.5618850604047165,0.561885060404716,0.19259051201543786,0.20124810770329915,0.5077777777777778
acs_FL_2018_ACSIncome,race,25,RELP_1.0,False,0.036490169163066716,0.6900437721266011,0.6900437721266011,0.16860796267471134,0.012527597289581749,0.012527597289581827,0.003993659683964042,0.06398295330357137,0.23694444444444446
acs_FL_2018_ACSIncome,race,25,RELP_2.0,False,0.40244850369218804,-2.0111278441643146,-2.0111278441643123,-0.409765112014221,-1.445838029474786,-1.4458380294747855,-0.16454643436524405,0.20533886640158866,0.10083333333333333
acs_FL_2018_ACSIncome,race,25,SCHL_16.0,False,0.4686830497794581,-0.7686532425850316,-0.7686532425850321,-0.1988208719498587,-1.4154286293057634,-1.4154286293057643,-0.32076178006300465,0.29117407817314517,0.21027777777777779
acs_FL_2018_ACSIncome,race,25,SCHL_19.0,False,0.05506492810334884,0.0022747163669898374,0.0022747163669897094,0.0004809924048186684,-0.3782624455215743,-0.37826244552157434,-0.08762412160569055,0.045693808854266944,0.14027777777777778
acs_FL_2018_ACSIncome,race,25,SCHL_20.0,False,0.05863408724941277,0.3393591058087648,0.33935910580876516,0.06398915880578629,-0.35414205532929205,-0.35414205532929227,-0.0781345090149206,0.004670908001320402,0.11222222222222222
acs_FL_2018_ACSIncome,race,25,SCHL_21.0,False,0.20356270616405095,1.2942768180806972,1.2942768180806972,0.29051934108495353,0.24886309114337776,0.24886309114337782,0.0807839653267584,0.22415095036761884,0.21305555555555555
acs_FL_2018_ACSIncome,race,25,__A__,True,0.1341556877486223,-0.26753505407490663,-0.26753505407490624,-0.06670885047727736,-0.44676565483407804,-0.4467656548340784,-0.10862343490430484,,0.19916666666666666
acs_FL_2018_ACSIncome,race,26,AGEP,False,0.14920293293564713,1.459989763661837,1.459989763661835,0.40489040541709814,0.6145886670505274,0.6145886670505276,0.20305961203213227,0.5664394411363172,0.49166666666666664
acs_FL_2018_ACSIncome,race,26,WKHP,False,0.3091405161908078,1.6112190882005584,1.6112190882005564,0.3219536885661116,1.0779190446359728,1.0779190446359739,0.3653068057180491,0.7927367864597925,0.24583333333333332
acs_FL_2018_ACSIncome,race,26,COW_1.0,False,0.0812544592006609,-0.39103465149800765,-0.39103465149800776,-0.10302693271294028,-0.012830116180439555,-0.012830116180439539,-0.004305770596351756,0.056351296227023145,0.6447222222222222
acs_FL_2018_ACSIncome,race,26,MAR_1.0,False,0.25376637412432623,1.3725090015583903,1.3725090015583898,0.3836701567359915,0.9296707294156024,0.9296707294156017,0.29481524501974254,0.17543571864193147,0.5341666666666667
acs_FL_2018_ACSIncome,race,26,MAR_3.0,False,0.09028142545318729,0.7819790889201104,0.7819790889201093,0.15125155153272818,-0.29480988814764963,-0.2948098881476494,-0.06982159909996506,0.005835039873030317,0.1386111111111111
acs_FL_2018_ACSIncome,race,26,MAR_5.0,False,0.2710567677514793,-1.8975399264288506,-1.8975399264288517,-0.5074712065099459,-1.03918571599031,-1.0391857159903108,-0.2473445401884496,0.15411925513287023,0.28055555555555556
acs_FL_2018_ACSIncome,race,26,OCCP_0,False,0.45091698286765547,1.9671933889270545,1.9671933889270559,0.3199281178580024,1.080428719117059,1.080428719117058,0.3428685914949868,0.2971881214820132,0.16666666666666666
acs_FL_2018_ACSIncome,race,26,OCCP_2,False,0.03806393400360919,0.16620583063584826,0.16620583063584796,0.02854281279229249,-0.22699469882175868,-0.22699469882175893,-0.04955612241156271,0.15716117400004007,0.10833333333333334
acs_FL_2018_ACSIncome,race,26,OCCP_3,False,0.12062385929981756,0.9055717506559664,0.9055717506559656,0.14845357067815415,0.36697592267715706,0.3669759226771571,0.08625474818614094,0.13809750127216391,0.10861111111111112
acs_FL_2018_ACSIncome,race,26,OCCP_4,False,0.33274059704709563,-0.9551309250470261,-0.9551309250470265,-0.24712105845584603,-1.242040450431273,-1.2420404504312716,-0.29042794981986514,0.14241475869764775,0.25027777777777777
acs_FL_2018_ACSIncome,race,26,OCCP_5,False,0.4035040431266847,-0.29262833997057514,-0.292628339970575,-0.057167958918798334,-1.3158135777589235,-1.3158135777589246,-0.22464810956785147,0.20322044368996126,0.11666666666666667
acs_FL_2018_ACSIncome,race,26,POBP_0,False,0.2107680089694478,0.15704672797155328,0.15704672797155314,0.039589259690062016,0.6740058733001364,0.674005873300136,0.1784215347104114,0.13496613951715172,0.7511111111111111
acs_FL_2018_ACSIncome,race,26,POBP_3,False,0.3191333015570385,-0.3407662333163535,-0.34076623331635353,-0.07994458223667326,-1.0861910136426207,-1.086191013642622,-0.2415410916137503,0.13670909168111434,0.19111111111111112
acs_FL_2018_ACSIncome,race,26,RELP_0.0,False,0.1469367451174226,1.3956543745353183,1.3956543745353163,0.38945986442588854,0.5151270039292405,0.5151270039292413,0.16557962695300343,0.20529559276592974,0.5222222222222223
acs_FL_2018_ACSIncome,race,26,RELP_1.0,False,0.044641695082906024,0.7648573844879902,0.7648573844879901,0.17813754718558944,-0.06261008089021236,-0.06261008089021236,-0.01885833872184746,0.04369543260575445,0.23583333333333334
acs_FL_2018_ACSIncome,race,26,RELP_2.0,False,0.6092123287671233,-2.2905311966011324,-2.29053119660113,-0.4447132779506119,-2.306503472137341,-2.3065034721373396,-0.22550769586798014,0.2134123034753972,0.1
acs_FL_2018_ACSIncome,race,26,SCHL_16.0,False,0.43152095275196173,-0.6977007571687868,-0.6977007571687864,-0.16929748327331684,-1.5411177087114445,-1.5411177087114445,-0.3343170976391712,0.28063949378618763,0.20444444444444446
acs_FL_2018_ACSIncome,race,26,SCHL_19.0,False,0.16595247370471367,0.0453735864537943,0.045373586453794426,0.009087326463011169,-0.6160664097772954,-0.6160664097772955,-0.1336442589073471,0.03864519698173366,0.13805555555555554
acs_FL_2018_ACSIncome,race,26,SCHL_20.0,False,0.07742636151727067,0.4260987658708155,0.4260987658708155,0.0757906119554107,-0.3605028952442455,-0.3605028952442455,-0.06941529850710021,0.00026551313658197657,0.10472222222222222
acs_FL_2018_ACSIncome,race,26,SCHL_21.0,False,0.16671411538555123,1.1855830489946881,1.1855830489946895,0.25048322465280576,0.37865286908414725,0.378652869084147,0.1201635735807861,0.22936688914137288,0.21916666666666668
acs_FL_2018_ACSIncome,race,26,__A__,True,0.07659087867839376,-0.4536618121641458,-0.4536618121641454,-0.1073851886927509,-0.23401908516361092,-0.2340190851636111,-0.054290762083281076,,0.19916666666666666
acs_FL_2018_ACSIncome,race,27,AGEP,False,0.1453492484526968,1.3658861407212017,1.3658861407212015,0.3829248967546642,0.6783489445715631,0.6783489445715623,0.2175695572257237,0.6115903789742214,0.485
acs_FL_2018_ACSIncome,race,27,WKHP,False,0.3063121595282123,1.5732312280399743,1.5732312280399736,0.3232969952004616,0.9346507549061296,0.9346507549061291,0.30417365103823335,0.8083440435964273,0.24722222222222223
acs_FL_2018_ACSIncome,race,27,COW_1.0,False,0.10878083401417807,-0.6315338942368875,-0.6315338942368881,-0.1638340674581264,-0.025560632922739523,-0.02556063292273952,-0.00815219939474576,0.05065898988839887,0.6747222222222222
acs_FL_2018_ACSIncome,race,27,MAR_1.0,False,0.20847090160126358,1.4228578773308251,1.4228578773308231,0.40314982615526906,0.8774594988378746,0.8774594988378738,0.2745326302879202,0.16379426296062843,0.5352777777777777
acs_FL_2018_ACSIncome,race,27,MAR_3.0,False,0.12731666380190698,0.38357061911346,0.3835706191134603,0.07061739211577472,-0.5108577538075649,-0.5108577538075648,-0.12510445184852334,0.04595711237306631,0.13527777777777777
acs_FL_2018_ACSIncome,race,27,MAR_5.0,False,0.17610440639910185,-1.7346458626217713,-1.734645862621772,-0.470419179773349,-0.8607805404252629,-0.860780540425263,-0.20004992743814184,0.12246033601839539,0.285
acs_FL_2018_ACSIncome,race,27,OCCP_0,False,0.4615643112008911,2.066871947636086,2.0668719476360873,0.3545104791657076,1.297013135032673,1.2970131350326715,0.39320630631824904,0.3558691962812598,0.17
acs_FL_2018_ACSIncome,race,27,OCCP_2,False,0.05824187598536679,0.23669000643157223,0.23669000643157256,0.04059713892278585,-0.3767333090500859,-0.3767333090500859,-0.07498281065187377,0.17060466746440428,0.10194444444444445
acs_FL_2018_ACSIncome,race,27,OCCP_3,False,0.10239204138853364,0.7555266434492809,0.7555266434492801,0.12550194088396643,0.2597865278848483,0.259786527884848,0.059062106961803404,0.10966845379504322,0.10944444444444444
acs_FL_2018_ACSIncome,race,27,OCCP_4,False,0.35522865251284264,-1.0158680603827055,-1.0158680603827048,-0.26364465572891643,-1.221701329013226,-1.2217013290132246,-0.2749191108878413,0.14788509549032244,0.24444444444444444
acs_FL_2018_ACSIncome,race,27,OCCP_5,False,0.4854192898514229,-0.4792079017006461,-0.47920790170064664,-0.09694797934376308,-1.643697747134096,-1.6436977471340963,-0.3123816936886679,0.2472480516712282,0.13055555555555556
acs_FL_2018_ACSIncome,race,27,POBP_0,False,0.09554578676976855,0.32834227874272504,0.32834227874272526,0.08328491086681096,0.36024791062958605,0.3602479106295859,0.09441861688532745,0.13226926459380986,0.7494444444444445
acs_FL_2018_ACSIncome,race,27,POBP_3,False,0.23094519859225743,-0.6316312476150876,-0.6316312476150875,-0.14755635963417776,-0.9075132477688955,-0.9075132477688951,-0.19932804307796836,0.17283162890008358,0.18722222222222223
acs_FL_2018_ACSIncome,race,27,RELP_0.0,False,0.12202682442562501,1.2170094431317824,1.217009443131784,0.34314394762482175,0.3816492132024446,0.38164921320244466,0.11986732963223938,0.18809317539116732,0.5122222222222222
acs_FL_2018_ACSIncome,race,27,RELP_1.0,False,0.06025987063291377,0.8175725516833725,0.8175725516833733,0.19799050953070077,0.164578368450562,0.16457836845056217,0.04794425292340749,0.06947896977087958,0.24944444444444444
acs_FL_2018_ACSIncome,race,27,RELP_2.0,False,0.33304745568896515,-2.001117602615048,-2.001117602615048,-0.3934023226969243,-1.468898241033354,-1.468898241033354,-0.14350793410777488,0.15136270552174827,0.10083333333333333
acs_FL_2018_ACSIncome,race,27,SCHL_16.0,False,0.40622235124972345,-0.5910726910458752,-0.5910726910458762,-0.14623525080761707,-1.3940722084817925,-1.3940722084817918,-0.2919648413869362,0.24462312027311034,0.2088888888888889
acs_FL_2018_ACSIncome,race,27,SCHL_19.0,False,0.2008173278590586,-0.4995494723597773,-0.49954947235977726,-0.09953629509290576,-0.7190000246176524,-0.7190000246176519,-0.15703782907120747,0.08098196138823589,0.13833333333333334
acs_FL_2018_ACSIncome,race,27,SCHL_20.0,False,0.0686650296460442,0.5146810734040148,0.5146810734040153,0.09404014527889888,-0.35098176818258137,-0.3509817681825813,-0.06697499992261859,0.022039109994351123,0.10944444444444444
acs_FL_2018_ACSIncome,race,27,SCHL_21.0,False,0.23654603256310533,1.2802694028618005,1.2802694028618005,0.2764057054928638,0.41856475547265326,0.4185647554726534,0.12560250829939582,0.248574277061806,0.21583333333333332
acs_FL_2018_ACSIncome,race,27,__A__,True,0.14335851489605,-0.401499789846411,-0.4014997898464111,-0.09611153129970623,-0.46306519168741844,-0.4630651916874185,-0.1033841621760588,,0.19916666666666666
acs_FL_2018_ACSIncome,race,28,AGEP,False,0.14821197456530302,1.4922751859773056,1.492275185977305,0.4111271996936134,0.6924958870744655,0.692495887074465,0.2387010084837318,0.5351934101422565,0.4925
acs_FL_2018_ACSIncome,race,28,WKHP,False,0.3192006379228337,1.4814278388060782,1.4814278388060786,0.2894044568025924,0.9475838784517789,0.9475838784517803,0.3306390362919725,0.7685896660298707,0.2338888888888889
acs_FL_2018_ACSIncome,race,28,COW_1.0,False,0.1116136761045095,-0.6252399334201237,-0.6252399334201237,-0.15959719016647264,-0.09601962220021365,-0.09601962220021378,-0.033263118561777896,0.04540716609688145,0.6669444444444445
acs_FL_2018_ACSIncome,race,28,MAR_1.0,False,0.22721205753893525,1.5318054334943698,1.5318054334943707,0.425013144135675,0.860044638235892,0.8600446382358916,0.2808797581423497,0.1585237915050713,0.5416666666666666
acs_FL_2018_ACSIncome,race,28,MAR_3.0,False,0.06774908788024536,0.7015292438521239,0.7015292438521239,0.12813333136818417,-0.21297874406339293,-0.21297874406339284,-0.052201343415830645,0.008628179903398633,0.12833333333333333
acs_FL_2018_ACSIncome,race,28,MAR_5.0,False,0.2531598070164989,-1.9701333549231654,-1.9701333549231654,-0.528449458868876,-1.1140182656463713,-1.11401826564637,-0.2709635531379413,0.13406966669412576,0.29138888888888886
acs_FL_2018_ACSIncome,race,28,OCCP_0,False,0.5043572134046902,2.0215883504624927,2.0215883504624914,0.3082111471771215,1.192373078438142,1.1923730784381408,0.38970983853552493,0.3501508752361845,0.15666666666666668
acs_FL_2018_ACSIncome,race,28,OCCP_2,False,0.0718426220874736,0.6777870793238836,0.677787079323883,0.11581332345295832,-0.16270951589562455,-0.16270951589562457,-0.03626584978908443,0.10862038189285998,0.1075
acs_FL_2018_ACSIncome,race,28,OCCP_3,False,0.10443222892823453,0.8589222506144609,0.8589222506144604,0.13738076658302492,0.08491535570297354,0.08491535570297351,0.021475232703363482,0.09361664700497266,0.11055555555555556
acs_FL_2018_ACSIncome,race,28,OCCP_4,False,0.3546591429007168,-1.0227342001612292,-1.0227342001612285,-0.2692584329470462,-1.2189418797456595,-1.2189418797456586,-0.2987641041286344,0.14665036362067652,0.2727777777777778
acs_FL_2018_ACSIncome,race,28,OCCP_5,False,0.5547487246282428,-0.3826733980862782,-0.3826733980862781,-0.0748466615504133,-1.4887258348770032,-1.4887258348770038,-0.2682386859922446,0.2328823553555409,0.11972222222222222
acs_FL_2018_ACSIncome,race,28,POBP_0,False,0.11140696047569076,0.07627072028048154,0.076270720280482,0.019148585863559827,0.30344859998372253,0.30344859998372264,0.08614763546321466,0.12777067012314205,0.7427777777777778
acs_FL_2018_ACSIncome,race,28,POBP_3,False,0.19731135082434403,-0.26215581395893905,-0.2621558139589388,-0.0604981802675296,-0.6761597370080333,-0.6761597370080332,-0.16055491056899565,0.13745104215348083,0.19055555555555556
acs_FL_2018_ACSIncome,race,28,RELP_0.0,False,0.12586615863176204,1.516268039195118,1.5162680391951167,0.4197002152592585,0.5194097961640468,0.5194097961640466,0.1750002285044686,0.2516963708368388,0.5188888888888888
acs_FL_2018_ACSIncome,race,28,RELP_1.0,False,0.04428668423995527,0.7311925452517929,0.731192545251793,0.16907832389493826,0.05687597055725757,0.05687597055725764,0.018067843304871347,0.062425170210376864,0.2411111111111111
acs_FL_2018_ACSIncome,race,28,RELP_2.0,False,0.57062350785631,-2.2687412705766796,-2.2687412705766796,-0.4421455059390036,-2.5888973736345218,-2.5888973736345218,-0.29167882259233113,0.24179282177777855,0.10444444444444445
acs_FL_2018_ACSIncome,race,28,SCHL_16.0,False,0.42466707353332395,-0.6329795693263702,-0.6329795693263708,-0.15194919839287005,-1.4277175532155773,-1.4277175532155784,-0.3029870542383518,0.23952969186214562,0.1986111111111111
acs_FL_2018_ACSIncome,race,28,SCHL_19.0,False,0.08452171361502347,-0.14403823128614945,-0.14403823128614948,-0.029083925917588512,-0.45080431770397816,-0.45080431770397755,-0.09880388193004726,0.029512731711860925,0.14
acs_FL_2018_ACSIncome,race,28,SCHL_20.0,False,0.15341188021600383,0.09312931795191459,0.09312931795191431,0.01658061753456853,-0.5251075992518708,-0.5251075992518708,-0.11429360676533165,0.02332603504598491,0.1125
acs_FL_2018_ACSIncome,race,28,SCHL_21.0,False,0.1591861025163846,1.0834368330254913,1.083436833025492,0.22294614130294427,0.20360575340557802,0.2036057534055781,0.06736527256066792,0.17138153667765488,0.21611111111111111
acs_FL_2018_ACSIncome,race,28,__A__,True,0.10077491089133006,-0.3779385351637228,-0.3779385351637226,-0.08870193548261748,-0.2319880381335622,-0.23198803813356225,-0.05583809278991454,,0.19916666666666666
acs_FL_2018_ACSIncome,race,29,AGEP,False,0.18033955183487893,1.3481713208218091,1.3481713208218082,0.3637410743829685,0.6716270498698624,0.6716270498698627,0.22676116006459704,0.5730032742866182,0.49083333333333334
acs_FL_2018_ACSIncome,race,29,WKHP,False,0.3461075793395541,1.7312554415348678,1.731255441534867,0.3329038357797159,0.9815193204345766,0.9815193204345765,0.3380757526242404,0.811866600936436,0.23527777777777778
acs_FL_2018_ACSIncome,race,29,COW_1.0,False,0.1207399021370652,-0.674623759568459,-0.6746237595684592,-0.17191062541450977,0.03879972679760452,0.03879972679760436,0.013251815976689505,0.031020303783473164,0.6547222222222222
acs_FL_2018_ACSIncome,race,29,MAR_1.0,False,0.17372701555869874,1.3962319257578941,1.3962319257578912,0.38047276399658964,0.7261585266960309,0.7261585266960302,0.2371240388425878,0.12208057236483179,0.5372222222222223
acs_FL_2018_ACSIncome,race,29,MAR_3.0,False,0.06791522184456578,0.700790099876696,0.7007900998766956,0.13079533364181914,-0.27642034404457017,-0.2764203440445703,-0.06765526560604503,0.003470661593068916,0.13777777777777778
acs_FL_2018_ACSIncome,race,29,MAR_5.0,False,0.2215281415848575,-1.8491874877138446,-1.8491874877138432,-0.48176512357684165,-0.886932107107492,-0.8869321071074924,-0.2176083561910438,0.11209869527210851,0.28194444444444444
acs_FL_2018_ACSIncome,race,29,OCCP_0,False,0.44855075538957734,1.888107846253792,1.8881078462537895,0.2940956161919972,1.1286872168713187,1.1286872168713196,0.36599401975333967,0.3123988911561006,0.1638888888888889
acs_FL_2018_ACSIncome,race,29,OCCP_2,False,0.028622008003451382,0.338794792552501,0.338794792552501,0.05644871399325781,-0.19146010327979876,-0.19146010327979882,-0.04110114003610267,0.14645782137072041,0.10444444444444445
acs_FL_2018_ACSIncome,race,29,OCCP_3,False,0.06228428242331163,0.7365175297078044,0.7365175297078036,0.11755646344262186,0.10500889487770815,0.10500889487770831,0.02613227425000608,0.09814565160954965,0.1125
acs_FL_2018_ACSIncome,race,29,OCCP_4,False,0.2731832470414201,-1.0854702738115896,-1.0854702738115898,-0.2726062943431239,-1.0920710791243349,-1.092071079124336,-0.26598205294282584,0.13850430216205376,0.25
acs_FL_2018_ACSIncome,race,29,OCCP_5,False,0.4266284815813118,-0.14235734379402043,-0.14235734379402076,-0.02867713545362054,-1.2695940547893094,-1.2695940547893103,-0.22180204847913013,0.16700254346449556,0.13083333333333333
acs_FL_2018_ACSIncome,race,29,POBP_0,False,0.1829561700198752,0.19577145948833152,0.19577145948833155,0.04805001299994579,0.6106757840929764,0.6106757840929757,0.17125599811594225,0.13350976836237127,0.7452777777777778
acs_FL_2018_ACSIncome,race,29,POBP_3,False,0.21411598159664297,-0.3003165601062847,-0.3003165601062851,-0.06730884606100376,-0.7454815968043893,-0.745481596804389,-0.17361697402134038,0.12642634589220547,0.18555555555555556
acs_FL_2018_ACSIncome,race,29,RELP_0.0,False,0.1416600785553841,1.4282973769282516,1.4282973769282508,0.3878596130185961,0.5712207401407132,0.5712207401407139,0.1888170677199621,0.20888853194152793,0.5183333333333333
acs_FL_2018_ACSIncome,race,29,RELP_1.0,False,0.04358898478250803,0.7990250391111569,0.7990250391111579,0.18070004807178086,0.03943590205069475,0.03943590205069475,0.012041647923014737,0.08484028300243343,0.23222222222222222
acs_FL_2018_ACSIncome,race,29,RELP_2.0,False,0.5587981525655992,-2.360697514723232,-2.3606975147232307,-0.4468093781626685,-2.2221782448645584,-2.2221782448645575,-0.25826655237106166,0.28256377437749686,0.10277777777777777
acs_FL_2018_ACSIncome,race,29,SCHL_16.0,False,0.38292682926829263,-0.7810095677458724,-0.7810095677458724,-0.18088964778637778,-1.3540583391467713,-1.3540583391467704,-0.28760068614973167,0.2778120643831239,0.1913888888888889
acs_FL_2018_ACSIncome,race,29,SCHL_19.0,False,0.1077683906861735,-0.29581325190520835,-0.2958132519052076,-0.058716284868386634,-0.4167163168201353,-0.4167163168201357,-0.09309243195658896,0.05214387630950269,0.14305555555555555
acs_FL_2018_ACSIncome,race,29,SCHL_20.0,False,0.22647536619660624,0.29933349332725734,0.2993334933272572,0.05297688785986489,-0.6545166057182652,-0.654516605718266,-0.14667512673989475,0.015813511141852407,0.11833333333333333
acs_FL_2018_ACSIncome,race,29,SCHL_21.0,False,0.20737643520225596,1.3355926086064813,1.3355926086064798,0.28142078447165875,0.3106068400257371,0.3106068400257375,0.09722763679944708,0.24839703569328953,0.21388888888888888
acs_FL_2018_ACSIncome,race,29,__A__,True,0.1525491770373344,-0.43070828733314204,-0.4307082873331419,-0.09926383097622647,-0.5382517356790623,-0.5382517356790627,-0.1277769059118352,,0.19916666666666666
acs_NY_2018_ACSIncome,sex,0,AGEP,False,0.15245524613470435,1.3713038989281867,1.3713038989281863,0.3517513333043059,0.31233417863598834,0.3123341786359883,0.11145809779024239,0.4828908833750268,0.49472222222222223
acs_NY_2018_ACSIncome,sex,0,WKHP,False,0.3720527151670637,1.785049152494882,1.7850491524948804,0.3186325367678223,0.997217237360035,0.9972172373600356,0.35004668247378307,0.8784259847892065,0.23222222222222222
acs_NY_2018_ACSIncome,sex,0,COW_1.0,False,0.07944461003477396,-0.35948774962419616,-0.3594877496241962,-0.0889443434251677,-0.17094210037421298,-0.17094210037421284,-0.06173416545180813,0.0452830871428633,0.6158333333333333
acs_NY_2018_ACSIncome,sex,0,COW_2.0,False,0.04109260760067279,-0.16951495818466866,-0.16951495818466852,-0.027779746008860563,0.06096342935153931,0.060963429351539485,0.014246114047912017,0.0869296858873319,0.11388888888888889
acs_NY_2018_ACSIncome,sex,0,MAR_1.0,False,0.14975105288641619,1.3495916954923373,1.3495916954923382,0.34822460264528476,0.5489796306892332,0.5489796306892331,0.19186790138854043,0.08369031642080899,0.5238888888888888
acs_NY_2018_ACSIncome,sex,0,MAR_5.0,False,0.15934464818012822,-1.6266912462709104,-1.6266912462709089,-0.4190212959861463,-0.5899166570121779,-0.5899166570121775,-0.178458700306894,0.09278306586892339,0.3463888888888889
acs_NY_2018_ACSIncome,sex,0,OCCP_0,False,0.3890425334897216,1.7464832532627457,1.7464832532627483,0.24516071242616067,0.9840313710416191,0.9840313710416195,0.31862577803657377,0.21608267740121753,0.15888888888888889
acs_NY_2018_ACSIncome,sex,0,OCCP_2,False,0.17729885057471265,0.7198948008276493,0.7198948008276487,0.12698273445305186,0.24247342190156362,0.2424734219015635,0.06845168421952712,0.05884287654765947,0.15416666666666667
acs_NY_2018_ACSIncome,sex,0,OCCP_3,False,0.08603979791731109,0.6776910389602704,0.6776910389602714,0.1160099377162921,0.11641561739445061,0.11641561739445073,0.029592642440764937,0.08155932779399866,0.1313888888888889
acs_NY_2018_ACSIncome,sex,0,OCCP_4,False,0.34447176816625674,-1.3779001290215496,-1.3779001290215482,-0.3252000662296258,-1.0662719034707495,-1.0662719034707506,-0.23686008295746336,0.18048138592467733,0.21333333333333335
acs_NY_2018_ACSIncome,sex,0,OCCP_5,False,0.36436156436156436,-0.2702321188118699,-0.27023211881187,-0.049068639718729594,-1.2002904707262174,-1.2002904707262156,-0.25724756157994394,0.16661739451269725,0.12305555555555556
acs_NY_2018_ACSIncome,sex,0,POBP_0,False,0.06563620071684595,0.12328489621870764,0.1232848962187075,0.027900225270680465,0.22593745572339186,0.225937455723392,0.0690751232609719,0.06270897340134945,0.7563888888888889
acs_NY_2018_ACSIncome,sex,0,POBP_3,False,0.191593307525057,-0.15673993622360483,-0.1567399362236047,-0.027093902054171715,-0.5885859960526146,-0.5885859960526141,-0.11151190230855065,0.02104816431120526,0.10444444444444445
acs_NY_2018_ACSIncome,sex,0,RELP_0.0,False,0.18728592879816008,1.477530422252381,1.477530422252382,0.3740844568644642,0.5783848439154011,0.578384843915402,0.20463748426860545,0.2642859153851287,0.48333333333333334
acs_NY_2018_ACSIncome,sex,0,RELP_1.0,False,0.04460790929950062,0.8294051789657819,0.8294051789657815,0.1742958018473727,0.02466546554343607,0.024665465543436075,0.00783805007021244,0.08917640384039292,0.22666666666666666
acs_NY_2018_ACSIncome,sex,0,RELP_2.0,False,0.5248243378889661,-1.5806428606589416,-1.5806428606589418,-0.3186746247280552,-1.570736577915798,-1.5707365779157978,-0.21358002836718024,0.19236261120135567,0.12305555555555556
acs_NY_2018_ACSIncome,sex,0,SCHL_16.0,False,0.45568139738622304,-0.5757592894632142,-0.575759289463214,-0.12857112633376785,-1.4594637555475762,-1.4594637555475773,-0.3350065646823831,0.312459744822205,0.18944444444444444
acs_NY_2018_ACSIncome,sex,0,SCHL_19.0,False,0.22665156703801637,-0.72761247446488,-0.7276124744648809,-0.1389211801950551,-0.8422804953057936,-0.8422804953057942,-0.17650057620296208,0.10307727922944769,0.13194444444444445
acs_NY_2018_ACSIncome,sex,0,SCHL_21.0,False,0.23507600865113817,1.4469862297354452,1.4469862297354457,0.286083307389563,0.3542825620914757,0.3542825620914758,0.11831864903425632,0.30064805316059195,0.2275
acs_NY_2018_ACSIncome,sex,0,SCHL_22.0,False,0.4571614883007288,1.860818658997757,1.8608186589977573,0.23431598459633862,1.0615593559670906,1.0615593559670915,0.31579558983778827,0.399515754465727,0.12444444444444444
acs_NY_2018_ACSIncome,sex,0,__A__,True,0.029846792433526614,0.02525481176738653,0.025254811767386236,0.006536748318504347,-0.004678180945089205,-0.00467818094508936,-0.0016882794848853816,,0.49777777777777776
acs_NY_2018_ACSIncome,sex,1,AGEP,False,0.15060269231346757,1.3962789831033784,1.3962789831033788,0.3629611706560793,0.5056676917358166,0.5056676917358169,0.1792021664767032,0.5527760447954752,0.4825
acs_NY_2018_ACSIncome,sex,1,WKHP,False,0.3084002895403547,1.6136595092348465,1.6136595092348467,0.30207722536129467,0.97318238745142,0.9731823874514194,0.3443013461101849,0.8230645194135431,0.25
acs_NY_2018_ACSIncome,sex,1,COW_1.0,False,0.1316469258506949,-0.48625853929658525,-0.48625853929658575,-0.1215680784508617,-0.23380532487444305,-0.23380532487444294,-0.0829476212689534,0.014267546471636569,0.6377777777777778
acs_NY_2018_ACSIncome,sex,1,COW_2.0,False,0.017821422076741228,0.10029826791086993,0.10029826791087024,0.016752550203529722,-0.16321477443214505,-0.16321477443214505,-0.037097517924858964,0.09800215581315062,0.11138888888888888
acs_NY_2018_ACSIncome,sex,1,COW_3.0,False,0.20336134453781507,0.7355708943203794,0.7355708943203799,0.09974089334854058,0.5584804565726396,0.5584804565726392,0.12826502247081753,0.17838450934511954,0.08833333333333333
acs_NY_2018_ACSIncome,sex,1,MAR_1.0,False,0.15336378215787572,1.3918340850348798,1.3918340850348816,0.3646669840148974,0.5894138933125355,0.5894138933125348,0.20468443442411288,0.10586687123518174,0.5116666666666667
acs_NY_2018_ACSIncome,sex,1,MAR_5.0,False,0.18067090879663056,-1.7071761492228696,-1.707176149222872,-0.4508461143568754,-0.5107330063505242,-0.5107330063505242,-0.15255766469370724,0.08887478694638519,0.3552777777777778
acs_NY_2018_ACSIncome,sex,1,OCCP_0,False,0.3579710144927536,1.62928341864802,1.629283418648021,0.23857221609321116,0.9569830519105136,0.9569830519105141,0.3090542118346233,0.24870226582745214,0.16277777777777777
acs_NY_2018_ACSIncome,sex,1,OCCP_2,False,0.10694836907051664,0.5042832709928076,0.5042832709928079,0.09027633428784203,0.20006726976553557,0.20006726976553582,0.0539239612594537,0.0747606428129922,0.14583333333333334
acs_NY_2018_ACSIncome,sex,1,OCCP_3,False,0.09252145051375305,0.37775805466144696,0.37775805466144624,0.0643657916393506,0.025449608209937358,0.025449608209937347,0.006558903958684237,0.02304416540666572,0.13027777777777777
acs_NY_2018_ACSIncome,sex,1,OCCP_4,False,0.3146919561746407,-1.1626657670862983,-1.1626657670862999,-0.2797894566391861,-1.0962630517646366,-1.0962630517646357,-0.24785350807914217,0.15738376605833784,0.215
acs_NY_2018_ACSIncome,sex,1,OCCP_5,False,0.44924930271200525,-0.27340365816850265,-0.2734036581685027,-0.0510425397699466,-1.3696347510462257,-1.3696347510462248,-0.2722785848047937,0.14724293187772364,0.11888888888888889
acs_NY_2018_ACSIncome,sex,1,POBP_0,False,0.07949673811742775,-0.05924187855897123,-0.05924187855897109,-0.013731689499676103,0.18215220906124707,0.182152209061247,0.054825352499357514,0.05634650999601653,0.7572222222222222
acs_NY_2018_ACSIncome,sex,1,POBP_3,False,0.2761375303633586,-0.2076559619626619,-0.20765596196266203,-0.036711599585792905,-0.9169717409350152,-0.9169717409350145,-0.1774793360518496,0.0647007620812386,0.10666666666666667
acs_NY_2018_ACSIncome,sex,1,RELP_0.0,False,0.1914871144909168,1.5388964619422196,1.5388964619422187,0.39549000295569214,0.6636137560109518,0.6636137560109517,0.23378876586274822,0.24602125088238072,0.4738888888888889
acs_NY_2018_ACSIncome,sex,1,RELP_1.0,False,0.06071106213556751,0.9257097672715262,0.9257097672715265,0.19813040621158748,-0.036916717555602,-0.03691671755560195,-0.01190406398849112,0.07182398197570829,0.23333333333333334
acs_NY_2018_ACSIncome,sex,1,RELP_2.0,False,0.47486927625470365,-1.5045693962688989,-1.5045693962689006,-0.31807112521833025,-1.7771605744983545,-1.7771605744983554,-0.24622786339712835,0.1499485485001545,0.13166666666666665
acs_NY_2018_ACSIncome,sex,1,SCHL_16.0,False,0.4183798009077387,-0.508476699145701,-0.5084766991456999,-0.11662127866798043,-1.4201654318062489,-1.420165431806247,-0.31498354850669447,0.29709603329340584,0.18916666666666668
acs_NY_2018_ACSIncome,sex,1,SCHL_19.0,False,0.2811985069105828,-0.8808411542978241,-0.8808411542978251,-0.17552325216728837,-0.9852972044734218,-0.9852972044734215,-0.20155210160857898,0.11029571695484765,0.13583333333333333
acs_NY_2018_ACSIncome,sex,1,SCHL_20.0,False,0.11038564337533407,0.49633912296864,0.49633912296863936,0.07971846848182992,-0.5934430269495539,-0.5934430269495539,-0.12305285067675217,0.10419074493000971,0.09722222222222222
acs_NY_2018_ACSIncome,sex,1,SCHL_21.0,False,0.19704970403081837,1.326422195494169,1.3264221954941675,0.26692550829435163,0.2510807158956666,0.2510807158956665,0.08533139138189623,0.23577695638737026,0.2386111111111111
acs_NY_2018_ACSIncome,sex,1,SCHL_22.0,False,0.5333608622042367,2.037753368232377,2.037753368232377,0.25252968221450606,1.0169484139107952,1.0169484139107952,0.30275337560445004,0.39389166466040915,0.12361111111111112
acs_NY_2018_ACSIncome,sex,1,__A__,True,0.029664097982687876,-0.06771130395851865,-0.0677113039585188,-0.017895840417695784,-0.0811687553229622,-0.0811687553229622,-0.02908185380842102,,0.49777777777777776
acs_NY_2018_ACSIncome,sex,2,AGEP,False,0.18627057965446783,1.4157897883063466,1.4157897883063446,0.3597113788664253,0.45867775919840104,0.45867775919840054,0.15920941875325711,0.49594639755179015,0.4925
acs_NY_2018_ACSIncome,sex,2,WKHP,False,0.3337985116719128,1.6915555617858495,1.6915555617858495,0.3069246197545729,1.1461829202803053,1.1461829202803038,0.3938083652485529,0.8407138303588184,0.24083333333333334
acs_NY_2018_ACSIncome,sex,2,COW_1.0,False,0.11116570211397794,-0.4710139269917222,-0.4710139269917221,-0.11500706840046156,-0.23427293369133817,-0.23427293369133817,-0.08246999074945306,0.028875185019268782,0.6188888888888889
acs_NY_2018_ACSIncome,sex,2,COW_2.0,False,0.032388645491055135,0.08805419494509148,0.0880541949450913,0.013544480325651304,0.08469484473007749,0.08469484473007745,0.01883154672182301,0.07193577794199016,0.10361111111111111
acs_NY_2018_ACSIncome,sex,2,MAR_1.0,False,0.17505441326294335,1.4361029070964144,1.436102907096414,0.3676500234750952,0.7088863254618848,0.7088863254618843,0.242402321340974,0.10751816549756588,0.52
acs_NY_2018_ACSIncome,sex,2,MAR_5.0,False,0.19236367316521147,-1.7341134531840279,-1.7341134531840265,-0.4424787776820175,-0.8247763270278838,-0.8247763270278842,-0.2452891315940862,0.11378026479306569,0.345
acs_NY_2018_ACSIncome,sex,2,OCCP_0,False,0.4075862148098426,1.830668622938561,1.8306686229385585,0.2645424143388201,1.0020813211338577,1.0020813211338577,0.3036999530597061,0.25067987381184703,0.15
acs_NY_2018_ACSIncome,sex,2,OCCP_2,False,0.11448370418091414,0.3637662893181608,0.36376628931816113,0.061798324149545864,0.19314087447796602,0.19314087447796582,0.05529021419850619,0.10885336429047102,0.1575
acs_NY_2018_ACSIncome,sex,2,OCCP_3,False,0.0784993176474457,0.6348801566875892,0.6348801566875888,0.10838633480033934,0.15812037383466138,0.1581203738346613,0.03989560921635461,0.06538805485488472,0.135
acs_NY_2018_ACSIncome,sex,2,OCCP_4,False,0.32512509746252016,-1.352619234904643,-1.3526192349046438,-0.31711418893737153,-1.1117660458976426,-1.1117660458976433,-0.23772023127905165,0.1578362514690435,0.2127777777777778
acs_NY_2018_ACSIncome,sex,2,OCCP_5,False,0.40176290906058104,-0.034600072693635076,-0.03460007269363526,-0.006234977073909986,-1.3204444059373892,-1.320444405937388,-0.27471348224920095,0.15463134979787269,0.12277777777777778
acs_NY_2018_ACSIncome,sex,2,POBP_0,False,0.051861884696216,0.12718210630089488,0.12718210630089488,0.028972323751211247,0.10685501213103243,0.1068550121310324,0.031236521506127643,0.03587088448312114,0.7544444444444445
acs_NY_2018_ACSIncome,sex,2,POBP_3,False,0.21249707602339174,-0.2767330865298685,-0.2767330865298685,-0.05048394866492261,-0.6704082425904989,-0.6704082425904994,-0.1316816945842276,0.03573190637122345,0.12055555555555555
acs_NY_2018_ACSIncome,sex,2,RELP_0.0,False,0.24833317842720332,1.5838539599114732,1.5838539599114738,0.39804886627679675,0.6327113081319466,0.6327113081319472,0.2187656282706477,0.25769565513033543,0.48055555555555557
acs_NY_2018_ACSIncome,sex,2,RELP_1.0,False,0.03661275831087152,0.8177285156395118,0.8177285156395119,0.1699526918807835,0.13241250025586404,0.13241250025586393,0.0409031140293521,0.06885806368699647,0.225
acs_NY_2018_ACSIncome,sex,2,RELP_2.0,False,0.48206466494643835,-1.562305701818095,-1.5623057018180948,-0.31443768616593204,-1.659637597332565,-1.659637597332565,-0.2521532430795618,0.17702886436674145,0.1297222222222222
acs_NY_2018_ACSIncome,sex,2,SCHL_16.0,False,0.5594305485609834,-0.7000956804703637,-0.7000956804703633,-0.15411768933484823,-1.6633058704103956,-1.6633058704103951,-0.36586863241471657,0.3734115042101243,0.185
acs_NY_2018_ACSIncome,sex,2,SCHL_19.0,False,0.10913144082623172,-0.7080908528870553,-0.7080908528870545,-0.13221812915342626,-0.5528767221859071,-0.5528767221859079,-0.11054418841268861,0.06767499539755734,0.12694444444444444
acs_NY_2018_ACSIncome,sex,2,SCHL_21.0,False,0.2466379707536697,1.5276630676726095,1.527663067672608,0.3006939484516248,0.15916201523969653,0.15916201523969664,0.05251194347677714,0.27670706913266147,0.235
acs_NY_2018_ACSIncome,sex,2,SCHL_22.0,False,0.4229566700353714,1.9048386394537655,1.904838639453765,0.23464117246019067,0.9829286239671718,0.9829286239671713,0.2806969591137227,0.4016999566518394,0.12
acs_NY_2018_ACSIncome,sex,2,__A__,True,0.023432390264577996,-0.006736014742255936,-0.006736014742255826,-0.0017302603444520545,-0.13834507310798627,-0.13834507310798647,-0.048617097273438305,,0.49777777777777776
acs_NY_2018_ACSIncome,sex,3,AGEP,False,0.17154119828291772,1.4087091967639607,1.4087091967639591,0.37003883887784783,0.5780280184119326,0.578028018411933,0.20862346293810505,0.5590723906787913,0.4841666666666667
acs_NY_2018_ACSIncome,sex,3,WKHP,False,0.35694615931455087,1.8318055845297037,1.8318055845297032,0.33888955876951077,1.0099453698785092,1.0099453698785092,0.3600993512078018,0.8607197684041542,0.2427777777777778
acs_NY_2018_ACSIncome,sex,3,COW_1.0,False,0.10768326857124236,-0.4076267539120577,-0.40762675391205805,-0.10221614836983298,-0.23379271721756567,-0.23379271721756603,-0.08466571059878748,0.0445460595891297,0.6288888888888889
acs_NY_2018_ACSIncome,sex,3,COW_2.0,False,0.020532771629093616,-0.021154635872819183,-0.021154635872819124,-0.003462792146597507,-0.12845125382167955,-0.12845125382167974,-0.029548805538147444,0.0942742801915098,0.10777777777777778
acs_NY_2018_ACSIncome,sex,3,MAR_1.0,False,0.16447336554977215,1.394838322116854,1.3948383221168537,0.3657026975295415,0.6115727660344132,0.6115727660344135,0.21704931836266037,0.07936071224454279,0.4975
acs_NY_2018_ACSIncome,sex,3,MAR_5.0,False,0.171450078361509,-1.5979802606142783,-1.5979802606142788,-0.4243401425775704,-0.5494149403478341,-0.5494149403478344,-0.16789929012325494,0.05443782197616411,0.36027777777777775
acs_NY_2018_ACSIncome,sex,3,OCCP_0,False,0.3975965686548357,1.6812488397465652,1.6812488397465644,0.24148352924115984,1.0172180915504712,1.0172180915504723,0.3299207704633224,0.23853135198138897,0.1575
acs_NY_2018_ACSIncome,sex,3,OCCP_2,False,0.1592241058921067,0.7213941073926706,0.7213941073926701,0.12774061658760716,0.3207297904692622,0.3207297904692626,0.09136122501072265,0.02736330281181684,0.1511111111111111
acs_NY_2018_ACSIncome,sex,3,OCCP_3,False,0.050459298630770116,0.5820456689590028,0.5820456689590024,0.10613103103597517,-0.016288280109751252,-0.016288280109751262,-0.004302817232256291,0.06996613962618085,0.14305555555555555
acs_NY_2018_ACSIncome,sex,3,OCCP_4,False,0.37408345282769423,-1.3817352824245077,-1.3817352824245086,-0.33586809978492105,-1.1039514492559785,-1.1039514492559803,-0.23995084097780958,0.17735194811028104,0.21305555555555555
acs_NY_2018_ACSIncome,sex,3,OCCP_5,False,0.3715133328786742,-0.09451061412823192,-0.09451061412823186,-0.017753617543819246,-1.2181895761693715,-1.2181895761693724,-0.25045459041309875,0.1498992683748643,0.12083333333333333
acs_NY_2018_ACSIncome,sex,3,POBP_0,False,0.07991353422387903,0.0684228571068417,0.06842285710684197,0.016087307255227015,0.19606581556096847,0.19606581556096855,0.05972622531082399,0.050193957750489175,0.7527777777777778
acs_NY_2018_ACSIncome,sex,3,POBP_3,False,0.23584504044274157,-0.20974929218877714,-0.20974929218877672,-0.03761367111426468,-0.7396889835712193,-0.7396889835712188,-0.14489626543413575,0.04742726428227776,0.10833333333333334
acs_NY_2018_ACSIncome,sex,3,RELP_0.0,False,0.19991134837198993,1.516591362661512,1.5165913626615115,0.39093795714510776,0.5777178075458651,0.5777178075458652,0.20565607029593327,0.23621442240761903,0.47333333333333333
acs_NY_2018_ACSIncome,sex,3,RELP_1.0,False,0.0437134226463215,0.9201930061791987,0.9201930061791981,0.19440233099264007,0.09956896997124365,0.09956896997124369,0.03134285776368048,0.0766601758540414,0.21583333333333332
acs_NY_2018_ACSIncome,sex,3,RELP_2.0,False,0.4854034854034854,-1.5648928059194505,-1.5648928059194498,-0.3309076126175734,-1.5583994186938075,-1.558399418693808,-0.22926045377606263,0.20239027809285523,0.13194444444444445
acs_NY_2018_ACSIncome,sex,3,SCHL_16.0,False,0.37979614020366903,-0.4663530780350471,-0.4663530780350476,-0.10692111848804539,-1.2113944813420434,-1.211394481342042,-0.2719259927923545,0.27281233663655047,0.18694444444444444
acs_NY_2018_ACSIncome,sex,3,SCHL_19.0,False,0.08616809169082484,-0.5807695900015282,-0.580769590001527,-0.11417682993605471,-0.6699439688408073,-0.6699439688408073,-0.1327753348891002,0.0770377258356655,0.12805555555555556
acs_NY_2018_ACSIncome,sex,3,SCHL_20.0,False,0.19204297852226748,0.30189872804316886,0.30189872804316886,0.050479232374044045,-0.7740040819710461,-0.774004081971046,-0.15800925954598616,0.07622303511410146,0.1
acs_NY_2018_ACSIncome,sex,3,SCHL_21.0,False,0.16016785645379125,1.1882492496213028,1.1882492496213028,0.23712507495363586,0.188953457754521,0.1889534577545211,0.06429109027021897,0.26181732806982977,0.22972222222222222
acs_NY_2018_ACSIncome,sex,3,SCHL_22.0,False,0.44567700292693824,1.9604835025220593,1.9604835025220597,0.2654404603107769,0.8659244676335757,0.865924467633577,0.2651804053982428,0.3724591035112235,0.13444444444444445
acs_NY_2018_ACSIncome,sex,3,__A__,True,0.00802821632515957,-0.0758785568412319,-0.07587855684123192,-0.020151066985395146,-0.1316076351844906,-0.1316076351844907,-0.04772330188238903,,0.49777777777777776
acs_NY_2018_ACSIncome,sex,4,AGEP,False,0.17842883108369834,1.433060385909653,1.433060385909653,0.39337756017486014,0.4989755307088826,0.498975530708883,0.18201745225886806,0.5458696278585204,0.4922222222222222
acs_NY_2018_ACSIncome,sex,4,WKHP,False,0.34385759602033483,1.70618663280944,1.7061866328094402,0.3294819613105154,0.9263508431258093,0.9263508431258081,0.33770959483335444,0.8443450220287666,0.24333333333333335
acs_NY_2018_ACSIncome,sex,4,COW_1.0,False,0.11959358780763424,-0.648543881498373,-0.6485438814983737,-0.17178510624112311,-0.23146159108218245,-0.2314615910821823,-0.08582909209843631,0.02385831403937531,0.6175
acs_NY_2018_ACSIncome,sex,4,COW_2.0,False,0.05140229342388403,0.34192046096851136,0.3419204609685114,0.05939409664795704,0.09039340700411713,0.09039340700411717,0.02123436049952917,0.06989698280445976,0.10972222222222222
acs_NY_2018_ACSIncome,sex,4,MAR_1.0,False,0.14124685684557356,1.258383613872926,1.2583836138729256,0.34705697984084205,0.5706235752766167,0.5706235752766173,0.20429693761925743,0.06076334060988259,0.5147222222222222
acs_NY_2018_ACSIncome,sex,4,MAR_5.0,False,0.1876139478549117,-1.5898823384843133,-1.5898823384843133,-0.44130272489963923,-0.6264033695133513,-0.6264033695133517,-0.19464899332854976,0.0675248502742866,0.3547222222222222
acs_NY_2018_ACSIncome,sex,4,OCCP_0,False,0.4239120314333067,1.7792171230911138,1.779217123091114,0.26751517155021665,0.9025888304648104,0.9025888304648092,0.2958011661002126,0.21896674637422184,0.15388888888888888
acs_NY_2018_ACSIncome,sex,4,OCCP_2,False,0.13453709421746363,0.6225057865182755,0.622505786518275,0.11757779174665087,0.13959981235638874,0.1395998123563888,0.04094209673568237,0.05729420926513184,0.15611111111111112
acs_NY_2018_ACSIncome,sex,4,OCCP_3,False,0.03343887615096264,0.37603966547133605,0.3760396654713364,0.06594215425206869,0.11048458641803827,0.11048458641803821,0.02898673340529661,0.043982906621928115,0.12472222222222222
acs_NY_2018_ACSIncome,sex,4,OCCP_4,False,0.21025821360393848,-1.0742365766262456,-1.074236576626246,-0.2708439176258598,-0.7584757331004387,-0.7584757331004387,-0.16937394978827622,0.14290271250132336,0.20833333333333334
acs_NY_2018_ACSIncome,sex,4,OCCP_5,False,0.3509509566002596,-0.14510772092488966,-0.1451077209248896,-0.028687854029939175,-1.1400664822479705,-1.1400664822479716,-0.2401943054254091,0.1385462965428484,0.12222222222222222
acs_NY_2018_ACSIncome,sex,4,POBP_0,False,0.07121443340728076,0.14689179801747043,0.1468917980174707,0.03585654925686691,0.11513026581180719,0.11513026581180719,0.03530420430264627,0.05469565521683453,0.7602777777777778
acs_NY_2018_ACSIncome,sex,4,POBP_3,False,0.19749174758451193,-0.40061235031705533,-0.400612350317055,-0.07425824863971921,-0.6183999446940194,-0.6183999446940189,-0.12611074985408569,0.07141333007020738,0.1075
acs_NY_2018_ACSIncome,sex,4,RELP_0.0,False,0.19755940653773474,1.443929984990242,1.44392998499024,0.3909039509637008,0.6117050045200105,0.6117050045200105,0.2221459875566492,0.24464933057522562,0.4777777777777778
acs_NY_2018_ACSIncome,sex,4,RELP_1.0,False,0.05635024582609266,0.8634636159950583,0.863463615995058,0.19148085048792324,0.0627667097569301,0.06276670975693015,0.020587405841953225,0.07174385720838283,0.22305555555555556
acs_NY_2018_ACSIncome,sex,4,RELP_2.0,False,0.6054652549955264,-1.6515779770779504,-1.6515779770779495,-0.36758239635292334,-1.8902003437185138,-1.8902003437185133,-0.2683756816231826,0.18240105159773687,0.13166666666666665
acs_NY_2018_ACSIncome,sex,4,SCHL_16.0,False,0.5500409475870885,-0.7786916433074378,-0.7786916433074371,-0.1828100681732733,-1.5084365587118511,-1.5084365587118511,-0.3378568613156169,0.3250539328203729,0.17583333333333334
acs_NY_2018_ACSIncome,sex,4,SCHL_19.0,False,0.2599904590657224,-0.4806495079105031,-0.48064950791050315,-0.10129959538982578,-0.892105943255337,-0.8921059432553363,-0.180549464564955,0.08844173500897917,0.1338888888888889
acs_NY_2018_ACSIncome,sex,4,SCHL_20.0,False,0.10886925216822119,0.4795126805612353,0.4795126805612351,0.08117557849817424,-0.6474169252639146,-0.6474169252639146,-0.1387438505205572,0.06940797076516954,0.0975
acs_NY_2018_ACSIncome,sex,4,SCHL_21.0,False,0.24998129588120338,1.3684544319382812,1.3684544319382805,0.2963257393960462,0.27377568672531827,0.2737756867253182,0.09606303612162603,0.27832528015355895,0.24416666666666667
acs_NY_2018_ACSIncome,sex,4,SCHL_22.0,False,0.4072834497783788,1.8010077948238332,1.8010077948238337,0.2461436225348075,0.9359993644816244,0.9359993644816236,0.2905397375425485,0.3878302294783617,0.12944444444444445
acs_NY_2018_ACSIncome,sex,4,__A__,True,0.02270106855259693,0.11454237696254821,0.11454237696254795,0.03184264436897673,-0.04877690980508065,-0.04877690980508073,-0.018061945589720147,,0.49777777777777776
acs_NY_2018_ACSIncome,sex,5,AGEP,False,0.15251075960291077,1.3612208006205333,1.3612208006205317,0.34468591722260644,0.46860426719676146,0.46860426719676174,0.16362924645309782,0.5291958173184068,0.495
acs_NY_2018_ACSIncome,sex,5,WKHP,False,0.3694619821327851,1.8401330065005113,1.8401330065005106,0.33276239142529784,1.0673697516709804,1.0673697516709792,0.37213293711293766,0.8869260464320085,0.24583333333333332
acs_NY_2018_ACSIncome,sex,5,COW_1.0,False,0.0747923319505377,-0.37683200497941827,-0.37683200497941827,-0.09215818004182354,-0.022474190684572237,-0.02247419068457221,-0.00799228267822297,0.07009120372907944,0.6119444444444444
acs_NY_2018_ACSIncome,sex,5,COW_2.0,False,0.07090028054067843,-0.002906493995874282,-0.00290649399587437,-0.00046935770960923194,-0.2595174059790576,-0.2595174059790579,-0.06130481574387166,0.12187065849779843,0.11666666666666667
acs_NY_2018_ACSIncome,sex,5,MAR_1.0,False,0.1540822506055935,1.4005528312002071,1.400552831200208,0.3566470006183748,0.5516766545307301,0.5516766545307302,0.18945726512086078,0.08188087432005102,0.5186111111111111
acs_NY_2018_ACSIncome,sex,5,MAR_5.0,False,0.16097808034166194,-1.6653778194271962,-1.665377819427198,-0.4252458615683568,-0.5190509366374003,-0.5190509366374003,-0.15235889292574406,0.04899748575068544,0.3486111111111111
acs_NY_2018_ACSIncome,sex,5,OCCP_0,False,0.37325941206807633,1.8698077153232577,1.8698077153232586,0.260314404973833,1.0064745109406577,1.0064745109406577,0.3154784227179449,0.23842124620443692,0.15416666666666667
acs_NY_2018_ACSIncome,sex,5,OCCP_2,False,0.09368989451300369,0.5123468512485387,0.5123468512485385,0.08856829693236644,0.13344635547492467,0.1334463554749247,0.038056906400943724,0.09363968527427778,0.15833333333333333
acs_NY_2018_ACSIncome,sex,5,OCCP_3,False,0.07857982565748123,0.487757428039562,0.48775742803956146,0.08106577828398828,0.1110442892217467,0.11104428922174674,0.027670391434646918,0.05177265990165084,0.12805555555555556
acs_NY_2018_ACSIncome,sex,5,OCCP_4,False,0.2807481394437916,-1.480560261540648,-1.4805602615406466,-0.3478951907554041,-1.01379341645271,-1.0137934164527096,-0.2249305012495666,0.17434865696743648,0.21888888888888888
acs_NY_2018_ACSIncome,sex,5,OCCP_5,False,0.39379197471640615,0.028756514031791358,0.028756514031791306,0.005304338266479332,-1.1509533077265404,-1.1509533077265415,-0.23211924189209793,0.12615041158151707,0.125
acs_NY_2018_ACSIncome,sex,5,POBP_0,False,0.042327614493976456,0.16358559599761846,0.16358559599761793,0.03686028860999572,0.13537450852090738,0.13537450852090746,0.0407349049384215,0.06278991335203593,0.7527777777777778
acs_NY_2018_ACSIncome,sex,5,POBP_3,False,0.17862999403697077,-0.26530212753108384,-0.2653021275310839,-0.0464947670219336,-0.596890549036198,-0.5968905490361974,-0.1147441846596094,0.043477424796235946,0.1111111111111111
acs_NY_2018_ACSIncome,sex,5,RELP_0.0,False,0.1929756824493667,1.524582394549947,1.5245823945499466,0.37804625361696637,0.6035874601217721,0.6035874601217728,0.2102372590880702,0.26174906848287516,0.4702777777777778
acs_NY_2018_ACSIncome,sex,5,RELP_1.0,False,0.03026965163169193,0.9207210607435281,0.9207210607435271,0.19377654997328908,0.022825236326790788,0.022825236326790763,0.00714852729238637,0.09370198752579116,0.23194444444444445
acs_NY_2018_ACSIncome,sex,5,RELP_2.0,False,0.5204918032786885,-1.4735067544506872,-1.473506754450689,-0.3017318941867452,-1.6100931539050687,-1.6100931539050707,-0.22799286913607678,0.18664023111528005,0.13277777777777777
acs_NY_2018_ACSIncome,sex,5,SCHL_16.0,False,0.46364553572270467,-0.4813875303331143,-0.48138753033311327,-0.10814572560774734,-1.4436606177438764,-1.4436606177438762,-0.31854839431377585,0.32214735016150536,0.1947222222222222
acs_NY_2018_ACSIncome,sex,5,SCHL_19.0,False,0.1492280701754386,-0.8763777645047806,-0.8763777645047798,-0.16144632262433029,-0.750127249177085,-0.7501272491770851,-0.14861643223360183,0.12070400744498143,0.12333333333333334
acs_NY_2018_ACSIncome,sex,5,SCHL_20.0,False,0.1176223776223776,0.4890173292608466,0.4890173292608459,0.0762350339140975,-0.5430544696993291,-0.5430544696993284,-0.1143173450260751,0.09706345678075066,0.09972222222222223
acs_NY_2018_ACSIncome,sex,5,SCHL_21.0,False,0.24988584474885847,1.371753900962704,1.371753900962704,0.26388526455312505,0.18133399931426009,0.1813339993142602,0.05959470251354599,0.2612649126323365,0.22416666666666665
acs_NY_2018_ACSIncome,sex,5,SCHL_22.0,False,0.4198707835624671,1.917829574742006,1.9178295747420067,0.24137265054946835,1.0318271025652928,1.031827102565293,0.31143005573926025,0.40384781076173343,0.13361111111111112
acs_NY_2018_ACSIncome,sex,5,__A__,True,0.017704919230783323,-0.08902539505148721,-0.08902539505148704,-0.022790922130873345,-0.1116696413570395,-0.11166964135703969,-0.03958277860267895,,0.49777777777777776
acs_NY_2018_ACSIncome,sex,6,AGEP,False,0.16271164353597128,1.4070561360501799,1.4070561360501803,0.359841930197231,0.5083794553824643,0.5083794553824643,0.17915894417352451,0.5699823890032527,0.48694444444444446
acs_NY_2018_ACSIncome,sex,6,WKHP,False,0.34833517953871507,1.739860741450113,1.739860741450114,0.3111657879288307,0.9872897033142896,0.9872897033142892,0.34287344042050877,0.8550390708374169,0.23527777777777778
acs_NY_2018_ACSIncome,sex,6,COW_1.0,False,0.109067948733056,-0.45177152224142314,-0.451771522241423,-0.112486435823438,-0.22374565282129733,-0.22374565282129713,-0.07954588491391491,0.038242378314317683,0.6125
acs_NY_2018_ACSIncome,sex,6,COW_2.0,False,0.05904401201514953,0.2714404156002084,0.2714404156002084,0.04539530641415662,0.06690525231017475,0.06690525231017466,0.014896752280055138,0.046052637534006846,0.11333333333333333
acs_NY_2018_ACSIncome,sex,6,MAR_1.0,False,0.16921765687701973,1.340479834687927,1.340479834687927,0.3458369411741313,0.6719376194593469,0.6719376194593472,0.23000652442000497,0.08365164641070211,0.5266666666666666
acs_NY_2018_ACSIncome,sex,6,MAR_5.0,False,0.1828556375131717,-1.5653478188043795,-1.5653478188043797,-0.4042194569927681,-0.7403375987369598,-0.7403375987369601,-0.21931040681198125,0.07324845996398559,0.34944444444444445
acs_NY_2018_ACSIncome,sex,6,OCCP_0,False,0.3927607680332123,1.831144425458596,1.8311444254585956,0.26609162188388197,0.9353512042524563,0.9353512042524561,0.2939737180097042,0.2419997249849829,0.15722222222222224
acs_NY_2018_ACSIncome,sex,6,OCCP_2,False,0.14097718526663003,0.6721033736781408,0.67210337367814,0.12002733414874821,0.22978191076549392,0.22978191076549423,0.06320959896121157,0.053188759982274805,0.15416666666666667
acs_NY_2018_ACSIncome,sex,6,OCCP_3,False,0.04263349175286546,0.4664843121642752,0.4664843121642752,0.07828725453045642,0.05782452308651942,0.05782452308651934,0.014685379146993081,0.05625440557277838,0.13
acs_NY_2018_ACSIncome,sex,6,OCCP_4,False,0.38742935482065916,-1.2976896602688164,-1.2976896602688162,-0.30180685288692144,-1.1434878418726915,-1.1434878418726906,-0.25460265864720216,0.17628669445440584,0.20666666666666667
acs_NY_2018_ACSIncome,sex,6,OCCP_5,False,0.29092355402866005,-0.13431920371002648,-0.13431920371002623,-0.024057254504196615,-0.9481926236176326,-0.9481926236176321,-0.1898847622776487,0.13427420639153123,0.11583333333333333
acs_NY_2018_ACSIncome,sex,6,POBP_0,False,0.07742272179847454,0.19640171903099213,0.1964017190309917,0.0447643969904394,0.15748388513895006,0.15748388513895015,0.046284432829929896,0.040786836193783066,0.7597222222222222
acs_NY_2018_ACSIncome,sex,6,POBP_3,False,0.21373805855161787,-0.2742987187063983,-0.274298718706398,-0.04818598043110318,-0.6985797985959613,-0.6985797985959608,-0.13529280717330067,0.03513778699423713,0.10972222222222222
acs_NY_2018_ACSIncome,sex,6,RELP_0.0,False,0.17509449372257782,1.3205950638547082,1.320595063854708,0.33435761783640583,0.5860813974534123,0.586081397453412,0.2033162918188134,0.22637145302444883,0.48694444444444446
acs_NY_2018_ACSIncome,sex,6,RELP_1.0,False,0.08235096895326224,0.9599460458183389,0.9599460458183388,0.20452472937757257,0.11624762002629518,0.11624762002629489,0.035830103741997896,0.09797067583922706,0.22611111111111112
acs_NY_2018_ACSIncome,sex,6,RELP_2.0,False,0.4258470277946845,-1.5337749661433837,-1.5337749661433853,-0.31389987529350716,-1.588385510385475,-1.5883855103854738,-0.2274772193882717,0.1653979935089849,0.12944444444444445
acs_NY_2018_ACSIncome,sex,6,SCHL_16.0,False,0.45313787106812703,-0.42112644596038296,-0.4211264459603834,-0.09475514788989332,-1.4056620729063465,-1.405662072906348,-0.2997143143820858,0.29676171397820555,0.18666666666666668
acs_NY_2018_ACSIncome,sex,6,SCHL_19.0,False,0.19263667686673247,-0.5989851317280397,-0.5989851317280395,-0.11495924007072011,-0.7623993992134256,-0.7623993992134255,-0.14935460543465684,0.09615511235403632,0.1288888888888889
acs_NY_2018_ACSIncome,sex,6,SCHL_20.0,False,0.12311243484735668,0.3416123887182052,0.3416123887182052,0.054525200123692136,-0.6969085240310053,-0.6969085240310048,-0.15039234979277702,0.09798683648826967,0.10333333333333333
acs_NY_2018_ACSIncome,sex,6,SCHL_21.0,False,0.22316537692374575,1.383311063208521,1.3833110632085217,0.27391332328694507,0.21918395126326062,0.219183951263261,0.07294696122403806,0.2911154014203692,0.23277777777777778
acs_NY_2018_ACSIncome,sex,6,SCHL_22.0,False,0.49199229333493893,1.9607156796507101,1.9607156796507106,0.2645173167133307,1.122113098939613,1.1221130989396135,0.33744711403190664,0.4010812493248802,0.13666666666666666
acs_NY_2018_ACSIncome,sex,6,__A__,True,0.023829539986745252,-0.05044942833654731,-0.05044942833654697,-0.013064055608667606,-0.12219878636712722,-0.12219878636712729,-0.04346808895563265,,0.49777777777777776
acs_NY_2018_ACSIncome,sex,7,AGEP,False,0.1783095921723859,1.5201701179900504,1.5201701179900502,0.37298727151460054,0.6183790060056272,0.6183790060056266,0.21638267765180547,0.5772503852947513,0.485
acs_NY_2018_ACSIncome,sex,7,WKHP,False,0.3586974001608148,1.9296894427240578,1.9296894427240567,0.32985373583606076,1.0027518291170532,1.002751829117054,0.34618230076797085,0.8742250677488816,0.23805555555555555
acs_NY_2018_ACSIncome,sex,7,COW_1.0,False,0.09682168938296423,-0.5011041819472575,-0.5011041819472578,-0.11938563157111973,-0.23325506136873508,-0.23325506136873464,-0.08209202595627194,0.04971048730630293,0.6141666666666666
acs_NY_2018_ACSIncome,sex,7,COW_2.0,False,0.03219221676668485,0.17822219080724988,0.1782221908072502,0.02795799193330124,0.03250255658078027,0.032502556580780245,0.007392658742945166,0.09804094296342795,0.11333333333333333
acs_NY_2018_ACSIncome,sex,7,MAR_1.0,False,0.1729041104451221,1.4802207161776841,1.4802207161776821,0.36519046060368343,0.6318990498207318,0.6318990498207309,0.2094921676611844,0.07514060118060768,0.5336111111111111
acs_NY_2018_ACSIncome,sex,7,MAR_5.0,False,0.18395016120979585,-1.797017349656938,-1.7970173496569377,-0.4444675469514072,-0.7648926532668885,-0.7648926532668886,-0.2153140334828003,0.06356142309548601,0.33805555555555555
acs_NY_2018_ACSIncome,sex,7,OCCP_0,False,0.4692547595773402,2.015247456454544,2.015247456454545,0.2613949588388539,0.9834395009692144,0.9834395009692147,0.29780089480055194,0.2594224894340271,0.14166666666666666
acs_NY_2018_ACSIncome,sex,7,OCCP_2,False,0.12826422634997048,0.7182823337971396,0.7182823337971399,0.12349715292812524,0.27541054387669495,0.27541054387669467,0.0766037988769631,0.04683251725486366,0.15916666666666668
acs_NY_2018_ACSIncome,sex,7,OCCP_3,False,0.06986792091662342,0.48187842729738817,0.481878427297388,0.08163913128335658,0.12313026630034718,0.1231302663003473,0.03169855559750737,0.05384362172891042,0.1425
acs_NY_2018_ACSIncome,sex,7,OCCP_4,False,0.3702973159494899,-1.693456179912135,-1.6934561799121366,-0.3777353958180516,-1.2329950024523522,-1.2329950024523508,-0.27176873040499266,0.22859552685151205,0.20694444444444443
acs_NY_2018_ACSIncome,sex,7,OCCP_5,False,0.33610205019560374,0.0711517310420029,0.07115173104200304,0.012854870629566379,-1.0954943447809926,-1.0954943447809922,-0.2202457112581805,0.11301435306076237,0.1275
acs_NY_2018_ACSIncome,sex,7,POBP_0,False,0.07724930759204962,0.172120512748412,0.17212051274841164,0.03749270625893628,0.27265762328530974,0.27265762328530974,0.08133813167923337,0.06002755326972654,0.7547222222222222
acs_NY_2018_ACSIncome,sex,7,POBP_3,False,0.21226520572450802,-0.31363400608076053,-0.31363400608076003,-0.05289440546692832,-0.7925192409154206,-0.7925192409154196,-0.15135092567671093,0.04379838046034875,0.10972222222222222
acs_NY_2018_ACSIncome,sex,7,RELP_0.0,False,0.1911410882948586,1.516970589338869,1.5169705893388667,0.36587329496286863,0.6316270326147908,0.6316270326147908,0.21768677210670934,0.2431388470692834,0.47694444444444445
acs_NY_2018_ACSIncome,sex,7,RELP_1.0,False,0.05515041522301051,1.01869478451867,1.0186947845186698,0.20547746145731252,0.03352647478275228,0.03352647478275232,0.010413396262597232,0.10819516250314253,0.2275
acs_NY_2018_ACSIncome,sex,7,RELP_2.0,False,0.44580909286791637,-1.6289590859744685,-1.628959085974467,-0.32602895850614955,-1.7029144884180796,-1.702914488418081,-0.24693732616333552,0.1715042507170097,0.1363888888888889
acs_NY_2018_ACSIncome,sex,7,SCHL_16.0,False,0.40629213695039273,-0.39942337268659567,-0.39942337268659606,-0.0870580845502737,-1.3597217905422263,-1.3597217905422263,-0.2980572246496406,0.2914520117441442,0.195
acs_NY_2018_ACSIncome,sex,7,SCHL_19.0,False,0.2627557627557628,-0.7756705642772803,-0.7756705642772801,-0.14100469687678893,-1.0666135742889646,-1.0666135742889633,-0.22305662574753393,0.12074396941740533,0.1322222222222222
acs_NY_2018_ACSIncome,sex,7,SCHL_20.0,False,0.1096010016144443,0.3475178237515433,0.3475178237515432,0.050760369198927076,-0.712298613195364,-0.7122986131953639,-0.14467628390323758,0.10865927806994992,0.09277777777777778
acs_NY_2018_ACSIncome,sex,7,SCHL_21.0,False,0.23842937098518097,1.4730063341242068,1.4730063341242075,0.27628649770794395,0.20262817207697958,0.20262817207697947,0.06702691150695637,0.2568686395697194,0.23166666666666666
acs_NY_2018_ACSIncome,sex,7,SCHL_22.0,False,0.44312723556463973,2.0612429314048257,2.0612429314048253,0.2641359810954693,1.1097192411135715,1.1097192411135728,0.3221202353400765,0.4080554177462537,0.12944444444444445
acs_NY_2018_ACSIncome,sex,7,__A__,True,0.016480866410163664,0.033106728009016706,0.03310672800901682,0.008217957371809075,0.012490618257566366,0.012490618257566484,0.004398396492121838,,0.49777777777777776
acs_NY_2018_ACSIncome,sex,8,AGEP,False,0.15533279871692057,1.35729694599921,1.3572969459992121,0.3508890266315936,0.5651237564805791,0.5651237564805793,0.1992544539471793,0.5679925865809632,0.48305555555555557
acs_NY_2018_ACSIncome,sex,8,WKHP,False,0.37960025494310334,1.6329047761386408,1.632904776138639,0.3046538581718208,0.9571643713196107,0.9571643713196119,0.33397043197820314,0.8228404419795953,0.24666666666666667
acs_NY_2018_ACSIncome,sex,8,COW_1.0,False,0.08202059873380177,-0.365809402246307,-0.3658094022463064,-0.09029772251924424,-0.12277028504261067,-0.12277028504261057,-0.04368223463123333,0.04526649073899908,0.6252777777777778
acs_NY_2018_ACSIncome,sex,8,COW_2.0,False,0.030669089460845317,0.1021734371631089,0.10217343716310909,0.016166760462514165,-0.16918390657913496,-0.1691839065791351,-0.038606344537140055,0.10172913767156341,0.1063888888888889
acs_NY_2018_ACSIncome,sex,8,MAR_1.0,False,0.13555967220893944,1.299996937341695,1.2999969373416964,0.33972257158156954,0.507298320298123,0.5072983202981228,0.17318384069913098,0.05882856059010102,0.53
acs_NY_2018_ACSIncome,sex,8,MAR_5.0,False,0.15615658493277318,-1.5567660062452129,-1.5567660062452116,-0.4062191918898619,-0.6045485831323258,-0.6045485831323255,-0.17756053631210533,0.03354980763416386,0.3447222222222222
acs_NY_2018_ACSIncome,sex,8,OCCP_0,False,0.38912817851582776,1.7391012362394291,1.7391012362394278,0.2556904079888001,0.9900987711749301,0.9900987711749304,0.3076811623877345,0.23293750963105256,0.15416666666666667
acs_NY_2018_ACSIncome,sex,8,OCCP_2,False,0.17657547630679044,0.6785109145629558,0.6785109145629554,0.11872272131489073,0.24950372187305392,0.24950372187305417,0.07181616849519265,0.05272457418048749,0.15805555555555556
acs_NY_2018_ACSIncome,sex,8,OCCP_3,False,0.030985302487528843,0.3474527256292208,0.34745272562922075,0.061470210345423305,-0.012607451820240034,-0.012607451820240107,-0.003306918632103822,0.05168706418571093,0.14222222222222222
acs_NY_2018_ACSIncome,sex,8,OCCP_4,False,0.33931179262504557,-1.3387907804514874,-1.3387907804514874,-0.3213558048063839,-1.0475668105029339,-1.0475668105029334,-0.23534695875155967,0.1842686312423758,0.21888888888888888
acs_NY_2018_ACSIncome,sex,8,OCCP_5,False,0.3989754068663682,0.018914046873719892,0.018914046873720013,0.003452129094853148,-1.2353538245138043,-1.235353824513803,-0.220255214350303,0.12104148444518391,0.10944444444444444
acs_NY_2018_ACSIncome,sex,8,POBP_0,False,0.10210924704528357,0.13198814961444572,0.13198814961444544,0.03049109730184771,0.2993096734420629,0.29930967344206255,0.0863643129990901,0.04434614740865816,0.7627777777777778
acs_NY_2018_ACSIncome,sex,8,POBP_3,False,0.2817102193736893,-0.539462100200135,-0.539462100200135,-0.09558780366030668,-0.9922652306944884,-0.992265230694488,-0.1962122829756223,0.09548374744328664,0.11083333333333334
acs_NY_2018_ACSIncome,sex,8,RELP_0.0,False,0.20750979837877898,1.5003187322736018,1.5003187322736031,0.38325917683512745,0.5823989168280799,0.5823989168280796,0.20365485799296354,0.26624967824834345,0.47555555555555556
acs_NY_2018_ACSIncome,sex,8,RELP_1.0,False,0.034932670226787865,0.8013456295553016,0.8013456295553011,0.17161316018051612,0.11446044771637554,0.1144604477163758,0.036059563622069274,0.11211552835355233,0.2313888888888889
acs_NY_2018_ACSIncome,sex,8,RELP_2.0,False,0.5029209412147859,-1.3880582029167456,-1.3880582029167456,-0.28578057573510673,-1.716429406386515,-1.716429406386514,-0.2582208681345511,0.163729620609484,0.1297222222222222
acs_NY_2018_ACSIncome,sex,8,SCHL_16.0,False,0.511798566295429,-0.6488287693103485,-0.6488287693103478,-0.14488842558844275,-1.546172371810628,-1.5461723718106266,-0.3510193874631316,0.3318852399664661,0.185
acs_NY_2018_ACSIncome,sex,8,SCHL_19.0,False,0.22831844650906963,-0.8239498595557688,-0.8239498595557687,-0.15999617379941944,-0.7551353716086094,-0.7551353716086097,-0.14822085253889322,0.08638623497813701,0.12916666666666668
acs_NY_2018_ACSIncome,sex,8,SCHL_20.0,False,0.13012691012691002,0.4481687526617839,0.4481687526617837,0.075297425337341,-0.661327029564611,-0.6613270295646101,-0.13945594305081174,0.07837405491540883,0.10722222222222222
acs_NY_2018_ACSIncome,sex,8,SCHL_21.0,False,0.23925659738162705,1.4357470932736685,1.4357470932736673,0.2848671752168242,0.3182349021044234,0.3182349021044231,0.10584492972408581,0.26290926945582016,0.23083333333333333
acs_NY_2018_ACSIncome,sex,8,SCHL_22.0,False,0.46391069060674484,1.931775316068149,1.9317753160681503,0.2547384631818667,0.9863729903454302,0.9863729903454312,0.29327419361475976,0.3894903080017031,0.13111111111111112
acs_NY_2018_ACSIncome,sex,8,__A__,True,0.05521391693248712,-0.03723065649183677,-0.03723065649183669,-0.009754464579466342,0.025637478617690834,0.02563747861769086,0.009103292209078871,,0.49777777777777776
acs_NY_2018_ACSIncome,sex,9,AGEP,False,0.15539116952101165,1.636295946584592,1.6362959465845917,0.397048414860909,0.5240504434153123,0.5240504434153119,0.1899325480277061,0.5610786661452658,0.49527777777777776
acs_NY_2018_ACSIncome,sex,9,WKHP,False,0.3550906976827903,1.8038004789104831,1.8038004789104827,0.3141688437790731,0.9021382234106959,0.9021382234106955,0.32744920743437245,0.8575739696450468,0.25
acs_NY_2018_ACSIncome,sex,9,COW_1.0,False,0.12203207927196813,-0.6167980301049785,-0.6167980301049787,-0.14445476875207577,-0.3142425633560847,-0.31424256335608475,-0.11523886543074799,0.014176392958775607,0.6219444444444444
acs_NY_2018_ACSIncome,sex,9,COW_2.0,False,0.04952525471493607,-0.08004337741020229,-0.08004337741020252,-0.012171020847367226,-0.07362682179083879,-0.07362682179083885,-0.017578695106915017,0.08547732762865688,0.1111111111111111
acs_NY_2018_ACSIncome,sex,9,MAR_1.0,False,0.16559431217032783,1.511033045928004,1.5110330459280026,0.3680013268433986,0.6176648508547304,0.6176648508547309,0.2216327469986404,0.090982732655066,0.5102777777777778
acs_NY_2018_ACSIncome,sex,9,MAR_5.0,False,0.15864067026857726,-1.8329930191312216,-1.8329930191312218,-0.4488725228702822,-0.6188955708639527,-0.6188955708639522,-0.1920370793895188,0.06409799765835018,0.35638888888888887
acs_NY_2018_ACSIncome,sex,9,OCCP_0,False,0.43823529411764706,2.0946486102862165,2.0946486102862165,0.29328045944748954,1.0190873862163623,1.0190873862163619,0.3311713352556075,0.24968589985716277,0.15916666666666668
acs_NY_2018_ACSIncome,sex,9,OCCP_2,False,0.13537697443413121,0.6230919784365563,0.6230919784365556,0.10205099298290848,0.2886542331210269,0.28865423312102667,0.08362982675697067,0.05073324582871725,0.15194444444444444
acs_NY_2018_ACSIncome,sex,9,OCCP_3,False,0.09003094106105203,0.4092278247507688,0.4092278247507683,0.06723796814833441,0.1271469402684825,0.12714694026848242,0.03412836093500205,0.04600527715677229,0.1388888888888889
acs_NY_2018_ACSIncome,sex,9,OCCP_4,False,0.327774979948893,-1.3007716830468863,-1.300771683046887,-0.28931310216678774,-1.0268647773882686,-1.026864777388268,-0.2364025506133778,0.153745753584506,0.21194444444444444
acs_NY_2018_ACSIncome,sex,9,OCCP_5,False,0.3302252534238301,-0.24415971004616055,-0.2441597100461604,-0.042411142626529806,-1.2237741116074903,-1.2237741116074903,-0.25961945828841243,0.14833949177800423,0.1225
acs_NY_2018_ACSIncome,sex,9,POBP_0,False,0.06168187441586581,-0.04646414151882028,-0.046464141518820244,-0.010167919795127895,0.25868467869905787,0.2586846786990581,0.07824674566539001,0.043559362251287814,0.7541666666666667
acs_NY_2018_ACSIncome,sex,9,POBP_3,False,0.2250457015500964,-0.13939386703046375,-0.1393938670304638,-0.023540779591751996,-0.8056514016325301,-0.8056514016325294,-0.16007259368098956,0.05934096710856391,0.11194444444444444
acs_NY_2018_ACSIncome,sex,9,RELP_0.0,False,0.2255838459134597,1.6681168890196711,1.6681168890196694,0.3993349005742156,0.5948982941250981,0.5948982941250984,0.2142222894658853,0.26732509008636296,0.48194444444444445
acs_NY_2018_ACSIncome,sex,9,RELP_1.0,False,0.08530311625719422,0.9909520297654849,0.990952029765484,0.1933245459639198,0.1618640094039363,0.16186400940393636,0.05168049261487657,0.09909376912392219,0.21583333333333332
acs_NY_2018_ACSIncome,sex,9,RELP_2.0,False,0.47873172257408714,-1.5433100552452614,-1.543310055245261,-0.30218850903249445,-1.670864644033998,-1.6708646440339991,-0.26569195639666526,0.18065722712866897,0.13527777777777777
acs_NY_2018_ACSIncome,sex,9,SCHL_16.0,False,0.49462854975584314,-0.816192770426504,-0.8161927704265037,-0.17119167962299625,-1.4815402140104181,-1.481540214010419,-0.3382645378908363,0.33230976992375266,0.18333333333333332
acs_NY_2018_ACSIncome,sex,9,SCHL_19.0,False,0.18478457639391743,-0.7667250887142496,-0.7667250887142495,-0.14017247722266263,-0.7826172700381872,-0.7826172700381863,-0.15301328115450763,0.08625192243718004,0.12777777777777777
acs_NY_2018_ACSIncome,sex,9,SCHL_20.0,False,0.09055616038544392,0.6686998229230852,0.668699822923085,0.10266627262611153,-0.48614941977553583,-0.4861494197755356,-0.10348094621114767,0.045571954999000394,0.10138888888888889
acs_NY_2018_ACSIncome,sex,9,SCHL_21.0,False,0.19414005602240894,1.2862773750398628,1.2862773750398635,0.2375681936299451,0.23664956350733646,0.23664956350733646,0.08157673209132858,0.2668137924439502,0.22972222222222222
acs_NY_2018_ACSIncome,sex,9,SCHL_22.0,False,0.44801728520589723,2.0004323041246774,2.0004323041246774,0.2452960695197702,1.0446020003612326,1.0446020003612333,0.3152295697093779,0.40227469880230166,0.12555555555555556
acs_NY_2018_ACSIncome,sex,9,__A__,True,0.039483924715270624,0.003151989495912222,0.0031519894959123147,0.0007729930217201921,0.005759427367854175,0.00575942736785416,0.0021183146893244504,,0.49777777777777776
acs_NY_2018_ACSIncome,sex,10,AGEP,False,0.1632802202821386,1.4971678921259097,1.4971678921259084,0.3687375576957531,0.47431984032783175,0.4743198403278314,0.1617252885332288,0.546864040765304,0.4911111111111111
acs_NY_2018_ACSIncome,sex,10,WKHP,False,0.2926883860656465,1.569685426816851,1.56968542681685,0.27443134028285326,1.0989788104718206,1.0989788104718203,0.37056978304136534,0.8314278548608192,0.23666666666666666
acs_NY_2018_ACSIncome,sex,10,COW_1.0,False,0.10098036459441984,-0.5113534289705972,-0.5113534289705973,-0.12134657470865559,-0.23637008781744617,-0.23637008781744592,-0.08206574454775735,0.0558663585057456,0.6155555555555555
acs_NY_2018_ACSIncome,sex,10,COW_2.0,False,0.03599356663523931,-0.07375275700168094,-0.07375275700168117,-0.011045510170673657,0.00944670332567299,0.009446703325672788,0.002073595176395717,0.10532022247951127,0.10416666666666667
acs_NY_2018_ACSIncome,sex,10,MAR_1.0,False,0.17261631388859294,1.4871234858446596,1.487123485844658,0.3689655525905822,0.6946240961141514,0.6946240961141519,0.2335105229396332,0.0973097979613522,0.5155555555555555
acs_NY_2018_ACSIncome,sex,10,MAR_5.0,False,0.1873842932471943,-1.811999936058,-1.8119999360580001,-0.4511834138344185,-0.7385655329365974,-0.7385655329365984,-0.2139883133112745,0.09443563560516563,0.3522222222222222
acs_NY_2018_ACSIncome,sex,10,OCCP_0,False,0.4028453499604812,1.9823536963682622,1.9823536963682633,0.2755070431704691,1.041463814419028,1.0414638144190271,0.3156595157951512,0.24882073776407412,0.15361111111111111
acs_NY_2018_ACSIncome,sex,10,OCCP_2,False,0.14665127931980038,0.6851784132724035,0.6851784132724026,0.11599930161500217,0.33045357763512107,0.3304535776351212,0.09068188666874595,0.040013305685431176,0.15611111111111112
acs_NY_2018_ACSIncome,sex,10,OCCP_3,False,0.007316222712045933,0.3387454270706547,0.33874542707065497,0.05591081414889728,-0.09267225381725641,-0.09267225381725652,-0.023234519671709395,0.03646455560337817,0.13555555555555557
acs_NY_2018_ACSIncome,sex,10,OCCP_4,False,0.2690197212980376,-1.364150019146453,-1.3641500191464528,-0.3118956950443303,-1.1468693253436621,-1.1468693253436635,-0.2442654455387402,0.18522947267559936,0.21611111111111111
acs_NY_2018_ACSIncome,sex,10,OCCP_5,False,0.32147435897435894,-0.15085737713195457,-0.15085737713195482,-0.025695458552007226,-1.0653142442496664,-1.065314244249665,-0.20825873997379118,0.15073351424752995,0.11361111111111111
acs_NY_2018_ACSIncome,sex,10,POBP_0,False,0.0970128733908262,-0.05628910201989634,-0.05628910201989613,-0.012555604216678297,0.19677461656929296,0.19677461656929268,0.05820769532096305,0.05723346665314581,0.7433333333333333
acs_NY_2018_ACSIncome,sex,10,POBP_3,False,0.24357901929828696,-0.4412009226245801,-0.44120092262458005,-0.07503622456686991,-0.9272766710662994,-0.9272766710662989,-0.1786800611002691,0.08649587875323073,0.11222222222222222
acs_NY_2018_ACSIncome,sex,10,RELP_0.0,False,0.25187875321704317,1.7703167231408068,1.7703167231408035,0.43116717325542187,0.6624124271528309,0.6624124271528312,0.22448105055567985,0.28596548208713973,0.48138888888888887
acs_NY_2018_ACSIncome,sex,10,RELP_1.0,False,0.020970833041896897,0.8171948822455435,0.8171948822455436,0.16429311809301805,0.005126106596360369,0.005126106596360458,0.0015536827143861163,0.0843932881448263,0.2225
acs_NY_2018_ACSIncome,sex,10,RELP_2.0,False,0.5779964383129326,-1.576678093985721,-1.5766780939857192,-0.31009231735861487,-1.8073811702797045,-1.8073811702797027,-0.25177905951927376,0.18080811553844114,0.12861111111111112
acs_NY_2018_ACSIncome,sex,10,SCHL_16.0,False,0.5373890227903713,-0.6714175003634968,-0.6714175003634967,-0.14251467547258648,-1.5728057782381266,-1.5728057782381284,-0.32620417392793677,0.32930146468013727,0.17777777777777778
acs_NY_2018_ACSIncome,sex,10,SCHL_19.0,False,0.21059147772538378,-0.7450393825693149,-0.7450393825693157,-0.14002920901587693,-0.810705208531547,-0.8107052085315466,-0.16342078169355512,0.08177027476943051,0.13722222222222222
acs_NY_2018_ACSIncome,sex,10,SCHL_20.0,False,0.17573591461901217,0.36358854046457867,0.36358854046457845,0.05581660803416195,-0.834838508404927,-0.8348385084049261,-0.17524284746587626,0.09135426700043248,0.10305555555555555
acs_NY_2018_ACSIncome,sex,10,SCHL_21.0,False,0.24176430402398916,1.4941599275773594,1.4941599275773596,0.28899585167051306,0.3379837470554218,0.33798374705542117,0.1086980637280434,0.2940401620351997,0.23333333333333334
acs_NY_2018_ACSIncome,sex,10,SCHL_22.0,False,0.4535714285714286,2.002222855972646,2.002222855972645,0.2555555934047777,1.022589130174908,1.022589130174907,0.29660087292440873,0.41423595261241436,0.13277777777777777
acs_NY_2018_ACSIncome,sex,10,__A__,True,0.009399994552832996,-0.05495878635976226,-0.05495878635976215,-0.013715564482575934,-0.056962411990470696,-0.05696241199047079,-0.019709694119916958,,0.49777777777777776
acs_NY_2018_ACSIncome,sex,11,AGEP,False,0.15608497960000445,1.3356973601702682,1.3356973601702686,0.3638789069827537,0.3719167407548868,0.37191674075488645,0.1370036319214158,0.4890698039496423,0.49527777777777776
acs_NY_2018_ACSIncome,sex,11,WKHP,False,0.3033279186491707,1.62680091309911,1.6268009130991097,0.30784180008925327,0.9946267460745772,0.9946267460745783,0.36255186691028973,0.8073884229695978,0.23416666666666666
acs_NY_2018_ACSIncome,sex,11,COW_1.0,False,0.09539846809329319,-0.36888015619530257,-0.3688801561953024,-0.09662725990809741,-0.321533192677142,-0.3215331926771418,-0.12011193421691842,0.0389315604648898,0.6202777777777778
acs_NY_2018_ACSIncome,sex,11,COW_2.0,False,0.02598446756608752,-0.006627146202282441,-0.0066271462022823475,-0.0011014233577158472,-0.03880055892191314,-0.038800558921913045,-0.009360358645205657,0.08847661465468583,0.10694444444444444
acs_NY_2018_ACSIncome,sex,11,MAR_1.0,False,0.18637708419052101,1.4111033613398527,1.4111033613398545,0.3873739313937237,0.5979396906467438,0.5979396906467439,0.2156517323156744,0.0853534431240514,0.5275
acs_NY_2018_ACSIncome,sex,11,MAR_5.0,False,0.2239375671164131,-1.6876604196448057,-1.6876604196448082,-0.4604140771579675,-0.7652356162337733,-0.7652356162337727,-0.2369496041717769,0.08114189298722525,0.3358333333333333
acs_NY_2018_ACSIncome,sex,11,OCCP_0,False,0.42746782091044383,1.7242245956918887,1.724224595691889,0.26827308753702506,0.9728120535914494,0.9728120535914502,0.3226339954754933,0.2400817210914143,0.1597222222222222
acs_NY_2018_ACSIncome,sex,11,OCCP_2,False,0.1491096393193834,0.6836398689450376,0.6836398689450386,0.12483630562392353,0.2773376472858815,0.2773376472858815,0.07915179701724809,0.032853589085563475,0.145
acs_NY_2018_ACSIncome,sex,11,OCCP_3,False,0.06553829225935592,0.5094978350607733,0.5094978350607728,0.09423636372431922,0.07582248491020904,0.07582248491020915,0.021025831972746104,0.0631448147922611,0.14222222222222222
acs_NY_2018_ACSIncome,sex,11,OCCP_4,False,0.361649442341144,-1.382371943176169,-1.3823719431761707,-0.3463824831908641,-1.1583264601886147,-1.158326460188616,-0.25852611200135883,0.19182816428093705,0.20972222222222223
acs_NY_2018_ACSIncome,sex,11,OCCP_5,False,0.368839044512448,-0.16279852338082756,-0.16279852338082776,-0.03160387311590632,-1.222157533800316,-1.2221575338003163,-0.26061288339214733,0.1359947854611425,0.12083333333333333
acs_NY_2018_ACSIncome,sex,11,POBP_0,False,0.05648840885142259,0.03927543683678447,0.0392754368367846,0.009496315958806742,0.1473429010945947,0.14734290109459477,0.04582862305730376,0.058173234819020765,0.7586111111111111
acs_NY_2018_ACSIncome,sex,11,POBP_3,False,0.21810667396774486,-0.17868396632852313,-0.17868396632852288,-0.0338623753536,-0.6971831072779252,-0.6971831072779249,-0.1378500274469402,0.047956746879838856,0.11055555555555556
acs_NY_2018_ACSIncome,sex,11,RELP_0.0,False,0.21824516264341665,1.5695210386724097,1.5695210386724092,0.42532068061628714,0.7301375770064038,0.7301375770064039,0.2657514746486901,0.2734139227226643,0.49694444444444447
acs_NY_2018_ACSIncome,sex,11,RELP_1.0,False,0.0456971453946762,0.8525328839677726,0.8525328839677717,0.18917118695010499,-0.007813378236237623,-0.007813378236237503,-0.0025356281598061378,0.09497527704501749,0.22027777777777777
acs_NY_2018_ACSIncome,sex,11,RELP_2.0,False,0.5022616562282533,-1.6226177758706881,-1.6226177758706868,-0.3370461423102888,-1.6475244804673173,-1.647524480467317,-0.23593847304910656,0.20768966288723187,0.11527777777777778
acs_NY_2018_ACSIncome,sex,11,SCHL_16.0,False,0.43848892790947225,-0.5152142021111661,-0.5152142021111664,-0.1210977180726861,-1.3988841429815984,-1.398884142981599,-0.31976015975792327,0.28332708584129035,0.18138888888888888
acs_NY_2018_ACSIncome,sex,11,SCHL_19.0,False,0.3249251867386131,-0.9231509800026183,-0.9231509800026191,-0.18672688283385336,-0.9802641881357255,-0.980264188135725,-0.2038920037520971,0.12822841650217928,0.12777777777777777
acs_NY_2018_ACSIncome,sex,11,SCHL_20.0,False,0.08433377049915369,0.5077690458439525,0.5077690458439529,0.08798004281534724,-0.5515614682178056,-0.5515614682178053,-0.11761497239498607,0.06744493533643607,0.10111111111111111
acs_NY_2018_ACSIncome,sex,11,SCHL_21.0,False,0.20515932032250314,1.2157595186134023,1.2157595186134038,0.25851500441083824,0.17686449217423628,0.1768644921742362,0.06219165459198711,0.24810649741256433,0.2386111111111111
acs_NY_2018_ACSIncome,sex,11,SCHL_22.0,False,0.4392494929006085,1.7995828087982468,1.7995828087982468,0.24347107215557065,1.0947041603300882,1.0947041603300878,0.33781097280745764,0.36763590518274747,0.12583333333333332
acs_NY_2018_ACSIncome,sex,11,__A__,True,0.02923585325332051,-0.11222658752892611,-0.11222658752892584,-0.030884546582057432,-0.026263548356284194,-0.026263548356284385,-0.009809236684233037,,0.49777777777777776
acs_NY_2018_ACSIncome,sex,12,AGEP,False,0.2011310032314378,1.6619904924619366,1.6619904924619353,0.4119734953901145,0.4616862977299375,0.46168629772993774,0.16519371711904976,0.5461150533602281,0.4930555555555556
acs_NY_2018_ACSIncome,sex,12,WKHP,False,0.3412020760087059,1.8164785744596843,1.8164785744596863,0.3181242763361962,0.9949814762637856,0.9949814762637865,0.3530523150937188,0.8882709227654896,0.23916666666666667
acs_NY_2018_ACSIncome,sex,12,COW_1.0,False,0.14750666046014124,-0.6046009273386346,-0.6046009273386349,-0.14511484973134944,-0.35665051710955453,-0.3566505171095546,-0.12948389380178946,0.018882936685968427,0.6138888888888889
acs_NY_2018_ACSIncome,sex,12,COW_2.0,False,0.059401558873203864,-0.17158046694620754,-0.17158046694620738,-0.02656499546652148,-0.16547900831591367,-0.16547900831591392,-0.03817240881891654,0.1266488019354002,0.10833333333333334
acs_NY_2018_ACSIncome,sex,12,MAR_1.0,False,0.1901389189724989,1.4739561396485827,1.473956139648582,0.36750085917648667,0.6905788735613021,0.6905788735613012,0.2413277577069469,0.07845285479965905,0.5219444444444444
acs_NY_2018_ACSIncome,sex,12,MAR_5.0,False,0.21837687868439137,-1.8125750826759477,-1.812575082675945,-0.4535586349399867,-0.8166747909334314,-0.8166747909334322,-0.2490810917417448,0.07658084680020497,0.35444444444444445
acs_NY_2018_ACSIncome,sex,12,OCCP_0,False,0.4277705282489971,1.9685939347484405,1.9685939347484391,0.2705552056031571,0.9752276228992838,0.9752276228992836,0.3106310420562402,0.2546661538109339,0.1527777777777778
acs_NY_2018_ACSIncome,sex,12,OCCP_2,False,0.09065809247544832,0.32940796674504647,0.32940796674504647,0.05711623620687358,0.18060759504575352,0.18060759504575355,0.05187821077191195,0.0772862059969632,0.15944444444444444
acs_NY_2018_ACSIncome,sex,12,OCCP_3,False,0.05688976036370577,0.5216575741507279,0.5216575741507272,0.0846057876078902,0.1258315575614719,0.12583155756147196,0.03149959989425744,0.05324149910396826,0.125
acs_NY_2018_ACSIncome,sex,12,OCCP_4,False,0.28531895777178795,-1.3584647237794718,-1.3584647237794725,-0.30870744772110964,-0.9712436293813642,-0.9712436293813651,-0.22462982686195934,0.18330385976106375,0.2136111111111111
acs_NY_2018_ACSIncome,sex,12,OCCP_5,False,0.3293374019180471,0.13901813643907635,0.13901813643907665,0.024784226413124198,-1.2143710983622023,-1.2143710983622014,-0.245267863748431,0.1211951684203208,0.12055555555555555
acs_NY_2018_ACSIncome,sex,12,POBP_0,False,0.08941967500959414,0.019105265601580212,0.019105265601580507,0.004218086062038265,0.2240480061196357,0.22404800611963582,0.06774261707670565,0.04383569453123727,0.7572222222222222
acs_NY_2018_ACSIncome,sex,12,POBP_3,False,0.3216975128599459,-0.2622967699539105,-0.2622967699539108,-0.04391435462851037,-1.0867172271955612,-1.08671722719556,-0.20690667660240247,0.08137451614177409,0.10444444444444445
acs_NY_2018_ACSIncome,sex,12,RELP_0.0,False,0.23120043966397108,1.638830440635218,1.638830440635217,0.39514965771883503,0.5727589141233198,0.5727589141233194,0.20511485655662803,0.248286314326122,0.4588888888888889
acs_NY_2018_ACSIncome,sex,12,RELP_1.0,False,0.07328358208955224,1.0182176746881866,1.018217674688186,0.2068897288979143,0.15152699572881545,0.1515269957288154,0.04855501970242653,0.10595865855871141,0.22722222222222221
acs_NY_2018_ACSIncome,sex,12,RELP_2.0,False,0.6263835350871261,-1.6030540599279655,-1.603054059927965,-0.3199857569281202,-1.7871574378647348,-1.7871574378647335,-0.26094869767780915,0.17882959911589372,0.13166666666666665
acs_NY_2018_ACSIncome,sex,12,SCHL_16.0,False,0.4076064574581995,-0.52952430105323,-0.5295243010532296,-0.11490132869789862,-1.369906418845504,-1.3699064188455043,-0.2959748306140031,0.31430648867855493,0.18444444444444444
acs_NY_2018_ACSIncome,sex,12,SCHL_19.0,False,0.13134010330272017,-0.8194321086838816,-0.8194321086838827,-0.14951573263827378,-0.7345003837216132,-0.7345003837216132,-0.13865712472907368,0.07412206788713539,0.12083333333333333
acs_NY_2018_ACSIncome,sex,12,SCHL_20.0,False,0.13913693701504182,0.4698894732132928,0.469889473213293,0.07187957568737081,-0.6001777165160783,-0.6001777165160785,-0.1263909284276281,0.09010506494255767,0.09805555555555556
acs_NY_2018_ACSIncome,sex,12,SCHL_21.0,False,0.21767156395089995,1.5180381329355839,1.5180381329355845,0.2875606151449792,0.27155215428746204,0.27155215428746227,0.09346593854539868,0.28925442679221436,0.23694444444444446
acs_NY_2018_ACSIncome,sex,12,SCHL_22.0,False,0.37159863945578236,1.7118679513472088,1.7118679513472084,0.21948557577891867,0.892125867646827,0.8921258676468262,0.27238267116780635,0.37318052712756183,0.1338888888888889
acs_NY_2018_ACSIncome,sex,12,__A__,True,0.02706983678077768,0.08098754624189675,0.08098754624189652,0.020302874975670623,-0.11219105617635527,-0.11219105617635532,-0.04068855039404888,,0.49777777777777776
acs_NY_2018_ACSIncome,sex,13,AGEP,False,0.16581094872024074,1.4129422065865729,1.412942206586572,0.3737268538505525,0.5149470556775847,0.5149470556775847,0.1850629016881407,0.5453924083633931,0.4888888888888889
acs_NY_2018_ACSIncome,sex,13,WKHP,False,0.37960180170435665,1.9076186879529393,1.9076186879529404,0.3503333997786414,0.9798749795456632,0.9798749795456622,0.3499308209332541,0.8749951158115271,0.2388888888888889
acs_NY_2018_ACSIncome,sex,13,COW_1.0,False,0.10200349106680093,-0.4417985856269937,-0.44179858562699353,-0.11316370186272372,-0.2005038109976096,-0.20050381099760972,-0.07256682479116848,0.01922660076040202,0.6227777777777778
acs_NY_2018_ACSIncome,sex,13,COW_2.0,False,0.05168188249562056,0.11086503129777125,0.11086503129777113,0.0188376633453227,-0.07007659020982826,-0.07007659020982829,-0.01678010926280219,0.09513665770942978,0.11611111111111111
acs_NY_2018_ACSIncome,sex,13,COW_3.0,False,0.14468039468039462,1.0414201602527222,1.0414201602527229,0.14489674400949606,0.37584953161681434,0.375849531616814,0.08552531481506911,0.16949505125788264,0.08694444444444445
acs_NY_2018_ACSIncome,sex,13,MAR_1.0,False,0.18116314976839942,1.4050496008326072,1.4050496008326065,0.37447466988065436,0.7541513207233892,0.7541513207233889,0.26540706377095513,0.10476284736405424,0.5197222222222222
acs_NY_2018_ACSIncome,sex,13,MAR_5.0,False,0.1800108997207404,-1.6397790928059344,-1.639779092805935,-0.43767652938669255,-0.7684890096696406,-0.7684890096696406,-0.2321386586497195,0.08826311562892154,0.34694444444444444
acs_NY_2018_ACSIncome,sex,13,OCCP_0,False,0.4495689258631339,1.828863542317083,1.8288635423170831,0.2575192550579642,0.9697341479505271,0.9697341479505274,0.30989008931440826,0.2401297945570464,0.14888888888888888
acs_NY_2018_ACSIncome,sex,13,OCCP_2,False,0.12674035173424525,0.5037580040109426,0.5037580040109425,0.09012057888094288,0.09437503390907609,0.09437503390907602,0.0269888378065081,0.07955387076492312,0.15166666666666667
acs_NY_2018_ACSIncome,sex,13,OCCP_3,False,0.047296905362684494,0.4411404926847071,0.4411404926847064,0.07879199691652652,0.13316498749614358,0.13316498749614353,0.03436592156353876,0.0568521656058914,0.1338888888888889
acs_NY_2018_ACSIncome,sex,13,OCCP_4,False,0.32083796208487997,-1.4192237854600127,-1.4192237854600114,-0.3487811842569816,-1.0353259388419445,-1.035325938841945,-0.23939920847229873,0.1799555669169821,0.22027777777777777
acs_NY_2018_ACSIncome,sex,13,OCCP_5,False,0.37108729954864045,0.043185738015032005,0.0431857380150319,0.00809291971893654,-1.1376369954084258,-1.137636995408425,-0.22604045426008862,0.12869447680046614,0.11583333333333333
acs_NY_2018_ACSIncome,sex,13,POBP_0,False,0.058371343816784216,0.037428776650563655,0.037428776650563364,0.008926783322817357,0.14435811346532235,0.14435811346532224,0.043508402502491605,0.04352439521709465,0.7533333333333333
acs_NY_2018_ACSIncome,sex,13,POBP_3,False,0.24107758392109035,-0.3210397357589445,-0.3210397357589447,-0.058428604115323725,-0.7873358037043929,-0.7873358037043922,-0.15026468072449495,0.05418930924872949,0.1075
acs_NY_2018_ACSIncome,sex,13,RELP_0.0,False,0.21057718024055344,1.4328980205322295,1.4328980205322306,0.37553970797410874,0.48554476191333895,0.48554476191333895,0.17449623519241986,0.24246732526040474,0.4761111111111111
acs_NY_2018_ACSIncome,sex,13,RELP_1.0,False,0.04957896118117122,0.9227236455733427,0.9227236455733425,0.2010206118316829,0.15325876926820825,0.15325876926820803,0.05006717283442518,0.06322865372833729,0.23416666666666666
acs_NY_2018_ACSIncome,sex,13,RELP_2.0,False,0.49947515745276416,-1.5244280631980272,-1.5244280631980254,-0.32181486872268833,-1.6925517789611337,-1.6925517789611324,-0.25151487942308287,0.16905655357619787,0.12916666666666668
acs_NY_2018_ACSIncome,sex,13,SCHL_16.0,False,0.45776001464441535,-0.6078183211151067,-0.6078183211151075,-0.14000669498973892,-1.4699413681574702,-1.469941368157472,-0.32031395198718365,0.3062276098511022,0.18222222222222223
acs_NY_2018_ACSIncome,sex,13,SCHL_19.0,False,0.1956092858503996,-0.7429711867709137,-0.7429711867709133,-0.14115633786823523,-0.8025954663618038,-0.8025954663618038,-0.16658524101168834,0.10524936458655262,0.12194444444444444
acs_NY_2018_ACSIncome,sex,13,SCHL_20.0,False,0.14749451842344508,0.6411678510837675,0.641167851083768,0.10833930033988177,-0.6693320342769234,-0.6693320342769224,-0.14222188136411323,0.05203046718578255,0.10333333333333333
acs_NY_2018_ACSIncome,sex,13,SCHL_21.0,False,0.21983865540265307,1.3526385498510867,1.3526385498510864,0.28417890026841774,0.29340115913589204,0.2934011591358924,0.10025317528346195,0.2796070885971598,0.24194444444444443
acs_NY_2018_ACSIncome,sex,13,SCHL_22.0,False,0.41414386762941535,1.8086676887806177,1.8086676887806181,0.24063492093850516,1.0033053568832946,1.0033053568832948,0.2985533632673983,0.41224207441268856,0.12444444444444444
acs_NY_2018_ACSIncome,sex,13,__A__,True,0.03288865503999172,0.029132675950664932,0.029132675950664582,0.007803835900617867,-0.15093070644121787,-0.15093070644121792,-0.05486944208970938,,0.49777777777777776
acs_NY_2018_ACSIncome,sex,14,AGEP,False,0.17931868091310046,1.5049667559008486,1.5049667559008484,0.3894846824450597,0.570974503135915,0.5709745031359148,0.20163730533303895,0.5622483286321969,0.49333333333333335
acs_NY_2018_ACSIncome,sex,14,WKHP,False,0.3415291349981904,1.6446577118014434,1.6446577118014434,0.30393021394902353,0.94581884769286,0.9458188476928601,0.3318790257284795,0.8601104654447743,0.24805555555555556
acs_NY_2018_ACSIncome,sex,14,COW_1.0,False,0.11942777122817935,-0.5079514117352066,-0.507951411735207,-0.12643876088227188,-0.10908438759443173,-0.10908438759443177,-0.03875363952206607,0.04728333573419371,0.6219444444444444
acs_NY_2018_ACSIncome,sex,14,COW_2.0,False,0.011766710549657805,0.04546185986035933,0.045461859860359145,0.007397260656436856,0.0285065070559668,0.028506507055966853,0.006422504338246495,0.08493810817808621,0.10916666666666666
acs_NY_2018_ACSIncome,sex,14,MAR_1.0,False,0.16542031998969553,1.455299053902685,1.4552990539026844,0.37717417489492855,0.643515537640943,0.6435155376409438,0.2231411562039433,0.08689011882405767,0.5122222222222222
acs_NY_2018_ACSIncome,sex,14,MAR_5.0,False,0.19827718507883862,-1.7722273820891588,-1.7722273820891585,-0.460885297757673,-0.8413607367882726,-0.8413607367882728,-0.2573871965689481,0.10722017221863432,0.3566666666666667
acs_NY_2018_ACSIncome,sex,14,OCCP_0,False,0.4734921137408987,1.9077416975221817,1.9077416975221821,0.26920262700163006,1.0242593968597014,1.0242593968597011,0.32596383934191375,0.2548116527777349,0.15722222222222224
acs_NY_2018_ACSIncome,sex,14,OCCP_2,False,0.10877552968123691,0.5500855989807811,0.5500855989807808,0.09285145646536469,0.20228454100461213,0.2022845410046122,0.0562677072746222,0.06010981914715213,0.145
acs_NY_2018_ACSIncome,sex,14,OCCP_3,False,0.027668812758662203,0.5561706953991119,0.5561706953991126,0.09597035778969296,-0.16101215461533014,-0.16101215461533033,-0.04139319394211423,0.03293050050984619,0.135
acs_NY_2018_ACSIncome,sex,14,OCCP_4,False,0.3680682839173405,-1.4584367163727776,-1.4584367163727794,-0.34877341142451984,-1.129841522103324,-1.1298415221033251,-0.2565662355135614,0.19185117982648525,0.22
acs_NY_2018_ACSIncome,sex,14,OCCP_5,False,0.31162070442489537,-0.03721136638255218,-0.03721136638255253,-0.006968265246541131,-1.0059160477688756,-1.0059160477688756,-0.20660615482201386,0.15377826701029026,0.12527777777777777
acs_NY_2018_ACSIncome,sex,14,POBP_0,False,0.1268691413573304,0.09640555131194306,0.09640555131194307,0.02209906458470889,0.4488334004636565,0.4488334004636562,0.13663491664806202,0.07632396263580944,0.7516666666666667
acs_NY_2018_ACSIncome,sex,14,POBP_3,False,0.16961403508771933,-0.15539933961087726,-0.15539933961087715,-0.027672323439122563,-0.6940933619109015,-0.6940933619109013,-0.13814505288501452,0.03275509332052582,0.11277777777777778
acs_NY_2018_ACSIncome,sex,14,RELP_0.0,False,0.18938332701809982,1.4965687072322131,1.4965687072322127,0.380335471652996,0.4985344124527631,0.4985344124527639,0.17318956599793267,0.23539578121590318,0.4822222222222222
acs_NY_2018_ACSIncome,sex,14,RELP_1.0,False,0.06172192086877196,0.9504983808720141,0.9504983808720142,0.20219693794933094,0.31694481548971953,0.31694481548971976,0.0977002279903867,0.12145736727096407,0.22277777777777777
acs_NY_2018_ACSIncome,sex,14,RELP_2.0,False,0.5495836265540699,-1.5176201329935404,-1.5176201329935384,-0.3149849647133301,-1.8526580576251053,-1.8526580576251064,-0.2852186681899553,0.17282376992898923,0.13416666666666666
acs_NY_2018_ACSIncome,sex,14,SCHL_16.0,False,0.4011211890920935,-0.581155404255612,-0.5811554042556113,-0.13224561653744757,-1.452957752460365,-1.4529577524603652,-0.3148017289628297,0.31557050875571746,0.1897222222222222
acs_NY_2018_ACSIncome,sex,14,SCHL_19.0,False,0.15086797877045555,-0.683196366482745,-0.6831963664827453,-0.13148597680861474,-0.6368697694588434,-0.6368697694588441,-0.13036628808838643,0.09440229391167389,0.13111111111111112
acs_NY_2018_ACSIncome,sex,14,SCHL_21.0,False,0.25031098593438283,1.4089496520748956,1.4089496520748954,0.27051413782645733,0.2577248617284431,0.2577248617284434,0.08677778808892495,0.26768617134285794,0.2286111111111111
acs_NY_2018_ACSIncome,sex,14,SCHL_22.0,False,0.39736466035273965,1.8385743349418793,1.8385743349418804,0.216958116469633,0.8985647617902404,0.8985647617902401,0.2649675983322191,0.3700702987963454,0.12027777777777778
acs_NY_2018_ACSIncome,sex,14,__A__,True,0.015753742495825396,-0.007936852076714906,-0.00793685207671506,-0.00207076814380658,0.01416297516230458,0.014162975162304532,0.005043258233572089,,0.49777777777777776
acs_NY_2018_ACSIncome,sex,15,AGEP,False,0.14019995754150685,1.2667813229596634,1.2667813229596645,0.3369703440480826,0.4801627156887274,0.48016271568872815,0.16919274661329742,0.5024154512500886,0.5108333333333334
acs_NY_2018_ACSIncome,sex,15,WKHP,False,0.33270643823130014,1.565990221944375,1.5659902219443764,0.29215941488017044,1.0356111829733627,1.0356111829733616,0.3661570049292177,0.8224204803756117,0.24583333333333332
acs_NY_2018_ACSIncome,sex,15,COW_1.0,False,0.1266689008443995,-0.41235000368869357,-0.4123500036886939,-0.10506171368857377,-0.4096192297725606,-0.409619229772561,-0.14685744347967197,0.0027761990148172833,0.6188888888888889
acs_NY_2018_ACSIncome,sex,15,COW_2.0,False,0.017272534702858805,-0.013891514743201272,-0.013891514743201104,-0.0024042823072999964,-0.005383897318665287,-0.0053838973186651875,-0.0012563297751947832,0.06707805777342023,0.11805555555555555
acs_NY_2018_ACSIncome,sex,15,MAR_1.0,False,0.14161630380503387,1.2229352652725691,1.2229352652725685,0.3247335403471111,0.5578572334801704,0.5578572334801702,0.1928354345083684,0.10414061865519254,0.5211111111111111
acs_NY_2018_ACSIncome,sex,15,MAR_5.0,False,0.16288668887436042,-1.4844599574471844,-1.4844599574471855,-0.3950596602731832,-0.6942235009784418,-0.6942235009784423,-0.20890177302442484,0.1051100498927121,0.3497222222222222
acs_NY_2018_ACSIncome,sex,15,OCCP_0,False,0.37721955445402544,1.6605770601130942,1.660577060113091,0.24948232971603382,0.9927382553077866,0.9927382553077873,0.31713438126532323,0.23123338104729624,0.16027777777777777
acs_NY_2018_ACSIncome,sex,15,OCCP_2,False,0.1253314807463279,0.53019460030057,0.530194600300569,0.09575858279199859,0.22372502993122134,0.2237250299312214,0.06293306880236112,0.08554416605813493,0.15333333333333332
acs_NY_2018_ACSIncome,sex,15,OCCP_3,False,0.023201864340948397,0.2601442948917996,0.26014429489179963,0.04463021455047995,-0.09491752882274462,-0.09491752882274461,-0.024482647390655317,0.021927124010902497,0.1297222222222222
acs_NY_2018_ACSIncome,sex,15,OCCP_4,False,0.2568120164774439,-1.1914692861477991,-1.1914692861477987,-0.29096648634841504,-0.8503890511457044,-0.8503890511457047,-0.18389389972607664,0.13052734923525539,0.21305555555555555
acs_NY_2018_ACSIncome,sex,15,OCCP_5,False,0.37878548450815513,0.07741499119397188,0.07741499119397198,0.014442950034580595,-1.1721693910184594,-1.1721693910184605,-0.2391484901789463,0.12622915072475147,0.11861111111111111
acs_NY_2018_ACSIncome,sex,15,POBP_0,False,0.083065517952432,0.2500998812039288,0.25009988120392895,0.058891479425865735,0.22793443091586008,0.22793443091585988,0.06966660422284193,0.06506937880404073,0.7508333333333334
acs_NY_2018_ACSIncome,sex,15,POBP_3,False,0.19807816537467693,-0.3243780954554423,-0.3243780954554427,-0.06000248874495144,-0.6704661441954332,-0.6704661441954326,-0.13038771164400062,0.05497525008247019,0.11333333333333333
acs_NY_2018_ACSIncome,sex,15,RELP_0.0,False,0.20667182067054335,1.4293943897216044,1.4293943897216042,0.3731443465378818,0.7128270356883151,0.7128270356883155,0.25282731730848695,0.2582730353497158,0.47444444444444445
acs_NY_2018_ACSIncome,sex,15,RELP_1.0,False,0.032515016975711686,0.7230000963477066,0.7230000963477062,0.15581894571041582,-0.04925051446838946,-0.049250514468389524,-0.015771156567748995,0.061402479727057806,0.22944444444444445
acs_NY_2018_ACSIncome,sex,15,RELP_2.0,False,0.5820220424284894,-1.358542138637354,-1.3585421386373533,-0.28175428471215336,-1.831920348450582,-1.8319203484505817,-0.2724885161349568,0.16641340502496743,0.12555555555555556
acs_NY_2018_ACSIncome,sex,15,SCHL_16.0,False,0.4528101528101528,-0.40064117532568,-0.4006411753256792,-0.09290771959548945,-1.4032008966454494,-1.4032008966454477,-0.29882189766607037,0.2849940240087577,0.18555555555555556
acs_NY_2018_ACSIncome,sex,15,SCHL_19.0,False,0.1947209048605082,-0.5549663209985991,-0.5549663209985993,-0.10997281286579598,-0.8252393100566359,-0.825239310056636,-0.16953274672144336,0.08761217964560211,0.1322222222222222
acs_NY_2018_ACSIncome,sex,15,SCHL_20.0,False,0.17287758613454196,0.19263895678388265,0.1926389567838828,0.03119892566563554,-0.761968793916873,-0.7619687939168722,-0.1612474110340715,0.10809220150906622,0.09861111111111111
acs_NY_2018_ACSIncome,sex,15,SCHL_21.0,False,0.22622165412405928,1.3547265016064372,1.3547265016064363,0.2757646889896152,0.4232315143674279,0.42323151436742756,0.14114764581285233,0.2779527459741708,0.22916666666666666
acs_NY_2018_ACSIncome,sex,15,SCHL_22.0,False,0.42776403970899185,1.786265843576396,1.7862658435763974,0.24009597049439263,0.8968916819535041,0.8968916819535032,0.2749506789949727,0.3674439468699412,0.13666666666666666
acs_NY_2018_ACSIncome,sex,15,__A__,True,0.006977101077531911,0.05063630661244756,0.05063630661244767,0.013522768966820201,-0.12562649635858314,-0.12562649635858328,-0.045048074492627564,,0.49777777777777776
acs_NY_2018_ACSIncome,sex,16,AGEP,False,0.16349605235664605,1.447033569035121,1.4470335690351226,0.3852348257119098,0.6234413128299517,0.6234413128299513,0.2170869422264361,0.5511988080841879,0.4836111111111111
acs_NY_2018_ACSIncome,sex,16,WKHP,False,0.3377538913844822,1.6235275477664022,1.6235275477664006,0.30563831936599817,1.0041815169923343,1.0041815169923332,0.34957528368053636,0.8260066290415969,0.25166666666666665
acs_NY_2018_ACSIncome,sex,16,COW_1.0,False,0.09516485791817728,-0.3778934962777454,-0.3778934962777452,-0.09738696929450506,-0.17701022883042128,-0.17701022883042122,-0.062372915936422725,0.05550547322208675,0.6105555555555555
acs_NY_2018_ACSIncome,sex,16,COW_2.0,False,0.047585044700237084,-0.11849723360428355,-0.11849723360428326,-0.019748956467830397,-0.18377725215877116,-0.18377725215877092,-0.04347075222815008,0.11695214214316851,0.115
acs_NY_2018_ACSIncome,sex,16,MAR_1.0,False,0.16881714082254257,1.3787242231490047,1.3787242231490042,0.369109768428224,0.6428849597199191,0.6428849597199187,0.21893056270123915,0.08129060369669538,0.5122222222222222
acs_NY_2018_ACSIncome,sex,16,MAR_5.0,False,0.18913898488008885,-1.6647468465495292,-1.6647468465495312,-0.4481337294766732,-0.8260415503744661,-0.8260415503744665,-0.24325975827366472,0.07737523329902944,0.3522222222222222
acs_NY_2018_ACSIncome,sex,16,OCCP_0,False,0.44999242596379607,1.894048572473527,1.8940485724735285,0.2741423333149422,1.028080427781432,1.0280804277814322,0.3163101220130591,0.2698692096256699,0.15
acs_NY_2018_ACSIncome,sex,16,OCCP_2,False,0.09822811526612318,0.4665806835981181,0.4665806835981184,0.0852841898833025,0.14549970337144869,0.14549970337144857,0.04097590843783005,0.09711831700822139,0.15833333333333333
acs_NY_2018_ACSIncome,sex,16,OCCP_3,False,0.07308294209702659,0.46840398947964346,0.4684039894796434,0.08163353331110623,0.11613708943953294,0.11613708943953281,0.028876118851187824,0.05843470357581788,0.12833333333333333
acs_NY_2018_ACSIncome,sex,16,OCCP_4,False,0.3929502678613758,-1.3032168162946924,-1.3032168162946915,-0.3224956388629279,-1.2426665618390116,-1.242666561839012,-0.2707116928427158,0.19333701612522639,0.2175
acs_NY_2018_ACSIncome,sex,16,OCCP_5,False,0.3154563585847523,0.04950977973391568,0.04950977973391525,0.009385905453636411,-1.1089433936326272,-1.1089433936326267,-0.21908861714005723,0.11965983049439705,0.11888888888888889
acs_NY_2018_ACSIncome,sex,16,POBP_0,False,0.09700042504098616,-0.00023599283796826853,-0.0002359928379681471,-5.660625170678966e-05,0.36348851507686675,0.36348851507686664,0.10839597469577462,0.06908392983863086,0.7477777777777778
acs_NY_2018_ACSIncome,sex,16,POBP_3,False,0.2387499060927053,-0.1573385154014184,-0.15733851540141833,-0.02915242753485636,-0.8258651363195504,-0.8258651363195494,-0.1565627076681648,0.05780787355629379,0.11138888888888888
acs_NY_2018_ACSIncome,sex,16,RELP_0.0,False,0.18946403195452624,1.3739123894886398,1.373912389488639,0.36051850981368055,0.4579729447523846,0.4579729447523846,0.1563850443875536,0.2017707882625835,0.4822222222222222
acs_NY_2018_ACSIncome,sex,16,RELP_1.0,False,0.06075272004980581,0.8867659639963199,0.8867659639963192,0.19158214942630142,0.27689181774313976,0.27689181774314003,0.08356002854967867,0.09995259091755725,0.215
acs_NY_2018_ACSIncome,sex,16,RELP_2.0,False,0.5169743693785082,-1.5656061951005507,-1.5656061951005489,-0.3348476509902934,-1.8834927050134769,-1.8834927050134758,-0.266111001907059,0.19935812342621698,0.13027777777777777
acs_NY_2018_ACSIncome,sex,16,SCHL_16.0,False,0.41026469699023155,-0.6899610944595853,-0.6899610944595852,-0.15902324199874004,-1.4244208392151056,-1.4244208392151037,-0.29593299636335635,0.30443138969854827,0.17833333333333334
acs_NY_2018_ACSIncome,sex,16,SCHL_19.0,False,0.19738330309385244,-0.8013173736360162,-0.8013173736360161,-0.15797308402069132,-0.8549480073839759,-0.8549480073839757,-0.16708424365915236,0.10729156866889625,0.12638888888888888
acs_NY_2018_ACSIncome,sex,16,SCHL_20.0,False,0.12583892617449666,0.5465679859255024,0.546567985925502,0.08963281713266033,-0.6415756699693539,-0.6415756699693537,-0.13618330842933754,0.08957227256176896,0.10111111111111111
acs_NY_2018_ACSIncome,sex,16,SCHL_21.0,False,0.2374341023408783,1.412667672171998,1.4126676721719988,0.29545498224318434,0.21192390271326134,0.2119239027132614,0.06982224770196131,0.26989419568225925,0.23805555555555555
acs_NY_2018_ACSIncome,sex,16,SCHL_22.0,False,0.41627886842276146,1.814608460810191,1.8146084608101927,0.24565595970676055,1.1169294108335588,1.116929410833558,0.32421891109122714,0.4174818703830062,0.12777777777777777
acs_NY_2018_ACSIncome,sex,16,__A__,True,0.040574610586778026,0.039505578356580306,0.039505578356580626,0.010660848304662825,0.007676253922628717,0.007676253922628588,0.0026938281082132345,,0.49777777777777776
acs_NY_2018_ACSIncome,sex,17,AGEP,False,0.17702793164581176,1.603201354776235,1.6032013547762334,0.3964729895626892,0.5021841081811096,0.502184108181109,0.1707148745500956,0.5627325375280926,0.4963888888888889
acs_NY_2018_ACSIncome,sex,17,WKHP,False,0.38022290138989384,1.910361841299995,1.910361841299994,0.3376744674181772,1.1380196713238322,1.138019671323832,0.383825282958451,0.9068040948718653,0.2475
acs_NY_2018_ACSIncome,sex,17,COW_1.0,False,0.11829918938835668,-0.4900888140730655,-0.4900888140730651,-0.1172475701620278,-0.3011530736829485,-0.3011530736829483,-0.10314476903088086,0.01337601569618881,0.6127777777777778
acs_NY_2018_ACSIncome,sex,17,COW_2.0,False,0.05548483533439408,-0.14285423239988915,-0.14285423239988923,-0.02271778360371742,0.0909375538519086,0.0909375538519086,0.01918228337576996,0.07008260183455081,0.11
acs_NY_2018_ACSIncome,sex,17,MAR_1.0,False,0.19178639197614533,1.452235968124772,1.452235968124772,0.36042969530759633,0.7803839724271602,0.7803839724271598,0.25790831308534784,0.09456584060185862,0.5275
acs_NY_2018_ACSIncome,sex,17,MAR_5.0,False,0.19650827195735487,-1.7823591270323969,-1.7823591270323988,-0.4408392382711377,-0.77608015606707,-0.7760801560670704,-0.22172462842457305,0.0644311589342506,0.34194444444444444
acs_NY_2018_ACSIncome,sex,17,OCCP_0,False,0.3342665623055773,1.6790175976686221,1.6790175976686221,0.21770667680785874,0.7449047741474515,0.7449047741474518,0.2274127412532384,0.1872719553270562,0.1525
acs_NY_2018_ACSIncome,sex,17,OCCP_2,False,0.13520575366246834,0.6636350174500243,0.6636350174500248,0.1145691101254098,0.36268657773286794,0.3626865777328678,0.09777009954225292,0.05287346315082055,0.15861111111111112
acs_NY_2018_ACSIncome,sex,17,OCCP_3,False,0.1009427309505252,0.7560843024531727,0.7560843024531717,0.12131638679051093,0.2664224208837065,0.266422420883706,0.0640555662362142,0.08026127712408386,0.12666666666666668
acs_NY_2018_ACSIncome,sex,17,OCCP_4,False,0.34668916250236126,-1.5888189247001152,-1.5888189247001157,-0.3562676940342216,-1.212931332410615,-1.212931332410617,-0.271152692644224,0.20951047161670752,0.2127777777777778
acs_NY_2018_ACSIncome,sex,17,OCCP_5,False,0.38378482972136224,0.009053140982780317,0.009053140982780136,0.001606635328718212,-1.2305979780376146,-1.2305979780376155,-0.24242343499791366,0.13523127398438947,0.12361111111111112
acs_NY_2018_ACSIncome,sex,17,POBP_0,False,0.1123033294249175,-0.020011858104752367,-0.020011858104752322,-0.004373349738778811,0.2690533956858116,0.26905339568581177,0.07547008265138899,0.060382622440702305,0.7630555555555556
acs_NY_2018_ACSIncome,sex,17,POBP_3,False,0.24573034833345858,-0.3011003254812843,-0.30110032548128435,-0.050915379030587,-0.9214443437155875,-0.9214443437155866,-0.17058003610684322,0.06755876408669143,0.10944444444444444
acs_NY_2018_ACSIncome,sex,17,RELP_0.0,False,0.20899985445692587,1.6501611278260109,1.6501611278260107,0.40253110587003055,0.6651223616546524,0.6651223616546537,0.22346162693101962,0.2445146454743919,0.48583333333333334
acs_NY_2018_ACSIncome,sex,17,RELP_1.0,False,0.04431662294529615,0.8282242792029535,0.8282242792029538,0.16820953150402054,0.12295499619408123,0.12295499619408148,0.03671132416623533,0.08854518057386448,0.225
acs_NY_2018_ACSIncome,sex,17,RELP_2.0,False,0.49222685227584945,-1.6635614712123377,-1.6635614712123374,-0.32441265468452024,-1.6324781698581377,-1.6324781698581396,-0.22348425821672813,0.1712002109232891,0.12666666666666668
acs_NY_2018_ACSIncome,sex,17,SCHL_16.0,False,0.41964897053859884,-0.6423061021857508,-0.6423061021857508,-0.13960004019027733,-1.4476673775160271,-1.4476673775160291,-0.30536961566607385,0.31724404357722535,0.1913888888888889
acs_NY_2018_ACSIncome,sex,17,SCHL_19.0,False,0.25634040755991977,-0.5731903082804404,-0.5731903082804403,-0.1037029764449639,-0.9219616657754045,-0.9219616657754036,-0.18586127361906854,0.1012820109681465,0.1297222222222222
acs_NY_2018_ACSIncome,sex,17,SCHL_20.0,False,0.07986169674481369,0.5474110116041111,0.5474110116041108,0.08380868296266084,-0.5442623312744476,-0.5442623312744478,-0.10271672103218615,0.07308173246046276,0.095
acs_NY_2018_ACSIncome,sex,17,SCHL_21.0,False,0.26534450779245755,1.4888105488510335,1.4888105488510348,0.27654772594750987,0.22641752570294227,0.22641752570294238,0.07288689200693896,0.27488214307951897,0.2286111111111111
acs_NY_2018_ACSIncome,sex,17,SCHL_22.0,False,0.32221090168110034,1.645467090028007,1.6454670900280075,0.20746225875308194,1.0439836716750375,1.0439836716750384,0.30213857544706096,0.36572313809367407,0.1338888888888889
acs_NY_2018_ACSIncome,sex,17,__A__,True,0.009702902284046022,0.03914132776152379,0.03914132776152398,0.009741690747065435,-0.125955556217215,-0.12595555621721508,-0.04316361207354525,,0.49777777777777776
acs_NY_2018_ACSIncome,sex,18,AGEP,False,0.17286759184581585,1.4077662443168566,1.4077662443168564,0.3662609417511654,0.46770891034228756,0.46770891034228756,0.1719954753275135,0.5423397782380551,0.49444444444444446
acs_NY_2018_ACSIncome,sex,18,WKHP,False,0.40801393728223,1.8535899079340832,1.8535899079340827,0.335581496593303,0.9114295276411886,0.911429527641189,0.3310709569755841,0.8287027606534624,0.23333333333333334
acs_NY_2018_ACSIncome,sex,18,COW_1.0,False,0.09101381799031721,-0.3493724315322182,-0.34937243153221853,-0.08763175109752826,-0.2888961115050205,-0.28889611150502054,-0.10736761562690893,0.02546005480717593,0.6227777777777778
acs_NY_2018_ACSIncome,sex,18,COW_2.0,False,0.09406371406371405,0.3358421845824646,0.33584218458246473,0.05631456503333523,0.20481612101962332,0.2048161210196231,0.045338853858655694,0.04927122521702508,0.1063888888888889
acs_NY_2018_ACSIncome,sex,18,MAR_1.0,False,0.14006583049106977,1.318967983240943,1.3189679832409438,0.34505683641478013,0.5215501915498683,0.5215501915498676,0.1884239815579683,0.07251887633290999,0.5191666666666667
acs_NY_2018_ACSIncome,sex,18,MAR_5.0,False,0.185487778022462,-1.6959625064152437,-1.6959625064152453,-0.44351195064179083,-0.5705345745999543,-0.5705345745999542,-0.17865064013736312,0.07894966659636768,0.3458333333333333
acs_NY_2018_ACSIncome,sex,18,OCCP_0,False,0.5096066252587992,2.0064637954416624,2.0064637954416633,0.29225477868690725,1.03201728003856,1.0320172800385594,0.34241926001450795,0.2564292824154814,0.15833333333333333
acs_NY_2018_ACSIncome,sex,18,OCCP_2,False,0.08342583847285615,0.4093256178613076,0.4093256178613076,0.0747530790079822,0.15591273911909842,0.15591273911909867,0.0449421623821226,0.06901092832301829,0.15555555555555556
acs_NY_2018_ACSIncome,sex,18,OCCP_3,False,0.05824838776783858,0.47234941868119185,0.4723494186811912,0.0807601170733338,0.09523698247786516,0.09523698247786515,0.02576853984306628,0.04126816883957621,0.13305555555555557
acs_NY_2018_ACSIncome,sex,18,OCCP_4,False,0.3155990995600123,-1.4348170463535832,-1.4348170463535828,-0.343128539468043,-1.1465963551266225,-1.1465963551266236,-0.2553941830967077,0.20066295113728652,0.20916666666666667
acs_NY_2018_ACSIncome,sex,18,OCCP_5,False,0.3395432692307693,0.0005539794282085619,0.0005539794282083094,0.00010117047689813574,-1.161593937996815,-1.1615939379968139,-0.24462291936590824,0.12652687703008758,0.11694444444444445
acs_NY_2018_ACSIncome,sex,18,POBP_0,False,0.07890824808184149,0.21634710675647306,0.2163471067564729,0.05044265881238089,0.08799468563739854,0.08799468563739846,0.0271613865757072,0.0445347129075613,0.7555555555555555
acs_NY_2018_ACSIncome,sex,18,POBP_3,False,0.25010229830184816,-0.5399331475993823,-0.5399331475993815,-0.09789495067078273,-0.715347264871114,-0.7153472648711146,-0.1511786485412056,0.08464904617291935,0.11583333333333333
acs_NY_2018_ACSIncome,sex,18,RELP_0.0,False,0.18556000381279192,1.4558594338548674,1.4558594338548647,0.3735386943748861,0.5713474034237225,0.571347403423723,0.208790163188535,0.24632462970832614,0.48055555555555557
acs_NY_2018_ACSIncome,sex,18,RELP_1.0,False,0.04405738853574592,0.9119952728825507,0.9119952728825503,0.19298576753809815,0.008769573931874941,0.008769573931874802,0.0028978109613884673,0.07971540978259596,0.22611111111111112
acs_NY_2018_ACSIncome,sex,18,RELP_2.0,False,0.5757599155792346,-1.5717612863223516,-1.5717612863223531,-0.31895709162897673,-1.8096734075474434,-1.8096734075474423,-0.2541551877909005,0.19205268924950888,0.12055555555555555
acs_NY_2018_ACSIncome,sex,18,SCHL_16.0,False,0.40466702620645567,-0.24762813547896712,-0.2476281354789675,-0.05601890161265041,-1.2704587173536805,-1.2704587173536803,-0.2864341685699539,0.26655674793114936,0.18333333333333332
acs_NY_2018_ACSIncome,sex,18,SCHL_19.0,False,0.14753528593981946,-0.8254126478403121,-0.8254126478403127,-0.16026421496274,-0.7884891165261108,-0.7884891165261101,-0.16367402675670625,0.08650075997114087,0.1288888888888889
acs_NY_2018_ACSIncome,sex,18,SCHL_20.0,False,0.152939666998944,0.12154054444898055,0.1215405444489805,0.01925702878465494,-0.7177896251134961,-0.7177896251134964,-0.16279213004800858,0.12493389109850729,0.10055555555555555
acs_NY_2018_ACSIncome,sex,18,SCHL_21.0,False,0.24627808838335152,1.4112666573154957,1.4112666573154937,0.2857986582050999,0.22661220261087023,0.2266122026108704,0.07965583304432189,0.26953702662440493,0.2386111111111111
acs_NY_2018_ACSIncome,sex,18,SCHL_22.0,False,0.35741650581973444,1.8015257117384498,1.8015257117384487,0.23603049651388083,0.9747588848254375,0.9747588848254374,0.29915524522251496,0.38257793670683654,0.12611111111111112
acs_NY_2018_ACSIncome,sex,18,__A__,True,0.026492296797973658,-0.10711748257929021,-0.10711748257929017,-0.028161666094406415,-0.03570046640994351,-0.03570046640994351,-0.013307078205661188,,0.49777777777777776
acs_NY_2018_ACSIncome,sex,19,AGEP,False,0.18515826647657918,1.3849217902858801,1.3849217902858797,0.3674736718013932,0.49580540793985556,0.495805407939856,0.17173482159210385,0.546573898251199,0.49777777777777776
acs_NY_2018_ACSIncome,sex,19,WKHP,False,0.3284564982674145,1.7262265825479457,1.7262265825479444,0.316711635092708,0.9433170691364166,0.9433170691364174,0.3268560545337445,0.8485509310977007,0.23472222222222222
acs_NY_2018_ACSIncome,sex,19,COW_1.0,False,0.12559955767502937,-0.6160741607144447,-0.6160741607144439,-0.15880491662998433,-0.16430047646570745,-0.16430047646570758,-0.05811051943879714,0.017098344055821578,0.6161111111111112
acs_NY_2018_ACSIncome,sex,19,COW_2.0,False,0.06420485175202151,0.16247275290300545,0.16247275290300556,0.027601333475559178,0.0529587463261022,0.052958746326102056,0.01196056533442369,0.08047458764628714,0.11194444444444444
acs_NY_2018_ACSIncome,sex,19,COW_3.0,False,0.1755156623255002,0.7160287572637192,0.7160287572637197,0.09719230839013748,0.37859860529066036,0.37859860529066,0.0909778946228301,0.15528624940264432,0.09361111111111112
acs_NY_2018_ACSIncome,sex,19,MAR_1.0,False,0.1758145058039461,1.3298163528558762,1.329816352855877,0.3562338722440777,0.6689087307026526,0.6689087307026522,0.23024468167731138,0.09140591695032162,0.5205555555555555
acs_NY_2018_ACSIncome,sex,19,MAR_5.0,False,0.18426260327511995,-1.6139510942562663,-1.613951094256264,-0.4318822052800249,-0.6642171076711221,-0.6642171076711225,-0.1967595988104663,0.075636433292199,0.3463888888888889
acs_NY_2018_ACSIncome,sex,19,OCCP_0,False,0.45907641003334787,1.9763880876644002,1.9763880876644,0.2912632096469512,1.1017127587141935,1.1017127587141935,0.34502682125166895,0.2631111232119047,0.155
acs_NY_2018_ACSIncome,sex,19,OCCP_2,False,0.10468051260824748,0.4519576984974647,0.45195769849746503,0.0812678409187841,0.042834660107592404,0.04283466010759239,0.011998657596579547,0.11403145768363468,0.15305555555555556
acs_NY_2018_ACSIncome,sex,19,OCCP_3,False,0.08140905702855239,0.6880543234565224,0.688054323456522,0.12007742222709623,0.13800119469936356,0.13800119469936376,0.03387472830844987,0.0857109577438532,0.12611111111111112
acs_NY_2018_ACSIncome,sex,19,OCCP_4,False,0.3377840024898849,-1.3478834179471222,-1.3478834179471217,-0.331330787248332,-1.1402531246165573,-1.1402531246165568,-0.25885531453322563,0.19633810261318407,0.21916666666666668
acs_NY_2018_ACSIncome,sex,19,OCCP_5,False,0.3231516814424551,-0.07203463531845644,-0.07203463531845637,-0.013393081024583023,-1.065820278683385,-1.065820278683384,-0.21250180399166196,0.11241194501203906,0.11583333333333333
acs_NY_2018_ACSIncome,sex,19,POBP_0,False,0.07464090333360285,0.08965695239055282,0.08965695239055256,0.02094138740416184,0.235561573158375,0.2355615731583751,0.06868846326549191,0.05531945080098417,0.7663888888888889
acs_NY_2018_ACSIncome,sex,19,POBP_3,False,0.19480569449788387,-0.12166826583338763,-0.12166826583338763,-0.022255132643381536,-0.6840222560906909,-0.6840222560906909,-0.1293005670969762,0.027251186759762073,0.10888888888888888
acs_NY_2018_ACSIncome,sex,19,RELP_0.0,False,0.2018359853121175,1.5046397599936698,1.5046397599936707,0.39564081607411694,0.614207546855116,0.6142075468551156,0.2111680929745083,0.23704950843836955,0.49083333333333334
acs_NY_2018_ACSIncome,sex,19,RELP_1.0,False,0.026851740092536713,0.7682307308886158,0.7682307308886153,0.1699111419517701,0.059243403691263796,0.05924340369126394,0.018145837683587022,0.06992632366494485,0.22555555555555556
acs_NY_2018_ACSIncome,sex,19,RELP_2.0,False,0.4840565899428237,-1.5478863656336268,-1.547886365633627,-0.32760347724455957,-1.847639891257334,-1.847639891257335,-0.253036638866353,0.16029250797083086,0.12694444444444444
acs_NY_2018_ACSIncome,sex,19,SCHL_16.0,False,0.4403446491315678,-0.6927648883282729,-0.6927648883282723,-0.15959727973849985,-1.4842949770441916,-1.484294977044193,-0.33347336760552004,0.32577638386619956,0.18638888888888888
acs_NY_2018_ACSIncome,sex,19,SCHL_19.0,False,0.20105537372253024,-0.593833971384288,-0.5938339713842881,-0.11747062893513004,-0.9018881555487204,-0.9018881555487214,-0.18298696063230815,0.09739524855780152,0.13027777777777777
acs_NY_2018_ACSIncome,sex,19,SCHL_21.0,False,0.22141752887484534,1.3540587421781982,1.3540587421781993,0.27921275873088,0.28209133907697737,0.2820913390769771,0.093578824222907,0.2793685476313454,0.23416666666666666
acs_NY_2018_ACSIncome,sex,19,SCHL_22.0,False,0.4182428983347819,1.7717778135647728,1.771777813564771,0.24435431161625257,1.0440292727045937,1.0440292727045937,0.30618795556543454,0.424400512684841,0.13
acs_NY_2018_ACSIncome,sex,19,__A__,True,0.012298990430464674,0.035482250520313396,0.03548225052031297,0.009538149142903338,-0.055507445824131696,-0.05550744582413189,-0.019658030187950905,,0.49777777777777776
acs_NY_2018_ACSIncome,sex,20,AGEP,False,0.1757825246847719,1.3994975447997986,1.3994975447997968,0.3874789841917966,0.36756788508910165,0.3675678850891012,0.12996442701195748,0.5318979938448931,0.5175
acs_NY_2018_ACSIncome,sex,20,WKHP,False,0.3212819351673648,1.6456232317602841,1.6456232317602855,0.3175649364191431,0.9392948419634221,0.9392948419634208,0.33692288917721663,0.8167241186940633,0.24444444444444444
acs_NY_2018_ACSIncome,sex,20,COW_1.0,False,0.1103188781875343,-0.6055689731700127,-0.6055689731700123,-0.16067896828592315,-0.30840824556028945,-0.3084082455602895,-0.11151669014152271,0.017366059398155838,0.6269444444444444
acs_NY_2018_ACSIncome,sex,20,COW_2.0,False,0.04131657914478626,0.07211998477666293,0.07211998477666257,0.012679872125186013,0.11407940369351355,0.11407940369351381,0.025905855248293707,0.07566914320229,0.10972222222222222
acs_NY_2018_ACSIncome,sex,20,MAR_1.0,False,0.17217908263593543,1.4358334907216492,1.4358334907216492,0.3979752623443427,0.6372168465652817,0.6372168465652811,0.2236575138730412,0.10118931530149998,0.525
acs_NY_2018_ACSIncome,sex,20,MAR_5.0,False,0.1917313455774994,-1.6605828203778958,-1.660582820377896,-0.46021555405816,-0.698181428390758,-0.6981814283907584,-0.2086397679006844,0.08759321595231523,0.3436111111111111
acs_NY_2018_ACSIncome,sex,20,OCCP_0,False,0.3639796237544126,1.6577051004575645,1.6577051004575636,0.24595973913129984,0.9199498023254122,0.9199498023254115,0.29980959556164655,0.24195986064413857,0.15666666666666668
acs_NY_2018_ACSIncome,sex,20,OCCP_2,False,0.14075382803298,0.6879459767356457,0.6879459767356457,0.13101842185395063,0.1763657718910272,0.17636577189102695,0.05047093781521205,0.0694972714153293,0.15611111111111112
acs_NY_2018_ACSIncome,sex,20,OCCP_3,False,0.08125089627763096,0.6232321578486881,0.6232321578486877,0.11542237281301133,0.1565186774114108,0.15651867741141082,0.04042072693896721,0.06864902587924665,0.13361111111111112
acs_NY_2018_ACSIncome,sex,20,OCCP_4,False,0.24829799000724662,-1.3146282941227903,-1.3146282941227905,-0.3342850509677731,-0.9065204838632085,-0.9065204838632069,-0.20414855172344745,0.16721395493429306,0.2152777777777778
acs_NY_2018_ACSIncome,sex,20,OCCP_5,False,0.43885380116959066,-0.17876391379453027,-0.17876391379453024,-0.034840714732269414,-1.3308854896052955,-1.3308854896052948,-0.27061656138783136,0.15331971898572946,0.11777777777777777
acs_NY_2018_ACSIncome,sex,20,POBP_0,False,0.04452436970011445,-0.016647830789964235,-0.016647830789964395,-0.004054456606743337,0.09049902536675158,0.09049902536675156,0.027075797338144213,0.05594892960624348,0.7633333333333333
acs_NY_2018_ACSIncome,sex,20,POBP_3,False,0.18263774725566095,-0.3724774042730996,-0.37247740427309955,-0.07125417492959181,-0.7120142099346184,-0.7120142099346176,-0.13598330154487623,0.06852160788775619,0.10972222222222222
acs_NY_2018_ACSIncome,sex,20,RELP_0.0,False,0.20701008585479708,1.3766682951966165,1.3766682951966154,0.37066984786427426,0.4644207187115855,0.4644207187115853,0.16596752662682307,0.22037026184691705,0.4697222222222222
acs_NY_2018_ACSIncome,sex,20,RELP_1.0,False,0.03797296623825372,0.8404943662737162,0.8404943662737163,0.18935764470144575,0.10287434096075376,0.10287434096075372,0.03314988525507364,0.05124118143850609,0.22777777777777777
acs_NY_2018_ACSIncome,sex,20,RELP_2.0,False,0.4522798742138365,-1.458036009907795,-1.4580360099077954,-0.3261984337563123,-1.6141907208142534,-1.6141907208142536,-0.21927526946147388,0.14581786692904697,0.1322222222222222
acs_NY_2018_ACSIncome,sex,20,SCHL_16.0,False,0.4400249275205245,-0.5255496162123765,-0.5255496162123766,-0.12720205969456388,-1.352992847424897,-1.3529928474248973,-0.31306976295078986,0.31298322550906815,0.19305555555555556
acs_NY_2018_ACSIncome,sex,20,SCHL_19.0,False,0.20065416957810278,-0.7247714215012937,-0.7247714215012934,-0.15100222496224056,-0.8650686768658647,-0.8650686768658643,-0.17331492116064973,0.09215936440744242,0.1313888888888889
acs_NY_2018_ACSIncome,sex,20,SCHL_20.0,False,0.07626315859694999,0.690768455660747,0.6907684556607463,0.12279176221701796,-0.5273477027118528,-0.5273477027118529,-0.111396632536718,0.04640258258882889,0.10472222222222222
acs_NY_2018_ACSIncome,sex,20,SCHL_21.0,False,0.19601550199830448,1.1767150898827488,1.1767150898827485,0.24709369013394206,0.21179710787669037,0.2117971078766903,0.07289523200074331,0.24226292211359934,0.235
acs_NY_2018_ACSIncome,sex,20,SCHL_22.0,False,0.4682874408402706,1.997050908886751,1.997050908886751,0.2759458908969903,1.0551864030912266,1.0551864030912261,0.30844961283363515,0.4211975284583928,0.12027777777777778
acs_NY_2018_ACSIncome,sex,20,__A__,True,0.018210787206420387,0.1415156109118747,0.1415156109118748,0.03937014587344826,-0.10137337914652467,-0.10137337914652482,-0.03687880766056907,,0.49777777777777776
acs_NY_2018_ACSIncome,sex,21,AGEP,False,0.1800689034177661,1.4685678135914473,1.4685678135914468,0.38234441485154275,0.4380278566883058,0.4380278566883057,0.16410732015438406,0.5105287127084972,0.4897222222222222
acs_NY_2018_ACSIncome,sex,21,WKHP,False,0.31873445443290904,1.698446655008084,1.698446655008085,0.31124652452070073,0.9191681961487459,0.9191681961487459,0.3418764904216571,0.8426109646271269,0.23916666666666667
acs_NY_2018_ACSIncome,sex,21,COW_1.0,False,0.11002713502984052,-0.46718085327626513,-0.4671808532762652,-0.11731251942082746,-0.18572770510294545,-0.18572770510294545,-0.07048288782575966,0.03664883656086119,0.6211111111111111
acs_NY_2018_ACSIncome,sex,21,COW_2.0,False,0.06343972321933755,0.21594668169145215,0.21594668169145176,0.03698474589333894,-0.00023487971195668145,-0.00023487971195667857,-5.5965611628649735e-05,0.06819976327452601,0.11444444444444445
acs_NY_2018_ACSIncome,sex,21,MAR_1.0,False,0.1625609071148263,1.5180779460011364,1.5180779460011353,0.39962112368270103,0.5666012214903278,0.5666012214903278,0.20788551521065665,0.09853885687266091,0.5277777777777778
acs_NY_2018_ACSIncome,sex,21,MAR_5.0,False,0.18205424649489832,-1.761516324549675,-1.7615163245496757,-0.46224071061968397,-0.5372895187666222,-0.5372895187666226,-0.1655512168444264,0.0694633417269382,0.3375
acs_NY_2018_ACSIncome,sex,21,OCCP_0,False,0.4563133917827059,1.9376952772928364,1.9376952772928366,0.2779900004489246,0.995221686275336,0.995221686275337,0.33713018606145617,0.22949019884245817,0.15722222222222224
acs_NY_2018_ACSIncome,sex,21,OCCP_2,False,0.11894975253753881,0.5191058317315536,0.5191058317315539,0.09232876897068236,0.2731851605577048,0.273185160557705,0.08146983849796628,0.03854861776121567,0.15305555555555556
acs_NY_2018_ACSIncome,sex,21,OCCP_3,False,0.034569940008622346,0.4859167188874485,0.48591671888744736,0.0849201633751336,0.02527576170056478,0.025275761700564614,0.006785402661953262,0.05307648940346361,0.1322222222222222
acs_NY_2018_ACSIncome,sex,21,OCCP_4,False,0.3589503463076773,-1.4082788756464197,-1.4082788756464213,-0.3377759996830881,-1.1040987725409612,-1.1040987725409623,-0.2565282836159871,0.17614181476404683,0.2111111111111111
acs_NY_2018_ACSIncome,sex,21,OCCP_5,False,0.37153214270232776,0.16687642036128847,0.1668764203612888,0.030926960812758877,-1.0950479442342378,-1.095047944234239,-0.24139136244211493,0.1314948474539657,0.1213888888888889
acs_NY_2018_ACSIncome,sex,21,POBP_0,False,0.09882195241409542,0.162793570786272,0.16279357078627185,0.037268636002494235,0.32192028728814853,0.3219202872881485,0.10288551683452413,0.07048961607233079,0.7613888888888889
acs_NY_2018_ACSIncome,sex,21,POBP_3,False,0.22566019820782146,-0.32499007946777625,-0.32499007946777647,-0.05780311476150214,-0.7755863323499139,-0.7755863323499134,-0.1633699590583294,0.04457512632559616,0.11
acs_NY_2018_ACSIncome,sex,21,RELP_0.0,False,0.2271645839387775,1.5570828450857597,1.557082845085762,0.39766267691562257,0.6107777143486317,0.6107777143486319,0.2285575361006339,0.25921007777090715,0.46694444444444444
acs_NY_2018_ACSIncome,sex,21,RELP_1.0,False,0.0223216334640918,0.9781704066052431,0.9781704066052433,0.21162497180870568,0.0011056659321355689,0.0011056659321354843,0.00037118138506327716,0.07025860318652317,0.2313888888888889
acs_NY_2018_ACSIncome,sex,21,RELP_2.0,False,0.519520436411008,-1.765025142494208,-1.7650251424942087,-0.36869412545662,-1.5154634384259835,-1.5154634384259822,-0.24375538393118992,0.21105832395452967,0.13194444444444445
acs_NY_2018_ACSIncome,sex,21,SCHL_16.0,False,0.38110056848806584,-0.5876931174831757,-0.5876931174831749,-0.1368628212910967,-1.2138826338341173,-1.2138826338341193,-0.2762270070372521,0.2801959861055375,0.1938888888888889
acs_NY_2018_ACSIncome,sex,21,SCHL_19.0,False,0.2624238313631763,-0.7374710010418726,-0.737471001041872,-0.13999876172693157,-0.9555084969899652,-0.9555084969899644,-0.2113264684732264,0.12469338783774819,0.12666666666666668
acs_NY_2018_ACSIncome,sex,21,SCHL_20.0,False,0.13160839160839155,0.5903851582144217,0.5903851582144215,0.09618967557687522,-0.561370065982805,-0.5613700659828044,-0.12656492545505005,0.05095693627581261,0.10166666666666667
acs_NY_2018_ACSIncome,sex,21,SCHL_21.0,False,0.2127048026108709,1.287897683098803,1.2878976830988011,0.2515167530433521,0.14321477485611123,0.14321477485611123,0.05068825607927858,0.24376234717811063,0.22305555555555556
acs_NY_2018_ACSIncome,sex,21,SCHL_22.0,False,0.560412775230656,2.224993590098141,2.2249935900981415,0.2973516194316076,1.1582187414946121,1.158218741494613,0.3721122043260886,0.40094271662162634,0.13444444444444445
acs_NY_2018_ACSIncome,sex,21,__A__,True,0.016881678453730842,0.13847374296962345,0.1384737429696233,0.036530688612015985,-0.04325080833392547,-0.04325080833392563,-0.01641953161287653,,0.49777777777777776
acs_NY_2018_ACSIncome,sex,22,AGEP,False,0.20138129791468695,1.6255012148151096,1.625501214815111,0.41853787395477327,0.569176891075668,0.5691768910756675,0.20279041361485695,0.5788423835726315,0.5213888888888889
acs_NY_2018_ACSIncome,sex,22,WKHP,False,0.4074374720594809,2.000508177365326,2.0005081773653286,0.3519701507504112,0.974586433586329,0.9745864335863289,0.3516316423875058,0.8466415993218627,0.2361111111111111
acs_NY_2018_ACSIncome,sex,22,COW_1.0,False,0.04940858129147144,-0.2757220252550272,-0.27572202525502665,-0.06810439917962939,-0.131869237083433,-0.1318692370834329,-0.04868601530024518,0.05733785563598837,0.6113888888888889
acs_NY_2018_ACSIncome,sex,22,COW_2.0,False,0.06121993553186211,0.006487828223306957,0.006487828223307227,0.0010795618503737418,-0.2349822475898834,-0.23498224758988387,-0.05747895483311914,0.11329384804816992,0.11944444444444445
acs_NY_2018_ACSIncome,sex,22,MAR_1.0,False,0.17664425847166965,1.486544295830023,1.4865442958300226,0.3829417920335421,0.5694775688872284,0.5694775688872281,0.20059813417209235,0.1108392836061912,0.5297222222222222
acs_NY_2018_ACSIncome,sex,22,MAR_5.0,False,0.19199482901230847,-1.7766936148786252,-1.7766936148786259,-0.45810255899104074,-0.6585779724370774,-0.6585779724370776,-0.19831907713612834,0.10373918053207702,0.3452777777777778
acs_NY_2018_ACSIncome,sex,22,OCCP_0,False,0.3671540775401069,1.6669160999430213,1.666916099943022,0.24607101732544887,0.9870588052189508,0.9870588052189503,0.3219194074648126,0.21628733042458667,0.16027777777777777
acs_NY_2018_ACSIncome,sex,22,OCCP_2,False,0.08177227134519283,0.511401915925509,0.5114019159255081,0.08759644627923513,0.1496151876454701,0.14961518764547002,0.04359453753918692,0.07815414393503343,0.15166666666666667
acs_NY_2018_ACSIncome,sex,22,OCCP_3,False,0.045780198953813966,0.3821072312828835,0.3821072312828832,0.06458254132671983,-0.08496033062135633,-0.08496033062135619,-0.02256582170905789,0.032611727841468444,0.13305555555555557
acs_NY_2018_ACSIncome,sex,22,OCCP_4,False,0.3040017251188314,-1.1809464956116391,-1.180946495611638,-0.2777526004486992,-0.9177086324936367,-0.9177086324936367,-0.21304596061100173,0.14134693708208054,0.21444444444444444
acs_NY_2018_ACSIncome,sex,22,OCCP_5,False,0.31426132998920125,-0.17739567552040336,-0.17739567552040317,-0.03158602514806932,-1.0762722088639274,-1.0762722088639278,-0.22211389548104404,0.14519145017629478,0.11472222222222223
acs_NY_2018_ACSIncome,sex,22,POBP_0,False,0.1227038183694531,-0.01735355282466644,-0.01735355282466639,-0.00400604581998077,0.2876727637201366,0.2876727637201365,0.0879380863618928,0.04226254198579127,0.7513888888888889
acs_NY_2018_ACSIncome,sex,22,POBP_3,False,0.20551617873651773,-0.2167928470757845,-0.21679284707578472,-0.038544129714656934,-0.8034823751944011,-0.8034823751944005,-0.1609358434078322,0.044272798643303114,0.11222222222222222
acs_NY_2018_ACSIncome,sex,22,RELP_0.0,False,0.19148547043283887,1.5715214139412956,1.5715214139412956,0.393579019051192,0.6086653890080943,0.6086653890080942,0.2197525404182194,0.24285817236891488,0.4713888888888889
acs_NY_2018_ACSIncome,sex,22,RELP_1.0,False,0.05082572225386944,0.9418613249887489,0.9418613249887491,0.19971676169956082,-0.014331277821343025,-0.014331277821342935,-0.0046583965002019116,0.06604241615979693,0.2311111111111111
acs_NY_2018_ACSIncome,sex,22,RELP_2.0,False,0.4352882774271329,-1.7420202088725296,-1.7420202088725292,-0.36475742149996665,-1.5142566337618146,-1.514256633761814,-0.21902018390324327,0.1597385668562548,0.1361111111111111
acs_NY_2018_ACSIncome,sex,22,SCHL_16.0,False,0.4419443112815596,-0.7402942769349543,-0.740294276934955,-0.1652493038015607,-1.4157896185641943,-1.415789618564194,-0.3150471570391719,0.32321798512449024,0.18472222222222223
acs_NY_2018_ACSIncome,sex,22,SCHL_19.0,False,0.22758096167020825,-0.6669040966273811,-0.6669040966273819,-0.1282497178845666,-0.8504397988201188,-0.8504397988201188,-0.17550810569330028,0.10292203100400528,0.13111111111111112
acs_NY_2018_ACSIncome,sex,22,SCHL_20.0,False,0.12309154260373778,0.6691573974108742,0.6691573974108733,0.10449033628036633,-0.6327530129172644,-0.6327530129172635,-0.13694027976492662,0.07777257358273518,0.09777777777777778
acs_NY_2018_ACSIncome,sex,22,SCHL_21.0,False,0.21726324357903307,1.4203737846317246,1.4203737846317226,0.28289244583490997,0.2999340429408762,0.299934042940876,0.10256085530862201,0.28760765320554216,0.23166666666666666
acs_NY_2018_ACSIncome,sex,22,SCHL_22.0,False,0.41571224051539013,1.9534317485719233,1.953431748571925,0.24132816097546442,1.0046060714062466,1.004606071406247,0.3137443051618965,0.4081020653879883,0.13055555555555556
acs_NY_2018_ACSIncome,sex,22,__A__,True,0.0341437507376372,-0.07087863401426109,-0.07087863401426112,-0.01832655879057692,-0.0799725066704714,-0.07997250667047155,-0.029421316606998902,,0.49777777777777776
acs_NY_2018_ACSIncome,sex,23,AGEP,False,0.17746400885935767,1.5638942291114093,1.5638942291114084,0.39766883139483067,0.580524193291899,0.5805241932918984,0.20261068772518906,0.5766952202848972,0.5116666666666667
acs_NY_2018_ACSIncome,sex,23,WKHP,False,0.34869469104869194,1.7998817505860403,1.7998817505860376,0.31298986994452843,0.9937629347625165,0.9937629347625156,0.35015297760495856,0.8277682690679262,0.2388888888888889
acs_NY_2018_ACSIncome,sex,23,COW_1.0,False,0.11448358413132695,-0.41267619731894345,-0.41267619731894367,-0.10093327911095135,-0.26114541762002785,-0.2611454176200277,-0.09344015214849585,0.03229843086734141,0.6180555555555556
acs_NY_2018_ACSIncome,sex,23,COW_2.0,False,0.019851721783240683,-0.13095773170034541,-0.13095773170034555,-0.021182394634985193,-0.042949843513890085,-0.042949843513890126,-0.00941052925132639,0.09910937564132659,0.10777777777777778
acs_NY_2018_ACSIncome,sex,23,MAR_1.0,False,0.1288976108151886,1.4194852700287628,1.4194852700287615,0.3616597814340018,0.44571845334449384,0.4457184533444935,0.15190022893323124,0.05791897654120801,0.5311111111111111
acs_NY_2018_ACSIncome,sex,23,MAR_5.0,False,0.1635858076625693,-1.7781536254599382,-1.778153625459936,-0.4525188633634906,-0.4915470778109838,-0.4915470778109834,-0.14556228256793724,0.06064783607157129,0.3411111111111111
acs_NY_2018_ACSIncome,sex,23,OCCP_0,False,0.4339304057524397,1.924148868624901,1.924148868624903,0.26190192720889,1.0073577305503265,1.007357730550327,0.31728749330478495,0.23570309923277874,0.1502777777777778
acs_NY_2018_ACSIncome,sex,23,OCCP_2,False,0.15952591772735655,0.7808767701849284,0.7808767701849284,0.1402100888372134,0.2284570857941104,0.22845708579411025,0.06580394215238064,0.05021548353579884,0.16555555555555557
acs_NY_2018_ACSIncome,sex,23,OCCP_3,False,0.07659907587734371,0.5889256090244597,0.5889256090244593,0.10272254872158727,0.3125151821613458,0.31251518216134583,0.07738705917395788,0.07107116517727852,0.13416666666666666
acs_NY_2018_ACSIncome,sex,23,OCCP_4,False,0.29086494688922615,-1.5804499270162706,-1.5804499270162702,-0.3605554786438526,-1.078744589753692,-1.0787445897536923,-0.2506973300072247,0.2150698380033411,0.20666666666666667
acs_NY_2018_ACSIncome,sex,23,OCCP_5,False,0.3529704670329671,-0.27877697565309045,-0.2787769756530898,-0.051278190321822244,-1.152463164583307,-1.1524631645833063,-0.2331056028921578,0.15043431466148982,0.1238888888888889
acs_NY_2018_ACSIncome,sex,23,POBP_0,False,0.08199713571649203,-0.047935027166591926,-0.047935027166592106,-0.011013020544157731,0.22816051215444444,0.22816051215444427,0.06588505552452519,0.04465985985373538,0.7555555555555555
acs_NY_2018_ACSIncome,sex,23,POBP_3,False,0.1955445544554455,-0.23620965026074825,-0.23620965026074883,-0.041935751912237744,-0.8000824593223346,-0.8000824593223346,-0.14516750154046695,0.05424668930055098,0.10916666666666666
acs_NY_2018_ACSIncome,sex,23,RELP_0.0,False,0.19988738846758153,1.5244327386858256,1.5244327386858236,0.3795840355829635,0.5656304279612652,0.5656304279612656,0.19989888034613212,0.2569731964748118,0.4708333333333333
acs_NY_2018_ACSIncome,sex,23,RELP_1.0,False,0.04106130625811011,0.9221106981012529,0.9221106981012512,0.19386629833807195,0.03152451091340769,0.031524510913407786,0.010110403259631886,0.10002588955861713,0.2363888888888889
acs_NY_2018_ACSIncome,sex,23,RELP_2.0,False,0.5117799249015478,-1.5544533667359501,-1.5544533667359497,-0.3167876297657645,-1.5763669495934969,-1.5763669495934989,-0.22544888711457287,0.1658532462744842,0.1313888888888889
acs_NY_2018_ACSIncome,sex,23,SCHL_16.0,False,0.41604996944802775,-0.46353280823317133,-0.4635328082331712,-0.10146748890083977,-1.2873268598929506,-1.2873268598929488,-0.2828745188898527,0.3130906721983065,0.18222222222222223
acs_NY_2018_ACSIncome,sex,23,SCHL_19.0,False,0.18976669615214503,-0.8742368852464057,-0.8742368852464055,-0.16426326303099006,-0.8813370053756728,-0.8813370053756737,-0.18138093185751125,0.1117749973885075,0.13
acs_NY_2018_ACSIncome,sex,23,SCHL_20.0,False,0.13424501424501423,0.3906867290007605,0.3906867290007608,0.058176416469167234,-0.7896155017105315,-0.7896155017105306,-0.16788230266409296,0.09270159553170615,0.09388888888888888
acs_NY_2018_ACSIncome,sex,23,SCHL_21.0,False,0.19987160969346818,1.3272035707652843,1.3272035707652836,0.26795990616702997,0.22558538451723242,0.22558538451723253,0.07529317629700359,0.262292036165497,0.23972222222222223
acs_NY_2018_ACSIncome,sex,23,SCHL_22.0,False,0.45761400345578845,1.929279680541381,1.9292796805413803,0.24275746135621934,1.0453402116002648,1.0453402116002644,0.3095575462236732,0.3971304705151492,0.12611111111111112
acs_NY_2018_ACSIncome,sex,23,__A__,True,0.018299757601067668,-0.10159050144185389,-0.10159050144185373,-0.02600162201659307,-0.05208700769893426,-0.0520870076989343,-0.01864751989422296,,0.49777777777777776
acs_NY_2018_ACSIncome,sex,24,AGEP,False,0.17465025858540761,1.4885842532817963,1.4885842532817937,0.3851453383674491,0.3527692828372081,0.35276928283720804,0.1222104845660025,0.5276390333864686,0.49166666666666664
acs_NY_2018_ACSIncome,sex,24,WKHP,False,0.3481338481338481,1.7490457561920294,1.7490457561920267,0.3186431393033442,1.0589878052659074,1.0589878052659076,0.36197282986680956,0.8691884188084337,0.23444444444444446
acs_NY_2018_ACSIncome,sex,24,COW_1.0,False,0.10514984593228327,-0.3399670677010198,-0.3399670677010191,-0.08457535609265818,-0.36025340933582595,-0.3602534093358264,-0.12647767882405633,0.02797991443416956,0.6225
acs_NY_2018_ACSIncome,sex,24,COW_2.0,False,0.058051959042058066,0.05806468767455253,0.0580646876745527,0.009574270248664269,0.08825084240005798,0.0882508424000581,0.02036269696340106,0.08839525721586272,0.11472222222222223
acs_NY_2018_ACSIncome,sex,24,MAR_1.0,False,0.15697712687181173,1.401240449728772,1.401240449728773,0.3656995030635064,0.6434069844169135,0.6434069844169144,0.2184403254790228,0.0833446080717222,0.5241666666666667
acs_NY_2018_ACSIncome,sex,24,MAR_5.0,False,0.18063045864554,-1.6876793550546259,-1.6876793550546256,-0.43958771813582387,-0.6348897559171323,-0.634889755917133,-0.18606697373609435,0.07207127977989258,0.3438888888888889
acs_NY_2018_ACSIncome,sex,24,OCCP_0,False,0.41628608431887115,1.939365470344214,1.9393654703442138,0.2871564471896569,0.9357335857395686,0.9357335857395687,0.29342367314957435,0.23700251646419176,0.16166666666666665
acs_NY_2018_ACSIncome,sex,24,OCCP_2,False,0.14602310264058782,0.4040247127365948,0.40402471273659435,0.07155959031959364,0.36509897105332323,0.36509897105332345,0.09486503048969253,0.05603139812778852,0.14277777777777778
acs_NY_2018_ACSIncome,sex,24,OCCP_3,False,0.05245045074767202,0.5838495438512772,0.5838495438512777,0.10145889117046375,0.04646848234954226,0.04646848234954215,0.01197090833885809,0.062090932623692224,0.13805555555555554
acs_NY_2018_ACSIncome,sex,24,OCCP_4,False,0.3423996501611902,-1.250375690001816,-1.250375690001815,-0.29594140665379287,-1.08077558206725,-1.080775582067251,-0.22748018501107314,0.182688307489769,0.20583333333333334
acs_NY_2018_ACSIncome,sex,24,OCCP_5,False,0.410922615300684,-0.17159163748357442,-0.17159163748357417,-0.03174346021343207,-1.2622583477651754,-1.2622583477651748,-0.26157364036241143,0.15463866521271796,0.1238888888888889
acs_NY_2018_ACSIncome,sex,24,POBP_0,False,0.15131404773541868,0.06278952603611732,0.06278952603611729,0.01452466456553705,0.3427419319534878,0.342741931953488,0.10195733903429254,0.07199902045966193,0.7516666666666667
acs_NY_2018_ACSIncome,sex,24,POBP_3,False,0.31965788972211945,-0.3909460474599442,-0.390946047459944,-0.06945653119001158,-0.9183169742319206,-0.9183169742319204,-0.1841045985679729,0.07887090968522295,0.11333333333333333
acs_NY_2018_ACSIncome,sex,24,RELP_0.0,False,0.20256144094268713,1.5791194825600963,1.5791194825600954,0.40193169880451013,0.551734726062503,0.5517347260625028,0.1906772250456897,0.26531184429119686,0.4725
acs_NY_2018_ACSIncome,sex,24,RELP_1.0,False,0.07724909584086798,0.9741714322014489,0.9741714322014473,0.2095696670769004,0.16857556729193657,0.16857556729193665,0.052519626479419865,0.10077897453419431,0.23305555555555554
acs_NY_2018_ACSIncome,sex,24,RELP_2.0,False,0.484213297921055,-1.6543924027833483,-1.6543924027833476,-0.3468744617519743,-1.8060446417375406,-1.8060446417375429,-0.2533452291916869,0.1866804736018471,0.13305555555555557
acs_NY_2018_ACSIncome,sex,24,SCHL_16.0,False,0.4200127666584301,-0.4787804739780779,-0.4787804739780784,-0.10716646309572847,-1.4852593816525257,-1.4852593816525248,-0.3106972062023476,0.295374790904732,0.17916666666666667
acs_NY_2018_ACSIncome,sex,24,SCHL_19.0,False,0.31129008754525783,-0.9631210381861528,-0.9631210381861531,-0.18910971957125977,-1.0087940140131273,-1.008794014013127,-0.20224347605357057,0.12768212250953756,0.13444444444444445
acs_NY_2018_ACSIncome,sex,24,SCHL_20.0,False,0.11789093746951518,0.3793443588590457,0.37934435885904577,0.0602485581037579,-0.6151089118017952,-0.6151089118017958,-0.1321898034101537,0.10728379417650924,0.10194444444444445
acs_NY_2018_ACSIncome,sex,24,SCHL_21.0,False,0.23148683674999465,1.390411236671536,1.3904112366715342,0.2804900754487182,0.35218116743304784,0.35218116743304806,0.1153623972256486,0.27213360164338163,0.23333333333333334
acs_NY_2018_ACSIncome,sex,24,SCHL_22.0,False,0.4974648569353253,2.007815197394939,2.0078151973949403,0.26551761073794655,1.2124526818472694,1.2124526818472692,0.3541541881881649,0.41391936803141455,0.1297222222222222
acs_NY_2018_ACSIncome,sex,24,__A__,True,0.02402797417431235,0.18215599878407018,0.18215599878407007,0.04770507590808769,0.03402772092212725,0.03402772092212724,0.011948627084749962,,0.49777777777777776
acs_NY_2018_ACSIncome,sex,25,AGEP,False,0.16383026304754983,1.369087127099505,1.3690871270995055,0.3689410313932079,0.4772207034153743,0.47722070341537376,0.17321225265345394,0.5094995166813645,0.4888888888888889
acs_NY_2018_ACSIncome,sex,25,WKHP,False,0.2765709254151443,1.5391972362466282,1.5391972362466284,0.2919001299373945,0.9294762461587589,0.9294762461587589,0.33465174677542725,0.7857243692856939,0.23944444444444443
acs_NY_2018_ACSIncome,sex,25,COW_1.0,False,0.07960526315789473,-0.2682127761065898,-0.2682127761065895,-0.0697222673688427,-0.18649171910200202,-0.18649171910200218,-0.06840716602649427,0.04293936608564369,0.6225
acs_NY_2018_ACSIncome,sex,25,COW_2.0,False,0.0434999226066094,-0.18288631281615908,-0.1828863128161589,-0.030590869296726667,-0.1325663938542304,-0.13256639385423044,-0.03014735256011388,0.08858316188519584,0.10444444444444445
acs_NY_2018_ACSIncome,sex,25,MAR_1.0,False,0.1658333348618216,1.405619382535515,1.4056193825355143,0.3818111604053465,0.612305082714746,0.6123050827147464,0.21721090493200518,0.09648893826692787,0.5213888888888889
acs_NY_2018_ACSIncome,sex,25,MAR_5.0,False,0.17732885013167127,-1.6259634255797484,-1.6259634255797462,-0.4430846943804321,-0.7551534264262557,-0.755153426426256,-0.2332989750152997,0.09401355151448006,0.35444444444444445
acs_NY_2018_ACSIncome,sex,25,OCCP_0,False,0.40506256126391055,1.7612991556455762,1.761299155645575,0.26983470041324875,0.8959432647042401,0.8959432647042397,0.2964485617913131,0.23216182410866978,0.1638888888888889
acs_NY_2018_ACSIncome,sex,25,OCCP_2,False,0.13296303192039555,0.6377694998727956,0.6377694998727949,0.1153453626683019,0.14206180926404055,0.1420618092640405,0.0420420455092382,0.09184447061015927,0.15527777777777776
acs_NY_2018_ACSIncome,sex,25,OCCP_3,False,0.044700868138919214,0.436431475219067,0.43643147521906667,0.07788578366387136,0.07110433067018673,0.07110433067018694,0.017488111563423586,0.05504373553972968,0.12277777777777778
acs_NY_2018_ACSIncome,sex,25,OCCP_4,False,0.3567608792366148,-1.2938261536729159,-1.2938261536729145,-0.3253900400342392,-1.1623234130699558,-1.162323413069957,-0.2708813926447791,0.18190116908780718,0.2225
acs_NY_2018_ACSIncome,sex,25,OCCP_5,False,0.22920894902379685,-0.060051319787623125,-0.06005131978762336,-0.011596520182250903,-0.8305734823539166,-0.8305734823539165,-0.1692986841682312,0.10909511983126893,0.11916666666666667
acs_NY_2018_ACSIncome,sex,25,POBP_0,False,0.0797172288636635,0.06691490727736316,0.06691490727736317,0.016319258928561862,0.16167677127872693,0.16167677127872698,0.04978830835564868,0.042398275246544825,0.7488888888888889
acs_NY_2018_ACSIncome,sex,25,POBP_3,False,0.24281910506845117,-0.2514024447101002,-0.25140244471010015,-0.047813128700389326,-0.8445847212022964,-0.8445847212022961,-0.17278994617661828,0.05882192739376056,0.11638888888888889
acs_NY_2018_ACSIncome,sex,25,RELP_0.0,False,0.19429835127243994,1.4255600479722415,1.425560047972241,0.377766666086661,0.5487975724858489,0.5487975724858487,0.1979194911105673,0.24453353441183906,0.47333333333333333
acs_NY_2018_ACSIncome,sex,25,RELP_1.0,False,0.06543922037768421,0.9750243116125304,0.9750243116125301,0.217036756176055,0.16911489580586014,0.16911489580586006,0.0548923731829198,0.11362870695415313,0.22916666666666666
acs_NY_2018_ACSIncome,sex,25,RELP_2.0,False,0.5044795877360944,-1.5172883462801208,-1.5172883462801205,-0.3310351825243779,-1.6080752079237635,-1.6080752079237626,-0.2322574320277609,0.1735783647330106,0.13194444444444445
acs_NY_2018_ACSIncome,sex,25,SCHL_16.0,False,0.4929108285254523,-0.5984480176115516,-0.5984480176115516,-0.13856930685123411,-1.512023110032954,-1.5120231100329533,-0.3389669019088673,0.3347392042849184,0.17833333333333334
acs_NY_2018_ACSIncome,sex,25,SCHL_19.0,False,0.1792232047128809,-0.6959311151735337,-0.6959311151735338,-0.1391402376150625,-0.7644196473292563,-0.7644196473292555,-0.15809630984430145,0.09169089058443296,0.12777777777777777
acs_NY_2018_ACSIncome,sex,25,SCHL_20.0,False,0.06855520395335724,0.5110519417950428,0.5110519417950433,0.08767933214814763,-0.5863979484115788,-0.5863979484115789,-0.1250876697871339,0.07955895183667343,0.10222222222222223
acs_NY_2018_ACSIncome,sex,25,SCHL_21.0,False,0.21902879925190183,1.2884460610719164,1.2884460610719164,0.26667380452475636,0.23904211974995848,0.23904211974995887,0.08303668125533643,0.24386984759285468,0.23583333333333334
acs_NY_2018_ACSIncome,sex,25,SCHL_22.0,False,0.5203737428086587,2.1569925593263224,2.156992559326322,0.3021233451124037,1.0429893127655085,1.0429893127655085,0.31362867237826486,0.4221241340519405,0.1272222222222222
acs_NY_2018_ACSIncome,sex,25,__A__,True,0.01366189103372184,-0.022229434809834636,-0.022229434809834612,-0.006068848023781819,-0.024362833900620884,-0.024362833900620808,-0.00895009836147754,,0.49777777777777776
acs_NY_2018_ACSIncome,sex,26,AGEP,False,0.1709919100199914,1.4338228382903424,1.4338228382903409,0.36984349365384794,0.37879749119600814,0.3787974911960081,0.13669712334247475,0.5407226345223143,0.48833333333333334
acs_NY_2018_ACSIncome,sex,26,WKHP,False,0.3040080897223755,1.6582876159701034,1.6582876159701019,0.3018350654419357,0.9912911128760729,0.9912911128760736,0.35675420307276773,0.8549833914575814,0.24305555555555555
acs_NY_2018_ACSIncome,sex,26,COW_1.0,False,0.10606313815802884,-0.4293320655648183,-0.42933206556481757,-0.1060328278492084,-0.2561058544109114,-0.2561058544109115,-0.09359102437430412,0.032938694475001855,0.6286111111111111
acs_NY_2018_ACSIncome,sex,26,COW_2.0,False,0.04804763832896153,0.0591374582264208,0.059137458226420726,0.00946115478258482,0.11884641827688303,0.11884641827688312,0.02800813108829298,0.08489310967783953,0.10833333333333334
acs_NY_2018_ACSIncome,sex,26,MAR_1.0,False,0.1691648685571288,1.52375711235476,1.5237571123547606,0.3977971689477319,0.5597089062814584,0.5597089062814583,0.19819056773681318,0.10294866854352426,0.5263888888888889
acs_NY_2018_ACSIncome,sex,26,MAR_5.0,False,0.1853291736955705,-1.7544674762302574,-1.7544674762302561,-0.45582265068322747,-0.5787869828059722,-0.5787869828059723,-0.17708247961717932,0.08048055032737769,0.3411111111111111
acs_NY_2018_ACSIncome,sex,26,OCCP_0,False,0.4255775503820546,1.9346620741316989,1.9346620741316989,0.26997698410763493,1.0644565394976184,1.064456539497618,0.33514566673459356,0.25749691732248076,0.1438888888888889
acs_NY_2018_ACSIncome,sex,26,OCCP_2,False,0.12650290092528832,0.6005313151681011,0.600531315168102,0.10643185697765069,0.24519279955952333,0.24519279955952308,0.0722493471681055,0.06029733528977605,0.15916666666666668
acs_NY_2018_ACSIncome,sex,26,OCCP_3,False,0.0547765833218849,0.5464082051929657,0.5464082051929651,0.09297802706694162,0.03496026947686115,0.03496026947686111,0.00916424865507159,0.053551068394985406,0.13111111111111112
acs_NY_2018_ACSIncome,sex,26,OCCP_4,False,0.30442395863818167,-1.4003721238201663,-1.4003721238201665,-0.33677608721900426,-1.0610773742211588,-1.0610773742211603,-0.23753497727876285,0.20483530982559697,0.2175
acs_NY_2018_ACSIncome,sex,26,OCCP_5,False,0.37842690058479533,-0.10931364404101074,-0.10931364404101061,-0.020635019469533306,-1.1960179069131056,-1.1960179069131052,-0.2445221116411545,0.12309435997659628,0.1238888888888889
acs_NY_2018_ACSIncome,sex,26,POBP_0,False,0.04893746205221616,-0.097514686551744,-0.09751468655174365,-0.022704755607067206,0.034082240020442356,0.03408224002044244,0.010143052444327571,0.02867614006452556,0.7580555555555556
acs_NY_2018_ACSIncome,sex,26,POBP_3,False,0.24441011199332474,-0.26520685392775056,-0.26520685392775073,-0.04785580262900959,-0.759816497507137,-0.7598164975071363,-0.14713182782173168,0.06132308343629815,0.11083333333333334
acs_NY_2018_ACSIncome,sex,26,RELP_0.0,False,0.19969233745763001,1.5044242382092035,1.504424238209205,0.38513297093715465,0.6201351331099433,0.6201351331099434,0.22303915788509643,0.24567896932310224,0.4811111111111111
acs_NY_2018_ACSIncome,sex,26,RELP_1.0,False,0.0320790605581093,0.8776031792880171,0.8776031792880165,0.1887777862685579,-0.10525870485790301,-0.10525870485790328,-0.034517953935015375,0.04393453310854937,0.23694444444444446
acs_NY_2018_ACSIncome,sex,26,RELP_2.0,False,0.44877878576413116,-1.4831794263850773,-1.4831794263850786,-0.2976912314029917,-1.4377984537879738,-1.4377984537879727,-0.2084390729946953,0.1568490170947966,0.12055555555555555
acs_NY_2018_ACSIncome,sex,26,SCHL_16.0,False,0.44177500234568035,-0.6480035093784327,-0.6480035093784332,-0.14461299437766809,-1.2934046763189724,-1.2934046763189715,-0.28008424105224666,0.31079980926958106,0.17777777777777778
acs_NY_2018_ACSIncome,sex,26,SCHL_19.0,False,0.31049785426329707,-1.0092606258141152,-1.009260625814115,-0.1957207847373833,-1.05634483879992,-1.0563448387999206,-0.22436106515356505,0.13215857565796793,0.13305555555555557
acs_NY_2018_ACSIncome,sex,26,SCHL_21.0,False,0.24534627114612845,1.4158321874164375,1.415832187416437,0.28769554463533137,0.12396405581992254,0.1239640558199227,0.04273694940708239,0.2656003217013011,0.24055555555555555
acs_NY_2018_ACSIncome,sex,26,SCHL_22.0,False,0.43502880622331397,2.048819620337035,2.048819620337034,0.267153543565684,1.0785457769559708,1.0785457769559705,0.3266968735209558,0.383867617196886,0.1275
acs_NY_2018_ACSIncome,sex,26,__A__,True,0.025118660045819752,0.023972672878701085,0.023972672878700852,0.00627254818279184,-0.06020805882865299,-0.060208058828653106,-0.02202289192696066,,0.49777777777777776
acs_NY_2018_ACSIncome,sex,27,AGEP,False,0.1784469426987474,1.3863407752544084,1.3863407752544088,0.3747749818118527,0.48088870490560454,0.48088870490560476,0.18548076508727365,0.5511823640039504,0.49277777777777776
acs_NY_2018_ACSIncome,sex,27,WKHP,False,0.3263042955601859,1.544264888840772,1.5442648888407715,0.28449853971906336,0.7821214616949487,0.7821214616949491,0.30042459030092766,0.7850562122444031,0.23444444444444446
acs_NY_2018_ACSIncome,sex,27,COW_1.0,False,0.12444335634462941,-0.3653173507837981,-0.3653173507837987,-0.09490816292196788,-0.28596984631596734,-0.2859698463159674,-0.1123960000088332,0.03991553242916673,0.6161111111111112
acs_NY_2018_ACSIncome,sex,27,COW_2.0,False,0.014493821807934126,-0.09421703015544924,-0.09421703015544881,-0.015572477291674271,-0.04137292320351582,-0.04137292320351582,-0.01051541413303276,0.08564585150051415,0.1075
acs_NY_2018_ACSIncome,sex,27,MAR_1.0,False,0.1628931372494959,1.2593458925936856,1.2593458925936838,0.34255979544740384,0.5600714156558033,0.5600714156558029,0.21157164897982747,0.06613474268736147,0.5197222222222222
acs_NY_2018_ACSIncome,sex,27,MAR_5.0,False,0.14877156969658095,-1.4330976999399887,-1.4330976999399874,-0.3903819288466587,-0.5272389835654773,-0.5272389835654775,-0.16937261966691047,0.02594017549701308,0.3413888888888889
acs_NY_2018_ACSIncome,sex,27,OCCP_0,False,0.4175006392303072,1.7957161871555234,1.7957161871555245,0.27157138472549863,0.8655304387996565,0.8655304387996572,0.3026292484650669,0.23366893875879194,0.15916666666666668
acs_NY_2018_ACSIncome,sex,27,OCCP_2,False,0.11772693208069038,0.4238912676863711,0.4238912676863715,0.07953581441405187,0.2382797247211096,0.23827972472110956,0.07379151680108628,0.08110921448664796,0.1575
acs_NY_2018_ACSIncome,sex,27,OCCP_3,False,0.058973642143896554,0.6193520309495026,0.6193520309495025,0.11265694114929839,0.04995319156166356,0.049953191561663654,0.013963794770028879,0.06000068366349054,0.13416666666666666
acs_NY_2018_ACSIncome,sex,27,OCCP_4,False,0.34907112081025127,-1.4805409924348778,-1.4805409924348787,-0.36525400836749555,-1.023467829944601,-1.0234678299446005,-0.25082608038676446,0.18860103505484135,0.2086111111111111
acs_NY_2018_ACSIncome,sex,27,OCCP_5,False,0.4141978007196422,-0.13346136284350085,-0.1334613628435012,-0.02540878396053167,-1.1856525573251626,-1.1856525573251626,-0.26504223725269876,0.1416642164352246,0.11805555555555555
acs_NY_2018_ACSIncome,sex,27,POBP_0,False,0.08469807891737602,0.12542271335009425,0.12542271335009422,0.030510861112852897,0.22794661295911922,0.22794661295911914,0.07529401492227987,0.061575299809585884,0.7497222222222222
acs_NY_2018_ACSIncome,sex,27,POBP_3,False,0.263421052631579,-0.4836661069747088,-0.4836661069747087,-0.09155411645163593,-0.8847435899679535,-0.8847435899679538,-0.1936194244715455,0.08205068847838087,0.11527777777777778
acs_NY_2018_ACSIncome,sex,27,RELP_0.0,False,0.21774937308973394,1.4225019388694355,1.422501938869434,0.3800308744452107,0.5812051932629041,0.5812051932629032,0.22248766048158186,0.2515942060298065,0.48305555555555557
acs_NY_2018_ACSIncome,sex,27,RELP_1.0,False,0.05399443939954485,0.7814817688035668,0.7814817688035669,0.17214705409338063,0.0185233317376442,0.018523331737644123,0.006413359656067898,0.08783668180291546,0.22527777777777777
acs_NY_2018_ACSIncome,sex,27,RELP_2.0,False,0.5675976152079363,-1.3979520321379453,-1.397952032137946,-0.3026602017695433,-1.8539316102554706,-1.853931610255469,-0.28069960534427424,0.17678541578676038,0.12833333333333333
acs_NY_2018_ACSIncome,sex,27,SCHL_16.0,False,0.5031210051134547,-0.756710421824409,-0.7567104218244095,-0.17772537709594038,-1.4283187636172925,-1.4283187636172925,-0.33826055328604465,0.33204127727092225,0.18222222222222223
acs_NY_2018_ACSIncome,sex,27,SCHL_19.0,False,0.14346180711210266,-0.5293323292293488,-0.5293323292293497,-0.10994704537051422,-0.6190762726622545,-0.6190762726622538,-0.14349919033811198,0.07090395978163355,0.14055555555555554
acs_NY_2018_ACSIncome,sex,27,SCHL_20.0,False,0.14822164171606556,0.5072007237998668,0.5072007237998667,0.08400698761388509,-0.6573440229582042,-0.6573440229582044,-0.15520945111765694,0.0962642837166399,0.10027777777777777
acs_NY_2018_ACSIncome,sex,27,SCHL_21.0,False,0.2188280288518998,1.277291756244026,1.277291756244027,0.26208852969246954,0.1336900385954608,0.13369003859546075,0.048622453380504346,0.25216548841496755,0.22444444444444445
acs_NY_2018_ACSIncome,sex,27,SCHL_22.0,False,0.42165831776758933,1.6922241802970905,1.6922241802970899,0.2346146084631136,0.8997590624191486,0.8997590624191482,0.2920626332203323,0.3607965503412313,0.12916666666666668
acs_NY_2018_ACSIncome,sex,27,__A__,True,0.015428192720769146,-0.20955079308261837,-0.2095507930826181,-0.05735025407096875,-0.053236242737511597,-0.05323624273751169,-0.02084386075780942,,0.49777777777777776
acs_NY_2018_ACSIncome,sex,28,AGEP,False,0.19276628327102924,1.6532361138607206,1.6532361138607217,0.4065749574353086,0.45505341967962126,0.4550534196796211,0.15884282343991626,0.5913478005238625,0.49583333333333335
acs_NY_2018_ACSIncome,sex,28,WKHP,False,0.3558073702699477,1.8748625512900117,1.8748625512900121,0.3387191965957903,0.9834437921849984,0.9834437921849984,0.3396966036823094,0.9043824666891069,0.25083333333333335
acs_NY_2018_ACSIncome,sex,28,COW_1.0,False,0.15377189025789556,-0.6686963945290354,-0.6686963945290353,-0.1586221900256742,-0.32658287879872583,-0.32658287879872605,-0.1150889702895964,0.03628396158148459,0.6130555555555556
acs_NY_2018_ACSIncome,sex,28,COW_2.0,False,0.05581553423439911,0.10016003285205044,0.10016003285205044,0.015555592493396346,0.0330835020400011,0.03308350204000127,0.0075401317447935864,0.09756036134680764,0.1125
acs_NY_2018_ACSIncome,sex,28,MAR_1.0,False,0.18722919355281586,1.549890853643614,1.5498908536436133,0.3822041895620895,0.6673439160154043,0.6673439160154048,0.2281143983641803,0.10067186638887378,0.5197222222222222
acs_NY_2018_ACSIncome,sex,28,MAR_5.0,False,0.18057083654234057,-1.7963890467295751,-1.7963890467295762,-0.4426074964406941,-0.6578983920117164,-0.6578983920117161,-0.1941092907294329,0.06758169410624407,0.3461111111111111
acs_NY_2018_ACSIncome,sex,28,OCCP_0,False,0.3683175732609306,1.8602464004901562,1.8602464004901564,0.24843155056372904,0.8294326526858294,0.8294326526858301,0.259018474503462,0.22931676144694643,0.15444444444444444
acs_NY_2018_ACSIncome,sex,28,OCCP_2,False,0.17324018394057303,0.8169404981434423,0.8169404981434423,0.14346668320190525,0.5226626893914297,0.5226626893914292,0.14099949047119428,0.021818733546570265,0.15805555555555556
acs_NY_2018_ACSIncome,sex,28,OCCP_3,False,0.026795781051100198,0.47993790055074603,0.47993790055074653,0.07510028635345763,0.05835333064835024,0.05835333064835024,0.014691347402827829,0.04645150727595229,0.12638888888888888
acs_NY_2018_ACSIncome,sex,28,OCCP_4,False,0.30286568353925875,-1.4702592348959866,-1.4702592348959864,-0.3313051303978921,-0.9769139209376652,-0.9769139209376643,-0.23279683192694925,0.1843121932273023,0.22277777777777777
acs_NY_2018_ACSIncome,sex,28,OCCP_5,False,0.4222525268730948,-0.21968146873222638,-0.21968146873222585,-0.037457583650633425,-1.2233008800259197,-1.2233008800259182,-0.2516592603382851,0.15382856847684068,0.11805555555555555
acs_NY_2018_ACSIncome,sex,28,POBP_0,False,0.07297690034731624,0.15465777340762155,0.15465777340762177,0.03392221902790552,0.23979334463676016,0.2397933446367605,0.07127822962710773,0.06985330961392697,0.7511111111111111
acs_NY_2018_ACSIncome,sex,28,POBP_3,False,0.18429392775513098,-0.13768684488284766,-0.13768684488284785,-0.02368179361091171,-0.6440171091741616,-0.6440171091741613,-0.12623518144738474,0.03726837509562863,0.11583333333333333
acs_NY_2018_ACSIncome,sex,28,RELP_0.0,False,0.21110345872796932,1.5606866871453813,1.5606866871453802,0.37594821945381046,0.515655306251793,0.5156553062517926,0.17921672194944024,0.2497214049155996,0.47055555555555556
acs_NY_2018_ACSIncome,sex,28,RELP_1.0,False,0.06270336162032919,1.0009566340923781,1.0009566340923786,0.2017362337253863,0.269656207608597,0.26965620760859693,0.08378786112240448,0.0943218106200684,0.22833333333333333
acs_NY_2018_ACSIncome,sex,28,RELP_2.0,False,0.4985226468506723,-1.7425248520998444,-1.7425248520998444,-0.341956086596885,-1.6840795551690917,-1.6840795551690897,-0.26936993085412597,0.19726526670302805,0.13527777777777777
acs_NY_2018_ACSIncome,sex,28,SCHL_16.0,False,0.39688048167638557,-0.5471110902541827,-0.5471110902541824,-0.11763270984855928,-1.2820057853654334,-1.2820057853654339,-0.28011063510986994,0.3310906115384069,0.1897222222222222
acs_NY_2018_ACSIncome,sex,28,SCHL_19.0,False,0.19944039700137262,-0.7544729464157689,-0.7544729464157696,-0.13460172611844565,-0.7659615318082246,-0.765961531808224,-0.15859529971295636,0.10343785691589075,0.12777777777777777
acs_NY_2018_ACSIncome,sex,28,SCHL_20.0,False,0.13803479534052499,0.4657477394089551,0.46574773940895586,0.0728798216559889,-0.7446754700718755,-0.744675470071875,-0.1526959834511238,0.09177685864144618,0.10333333333333333
acs_NY_2018_ACSIncome,sex,28,SCHL_21.0,False,0.21450602157704546,1.3246991738584146,1.3246991738584142,0.24451724808850803,0.18329552004114602,0.18329552004114613,0.060569354249096555,0.24036081831873024,0.22805555555555557
acs_NY_2018_ACSIncome,sex,28,SCHL_22.0,False,0.4177182312071167,1.8942921619544442,1.8942921619544457,0.2352978547065199,1.0316671607851884,1.0316671607851888,0.2979286641372379,0.3832653062052936,0.12583333333333332
acs_NY_2018_ACSIncome,sex,28,__A__,True,0.022029296882136506,0.06944885266558365,0.06944885266558366,0.017195905386444887,0.055404722933906636,0.05540472293390646,0.01950089509923675,,0.49777777777777776
acs_NY_2018_ACSIncome,sex,29,AGEP,False,0.1722866712014694,1.4128105409493377,1.4128105409493374,0.36980105434170446,0.5654456279419043,0.5654456279419046,0.19703990331230992,0.5392920859964054,0.49277777777777776
acs_NY_2018_ACSIncome,sex,29,WKHP,False,0.32907872406877114,1.746405184943578,1.7464051849435782,0.3208178195307347,1.0372004954880576,1.0372004954880572,0.35915406810595646,0.8486503384475095,0.24138888888888888
acs_NY_2018_ACSIncome,sex,29,COW_1.0,False,0.14850575249755163,-0.5548014388823588,-0.5548014388823582,-0.1416861409119089,-0.30169115227350973,-0.3016911522735097,-0.10638448863593318,0.034099507501687755,0.6069444444444444
acs_NY_2018_ACSIncome,sex,29,COW_2.0,False,0.00235042735042737,0.10127927043556051,0.1012792704355605,0.016926549543297614,-0.046244593586868055,-0.0462445935868681,-0.01078808413146532,0.09314383291365073,0.11611111111111111
acs_NY_2018_ACSIncome,sex,29,MAR_1.0,False,0.16401950895650064,1.4322351948869838,1.4322351948869843,0.377906216038665,0.6049268709139499,0.6049268709139501,0.20590937463013298,0.09484934466613992,0.5280555555555555
acs_NY_2018_ACSIncome,sex,29,MAR_5.0,False,0.1984021807352435,-1.7230985512783108,-1.7230985512783115,-0.45259232588707116,-0.7161249935689564,-0.7161249935689568,-0.21363141074533806,0.09092978893878904,0.3447222222222222
acs_NY_2018_ACSIncome,sex,29,OCCP_0,False,0.3945551945200667,1.7698173596182587,1.7698173596182603,0.26064821643423475,0.8866131190906813,0.8866131190906814,0.2742455894154253,0.25913629243818903,0.15416666666666667
acs_NY_2018_ACSIncome,sex,29,OCCP_2,False,0.17557017392272745,0.7603264168767128,0.7603264168767129,0.1382608073475594,0.40740799353669177,0.40740799353669166,0.11358934980902262,0.0516217810636982,0.15805555555555556
acs_NY_2018_ACSIncome,sex,29,OCCP_3,False,0.042351453855878574,0.4880221717033941,0.4880221717033939,0.08407614678200336,0.014994157414464082,0.014994157414464011,0.003822845600723007,0.03313809406726058,0.13277777777777777
acs_NY_2018_ACSIncome,sex,29,OCCP_4,False,0.3466620639395509,-1.5599183382268649,-1.5599183382268642,-0.37723299605800975,-1.2541914916601304,-1.2541914916601293,-0.2729065868777023,0.2045499127689329,0.2152777777777778
acs_NY_2018_ACSIncome,sex,29,OCCP_5,False,0.38672600619195047,0.012834242674277796,0.012834242674277617,0.002400760492464703,-1.2163765631670778,-1.216376563167078,-0.24648215549417848,0.12313404167381517,0.12194444444444444
acs_NY_2018_ACSIncome,sex,29,POBP_0,False,0.12812455724897287,0.11134721134344505,0.11134721134344475,0.02574606440001173,0.36368082235432797,0.363680822354328,0.10893860280967738,0.06886248121136482,0.7555555555555555
acs_NY_2018_ACSIncome,sex,29,POBP_3,False,0.2852937606215101,-0.4428115574386613,-0.44281155743866085,-0.0788283530401336,-1.004483278886199,-1.0044832788861975,-0.1942633028073043,0.08497787258725317,0.10888888888888888
acs_NY_2018_ACSIncome,sex,29,RELP_0.0,False,0.1975633062589584,1.4303550192146774,1.4303550192146766,0.3701730061301848,0.5516009267386123,0.5516009267386128,0.1896943270970005,0.2244028078969614,0.48777777777777775
acs_NY_2018_ACSIncome,sex,29,RELP_1.0,False,0.07936902111080757,1.0002238835186548,1.0002238835186545,0.21457539202239684,0.17915576089031904,0.179155760890319,0.05466954721117127,0.09680104373138111,0.22111111111111112
acs_NY_2018_ACSIncome,sex,29,RELP_2.0,False,0.42647830650804763,-1.6740749863546596,-1.6740749863546602,-0.35153326140838453,-1.5771831431607932,-1.577183143160791,-0.22725340180918852,0.17648806307760972,0.1313888888888889
acs_NY_2018_ACSIncome,sex,29,SCHL_16.0,False,0.3609784630727039,-0.6713569593478108,-0.6713569593478113,-0.1514283561317244,-1.2456512137009519,-1.245651213700951,-0.27104825972086505,0.3050124453963112,0.18166666666666667
acs_NY_2018_ACSIncome,sex,29,SCHL_19.0,False,0.25283543040552386,-0.7378335958787707,-0.7378335958787703,-0.1413082838252812,-1.0158849499302187,-1.0158849499302187,-0.1863975481032644,0.12762883087893784,0.11972222222222222
acs_NY_2018_ACSIncome,sex,29,SCHL_20.0,False,0.2074801567366623,0.3782506230734335,0.3782506230734332,0.06078836566061139,-0.911161259859577,-0.9111612598595772,-0.19369098654207403,0.10722132375969079,0.10083333333333333
acs_NY_2018_ACSIncome,sex,29,SCHL_21.0,False,0.22292452602050686,1.2623278012361334,1.2623278012361343,0.2587268000583996,0.1855200841363137,0.18552008413631352,0.06186949461259934,0.25656457157348556,0.24194444444444443
acs_NY_2018_ACSIncome,sex,29,SCHL_22.0,False,0.46061407806630733,1.953326130721155,1.953326130721154,0.2723346559012297,1.067175387537552,1.067175387537553,0.31009141165079535,0.4075590871243921,0.1313888888888889
acs_NY_2018_ACSIncome,sex,29,__A__,True,0.006486668058720446,0.010159919172703757,0.010159919172703692,0.0026868384301074245,-0.03913073387840715,-0.039130733878407084,-0.013793595298357093,,0.49777777777777776
acs_PA_2018_ACSEmployment,sex,0,AGEP,False,0.2112837540618393,1.7078719670658427,1.707871967065843,0.31962232345911484,-1.024094598233108,-1.0240945982331089,-0.469591256610564,1.4971894464964612,0.5033333333333333
acs_PA_2018_ACSEmployment,sex,0,MAR_1.0,False,0.16054088527901647,2.506214969476451,2.5062149694764506,0.43845563570862595,0.24063147428791543,0.24063147428791545,0.10994127705329955,0.11725266179688094,0.425
acs_PA_2018_ACSEmployment,sex,0,MAR_5.0,False,0.0967520907914109,-2.3256299643815446,-2.3256299643815446,-0.4352628513562925,-0.13756182131867223,-0.13756182131867198,-0.058144814104702125,0.1601157073287921,0.4058333333333333
acs_PA_2018_ACSEmployment,sex,0,RELP_0.0,False,0.06773350213956919,2.0900060711652277,2.090006071165228,0.3648598266105628,0.2594092666108814,0.25940926661088126,0.11892393073900508,0.3395955721811801,0.4088888888888889
acs_PA_2018_ACSEmployment,sex,0,RELP_1.0,False,0.13913301310561588,2.1848153348133432,2.1848153348133432,0.30283028349318947,-0.0013232005994081586,-0.0013232005994081467,-0.000528864937462576,0.1892872755442147,0.2063888888888889
acs_PA_2018_ACSEmployment,sex,0,RELP_2.0,False,0.10391246212352306,-2.6331135189415926,-2.6331135189415926,-0.4551446550977972,-0.25179554840197105,-0.25179554840197116,-0.07512466131647398,0.14440905577462756,0.22055555555555556
acs_PA_2018_ACSEmployment,sex,0,SCHL_16.0,False,0.049215199892580275,1.3759599985494884,1.3759599985494892,0.22872835919387893,-0.29995863593551475,-0.2999586359355146,-0.12326496794783655,0.10075185950131703,0.2738888888888889
acs_PA_2018_ACSEmployment,sex,0,SCHL_21.0,False,0.30677483899205904,2.19832204851304,2.1983220485130386,0.21670692819926096,0.5733687944236788,0.5733687944236787,0.21537511476045842,0.25494316418653556,0.13944444444444445
acs_PA_2018_ACSEmployment,sex,0,DIS_1.0,False,0.6748930938635878,-1.2146485109244747,-1.2146485109244758,-0.19476652082844184,-1.8241542469525647,-1.8241542469525656,-0.43096677133233496,0.2454831789660641,0.1625
acs_PA_2018_ACSEmployment,sex,0,DIS_2.0,False,0.6748930938635878,1.2146485109244747,1.2146485109244758,0.19476652082844184,1.8241542469525647,1.824154246952566,0.43096677133233496,0.24548317896606378,0.8375
acs_PA_2018_ACSEmployment,sex,0,ESP_0.0,False,0.7930204572803851,3.8789307952355383,3.8789307952355356,0.662661314816523,2.7137960875662532,2.7137960875662506,0.24916424961967262,0.3351534654843499,0.8375
acs_PA_2018_ACSEmployment,sex,0,MIG_1.0,False,0.0940331601416422,1.219853675499344,1.2198536754993454,0.14963285960783757,0.25126812140035126,0.2512681214003514,0.07544519962683728,0.08490355437233804,0.8777777777777778
acs_PA_2018_ACSEmployment,sex,0,MIG_3.0,False,0.06578846888125245,-0.5757933614013955,-0.5757933614013959,-0.06509698509915708,-0.19250950399705857,-0.19250950399705874,-0.05643971522416521,0.06113255281281982,0.10805555555555556
acs_PA_2018_ACSEmployment,sex,0,MIL_0.0,False,0.7878063359234907,-3.9824344348571685,-3.9824344348571685,-0.6877335138760515,-4.336056188321005,-4.336056188321005,-0.23729415668362722,0.6521165977228405,0.16555555555555557
acs_PA_2018_ACSEmployment,sex,0,MIL_4.0,False,0.2876475227031876,3.28220993631166,3.2822099363116575,0.6017602030960899,0.7182615435300932,0.718261543530093,0.17851215896959646,0.44107376513485985,0.7497222222222222
acs_PA_2018_ACSEmployment,sex,0,ANC_1.0,False,0.07585158150851579,0.44310155353914205,0.44310155353914144,0.08240782332139933,-0.2780854432897849,-0.27808544328978513,-0.12621830815633828,0.04311782876491977,0.43666666666666665
acs_PA_2018_ACSEmployment,sex,0,ANC_2.0,False,0.06276799026977309,-0.08286070025317782,-0.08286070025317736,-0.01440179007941837,0.23224605117188857,0.2322460511718888,0.10210887748600593,0.0042945439823762425,0.3347222222222222
acs_PA_2018_ACSEmployment,sex,0,ANC_4.0,False,0.03905209519581537,-0.6434535537560024,-0.6434535537560031,-0.09887055045824233,-0.021299669467030657,-0.021299669467030834,-0.007560238506284275,0.021290008940637803,0.2
acs_PA_2018_ACSEmployment,sex,0,DREM_2.0,False,0.7774077548467793,3.6222996651480557,3.6222996651480552,0.5187343579972984,2.219806534902953,2.219806534902957,0.3066464208915219,0.2498690956286699,0.8941666666666667
acs_PA_2018_ACSEmployment,sex,0,__A__,True,0.04073352807530023,0.3735292817059148,0.37352928170591426,0.06974854530395205,-0.01032951914661595,-0.010329519146615965,-0.0047349272767282105,,0.5122222222222222
acs_PA_2018_ACSEmployment,sex,1,AGEP,False,0.20571190410034534,1.7705026981308933,1.7705026981308927,0.343769086742769,-1.0193815716086974,-1.0193815716086967,-0.4642939576534929,1.3969415771271871,0.4938888888888889
acs_PA_2018_ACSEmployment,sex,1,MAR_1.0,False,0.22018403352571844,2.7210252549810234,2.7210252549810234,0.49368095889278574,0.40177885983871875,0.40177885983871847,0.18196861206775114,0.1451393304313258,0.43
acs_PA_2018_ACSEmployment,sex,1,MAR_5.0,False,0.1448398313877517,-2.361124760099708,-2.3611247600997096,-0.45841419442980985,-0.19921244152610373,-0.19921244152610368,-0.08288523295879363,0.14126964791931695,0.4088888888888889
acs_PA_2018_ACSEmployment,sex,1,RELP_0.0,False,0.0857801734650818,2.0338972417641465,2.033897241764148,0.36213374414687616,0.1794745331462546,0.1794745331462546,0.08158684880577798,0.30229128542520833,0.4086111111111111
acs_PA_2018_ACSEmployment,sex,1,RELP_1.0,False,0.19938285460163496,2.3808778942896294,2.380877894289631,0.33249015010221245,0.20848643048662607,0.20848643048662607,0.08131353076118635,0.1957798955936313,0.19416666666666665
acs_PA_2018_ACSEmployment,sex,1,RELP_2.0,False,0.13828855050706212,-2.6032922851434988,-2.6032922851434974,-0.4756367823156106,-0.3773918632722916,-0.3773918632722917,-0.11253892637802107,0.1276793144006646,0.23333333333333334
acs_PA_2018_ACSEmployment,sex,1,SCHL_16.0,False,0.10825447245935627,1.2716816575909242,1.2716816575909249,0.2133952935871604,-0.5060152953903501,-0.50601529539035,-0.2023945399774549,0.05771521037558841,0.25416666666666665
acs_PA_2018_ACSEmployment,sex,1,SCHL_21.0,False,0.47950366745036466,2.7754335236050487,2.775433523605049,0.2717601179957859,0.8063798044069356,0.8063798044069364,0.29677486591776275,0.26638186950843223,0.1322222222222222
acs_PA_2018_ACSEmployment,sex,1,DIS_1.0,False,0.5692141333602676,-0.9112646643851596,-0.9112646643851595,-0.15082211620371222,-1.6458780604217427,-1.6458780604217425,-0.3661771168725583,0.21703397414848874,0.15694444444444444
acs_PA_2018_ACSEmployment,sex,1,DIS_2.0,False,0.5692141333602676,0.9112646643851596,0.911264664385159,0.15082211620371214,1.6458780604217427,1.6458780604217425,0.3661771168725583,0.21703397414848843,0.8430555555555556
acs_PA_2018_ACSEmployment,sex,1,ESP_0.0,False,0.8047016274864376,3.6296792124949038,3.629679212494903,0.6579781480593676,2.9364987993957667,2.9364987993957747,0.29723501060642665,0.2702845711504964,0.8230555555555555
acs_PA_2018_ACSEmployment,sex,1,MIG_1.0,False,0.03867109634551491,0.6390809110255948,0.6390809110255963,0.0845050389995826,-0.08407137302558476,-0.08407137302558486,-0.023397675266516055,0.039734208606035944,0.88
acs_PA_2018_ACSEmployment,sex,1,MIG_3.0,False,0.04458366809012515,-0.28369475170765535,-0.2836947517076557,-0.03550391937897479,0.07725773410472803,0.07725773410472793,0.021059931815568516,0.02558245435258208,0.10916666666666666
acs_PA_2018_ACSEmployment,sex,1,MIL_0.0,False,0.7998801677651288,-3.9174032405717814,-3.91740324057178,-0.7095256936059513,-4.601918975094163,-4.601918975094164,-0.3381432896618378,0.7688458828934931,0.1736111111111111
acs_PA_2018_ACSEmployment,sex,1,MIL_4.0,False,0.28236264820361967,3.2275325099487193,3.2275325099487184,0.616553861740402,1.0620806298162953,1.0620806298162946,0.25854271680598595,0.5165673819995105,0.745
acs_PA_2018_ACSEmployment,sex,1,ANC_1.0,False,0.07963599094157714,0.3804165483830537,0.3804165483830543,0.07321680074018432,-0.25331558402605636,-0.25331558402605653,-0.11441711628458477,0.04999701659904156,0.43444444444444447
acs_PA_2018_ACSEmployment,sex,1,ANC_2.0,False,0.07859026126076296,-0.13374277149296931,-0.1337427714929695,-0.024160343269142272,0.21272022622637188,0.21272022622637196,0.09306460397114656,0.004350461746693175,0.3372222222222222
acs_PA_2018_ACSEmployment,sex,1,ANC_4.0,False,0.03608553144997659,-0.45600850195592013,-0.45600850195592035,-0.07382685643797587,-0.05752351410378176,-0.057523514103781564,-0.019913059166719836,0.024049380215624656,0.2011111111111111
acs_PA_2018_ACSEmployment,sex,1,DREM_2.0,False,0.684833836858006,3.1601407406240694,3.160140740624069,0.4684772454540273,2.1484422673307977,2.148442267330804,0.23698998085920678,0.21944371863743134,0.8986111111111111
acs_PA_2018_ACSEmployment,sex,1,__A__,True,0.056516604860262276,0.30804528312410184,0.3080452831241021,0.05966774005065678,-0.01621407042526446,-0.016214070425264474,-0.007383455035258997,,0.5125
acs_PA_2018_ACSEmployment,sex,2,AGEP,False,0.22604610277111614,1.6950592430723237,1.6950592430723255,0.32439042468288,-1.0712246881456888,-1.0712246881456893,-0.47198303057171803,1.498104575997564,0.4825
acs_PA_2018_ACSEmployment,sex,2,MAR_1.0,False,0.22209481763605,2.6902624134008435,2.690262413400841,0.47710985516426996,0.35076274780728256,0.3507627478072825,0.15310655723944133,0.12456352421027188,0.43333333333333335
acs_PA_2018_ACSEmployment,sex,2,MAR_5.0,False,0.14566611333528628,-2.5224175232672987,-2.5224175232672987,-0.48261855749861476,-0.26124178363833683,-0.26124178363833694,-0.10381475897884072,0.14440107525423984,0.40694444444444444
acs_PA_2018_ACSEmployment,sex,2,RELP_0.0,False,0.1205490869283973,2.3135555345352072,2.3135555345352063,0.4133996887754394,0.4256317896845594,0.4256317896845596,0.18774268335576277,0.3768082071028817,0.4077777777777778
acs_PA_2018_ACSEmployment,sex,2,RELP_1.0,False,0.1752568201331452,2.256148209517484,2.256148209517482,0.3061345855581858,0.008908772968311052,0.008908772968311036,0.0035007804413730013,0.19026159273380236,0.20583333333333334
acs_PA_2018_ACSEmployment,sex,2,RELP_2.0,False,0.12583649645137696,-2.672661948416078,-2.6726619484160743,-0.47918246584213015,-0.46274466623209753,-0.46274466623209776,-0.12379944072067456,0.15429418007404774,0.22111111111111112
acs_PA_2018_ACSEmployment,sex,2,SCHL_16.0,False,0.09979120091112337,1.3674638154894958,1.3674638154894971,0.2268110620410211,-0.4640808901548704,-0.46408089015487064,-0.18394755416878578,0.06026354642827226,0.2644444444444444
acs_PA_2018_ACSEmployment,sex,2,SCHL_21.0,False,0.37305071569030956,2.526021499173465,2.5260214991734644,0.25787953160076077,0.7606735786181903,0.7606735786181908,0.276820888325149,0.24573535747445582,0.1425
acs_PA_2018_ACSEmployment,sex,2,DIS_1.0,False,0.5567554869454325,-1.0235644685098446,-1.0235644685098455,-0.16784830896962344,-1.591584111223407,-1.5915841112234053,-0.3228230723968987,0.25723757117728435,0.15527777777777776
acs_PA_2018_ACSEmployment,sex,2,DIS_2.0,False,0.5567554869454325,1.0235644685098446,1.0235644685098455,0.16784830896962344,1.591584111223407,1.5915841112234048,0.3228230723968987,0.2572375711772848,0.8447222222222223
acs_PA_2018_ACSEmployment,sex,2,ESP_0.0,False,0.8010849909584087,3.73120553665456,3.7312055366545596,0.6626198185901312,3.0376943761651027,3.0376943761651005,0.29076269093245244,0.29567404857877416,0.8272222222222222
acs_PA_2018_ACSEmployment,sex,2,MIG_1.0,False,0.02662947937795801,0.9089058812253126,0.9089058812253121,0.11903783196664701,-0.1472049368636421,-0.14720493686364175,-0.042070519189303726,0.045695798264391345,0.8722222222222222
acs_PA_2018_ACSEmployment,sex,2,MIG_3.0,False,0.026974911880572217,-0.5087703212720163,-0.5087703212720167,-0.06251457804000479,0.1663726201936897,0.16637262019368992,0.04702973417318578,0.02580124662361229,0.11638888888888889
acs_PA_2018_ACSEmployment,sex,2,MIL_0.0,False,0.7967625899280576,-3.969261541428553,-3.9692615414285495,-0.7067868709590732,-4.397518474326439,-4.397518474326441,-0.3130101710342365,0.7192960852822495,0.17194444444444446
acs_PA_2018_ACSEmployment,sex,2,MIL_4.0,False,0.33170075231098456,3.1280953935904448,3.128095393590445,0.5898306723535347,1.0416331901891225,1.0416331901891236,0.23306641971600375,0.46481154772114514,0.7469444444444444
acs_PA_2018_ACSEmployment,sex,2,ANC_1.0,False,0.04391633599325573,0.6214098213580848,0.6214098213580856,0.11828551305306909,-0.18458458974757286,-0.18458458974757305,-0.08045312447494715,0.015396119302197073,0.43583333333333335
acs_PA_2018_ACSEmployment,sex,2,ANC_2.0,False,0.03130692585121342,-0.26321442583672194,-0.2632144258367219,-0.04665893336211833,0.09911622077175908,0.09911622077175905,0.04213175186165942,0.01764230703698522,0.33694444444444444
acs_PA_2018_ACSEmployment,sex,2,ANC_4.0,False,0.06713322309659836,-0.6449904099916393,-0.6449904099916389,-0.10223624827425098,0.019832624594340098,0.019832624594340015,0.006763676791174616,0.015664863530651187,0.2025
acs_PA_2018_ACSEmployment,sex,2,DREM_2.0,False,0.6233667906896253,3.3071181860906744,3.3071181860906718,0.4865445908303176,2.047791137475813,2.047791137475814,0.2313633813862461,0.21761167018172095,0.8961111111111111
acs_PA_2018_ACSEmployment,sex,2,__A__,True,0.05513005670171586,0.3941991182151441,0.39419911821514353,0.07527733477693424,0.039207796185920074,0.039207796185920143,0.01728994073262288,,0.5122222222222222
acs_PA_2018_ACSEmployment,sex,3,AGEP,False,0.21584797978363945,1.7733308114614525,1.7733308114614532,0.34641937810317824,-1.0004483301451879,-1.0004483301451874,-0.4520722761487144,1.4732830825188232,0.5
acs_PA_2018_ACSEmployment,sex,3,MAR_1.0,False,0.19519225775177024,2.556056637039765,2.5560566370397653,0.4675805208877153,0.3579772210634392,0.35797722106343904,0.16061573425428416,0.13506872039503431,0.43444444444444447
acs_PA_2018_ACSEmployment,sex,3,MAR_5.0,False,0.13751932136221837,-2.376213637629336,-2.3762136376293346,-0.46428638714311804,-0.2416420023597865,-0.2416420023597864,-0.10105440972876018,0.1509968798243899,0.41083333333333333
acs_PA_2018_ACSEmployment,sex,3,RELP_0.0,False,0.12717259448548784,2.220441714821974,2.2204417148219715,0.40515884425798254,0.3807250826524361,0.38072508265243615,0.1720793965184486,0.3688246032799309,0.4027777777777778
acs_PA_2018_ACSEmployment,sex,3,RELP_1.0,False,0.12788268938142272,2.038165294651022,2.038165294651021,0.2903050183664079,0.002070201389058335,0.0020702013890583244,0.0008235726490058964,0.16296817741592223,0.20666666666666667
acs_PA_2018_ACSEmployment,sex,3,RELP_2.0,False,0.14514670582516204,-2.7368389242916145,-2.7368389242916167,-0.4961059657232555,-0.42185805079004524,-0.42185805079004485,-0.12379733333983803,0.17391896526464154,0.22305555555555556
acs_PA_2018_ACSEmployment,sex,3,SCHL_16.0,False,0.06801542038572173,1.2837740328637341,1.2837740328637335,0.2202704252287436,-0.3854616486881631,-0.3854616486881631,-0.15613512931513868,0.05376416185237808,0.2688888888888889
acs_PA_2018_ACSEmployment,sex,3,SCHL_21.0,False,0.3534376943471572,2.3487115321470546,2.3487115321470546,0.2362065611720932,0.5239483257556681,0.523948325755668,0.1957483495703674,0.19131382268397853,0.14
acs_PA_2018_ACSEmployment,sex,3,DIS_1.0,False,0.6370435168301217,-0.9527765762778226,-0.9527765762778223,-0.1616392046009068,-1.8375932412223026,-1.8375932412223033,-0.3986169907354571,0.22566622297949873,0.16305555555555556
acs_PA_2018_ACSEmployment,sex,3,DIS_2.0,False,0.6370435168301217,0.9527765762778226,0.9527765762778224,0.16163920460090683,1.8375932412223026,1.8375932412223035,0.39861699073545703,0.2256662229794993,0.8369444444444445
acs_PA_2018_ACSEmployment,sex,3,ESP_0.0,False,0.7613544813695872,3.686574042263987,3.686574042263986,0.6651979051283516,2.8698967396375084,2.8698967396375137,0.30795027287056453,0.31618644353298925,0.8288888888888889
acs_PA_2018_ACSEmployment,sex,3,MIG_1.0,False,0.0720324595952736,1.0672715259464014,1.067271525946402,0.1410385306613044,0.038955311816679106,0.038955311816679154,0.01138239842365044,0.05594820013137189,0.8744444444444445
acs_PA_2018_ACSEmployment,sex,3,MIG_3.0,False,0.04003053868825679,-0.5433193225726418,-0.5433193225726418,-0.06707316283151689,0.052133286794865175,0.05213328679486522,0.014895285954716729,0.026992157451214686,0.1125
acs_PA_2018_ACSEmployment,sex,3,MIL_0.0,False,0.7959305804907241,-3.8494693143624596,-3.849469314362458,-0.6984201924438348,-4.750097382016191,-4.750097382016196,-0.29569598939757347,0.7296855161872975,0.17
acs_PA_2018_ACSEmployment,sex,3,MIL_4.0,False,0.3373396785453365,3.2158099216422804,3.2158099216422773,0.6154538961759162,1.0109587672701343,1.010958767270134,0.24165226176956517,0.501939034539993,0.7516666666666667
acs_PA_2018_ACSEmployment,sex,3,ANC_1.0,False,0.07408376963350782,0.4319101734558184,0.43191017345581856,0.08373516445686378,-0.2897606414421653,-0.28976064144216507,-0.1297239205975268,0.037121799585590996,0.43472222222222223
acs_PA_2018_ACSEmployment,sex,3,ANC_2.0,False,0.0731976802009,-0.14051415388537114,-0.14051415388537142,-0.02551666014331261,0.2684059198016703,0.26840591980167033,0.11592508366619379,0.003562320719019225,0.3327777777777778
acs_PA_2018_ACSEmployment,sex,3,ANC_4.0,False,0.056820073170348734,-0.5599117744657223,-0.5599117744657227,-0.09089700307012924,-0.0461929789040042,-0.04619297890400427,-0.016181739140052612,0.02266159421021181,0.20416666666666666
acs_PA_2018_ACSEmployment,sex,3,DREM_2.0,False,0.6168729261949601,3.299255763012412,3.299255763012408,0.4993222674898862,2.098833902975593,2.098833902975596,0.23865727464776162,0.2368403182734561,0.8944444444444445
acs_PA_2018_ACSEmployment,sex,3,__A__,True,0.034207276030400635,0.274429209075552,0.2744292090755514,0.05349200583823071,0.1133723699393695,0.11337236993936983,0.05122495539168832,,0.5122222222222222
acs_PA_2018_ACSEmployment,sex,4,AGEP,False,0.2635520836585872,1.737104366779516,1.737104366779516,0.3353226068383588,-1.10285939733918,-1.10285939733918,-0.5222073956915229,1.4886613305657723,0.5094444444444445
acs_PA_2018_ACSEmployment,sex,4,MAR_1.0,False,0.16557996675404077,2.4379408762676062,2.437940876267609,0.4442552550430655,0.19867692441925366,0.19867692441925336,0.09283427081571137,0.11710090489606101,0.44972222222222225
acs_PA_2018_ACSEmployment,sex,4,MAR_5.0,False,0.11158759203212126,-2.3826403780110286,-2.3826403780110286,-0.4600246648533911,-0.04004429320131875,-0.04004429320131859,-0.017104500132735415,0.1509216221150313,0.3972222222222222
acs_PA_2018_ACSEmployment,sex,4,RELP_0.0,False,0.1155287179110687,2.158153410376995,2.158153410376993,0.3921939823559226,0.3419988114688828,0.3419988114688824,0.16189498833391316,0.3585641705813896,0.41638888888888886
acs_PA_2018_ACSEmployment,sex,4,RELP_1.0,False,0.10471933471933473,2.068304963649264,2.0683049636492643,0.28835374993593677,-0.13475075631127065,-0.13475075631127081,-0.05620636854304291,0.17445330638640869,0.205
acs_PA_2018_ACSEmployment,sex,4,RELP_2.0,False,0.1258489312747671,-2.540077124650127,-2.5400771246501237,-0.4543751100181466,-0.2633157275797392,-0.26331572757973887,-0.07677776717014408,0.1135035716506199,0.21583333333333332
acs_PA_2018_ACSEmployment,sex,4,SCHL_16.0,False,0.10737552903133762,1.1816783015267889,1.1816783015267878,0.20200697272503795,-0.40354970281394953,-0.40354970281394975,-0.1683260557692256,0.11272080076039835,0.26555555555555554
acs_PA_2018_ACSEmployment,sex,4,SCHL_21.0,False,0.42762947637550247,2.514325959806279,2.51432595980628,0.2464731686158003,0.6258036205055852,0.6258036205055849,0.24251926190519407,0.28611456170320315,0.1361111111111111
acs_PA_2018_ACSEmployment,sex,4,DIS_1.0,False,0.5698607029567468,-0.9767381488131812,-0.976738148813181,-0.1608409652519514,-1.6151993810619367,-1.615199381061934,-0.39560418946988396,0.2179054167131165,0.16111111111111112
acs_PA_2018_ACSEmployment,sex,4,DIS_2.0,False,0.5698607029567468,0.9767381488131812,0.9767381488131809,0.16084096525195138,1.6151993810619367,1.6151993810619345,0.39560418946988396,0.2179054167131165,0.8388888888888889
acs_PA_2018_ACSEmployment,sex,4,ESP_0.0,False,0.7906418716256749,3.63717673344735,3.63717673344735,0.642898836214321,2.7487812967203076,2.748781296720311,0.2193092455524729,0.28417740301690786,0.8372222222222222
acs_PA_2018_ACSEmployment,sex,4,MIG_1.0,False,0.06992826077836356,1.2973234517458978,1.2973234517458963,0.17082158126593674,-0.11662951911445818,-0.11662951911445806,-0.03531269859130018,0.06727980972246698,0.8744444444444445
acs_PA_2018_ACSEmployment,sex,4,MIG_3.0,False,0.05309734513274336,-0.7729697639438515,-0.7729697639438519,-0.09617010011309986,0.11947126222966786,0.11947126222966753,0.03584643182762587,0.04211541950678801,0.11555555555555555
acs_PA_2018_ACSEmployment,sex,4,MIL_0.0,False,0.7873357228195937,-3.9465526328594818,-3.9465526328594795,-0.7026938460592969,-4.133984651782502,-4.133984651782503,-0.21334866010340736,0.6328156064712126,0.165
acs_PA_2018_ACSEmployment,sex,4,MIL_4.0,False,0.2744931728427602,3.1821013956314137,3.1821013956314146,0.6027048615219679,0.6620375046548111,0.6620375046548111,0.16520071563064687,0.4184958126228499,0.75
acs_PA_2018_ACSEmployment,sex,4,ANC_1.0,False,0.04259105538322627,0.4482632549754857,0.44826325497548647,0.08559256466984776,-0.1951083655041147,-0.19510836550411487,-0.09120281820854027,0.023619195016457394,0.4230555555555556
acs_PA_2018_ACSEmployment,sex,4,ANC_2.0,False,0.040373391346794074,-0.04548566709435464,-0.04548566709435474,-0.008269234116521773,0.15053656963026463,0.15053656963026465,0.06918372182673696,0.011058709767480947,0.35388888888888886
acs_PA_2018_ACSEmployment,sex,4,ANC_4.0,False,0.045657500421077385,-0.6995475652119181,-0.6995475652119179,-0.11155722906236966,-0.07168407102446983,-0.07168407102446982,-0.025344734022405346,0.015142843836186366,0.19444444444444445
acs_PA_2018_ACSEmployment,sex,4,DREM_2.0,False,0.591078133381012,3.47393508645722,3.4739350864572183,0.5066088232195473,2.0190110234281686,2.019011023428168,0.26935151993756845,0.24590382997629404,0.8986111111111111
acs_PA_2018_ACSEmployment,sex,4,__A__,True,0.06793314294801,0.4409781385662477,0.4409781385662472,0.08493946717642467,0.07270593201354758,0.07270593201354777,0.03441857122160507,,0.5122222222222222
acs_PA_2018_ACSEmployment,sex,5,AGEP,False,0.2349964564138909,1.7209390430973885,1.7209390430973899,0.3135873728128739,-1.0383213759912884,-1.038321375991288,-0.4667056274069813,1.521743005531793,0.4886111111111111
acs_PA_2018_ACSEmployment,sex,5,MAR_1.0,False,0.18904978774984907,2.5927432626854965,2.592743262685496,0.4409239438502634,0.20957589314332625,0.20957589314332642,0.09373481844393997,0.12615778588771767,0.4272222222222222
acs_PA_2018_ACSEmployment,sex,5,MAR_5.0,False,0.1240263064367299,-2.387345774073692,-2.3873457740736925,-0.4348868534245586,-0.031482810940867356,-0.031482810940867356,-0.013091723204111944,0.12998956528568514,0.4222222222222222
acs_PA_2018_ACSEmployment,sex,5,RELP_0.0,False,0.12975932081114241,2.331196107230224,2.331196107230224,0.396273686505284,0.33273152070445544,0.3327315207044556,0.14956695661568772,0.3777302306524497,0.4038888888888889
acs_PA_2018_ACSEmployment,sex,5,RELP_1.0,False,0.13344917016887645,2.1242651970085036,2.1242651970085022,0.27578216166423086,0.023065488609845364,0.02306548860984532,0.009137178420413974,0.1990648903767299,0.2025
acs_PA_2018_ACSEmployment,sex,5,RELP_2.0,False,0.14807002742037545,-2.80696234829351,-2.8069623482935127,-0.4799743342603103,-0.4246829074122894,-0.4246829074122895,-0.12283756645778601,0.18451764258178527,0.2288888888888889
acs_PA_2018_ACSEmployment,sex,5,SCHL_16.0,False,0.11183756492680974,1.2953844547133195,1.29538445471332,0.20633957042118808,-0.49572837408609327,-0.4957283740860935,-0.20170987093509213,0.07305045309357738,0.27111111111111114
acs_PA_2018_ACSEmployment,sex,5,SCHL_21.0,False,0.4353569694026226,2.8117752837881826,2.8117752837881858,0.27090198278348276,0.6550132777918201,0.6550132777918202,0.2386462264671162,0.270071059886377,0.13694444444444445
acs_PA_2018_ACSEmployment,sex,5,DIS_1.0,False,0.6052465548729868,-1.1473771266858703,-1.147377126685871,-0.17513076228124047,-1.7766997447573702,-1.776699744757369,-0.36893784730371265,0.264629064444805,0.14722222222222223
acs_PA_2018_ACSEmployment,sex,5,DIS_2.0,False,0.6052465548729868,1.1473771266858703,1.147377126685871,0.17513076228124047,1.7766997447573702,1.7766997447573685,0.36893784730371265,0.26462906444480483,0.8527777777777777
acs_PA_2018_ACSEmployment,sex,5,ESP_0.0,False,0.7432188065099457,3.99630910585936,3.9963091058593627,0.6726105861752281,2.974570296153349,2.974570296153355,0.29711173859161805,0.2875126786427601,0.83
acs_PA_2018_ACSEmployment,sex,5,MIG_1.0,False,0.04235801110999993,0.8364096706467734,0.836409670646773,0.10536006049495848,0.013125988811141909,0.013125988811141891,0.0036229378729946225,0.052026583110104184,0.8769444444444444
acs_PA_2018_ACSEmployment,sex,5,MIG_3.0,False,0.01225581684708224,-0.1853353886187401,-0.1853353886187401,-0.021861217782679326,0.018379630571105254,0.01837963057110502,0.005022028686114093,0.027606342587079048,0.11138888888888888
acs_PA_2018_ACSEmployment,sex,5,MIL_0.0,False,0.7857570317175344,-4.180826984070627,-4.180826984070626,-0.7072395531069088,-4.523382521360572,-4.523382521360575,-0.29684895795858,0.7312223040890222,0.16972222222222222
acs_PA_2018_ACSEmployment,sex,5,MIL_4.0,False,0.29184386830370557,3.482952705972222,3.48295270597222,0.6211979567393078,0.9267804627949445,0.9267804627949441,0.2218402559018125,0.4970406750143901,0.7527777777777778
acs_PA_2018_ACSEmployment,sex,5,ANC_1.0,False,0.07895562732214989,0.40920742101306606,0.4092074210130659,0.07403845066943839,-0.2346989364358245,-0.23469893643582435,-0.10443613501193637,0.021562752433921823,0.43416666666666665
acs_PA_2018_ACSEmployment,sex,5,ANC_2.0,False,0.07323944093245294,-0.0019341971042727835,-0.0019341971042729448,-0.00032893106991104193,0.24699655531412956,0.24699655531412923,0.10682258610573582,0.0005119232200079914,0.3402777777777778
acs_PA_2018_ACSEmployment,sex,5,ANC_4.0,False,0.053468639406472535,-0.6002823052272359,-0.600282305227237,-0.09071623562797844,-0.08670854692874774,-0.08670854692874778,-0.029659275391836604,0.0037468970320681493,0.19944444444444445
acs_PA_2018_ACSEmployment,sex,5,DREM_2.0,False,0.5985533453887885,3.3601098017936515,3.3601098017936533,0.4687792899101018,1.926525904725925,1.9265259047259307,0.19242895746492092,0.2177981165475217,0.8991666666666667
acs_PA_2018_ACSEmployment,sex,5,__A__,True,0.06328350657663032,0.40462643192499526,0.40462643192499514,0.07358911761037512,0.009508098568261625,0.009508098568261538,0.00427254547233962,,0.5125
acs_PA_2018_ACSEmployment,sex,6,AGEP,False,0.20777847785119097,1.705655310677865,1.705655310677866,0.34490920565669464,-1.1188643577874762,-1.1188643577874773,-0.49502517256900797,1.514509207507272,0.5013888888888889
acs_PA_2018_ACSEmployment,sex,6,MAR_1.0,False,0.1601505545760338,2.2486682333052723,2.248668233305269,0.42339984548962045,0.12652175850911251,0.12652175850911254,0.05556990043046584,0.062276485647635264,0.43083333333333335
acs_PA_2018_ACSEmployment,sex,6,MAR_5.0,False,0.11090901601850506,-2.2744615371501893,-2.2744615371501897,-0.4599752707668023,-0.059628543889352126,-0.059628543889352056,-0.024143327125143513,0.0980527396137627,0.4063888888888889
acs_PA_2018_ACSEmployment,sex,6,RELP_0.0,False,0.11912364959608523,2.1566696617847114,2.1566696617847083,0.4108339676550691,0.4223153699635309,0.4223153699635309,0.18683612281525602,0.4018662499980394,0.40694444444444444
acs_PA_2018_ACSEmployment,sex,6,RELP_1.0,False,0.16641366625087214,2.00637219728312,2.0063721972831194,0.29053370852326144,-0.02994812120468804,-0.029948121204688136,-0.011754725380799831,0.22010816053445498,0.2061111111111111
acs_PA_2018_ACSEmployment,sex,6,RELP_2.0,False,0.13682683867027975,-2.612669195173579,-2.6126691951735777,-0.4877115411333906,-0.3715729694718001,-0.3715729694718002,-0.10534884434563838,0.21641336029658056,0.21833333333333332
acs_PA_2018_ACSEmployment,sex,6,SCHL_16.0,False,0.06043601861408365,1.1915893152654982,1.1915893152654993,0.2110662705876932,-0.3536690288200771,-0.3536690288200774,-0.1385237253367344,0.10411870697705583,0.2627777777777778
acs_PA_2018_ACSEmployment,sex,6,SCHL_21.0,False,0.35320430524267454,2.2102557273793106,2.2102557273793106,0.2316129412670569,0.5991950508694017,0.5991950508694015,0.2169548982367148,0.2484726041866017,0.13777777777777778
acs_PA_2018_ACSEmployment,sex,6,DIS_1.0,False,0.6513482867830099,-0.8364818824589972,-0.8364818824589981,-0.1465781953099593,-1.976133115740487,-1.9761331157404898,-0.40799675532188207,0.25522019711909705,0.16055555555555556
acs_PA_2018_ACSEmployment,sex,6,DIS_2.0,False,0.6513482867830099,0.8364818824589972,0.8364818824589981,0.1465781953099593,1.976133115740487,1.976133115740489,0.4079967553218821,0.2552201971190973,0.8394444444444444
acs_PA_2018_ACSEmployment,sex,6,ESP_0.0,False,0.808433734939759,3.544775409333462,3.5447754093334605,0.6591892335939243,2.7460546853914662,2.746054685391465,0.2570345076676559,0.331270362337124,0.8327777777777777
acs_PA_2018_ACSEmployment,sex,6,MIG_1.0,False,0.02754593435956154,0.798576603425021,0.7985766034250201,0.10904457596696614,-0.1262681129775356,-0.12626811297753562,-0.034736950585057644,0.049083618251822114,0.8794444444444445
acs_PA_2018_ACSEmployment,sex,6,MIG_3.0,False,0.040434489816479235,-0.3311162272266648,-0.3311162272266635,-0.04281665039382925,0.17983465790154352,0.1798346579015434,0.048502896399823636,0.023579700777674798,0.11
acs_PA_2018_ACSEmployment,sex,6,MIL_0.0,False,0.8026315789473685,-3.702124644398892,-3.702124644398893,-0.6926935644410711,-4.075202392685883,-4.07520239268588,-0.2323634123697701,0.5946127406779296,0.1675
acs_PA_2018_ACSEmployment,sex,6,MIL_4.0,False,0.2491177274091192,2.948395410280484,2.948395410280485,0.5866870318220092,0.6951956223037369,0.6951956223037362,0.16383969823921046,0.3938128974308253,0.745
acs_PA_2018_ACSEmployment,sex,6,ANC_1.0,False,0.03773031947305805,0.45446167667965076,0.4544616766796506,0.09151711062233386,-0.20558981838623658,-0.20558981838623638,-0.0899589851182591,0.01879578949254352,0.44083333333333335
acs_PA_2018_ACSEmployment,sex,6,ANC_2.0,False,0.04373686051947967,-0.19231136520422076,-0.19231136520422074,-0.035675159509231905,0.20992562844590834,0.20992562844590842,0.08892372858693806,0.0003777683659215785,0.3263888888888889
acs_PA_2018_ACSEmployment,sex,6,ANC_4.0,False,0.02652406417112299,-0.4148892433743807,-0.4148892433743808,-0.06965486970379563,0.006693685038832831,0.006693685038832982,0.0023153046775923345,0.01624023488830695,0.20583333333333334
acs_PA_2018_ACSEmployment,sex,6,DREM_2.0,False,0.5796071761672245,3.087870569582419,3.0878705695824205,0.4710968444045271,2.1027601241118026,2.102760124111801,0.211599059852766,0.23484694519720326,0.9022222222222223
acs_PA_2018_ACSEmployment,sex,6,__A__,True,0.046656384987877636,0.4175365205561419,0.4175365205561415,0.08423789311942799,0.017763660831625172,0.01776366083162524,0.007856851416168941,,0.5122222222222222
acs_PA_2018_ACSEmployment,sex,7,AGEP,False,0.2566420535905619,1.6711348074271801,1.671134807427178,0.3209827770111418,-1.1378810176432037,-1.1378810176432048,-0.4915605434126178,1.461539741905861,0.48388888888888887
acs_PA_2018_ACSEmployment,sex,7,MAR_1.0,False,0.17852684144818975,2.403474282909639,2.403474282909638,0.4251369888929906,0.20388843452812422,0.20388843452812408,0.08769731553113765,0.10081620562302365,0.4191666666666667
acs_PA_2018_ACSEmployment,sex,7,MAR_5.0,False,0.133293293902096,-2.256641064959872,-2.256641064959873,-0.4334173774934358,-0.060971705276212984,-0.060971705276213074,-0.024421353329627707,0.14270282667823148,0.42027777777777775
acs_PA_2018_ACSEmployment,sex,7,RELP_0.0,False,0.13764147317436015,2.156511893347571,2.156511893347571,0.38702364100785597,0.2788591381001049,0.2788591381001049,0.12051743115114573,0.3345636912493979,0.41
acs_PA_2018_ACSEmployment,sex,7,RELP_1.0,False,0.12246898031946499,2.1405310939584345,2.1405310939584314,0.2877283031786048,0.09460232136174418,0.09460232136174433,0.03569339453369933,0.19344915992857467,0.19555555555555557
acs_PA_2018_ACSEmployment,sex,7,RELP_2.0,False,0.14416674648081784,-2.5810372808598467,-2.5810372808598467,-0.4632121200429637,-0.38561349531500566,-0.3856134953150057,-0.10461183501537588,0.14130633636002035,0.22305555555555556
acs_PA_2018_ACSEmployment,sex,7,SCHL_16.0,False,0.1156403790079702,1.4007052261233628,1.4007052261233632,0.2351543635831874,-0.5299748355706339,-0.5299748355706343,-0.20473300375472742,0.09138507330498155,0.26555555555555554
acs_PA_2018_ACSEmployment,sex,7,SCHL_21.0,False,0.3204609650515619,2.1536849635671995,2.1536849635671995,0.21088522298590912,0.6263640267666861,0.6263640267666858,0.22571288428323963,0.24939745543981334,0.14166666666666666
acs_PA_2018_ACSEmployment,sex,7,DIS_1.0,False,0.563652733118971,-0.971334737899634,-0.9713347378996345,-0.15921032110116037,-1.7784794930531764,-1.778479493053178,-0.4035207665564924,0.2508850383124409,0.1622222222222222
acs_PA_2018_ACSEmployment,sex,7,DIS_2.0,False,0.563652733118971,0.971334737899634,0.9713347378996346,0.15921032110116037,1.7784794930531764,1.778479493053178,0.40352076655649227,0.2508850383124409,0.8377777777777777
acs_PA_2018_ACSEmployment,sex,7,ESP_0.0,False,0.7414683608479355,3.615714605518988,3.6157146055189875,0.6472252005588854,2.351558489666015,2.3515584896660213,0.21498800361919973,0.2861228459194757,0.825
acs_PA_2018_ACSEmployment,sex,7,MIG_1.0,False,0.04347196058542235,0.6157756146940279,0.6157756146940274,0.08162351051664177,0.001415183844036605,0.0014151838440365084,0.00040132114139836004,0.043996888561251155,0.8691666666666666
acs_PA_2018_ACSEmployment,sex,7,MIG_3.0,False,0.0419382530478184,-0.211533951922255,-0.21153395192225463,-0.026297746383772188,-0.011122630046513815,-0.011122630046513954,-0.0031074803033825046,0.03258760314205367,0.11861111111111111
acs_PA_2018_ACSEmployment,sex,7,MIL_0.0,False,0.7880597014925373,-3.814691010330371,-3.814691010330369,-0.6869183302597517,-4.502521715624603,-4.502521715624606,-0.21205330654724647,0.6025081561839307,0.175
acs_PA_2018_ACSEmployment,sex,7,MIL_4.0,False,0.2773565404885263,3.1530354856231018,3.153035485623105,0.5980118936938695,0.7429791487702778,0.7429791487702785,0.16221071615983104,0.400502017304976,0.7441666666666666
acs_PA_2018_ACSEmployment,sex,7,ANC_1.0,False,0.10873714796924583,0.48732104198718385,0.4873210419871836,0.09287988107405896,-0.34121948812541636,-0.34121948812541647,-0.1463044813206716,0.03054448950441491,0.4363888888888889
acs_PA_2018_ACSEmployment,sex,7,ANC_2.0,False,0.13675076602326364,-0.0028092479170491735,-0.0028092479170489923,-0.00050502315411855,0.4732451576234099,0.4732451576234103,0.19612409926826785,0.03634562272954408,0.33944444444444444
acs_PA_2018_ACSEmployment,sex,7,ANC_4.0,False,0.05811398785163485,-0.7760415335453374,-0.7760415335453373,-0.12297117698695002,-0.1861571550631378,-0.18615715506313774,-0.060741993987618176,0.010442774797517419,0.19611111111111112
acs_PA_2018_ACSEmployment,sex,7,DREM_2.0,False,0.6303665233113588,3.060824301329143,3.0608243013291427,0.45862520975303467,2.4089081716606655,2.408908171660666,0.32136492531080924,0.2524036571925544,0.8888888888888888
acs_PA_2018_ACSEmployment,sex,7,__A__,True,0.0355322311039776,0.3595970169577216,0.3595970169577221,0.06892834935016855,0.05306993914364011,0.05306993914364013,0.022933783017404986,,0.5125
acs_PA_2018_ACSEmployment,sex,8,AGEP,False,0.23379339604034854,1.6256134734424592,1.62561347344246,0.30885933549121447,-1.097639116091152,-1.0976391160911523,-0.4701886548481545,1.5269948966185805,0.4925
acs_PA_2018_ACSEmployment,sex,8,MAR_1.0,False,0.1773034749034749,2.49275513506876,2.492755135068758,0.4438412520139169,0.3623974823340683,0.3623974823340684,0.15401719926537766,0.12188754657235999,0.43722222222222223
acs_PA_2018_ACSEmployment,sex,8,MAR_5.0,False,0.09822803436499952,-2.1907455125208903,-2.190745512520892,-0.41621452278804516,-0.19881487796912267,-0.19881487796912276,-0.07778783830163763,0.10870628831457232,0.4072222222222222
acs_PA_2018_ACSEmployment,sex,8,RELP_0.0,False,0.13312861114663882,2.2837094614253504,2.283709461425349,0.40560002771142245,0.408779889001061,0.408779889001061,0.1751706450438945,0.396819841872197,0.4102777777777778
acs_PA_2018_ACSEmployment,sex,8,RELP_1.0,False,0.09641639105469804,2.0371456437854887,2.0371456437854887,0.2806870222397642,0.04500754425763542,0.04500754425763551,0.016963472268818423,0.20027974742817875,0.20527777777777778
acs_PA_2018_ACSEmployment,sex,8,RELP_2.0,False,0.12563215969340966,-2.711318783086386,-2.7113187830863894,-0.47776394103579073,-0.35959947996734865,-0.35959947996734876,-0.09895922746636175,0.18563666865026598,0.22138888888888889
acs_PA_2018_ACSEmployment,sex,8,SCHL_16.0,False,0.0750717308873976,1.2836854012362553,1.2836854012362562,0.218187636387996,-0.4622567327217413,-0.46225673272174084,-0.1797877936879377,0.06273234892867424,0.2827777777777778
acs_PA_2018_ACSEmployment,sex,8,SCHL_21.0,False,0.4282030917273847,2.6279695505164122,2.6279695505164127,0.26552567165739127,0.7548958248973184,0.7548958248973181,0.26363440891525336,0.2496464152621218,0.1388888888888889
acs_PA_2018_ACSEmployment,sex,8,DIS_1.0,False,0.5608068255479184,-1.0038500964478088,-1.0038500964478096,-0.1651748350636624,-1.8365566224091208,-1.8365566224091208,-0.3877911728068821,0.23401293635755813,0.16361111111111112
acs_PA_2018_ACSEmployment,sex,8,DIS_2.0,False,0.5608068255479184,1.0038500964478088,1.0038500964478096,0.1651748350636624,1.8365566224091208,1.836556622409121,0.3877911728068821,0.23401293635755813,0.8363888888888888
acs_PA_2018_ACSEmployment,sex,8,ESP_0.0,False,0.7966406718656269,3.756500153455405,3.756500153455406,0.6528291277912627,3.5014519133284887,3.501451913328495,0.26301462461692765,0.30703849901179686,0.8375
acs_PA_2018_ACSEmployment,sex,8,MIG_1.0,False,0.06239150225380452,0.4963475329225542,0.49634753292255457,0.06422020770797207,-0.10917979230846675,-0.1091797923084669,-0.029018477502464692,0.03895422573595839,0.8783333333333333
acs_PA_2018_ACSEmployment,sex,8,MIG_3.0,False,0.05315614617940201,-0.04415713780629904,-0.044157137806299235,-0.005386553783380616,0.1379174920371813,0.13791749203718112,0.036115936481728575,0.016823864792603983,0.11083333333333334
acs_PA_2018_ACSEmployment,sex,8,MIL_0.0,False,0.793783622235505,-3.9708012123016845,-3.970801212301685,-0.6900717652506734,-5.082211341838438,-5.082211341838447,-0.28063508569995765,0.8320688154583995,0.16083333333333333
acs_PA_2018_ACSEmployment,sex,8,MIL_4.0,False,0.2765251261795041,3.3556986219989766,3.35569862199898,0.6212211457166124,0.7802148072400374,0.7802148072400372,0.17616402446142232,0.5577377013468783,0.7583333333333333
acs_PA_2018_ACSEmployment,sex,8,ANC_1.0,False,0.07203389830508478,0.3231575337843291,0.3231575337843298,0.061151764898488024,-0.30718593816680206,-0.3071859381668021,-0.13065273062607205,0.016407453268540834,0.44722222222222224
acs_PA_2018_ACSEmployment,sex,8,ANC_2.0,False,0.043442146774555795,0.1170040376150312,0.1170040376150315,0.02067286694315676,0.2264587949052237,0.22645879490522397,0.09273779125701372,0.0019132046618523222,0.33305555555555555
acs_PA_2018_ACSEmployment,sex,8,ANC_4.0,False,0.07209387605427212,-0.6859781698430747,-0.6859781698430749,-0.10634504889092578,0.06818920567997444,0.06818920567997452,0.022060755074312963,0.013266297440051132,0.19277777777777777
acs_PA_2018_ACSEmployment,sex,8,DREM_2.0,False,0.5730089532648948,3.1715209592026574,3.1715209592026588,0.46321343937160153,2.036687499662926,2.036687499662924,0.26290766440452007,0.23906486293001636,0.8930555555555556
acs_PA_2018_ACSEmployment,sex,8,__A__,True,0.04195621713306741,0.3311722780909656,0.33117227809096605,0.0627679693613138,0.032088349187519016,0.03208834918751884,0.01374896210267676,,0.5125
acs_PA_2018_ACSEmployment,sex,9,AGEP,False,0.2094724397812916,1.6099583520923708,1.6099583520923701,0.3182850744017392,-1.0096772271394636,-1.0096772271394632,-0.4890242028133871,1.4371992876168402,0.5166666666666667
acs_PA_2018_ACSEmployment,sex,9,MAR_1.0,False,0.18800251643702123,2.507349283068763,2.5073492830687614,0.46487096071776224,0.2526877285141731,0.2526877285141727,0.121519745965921,0.11561736230571042,0.4361111111111111
acs_PA_2018_ACSEmployment,sex,9,MAR_5.0,False,0.11971989791603876,-2.3643046603257476,-2.3643046603257494,-0.46757731868388586,-0.12058601466280272,-0.12058601466280251,-0.053605544835300695,0.15316397909953886,0.4033333333333333
acs_PA_2018_ACSEmployment,sex,9,RELP_0.0,False,0.11078919229635689,2.095395822624708,2.0953958226247056,0.39098886566036584,0.35020798154349453,0.35020798154349425,0.16945477037345014,0.3330171839052764,0.425
acs_PA_2018_ACSEmployment,sex,9,RELP_1.0,False,0.17330054031181852,2.170650694868689,2.170650694868691,0.3133843274433667,0.01020610176989789,0.010206101769897837,0.004294948224806603,0.20636124953868817,0.20194444444444445
acs_PA_2018_ACSEmployment,sex,9,RELP_2.0,False,0.14657679090668782,-2.6338974747528097,-2.6338974747528083,-0.4787912188114509,-0.3653186506012849,-0.3653186506012846,-0.11009091310535828,0.13718703767825988,0.21222222222222223
acs_PA_2018_ACSEmployment,sex,9,SCHL_16.0,False,0.08597052707711783,1.2618060132722553,1.2618060132722544,0.22013599440021475,-0.43163659438766144,-0.4316365943876617,-0.18532477882384807,0.14492337952852563,0.26611111111111113
acs_PA_2018_ACSEmployment,sex,9,SCHL_21.0,False,0.39380046030760235,2.3807443446792784,2.3807443446792766,0.2564894403984614,0.7364117917487404,0.7364117917487396,0.29502153512653645,0.2885186109323311,0.145
acs_PA_2018_ACSEmployment,sex,9,DIS_1.0,False,0.6058794017546,-0.9489719171601909,-0.9489719171601921,-0.16148914873403428,-1.6690586160500371,-1.6690586160500354,-0.3700817675420273,0.21871207217238292,0.15666666666666668
acs_PA_2018_ACSEmployment,sex,9,DIS_2.0,False,0.6058794017546,0.9489719171601909,0.9489719171601921,0.16148914873403425,1.6690586160500371,1.6690586160500354,0.3700817675420273,0.21871207217238292,0.8433333333333334
acs_PA_2018_ACSEmployment,sex,9,ESP_0.0,False,0.6899175649968294,3.65727293023248,3.657272930232482,0.6598629786033717,2.0803645711418,2.0803645711417986,0.21330612608622232,0.27521814657249377,0.8372222222222222
acs_PA_2018_ACSEmployment,sex,9,MIG_1.0,False,0.02278916807974929,0.5087583385007002,0.5087583385007002,0.06940011234472242,-0.19253480635888354,-0.19253480635888345,-0.05802149055824385,0.027833802247650693,0.8758333333333334
acs_PA_2018_ACSEmployment,sex,9,MIG_3.0,False,0.02927170552258007,0.0748884671578014,0.07488846715780123,0.009635179583999304,0.2201671279444165,0.2201671279444167,0.06554010178365495,0.002982415391093624,0.11333333333333333
acs_PA_2018_ACSEmployment,sex,9,MIL_0.0,False,0.7897252090800478,-3.869735027530819,-3.8697350275308193,-0.6992651121471241,-4.009491785343876,-4.009491785343879,-0.21178007212919717,0.6064668661918802,0.1597222222222222
acs_PA_2018_ACSEmployment,sex,9,MIL_4.0,False,0.2772866495872474,3.164801320797914,3.164801320797912,0.6107325405832612,0.7037469407700003,0.7037469407699994,0.17091676155106383,0.4087372675986779,0.7602777777777778
acs_PA_2018_ACSEmployment,sex,9,ANC_1.0,False,0.09218080176109367,0.3181964293876627,0.3181964293876626,0.062267116270994606,-0.3387239337895147,-0.3387239337895151,-0.16250041373958748,0.042189348745006613,0.4280555555555556
acs_PA_2018_ACSEmployment,sex,9,ANC_2.0,False,0.09725903011834958,-0.019968309526871675,-0.019968309526872088,-0.0037331349042711345,0.31639666296324287,0.3163966629632424,0.14724642427782977,0.014903062057989368,0.3477777777777778
acs_PA_2018_ACSEmployment,sex,9,ANC_4.0,False,0.024513338139870222,-0.49169118813817225,-0.49169118813817225,-0.08018255682311679,-0.04927503304937819,-0.04927503304937793,-0.0181046284027539,0.016639781688953154,0.19694444444444445
acs_PA_2018_ACSEmployment,sex,9,DREM_2.0,False,0.6596532616448126,3.154802323572419,3.154802323572419,0.47684080771789356,2.418327920065307,2.418327920065303,0.26657586026711066,0.23301150421918834,0.8991666666666667
acs_PA_2018_ACSEmployment,sex,9,__A__,True,0.047300079073080536,0.3475748383279216,0.34757483832792113,0.06858005681709105,0.08897182204495968,0.08897182204495975,0.0431072363395691,,0.5122222222222222
acs_PA_2018_ACSEmployment,sex,10,AGEP,False,0.22528698979591832,1.9124419804151187,1.912441980415118,0.37031731809968227,-1.041886855894651,-1.0418868558946526,-0.4565063918558585,1.5304318174729936,0.4727777777777778
acs_PA_2018_ACSEmployment,sex,10,MAR_1.0,False,0.20265101954548198,2.6207115749303744,2.6207115749303727,0.47173292969178693,0.3580403169511325,0.3580403169511324,0.15574599565165992,0.09791350612041357,0.4330555555555556
acs_PA_2018_ACSEmployment,sex,10,MAR_5.0,False,0.15296018344798834,-2.6075319179218965,-2.6075319179218965,-0.5052375954263937,-0.29068814970155943,-0.2906881497015593,-0.11672599933873673,0.15252490792444254,0.4122222222222222
acs_PA_2018_ACSEmployment,sex,10,RELP_0.0,False,0.11687471645459269,2.237201223399924,2.2372012233999237,0.4006806863488437,0.40550779606418397,0.4055077960641844,0.17791617873363583,0.3657007684131686,0.4077777777777778
acs_PA_2018_ACSEmployment,sex,10,RELP_1.0,False,0.16482616917296308,2.287858870479554,2.2878588704795524,0.32288845268659316,0.09457264452186842,0.09457264452186835,0.03602270709503311,0.2311003853114101,0.2011111111111111
acs_PA_2018_ACSEmployment,sex,10,RELP_2.0,False,0.15859375,-2.7599992412423635,-2.759999241242366,-0.5043528592577797,-0.5692218225453624,-0.5692218225453627,-0.1586937568038614,0.1769548480378911,0.23083333333333333
acs_PA_2018_ACSEmployment,sex,10,SCHL_16.0,False,0.1231942578269134,1.4572495816590298,1.4572495816590305,0.24544902535857266,-0.43140745039510464,-0.4314074503951043,-0.17094960068028023,0.06590364008809449,0.2675
acs_PA_2018_ACSEmployment,sex,10,SCHL_21.0,False,0.3842090834323312,2.7021894165625175,2.702189416562515,0.28535438153270265,0.7370020510583991,0.7370020510583986,0.2625939434435637,0.2578604720515174,0.14
acs_PA_2018_ACSEmployment,sex,10,DIS_1.0,False,0.5971662730934852,-0.731528357007379,-0.7315283570073791,-0.11732851742417662,-1.8238938008892767,-1.8238938008892784,-0.4045012851950678,0.21413256316280377,0.14888888888888888
acs_PA_2018_ACSEmployment,sex,10,DIS_2.0,False,0.5971662730934852,0.731528357007379,0.7315283570073791,0.11732851742417662,1.8238938008892767,1.8238938008892789,0.4045012851950678,0.21413256316280377,0.8511111111111112
acs_PA_2018_ACSEmployment,sex,10,ESP_0.0,False,0.6993975903614458,3.7348967577353873,3.73489675773539,0.682502310380541,3.097031019387555,3.0970310193875616,0.2950046519826182,0.22305259886467133,0.8166666666666667
acs_PA_2018_ACSEmployment,sex,10,MIG_1.0,False,0.07161676646706588,1.2925408673711822,1.292540867371181,0.16861766701110725,0.016865345939788723,0.01686534593978857,0.004658651553759351,0.07121948049821557,0.8786111111111111
acs_PA_2018_ACSEmployment,sex,10,MIG_3.0,False,0.07433676600968424,-0.9296381434153891,-0.9296381434153898,-0.1136386089994057,-0.019120698742989717,-0.01912069874298978,-0.005219268353957295,0.06068202874841126,0.11027777777777778
acs_PA_2018_ACSEmployment,sex,10,MIL_0.0,False,0.7962852007189934,-3.99749534733912,-3.99749534733912,-0.7287584994704052,-4.643047786392395,-4.643047786392391,-0.32888338355798336,0.8204639993832624,0.17916666666666667
acs_PA_2018_ACSEmployment,sex,10,MIL_4.0,False,0.2823447238340855,3.449334089545116,3.449334089545116,0.6582380052654714,1.019696810110991,1.0196968101109907,0.23328251575449624,0.5418069002768238,0.7458333333333333
acs_PA_2018_ACSEmployment,sex,10,ANC_1.0,False,0.053808430536841034,0.6328466821785914,0.632846682178591,0.12171322797860053,-0.22334594520778472,-0.22334594520778475,-0.09710546966717877,0.023145043491959855,0.43416666666666665
acs_PA_2018_ACSEmployment,sex,10,ANC_2.0,False,0.061556997893003285,-0.20865321740864706,-0.20865321740864656,-0.038173024736030854,0.26760298711087205,0.26760298711087205,0.11370849623619737,0.013656005871343841,0.35305555555555557
acs_PA_2018_ACSEmployment,sex,10,ANC_4.0,False,0.061972147201183325,-0.7380222729982657,-0.7380222729982653,-0.115970861601112,-0.09628678547373481,-0.09628678547373493,-0.031288551971591874,0.004617714314785921,0.18694444444444444
acs_PA_2018_ACSEmployment,sex,10,DREM_2.0,False,0.6955205811138016,3.283092388156218,3.283092388156219,0.4875021817427049,2.4870913538215844,2.4870913538215795,0.27963404330548,0.23656521122055008,0.8969444444444444
acs_PA_2018_ACSEmployment,sex,10,__A__,True,0.06235886386707826,0.6073816375439312,0.6073816375439319,0.11743651698033686,0.0229848670555326,0.022984867055532397,0.010089892712274808,,0.5125
acs_PA_2018_ACSEmployment,sex,11,AGEP,False,0.21731230613248742,2.029670270970394,2.0296702709703944,0.389715469144813,-0.9625318109196856,-0.9625318109196854,-0.44025747506296803,1.4367495356520639,0.47
acs_PA_2018_ACSEmployment,sex,11,MAR_1.0,False,0.21221695100697496,2.6880584991948506,2.68805849919485,0.4800477632193039,0.3418557049149198,0.34185570491491973,0.1563009369293986,0.09675905962963302,0.4280555555555556
acs_PA_2018_ACSEmployment,sex,11,MAR_5.0,False,0.14624511077892088,-2.705131100607471,-2.7051311006074723,-0.5193673488261753,-0.26160167048090477,-0.2616016704809049,-0.11209322076442091,0.14658416723202866,0.42083333333333334
acs_PA_2018_ACSEmployment,sex,11,RELP_0.0,False,0.0686504396584682,2.1324265119425037,2.1324265119425023,0.3778721856804556,0.2737743866504537,0.2737743866504537,0.1259630228836086,0.3001803874358511,0.39611111111111114
acs_PA_2018_ACSEmployment,sex,11,RELP_1.0,False,0.21769627836986083,2.4348711573620223,2.434871157362023,0.3445507723404726,0.1811103737266626,0.1811103737266625,0.07300431471214046,0.22611696498753475,0.20722222222222222
acs_PA_2018_ACSEmployment,sex,11,RELP_2.0,False,0.13139353600767523,-2.874084915732951,-2.8740849157329476,-0.5143967362480736,-0.3794940224301181,-0.37949402243011765,-0.11309064804764961,0.13215512897092682,0.22555555555555556
acs_PA_2018_ACSEmployment,sex,11,SCHL_16.0,False,0.07659588326075273,1.4687640449058454,1.4687640449058452,0.249463704008251,-0.4495369229118481,-0.4495369229118484,-0.18306000215544613,0.04598979969664997,0.26694444444444443
acs_PA_2018_ACSEmployment,sex,11,SCHL_21.0,False,0.28241518829754125,2.2385760530998073,2.2385760530998082,0.2198248948512196,0.6870725607401085,0.6870725607401085,0.2589022014484872,0.2285418880528247,0.13694444444444445
acs_PA_2018_ACSEmployment,sex,11,DIS_1.0,False,0.567816507133827,-0.5630331307527787,-0.5630331307527788,-0.09271033247575056,-1.4984135295292196,-1.49841352952922,-0.3231646591409935,0.2151289610614228,0.15666666666666668
acs_PA_2018_ACSEmployment,sex,11,DIS_2.0,False,0.567816507133827,0.5630331307527787,0.5630331307527788,0.09271033247575056,1.4984135295292196,1.49841352952922,0.3231646591409935,0.21512896106142265,0.8433333333333334
acs_PA_2018_ACSEmployment,sex,11,ESP_0.0,False,0.7590361445783133,3.9396224939257904,3.9396224939257927,0.7023040582698684,3.5310442521260494,3.5310442521260588,0.35240989967111624,0.2963653653431196,0.8269444444444445
acs_PA_2018_ACSEmployment,sex,11,MIG_1.0,False,0.05289412320316422,0.9236785872087054,0.9236785872087044,0.11669604377776051,-0.05093669656897981,-0.050936696568979804,-0.015406117994640738,0.045246710669596596,0.8766666666666667
acs_PA_2018_ACSEmployment,sex,11,MIG_3.0,False,0.032777290020485794,-0.46171789740566815,-0.4617178974056679,-0.054529171827321636,0.09755045452776456,0.09755045452776488,0.02913314099363048,0.021140270110637988,0.11222222222222222
acs_PA_2018_ACSEmployment,sex,11,MIL_0.0,False,0.8047904191616766,-4.150950513572526,-4.150950513572526,-0.7448456941682572,-5.1823569274273185,-5.182356927427319,-0.3668271353748973,0.7875601974370119,0.17444444444444446
acs_PA_2018_ACSEmployment,sex,11,MIL_4.0,False,0.2556860064600003,3.3787428624477043,3.378742862447707,0.6395463745956225,0.9351111756509733,0.9351111756509727,0.22498563188503387,0.5156219475424861,0.7438888888888889
acs_PA_2018_ACSEmployment,sex,11,ANC_1.0,False,0.07139530551415796,0.4858536278531098,0.48585362785310976,0.09248296583289607,-0.22256606401078083,-0.22256606401078066,-0.10105227182343489,0.021201316243697713,0.42694444444444446
acs_PA_2018_ACSEmployment,sex,11,ANC_2.0,False,0.0800768787238132,-0.08090644787156975,-0.08090644787156971,-0.014523996414932376,0.301266272754364,0.3012662727543639,0.1330786331395693,0.010949438635808573,0.34
acs_PA_2018_ACSEmployment,sex,11,ANC_4.0,False,0.05233191120581607,-0.6070066468749746,-0.6070066468749742,-0.09743430802523141,-0.1459334884713943,-0.14593348847139442,-0.052350524300608506,0.0016444904861854103,0.2075
acs_PA_2018_ACSEmployment,sex,11,DREM_2.0,False,0.6563110408334109,3.1161546766656434,3.116154676665641,0.4589816897380698,1.7781539396119275,1.7781539396119301,0.20197595979097058,0.22290288963335672,0.8972222222222223
acs_PA_2018_ACSEmployment,sex,11,__A__,True,0.043566155023764846,0.3042115388346147,0.30421153883461594,0.05827813701613709,0.01685964060705536,0.01685964060705538,0.007754512404884839,,0.5125
acs_PA_2018_ACSEmployment,sex,12,AGEP,False,0.23611622962437984,1.5814601548640161,1.581460154864016,0.3059076376430812,-1.1097750606363364,-1.1097750606363364,-0.4821117911734421,1.502306221178835,0.4936111111111111
acs_PA_2018_ACSEmployment,sex,12,MAR_1.0,False,0.20065664183311244,2.4744274192152216,2.4744274192152225,0.44252759786098517,0.24483504894600505,0.24483504894600502,0.10577077766185927,0.10038650142337241,0.4230555555555556
acs_PA_2018_ACSEmployment,sex,12,MAR_5.0,False,0.10842714196372732,-2.2264723095866294,-2.22647230958663,-0.4305795783334931,-0.09810939358807536,-0.09810939358807558,-0.0392186446001426,0.10878424059103219,0.4152777777777778
acs_PA_2018_ACSEmployment,sex,12,RELP_0.0,False,0.10823015700342542,2.0992224522556198,2.09922245225562,0.3761191436206513,0.3730628669572664,0.3730628669572661,0.162056056221697,0.36872474814096384,0.4033333333333333
acs_PA_2018_ACSEmployment,sex,12,RELP_1.0,False,0.12012297964238816,1.9585610285780526,1.9585610285780521,0.27401557550632205,-0.014289896986859785,-0.014289896986859866,-0.005439045420911974,0.19183574280505175,0.20333333333333334
acs_PA_2018_ACSEmployment,sex,12,RELP_2.0,False,0.11524369166954719,-2.3329811526490403,-2.332981152649042,-0.4193266362801652,-0.2719117956655931,-0.2719117956655933,-0.07567856068922954,0.13459707130441728,0.2222222222222222
acs_PA_2018_ACSEmployment,sex,12,SCHL_16.0,False,0.08868618529109773,1.1135098795603,1.1135098795603005,0.19015910689015678,-0.4534398108697494,-0.45343981086974944,-0.17580703365437936,0.07387915991752268,0.26944444444444443
acs_PA_2018_ACSEmployment,sex,12,SCHL_21.0,False,0.38770821850372994,2.6375854068789444,2.6375854068789444,0.25911662857854545,0.7145987664797167,0.714598766479717,0.2478119863847183,0.2786221238279337,0.1297222222222222
acs_PA_2018_ACSEmployment,sex,12,DIS_1.0,False,0.5573827446438913,-0.8853676337636258,-0.8853676337636277,-0.146101861225393,-1.6767586585193424,-1.6767586585193415,-0.360396869359698,0.23559022590955417,0.15805555555555556
acs_PA_2018_ACSEmployment,sex,12,DIS_2.0,False,0.5573827446438913,0.8853676337636258,0.8853676337636278,0.146101861225393,1.6767586585193424,1.6767586585193417,0.360396869359698,0.23559022590955356,0.8419444444444445
acs_PA_2018_ACSEmployment,sex,12,ESP_0.0,False,0.7243243243243244,3.6643380129493712,3.664338012949369,0.6506536268736731,3.3582136568281653,3.3582136568281724,0.27448925926058604,0.25886647957990166,0.835
acs_PA_2018_ACSEmployment,sex,12,MIG_1.0,False,0.01089314660037477,0.6203592125833537,0.6203592125833527,0.08395258811088495,-0.03857377583892796,-0.0385737758389279,-0.010639481608927697,0.055380693670944794,0.8708333333333333
acs_PA_2018_ACSEmployment,sex,12,MIG_3.0,False,0.023347433550097857,-0.04893765466907851,-0.048937654669078554,-0.006205513032784833,0.10068651466583967,0.10068651466583972,0.027256622297556238,0.025144504261236517,0.11611111111111111
acs_PA_2018_ACSEmployment,sex,12,MIL_0.0,False,0.790167865707434,-3.9161421992756495,-3.91614219927565,-0.6997114815471427,-4.053377526492046,-4.053377526492046,-0.296599206471674,0.7519384632688754,0.16777777777777778
acs_PA_2018_ACSEmployment,sex,12,MIL_4.0,False,0.2791059796281941,3.2154051974898152,3.215405197489811,0.6086507074026442,0.9247712679876917,0.9247712679876922,0.21545668229642484,0.496737750600302,0.7519444444444444
acs_PA_2018_ACSEmployment,sex,12,ANC_1.0,False,0.05850032320620557,0.4444229653199887,0.44442296531998887,0.08515764381868965,-0.2953007735097928,-0.2953007735097926,-0.1271490242542227,0.03396018150145508,0.43222222222222223
acs_PA_2018_ACSEmployment,sex,12,ANC_2.0,False,0.06693847668576913,-0.015426979339287605,-0.015426979339287552,-0.002774058075591482,0.3152287996003693,0.31522879960036926,0.12979503088317523,0.025179475682764886,0.32722222222222225
acs_PA_2018_ACSEmployment,sex,12,ANC_4.0,False,0.06746146734555891,-0.693868905380393,-0.6938689053803935,-0.11292275463122352,-0.09575138933408645,-0.09575138933408635,-0.03294064829778269,0.003699713816998794,0.21333333333333335
acs_PA_2018_ACSEmployment,sex,12,DREM_2.0,False,0.6086165048543689,3.088565517218756,3.0885655172187563,0.45298341294971217,2.1287480672181838,2.1287480672181798,0.25283788153479586,0.22888960902059136,0.8983333333333333
acs_PA_2018_ACSEmployment,sex,12,__A__,True,0.06260201873055715,0.3979346914141617,0.3979346914141623,0.07679331394284412,0.061112549594465326,0.061112549594465576,0.02654146988912088,,0.5125
acs_PA_2018_ACSEmployment,sex,13,AGEP,False,0.20780563673964692,1.941846658271835,1.9418466582718323,0.37886438829145486,-1.0446906101782771,-1.044690610178277,-0.4775822415077786,1.506770424054731,0.4761111111111111
acs_PA_2018_ACSEmployment,sex,13,MAR_1.0,False,0.20079972407331617,2.516750668602186,2.516750668602186,0.4509283620518951,0.24565233807144216,0.24565233807144218,0.11168694512028557,0.10460435697767022,0.4222222222222222
acs_PA_2018_ACSEmployment,sex,13,MAR_5.0,False,0.13438375806556735,-2.4827590729997926,-2.482759072999792,-0.48419150424226065,-0.20651250617729722,-0.20651250617729752,-0.08680188155586957,0.1528787039001387,0.4197222222222222
acs_PA_2018_ACSEmployment,sex,13,RELP_0.0,False,0.11889781486987921,2.332988915947585,2.3329889159475865,0.4242489224905583,0.3868359634035191,0.3868359634035194,0.17717116568945201,0.3654789256594547,0.4047222222222222
acs_PA_2018_ACSEmployment,sex,13,RELP_1.0,False,0.18163430420711973,2.237733382541666,2.2377333825416676,0.3050844605747832,0.043884193328265764,0.043884193328265604,0.017690750368411782,0.2154991028391082,0.19833333333333333
acs_PA_2018_ACSEmployment,sex,13,RELP_2.0,False,0.13637495346802225,-2.693127104274943,-2.6931271042749434,-0.4979242515564267,-0.368600097411642,-0.3686000974116422,-0.10720921410691202,0.14213728406348095,0.23416666666666666
acs_PA_2018_ACSEmployment,sex,13,SCHL_16.0,False,0.04468968080274183,1.4951765604220368,1.4951765604220366,0.256168863055087,-0.3169553414388373,-0.3169553414388372,-0.13183246857257006,0.10021119819514984,0.27444444444444444
acs_PA_2018_ACSEmployment,sex,13,SCHL_21.0,False,0.34589614740368513,2.4934093180455545,2.4934093180455537,0.24454842311414063,0.7076269160191275,0.7076269160191283,0.26358182286418363,0.25878874500857324,0.13361111111111112
acs_PA_2018_ACSEmployment,sex,13,DIS_1.0,False,0.5535347985347985,-0.3564907194061835,-0.35649071940618327,-0.05957839699342381,-1.5216264663832746,-1.5216264663832741,-0.3359878090877623,0.21206566217765904,0.15777777777777777
acs_PA_2018_ACSEmployment,sex,13,DIS_2.0,False,0.5535347985347985,0.3564907194061835,0.35649071940618327,0.05957839699342381,1.5216264663832746,1.5216264663832746,0.3359878090877623,0.21206566217765904,0.8422222222222222
acs_PA_2018_ACSEmployment,sex,13,ESP_0.0,False,0.8106473079249849,3.8010882563588684,3.8010882563588715,0.697058629060127,2.5130930037409724,2.5130930037409764,0.28424326261618804,0.31990829063556664,0.8175
acs_PA_2018_ACSEmployment,sex,13,MIG_1.0,False,0.04521437198067624,0.8832898545103709,0.8832898545103709,0.12005539452206233,0.030224726642295252,0.030224726642295134,0.009102485106314749,0.05882580242474356,0.8672222222222222
acs_PA_2018_ACSEmployment,sex,13,MIG_3.0,False,0.02384490782403001,-0.3763585506995262,-0.3763585506995268,-0.04770779328627239,0.024706047072524773,0.024706047072524714,0.007330960288160025,0.03783498716563494,0.11944444444444445
acs_PA_2018_ACSEmployment,sex,13,MIL_0.0,False,0.8019150209455416,-3.966679074030794,-3.9666790740307887,-0.7294617970540165,-4.023275538787569,-4.023275538787573,-0.2537882509914878,0.6602602372060388,0.17944444444444443
acs_PA_2018_ACSEmployment,sex,13,MIL_4.0,False,0.27840517665584097,3.3316093499437427,3.3316093499437405,0.6403471096048186,0.8169509717584693,0.81695097175847,0.17793799702634505,0.41986411565837806,0.7519444444444444
acs_PA_2018_ACSEmployment,sex,13,ANC_1.0,False,0.023976429950218425,0.5227269788394147,0.5227269788394144,0.10159859899617052,-0.22361942356526254,-0.22361942356526274,-0.10126999854893592,0.013415062322588463,0.44
acs_PA_2018_ACSEmployment,sex,13,ANC_2.0,False,0.03876213511642815,-0.014693106009185275,-0.014693106009184484,-0.002642788430896079,0.2165637271953711,0.21656372719537118,0.09551093013422221,0.010246221331741962,0.3333333333333333
acs_PA_2018_ACSEmployment,sex,13,ANC_4.0,False,0.04317282363469077,-0.6975677485183756,-0.6975677485183756,-0.11296191368941148,-0.024288177537765243,-0.024288177537765354,-0.008545232585794477,0.017402368297546402,0.20166666666666666
acs_PA_2018_ACSEmployment,sex,13,DREM_2.0,False,0.5560422960725075,2.7806464796450103,2.7806464796450103,0.4223281985008827,1.716701940396577,1.7167019403965798,0.18666291149443082,0.18962116198700676,0.8941666666666667
acs_PA_2018_ACSEmployment,sex,13,__A__,True,0.047485236424154115,0.3373445721466086,0.33734457214660785,0.06570214185038233,0.019571531000107667,0.019571531000107664,0.008960824647524138,,0.5122222222222222
acs_PA_2018_ACSEmployment,sex,14,AGEP,False,0.2185336040211613,1.9288505897696417,1.9288505897696402,0.37621942384368606,-0.9423442048619635,-0.9423442048619634,-0.42834568900432574,1.4014490230146468,0.5086111111111111
acs_PA_2018_ACSEmployment,sex,14,MAR_1.0,False,0.1902754028783981,2.588407637813543,2.588407637813542,0.4806309521681152,0.4963434648619258,0.49634346486192604,0.22415798961880143,0.14768301204733458,0.4444444444444444
acs_PA_2018_ACSEmployment,sex,14,MAR_5.0,False,0.1306668870161598,-2.5171675139111023,-2.5171675139111023,-0.4913746195715848,-0.3330174635854096,-0.3330174635854096,-0.14010628029648511,0.16435156808930448,0.39944444444444444
acs_PA_2018_ACSEmployment,sex,14,RELP_0.0,False,0.1041269646741628,2.124216797618629,2.1242167976186277,0.390573463833938,0.4050213747355351,0.4050213747355347,0.1841925939559334,0.3306000548855383,0.4116666666666667
acs_PA_2018_ACSEmployment,sex,14,RELP_1.0,False,0.11589603315156083,2.0524504545537976,2.052450454553797,0.2993056384406649,0.03904302544705218,0.03904302544705196,0.015413856131251225,0.14856763615435575,0.20666666666666667
acs_PA_2018_ACSEmployment,sex,14,RELP_2.0,False,0.12756047349459598,-2.6669881608519685,-2.666988160851967,-0.47857824396582355,-0.4068136478875173,-0.4068136478875179,-0.12086033439445464,0.10007943546399829,0.21777777777777776
acs_PA_2018_ACSEmployment,sex,14,SCHL_16.0,False,0.07124926866710446,1.3880087483235077,1.3880087483235088,0.24263645650820853,-0.30611042371854447,-0.30611042371854486,-0.12390232668622027,0.09847770374079745,0.27444444444444444
acs_PA_2018_ACSEmployment,sex,14,SCHL_21.0,False,0.35222764879989854,2.286021336731915,2.286021336731915,0.22997556940566788,0.5301426820456667,0.5301426820456666,0.1994406185783679,0.22323307784368202,0.14027777777777778
acs_PA_2018_ACSEmployment,sex,14,DIS_1.0,False,0.6282096952212989,-0.8865079728990295,-0.886507972899029,-0.14885665014955973,-1.7310194807712382,-1.7310194807712387,-0.38782277687290134,0.20267870194984486,0.16055555555555556
acs_PA_2018_ACSEmployment,sex,14,DIS_2.0,False,0.6282096952212989,0.8865079728990295,0.886507972899029,0.14885665014955973,1.7310194807712382,1.7310194807712387,0.3878227768729013,0.20267870194984455,0.8394444444444444
acs_PA_2018_ACSEmployment,sex,14,ESP_0.0,False,0.7120778777780694,3.770570979143869,3.7705709791438733,0.6718775600806945,3.1729165193234374,3.17291651932344,0.33536198592425265,0.3410090686333362,0.8363888888888888
acs_PA_2018_ACSEmployment,sex,14,MIG_1.0,False,0.03392857142857142,1.1061866284424093,1.1061866284424091,0.14297303428190816,-0.0536991690592139,-0.05369916905921376,-0.015714525383584813,0.05666782639711875,0.8786111111111111
acs_PA_2018_ACSEmployment,sex,14,MIG_3.0,False,0.018392109597621914,-0.5604637955264973,-0.560463795526497,-0.06821991586341747,0.09433049247848291,0.09433049247848288,0.027173904902810554,0.03168263964403295,0.11083333333333334
acs_PA_2018_ACSEmployment,sex,14,MIL_0.0,False,0.7935368043087971,-4.017725944681994,-4.017725944681995,-0.7166519571299574,-4.912711037912107,-4.912711037912113,-0.326182543102068,0.686595259711876,0.16027777777777777
acs_PA_2018_ACSEmployment,sex,14,MIL_4.0,False,0.3633167677923837,3.2425708320527953,3.2425708320527953,0.6187110264725884,1.0989477255485134,1.0989477255485138,0.24621153216051372,0.47961484901747425,0.7605555555555555
acs_PA_2018_ACSEmployment,sex,14,ANC_1.0,False,0.027678465415110987,0.5522866831711777,0.5522866831711776,0.10751572567446477,-0.13385510175272686,-0.13385510175272705,-0.05985741204627824,0.0017801344831153908,0.43444444444444447
acs_PA_2018_ACSEmployment,sex,14,ANC_2.0,False,0.07174886524941648,0.09223932961828374,0.09223932961828381,0.016693520144284334,0.24478438805210923,0.24478438805210895,0.10733044865813993,0.013135269864428189,0.3375
acs_PA_2018_ACSEmployment,sex,14,ANC_4.0,False,0.07385583486799721,-0.8967677197308959,-0.8967677197308951,-0.14311046383957404,-0.14561923313221126,-0.14561923313221162,-0.05176062131822065,0.020286493494210495,0.20055555555555554
acs_PA_2018_ACSEmployment,sex,14,DREM_2.0,False,0.6316425120772947,3.1492271578049986,3.149227157804996,0.4586743313580497,1.966592382425837,1.9665923824258418,0.2122658623636887,0.23906790504673445,0.9044444444444445
acs_PA_2018_ACSEmployment,sex,14,__A__,True,0.05481234005480251,0.1285189726235707,0.12851897262357118,0.025052072764834912,0.058934135615660854,0.058934135615660826,0.026793362359612594,,0.5125
acs_PA_2018_ACSEmployment,sex,15,AGEP,False,0.23296566295683085,1.6897049882071895,1.6897049882071882,0.3363565406976174,-1.130773715281157,-1.130773715281158,-0.4951130786448079,1.5217337153887363,0.4802777777777778
acs_PA_2018_ACSEmployment,sex,15,MAR_1.0,False,0.19569896543022963,2.4813122451411296,2.48131224514113,0.4584103785128386,0.3257544879925206,0.3257544879925208,0.14167822147163298,0.12478025968245443,0.4275
acs_PA_2018_ACSEmployment,sex,15,MAR_5.0,False,0.1206454277670895,-2.375044476637364,-2.3750444766373655,-0.4727309205314783,-0.1501043278603661,-0.1501043278603661,-0.059670524469167284,0.1520548072368586,0.4161111111111111
acs_PA_2018_ACSEmployment,sex,15,RELP_0.0,False,0.10010352149393353,2.1632281786854666,2.1632281786854675,0.40000826398306105,0.21330123149586877,0.21330123149586896,0.09342820799049108,0.33861648830526647,0.4002777777777778
acs_PA_2018_ACSEmployment,sex,15,RELP_1.0,False,0.1369098712446352,1.9678437777420625,1.9678437777420617,0.2808423420947235,0.1407429923795499,0.14074299237954993,0.05429837062241047,0.1935975170339208,0.20333333333333334
acs_PA_2018_ACSEmployment,sex,15,RELP_2.0,False,0.13089752241395933,-2.7411872835196416,-2.741187283519643,-0.5181814712052867,-0.25788927782278914,-0.25788927782278936,-0.07349592344012476,0.11039529659126451,0.23833333333333334
acs_PA_2018_ACSEmployment,sex,15,SCHL_16.0,False,0.09985271292705145,1.3665796461070256,1.366579646107024,0.2398050102594219,-0.45307382481836134,-0.4530738248183618,-0.176168128764251,0.07467627113142307,0.26611111111111113
acs_PA_2018_ACSEmployment,sex,15,SCHL_21.0,False,0.3193467454511349,2.2506897419840155,2.2506897419840133,0.23625803107521012,0.6582697876280316,0.6582697876280319,0.23071487744191435,0.23208714196121197,0.13333333333333333
acs_PA_2018_ACSEmployment,sex,15,DIS_1.0,False,0.6313315019707054,-0.7780558683891949,-0.7780558683891953,-0.12938637360478641,-1.8388092348509955,-1.8388092348509943,-0.41175906016463315,0.2067424978171674,0.1525
acs_PA_2018_ACSEmployment,sex,15,DIS_2.0,False,0.6313315019707054,0.7780558683891949,0.7780558683891953,0.1293863736047864,1.8388092348509955,1.8388092348509948,0.41175906016463315,0.20674249781716783,0.8475
acs_PA_2018_ACSEmployment,sex,15,ESP_0.0,False,0.7998794454490658,3.7576744949219636,3.757674494921964,0.7012074399920046,2.7757014026220155,2.775701402622013,0.263800107568609,0.3566801908221562,0.8213888888888888
acs_PA_2018_ACSEmployment,sex,15,MIG_1.0,False,0.043829371540214934,0.41352475592618454,0.41352475592618415,0.05620869215634265,-0.026541422761812483,-0.02654142276181257,-0.007280302003111551,0.03716734293867647,0.8769444444444444
acs_PA_2018_ACSEmployment,sex,15,MIG_3.0,False,0.054771024497011545,0.16698975450267128,0.16698975450267167,0.0213648941449337,0.02451637271744589,0.024516372717445844,0.006644423671583381,0.02268486393540472,0.11222222222222222
acs_PA_2018_ACSEmployment,sex,15,MIL_0.0,False,0.7946107784431138,-3.909713035603044,-3.9097130356030467,-0.7325725775389704,-3.680333270372473,-3.6803332703724725,-0.2354131240201947,0.6432393586304107,0.17833333333333334
acs_PA_2018_ACSEmployment,sex,15,MIL_4.0,False,0.27050893766477463,3.191277041028411,3.191277041028408,0.6273540760193486,0.7545378405389411,0.754537840538941,0.16962147571055666,0.4127980448788138,0.7441666666666666
acs_PA_2018_ACSEmployment,sex,15,ANC_1.0,False,0.06255186662622259,0.5041865341814697,0.5041865341814695,0.09984949694226353,-0.2786925547690554,-0.2786925547690549,-0.12156243902298991,0.03193023171648274,0.4486111111111111
acs_PA_2018_ACSEmployment,sex,15,ANC_2.0,False,0.06990109220456575,-0.04026232867153068,-0.040262328671531164,-0.007478085269906959,0.2653832870763634,0.26538328707636344,0.11077052030366961,0.006210642818398299,0.3325
acs_PA_2018_ACSEmployment,sex,15,ANC_4.0,False,0.043340417824708516,-0.6888614401159945,-0.6888614401159939,-0.11291058584969724,-0.04367340443626533,-0.043673404436265516,-0.014096541711807593,0.021292320599673828,0.19055555555555556
acs_PA_2018_ACSEmployment,sex,15,DREM_2.0,False,0.7166279277668514,3.3530932335186665,3.3530932335186643,0.5005144051049187,2.2637231637669317,2.2637231637669313,0.2793249676165267,0.28540462730111105,0.9005555555555556
acs_PA_2018_ACSEmployment,sex,15,__A__,True,0.0424315299007339,0.22827997369270014,0.22827997369269987,0.045390794431618614,0.00755567967319859,0.007555679673198465,0.003308279785510524,,0.5122222222222222
acs_PA_2018_ACSEmployment,sex,16,AGEP,False,0.21857136376009434,1.5825007235857116,1.5825007235857131,0.3064641811640762,-1.03292582155809,-1.0329258215580917,-0.4874611055030186,1.4628542420537691,0.4897222222222222
acs_PA_2018_ACSEmployment,sex,16,MAR_1.0,False,0.17959796531225103,2.3239747961529105,2.323974796152909,0.41499292679523,0.2592057449266434,0.2592057449266436,0.12098503293277926,0.08367561567622127,0.4313888888888889
acs_PA_2018_ACSEmployment,sex,16,MAR_5.0,False,0.11826622765450917,-2.2332156506483516,-2.2332156506483534,-0.43248043778962475,-0.06642481357450991,-0.06642481357450995,-0.028432888953390075,0.09982675639346425,0.4075
acs_PA_2018_ACSEmployment,sex,16,RELP_0.0,False,0.10244771432597274,2.1554653510605495,2.1554653510605495,0.38775371314347845,0.31739932741145127,0.31739932741145127,0.1498112941159586,0.3417511982921831,0.4027777777777778
acs_PA_2018_ACSEmployment,sex,16,RELP_1.0,False,0.16114618242277817,2.1817575131980793,2.181757513198079,0.2991964859478712,0.011400200468921318,0.011400200468921297,0.004775888921576892,0.19081646219200596,0.20416666666666666
acs_PA_2018_ACSEmployment,sex,16,RELP_2.0,False,0.1373027713730277,-2.5353522820699066,-2.5353522820699097,-0.4565000319609473,-0.26914986474283786,-0.269149864742838,-0.07722255919475413,0.13771085288616744,0.21638888888888888
acs_PA_2018_ACSEmployment,sex,16,SCHL_16.0,False,0.13655400624647118,1.1982273687445797,1.198227368744579,0.20292286142674096,-0.4797088739004943,-0.4797088739004941,-0.2016584575099396,0.07107616476609643,0.2644444444444444
acs_PA_2018_ACSEmployment,sex,16,SCHL_21.0,False,0.2797958005657651,2.188261059925099,2.188261059925099,0.218224543013717,0.5405769664167533,0.5405769664167533,0.21506760710150186,0.20874188764996293,0.14583333333333334
acs_PA_2018_ACSEmployment,sex,16,DIS_1.0,False,0.5644444444444445,-0.8489890784192444,-0.848989078419244,-0.1413158048629075,-1.5832773043902042,-1.583277304390204,-0.3617947509129298,0.2410698973921855,0.15944444444444444
acs_PA_2018_ACSEmployment,sex,16,DIS_2.0,False,0.5644444444444445,0.8489890784192444,0.848989078419244,0.1413158048629075,1.5832773043902042,1.583277304390204,0.3617947509129298,0.24106989739218507,0.8405555555555555
acs_PA_2018_ACSEmployment,sex,16,ESP_0.0,False,0.7576853526220615,3.556536342701916,3.5565363427019165,0.6380608173540506,2.7621874522306245,2.7621874522306307,0.2897052297117519,0.2766318121337319,0.8280555555555555
acs_PA_2018_ACSEmployment,sex,16,MIG_1.0,False,0.013381995133819963,0.9028989700433832,0.9028989700433837,0.12271936817461614,-0.17730313840175183,-0.17730313840175163,-0.05501401174168576,0.03195475763508949,0.8658333333333333
acs_PA_2018_ACSEmployment,sex,16,MIG_3.0,False,0.006986963919666689,-0.4703418176275447,-0.4703418176275452,-0.06004592960843879,0.17515584661764105,0.17515584661764136,0.05377840120834629,0.026595911239350886,0.12222222222222222
acs_PA_2018_ACSEmployment,sex,16,MIL_0.0,False,0.7996411483253588,-3.854493836501346,-3.854493836501352,-0.6924612808161437,-5.011603423545502,-5.011603423545502,-0.32569431193794784,0.7738116792629423,0.16916666666666666
acs_PA_2018_ACSEmployment,sex,16,MIL_4.0,False,0.28582443361713994,3.189481080774979,3.189481080774983,0.6073453807852791,0.9514005639597819,0.9514005639597827,0.22861576271296263,0.5122667223149662,0.7497222222222222
acs_PA_2018_ACSEmployment,sex,16,ANC_1.0,False,0.06742380678550886,0.40155986535081345,0.4015598653508129,0.07692832110030191,-0.3067553021706727,-0.30675530217067304,-0.14376137284915716,0.038603300544364415,0.43277777777777776
acs_PA_2018_ACSEmployment,sex,16,ANC_2.0,False,0.06979342907731656,0.06075089785705634,0.06075089785705613,0.011072855508052747,0.3003417452528828,0.3003417452528833,0.13452441374346932,0.0391210065132945,0.33611111111111114
acs_PA_2018_ACSEmployment,sex,16,ANC_4.0,False,0.07423569770961558,-0.7579756424105257,-0.7579756424105267,-0.12180706540213936,-0.02147284376720593,-0.021472843767206224,-0.007783734092423187,0.009866612251611161,0.20166666666666666
acs_PA_2018_ACSEmployment,sex,16,DREM_2.0,False,0.6860422960725076,3.0949899435882853,3.094989943588282,0.46446136964989276,1.706390554545774,1.7063905545457787,0.195037350457225,0.20302954446056898,0.895
acs_PA_2018_ACSEmployment,sex,16,__A__,True,0.050382123865050144,0.4126377451663268,0.41263774516632656,0.07973489162001678,0.0981885291887793,0.09818852918877913,0.046329902470585195,,0.5125
acs_PA_2018_ACSEmployment,sex,17,AGEP,False,0.20527710771613217,1.578328358017812,1.5783283580178125,0.3162974354952902,-1.0540037093671626,-1.0540037093671621,-0.49308303290198874,1.4364746784886375,0.5033333333333333
acs_PA_2018_ACSEmployment,sex,17,MAR_1.0,False,0.1413780212278335,2.2926124655891025,2.2926124655891016,0.4280231333784753,0.20028742048756565,0.20028742048756554,0.09284505013591043,0.09297723998454258,0.435
acs_PA_2018_ACSEmployment,sex,17,MAR_5.0,False,0.09847745175447647,-2.2081086918935235,-2.2081086918935244,-0.44232307659193615,-0.0860880559672268,-0.08608805596722699,-0.03660054933572623,0.12197349830559444,0.41055555555555556
acs_PA_2018_ACSEmployment,sex,17,RELP_0.0,False,0.10829683393818046,2.162036949778366,2.1620369497783667,0.40346869289398457,0.3546663027544249,0.3546663027544252,0.16594506898060152,0.3393779745528638,0.40694444444444444
acs_PA_2018_ACSEmployment,sex,17,RELP_1.0,False,0.09542252852613395,1.892255812089852,1.8922558120898547,0.27197754456542367,-0.07409126987062009,-0.0740912698706203,-0.030773210913977524,0.17007595657651153,0.20666666666666667
acs_PA_2018_ACSEmployment,sex,17,RELP_2.0,False,0.11061621621621623,-2.43142273311547,-2.431422733115468,-0.4566479684731566,-0.00913064869417246,-0.009130648694172638,-0.0026814382302767573,0.09615963701614043,0.22527777777777777
acs_PA_2018_ACSEmployment,sex,17,SCHL_16.0,False,0.0787171805794118,1.1672596210035369,1.1672596210035375,0.2063777298215981,-0.35929472050756883,-0.35929472050756867,-0.15065171123579058,0.10463641756491553,0.2708333333333333
acs_PA_2018_ACSEmployment,sex,17,SCHL_21.0,False,0.3382269631243111,2.4274946494544802,2.42749464945448,0.24182235748063788,0.5284651420983476,0.5284651420983465,0.203967065457675,0.23383731024885998,0.13666666666666666
acs_PA_2018_ACSEmployment,sex,17,DIS_1.0,False,0.6152933278991153,-0.8318271068979697,-0.8318271068979692,-0.14366271469417682,-1.8087299194786235,-1.808729919478623,-0.41158867071331096,0.24291545790098162,0.16083333333333333
acs_PA_2018_ACSEmployment,sex,17,DIS_2.0,False,0.6152933278991153,0.8318271068979697,0.8318271068979692,0.14366271469417682,1.8087299194786235,1.808729919478623,0.41158867071331096,0.24291545790098146,0.8391666666666666
acs_PA_2018_ACSEmployment,sex,17,ESP_0.0,False,0.8010817307692307,3.507823591382758,3.507823591382758,0.6511037973535155,1.8231948234233664,1.823194823423368,0.16573114244045997,0.3112430249598727,0.8294444444444444
acs_PA_2018_ACSEmployment,sex,17,MIG_1.0,False,0.024970053048884777,0.5897893026528995,0.5897893026529005,0.08127971718611056,-0.08045681257942572,-0.08045681257942562,-0.023738897882296436,0.033707647701900344,0.8747222222222222
acs_PA_2018_ACSEmployment,sex,17,MIG_3.0,False,0.021656518547307546,-0.23909120122523664,-0.23909120122523705,-0.030942198347716107,0.07946587827544505,0.07946587827544478,0.023337098069087972,0.021459998364023177,0.11472222222222223
acs_PA_2018_ACSEmployment,sex,17,MIL_0.0,False,0.7948717948717948,-3.749009849341242,-3.749009849341242,-0.6958715242175538,-3.7487475066959264,-3.748747506695928,-0.14813160938934744,0.6626223486479625,0.16694444444444445
acs_PA_2018_ACSEmployment,sex,17,MIL_4.0,False,0.32228535353535354,3.1615706714717664,3.1615706714717677,0.6219889694990341,0.9041562163594015,0.9041562163594008,0.19642242588052072,0.4446414261337599,0.7575
acs_PA_2018_ACSEmployment,sex,17,ANC_1.0,False,0.07301587301587298,0.29800912112349676,0.29800912112349676,0.05934459147332747,-0.30827140906988715,-0.3082714090698871,-0.14312886060677954,0.03877797602784159,0.44083333333333335
acs_PA_2018_ACSEmployment,sex,17,ANC_2.0,False,0.09736123748862602,0.20313595670826246,0.203135956708262,0.03790823229975475,0.3692417187019982,0.3692417187019981,0.16437360077140994,0.04966657738433932,0.3308333333333333
acs_PA_2018_ACSEmployment,sex,17,ANC_4.0,False,0.0674099836333879,-0.6906122702559743,-0.6906122702559738,-0.1140383796419458,-0.0696645101354666,-0.06966451013546657,-0.025479840601531602,0.014036224704399894,0.20333333333333334
acs_PA_2018_ACSEmployment,sex,17,DREM_2.0,False,0.6105943633150405,2.8799024403430975,2.879902440343099,0.44216752906001194,2.1162228316348437,2.116222831634845,0.2444838719220699,0.20882365121556026,0.8975
acs_PA_2018_ACSEmployment,sex,17,__A__,True,0.06683814718174791,0.2967691075573271,0.2967691075573273,0.05933019914190678,0.10388229154699069,0.1038822915469909,0.04859663504642719,,0.5125
acs_PA_2018_ACSEmployment,sex,18,AGEP,False,0.19774958547244736,1.5736131169502414,1.573613116950243,0.31273633112550375,-1.0152885381927055,-1.0152885381927061,-0.4381763687668037,1.5228567469109908,0.5205555555555555
acs_PA_2018_ACSEmployment,sex,18,MAR_1.0,False,0.2307327141382869,2.6164353544213688,2.616435354421373,0.4914430415085452,0.39564258048014544,0.3956425804801457,0.1697803617339684,0.15458746646880142,0.4413888888888889
acs_PA_2018_ACSEmployment,sex,18,MAR_5.0,False,0.15522998119016163,-2.393190093459493,-2.393190093459493,-0.4755553159468326,-0.25326955817031793,-0.2532695581703182,-0.1008423775614444,0.18903441097390122,0.40166666666666667
acs_PA_2018_ACSEmployment,sex,18,RELP_0.0,False,0.14194019075508918,2.0733961449993465,2.073396144999346,0.380625131871751,0.2432376859283093,0.24323768592830905,0.10518044389450501,0.3400929896687369,0.3988888888888889
acs_PA_2018_ACSEmployment,sex,18,RELP_1.0,False,0.14822767020612118,2.1653952049856104,2.1653952049856096,0.3207743663464874,0.16250198441572905,0.16250198441572902,0.062116568998687706,0.17894969840503122,0.21305555555555555
acs_PA_2018_ACSEmployment,sex,18,RELP_2.0,False,0.15688429217840982,-2.5721945823855012,-2.572194582385502,-0.47285272258371874,-0.2652646560393531,-0.26526465603935273,-0.07267636759026966,0.12311656189350743,0.21805555555555556
acs_PA_2018_ACSEmployment,sex,18,SCHL_16.0,False,0.09683701168417325,1.1838806751622553,1.1838806751622541,0.2097597333319424,-0.46299351415452794,-0.46299351415452755,-0.17834262450196986,0.08381528007745644,0.27305555555555555
acs_PA_2018_ACSEmployment,sex,18,SCHL_21.0,False,0.33510936623667975,2.2908754826126545,2.290875482612653,0.2351844096486733,0.6264927897910916,0.6264927897910915,0.22259584754693237,0.22522322262967004,0.1386111111111111
acs_PA_2018_ACSEmployment,sex,18,DIS_1.0,False,0.5767206189741401,-0.883576287134276,-0.8835762871342755,-0.15281815011593647,-1.7468012147353529,-1.7468012147353544,-0.38465076999228703,0.21189509949907284,0.16777777777777778
acs_PA_2018_ACSEmployment,sex,18,DIS_2.0,False,0.5767206189741401,0.883576287134276,0.8835762871342755,0.15281815011593647,1.7468012147353529,1.7468012147353553,0.3846507699922871,0.21189509949907284,0.8322222222222222
acs_PA_2018_ACSEmployment,sex,18,ESP_0.0,False,0.7948098974049487,3.5148104845022017,3.514810484502198,0.6418509797512113,2.853860169074114,2.853860169074111,0.2806693313351755,0.3194112861122239,0.8325
acs_PA_2018_ACSEmployment,sex,18,MIG_1.0,False,0.037673775138345245,0.44825315614281225,0.4482531561428121,0.059757028970927696,-0.11828887486788098,-0.11828887486788077,-0.031020902289656187,0.03378676486246071,0.8833333333333333
acs_PA_2018_ACSEmployment,sex,18,MIG_3.0,False,0.06330525409320248,0.15116141373952763,0.15116141373952768,0.01883092860119,0.17019752193367044,0.17019752193367016,0.04369896472302206,0.011170361445684385,0.10444444444444445
acs_PA_2018_ACSEmployment,sex,18,MIL_0.0,False,0.7881508078994613,-3.665027580086671,-3.6650275800866705,-0.6705794482298468,-4.488991961545112,-4.488991961545112,-0.26734478777098875,0.7041432105414532,0.16472222222222221
acs_PA_2018_ACSEmployment,sex,18,MIL_4.0,False,0.29774110786067953,3.0058642369304174,3.0058642369304134,0.5855319540145345,0.864141723840066,0.8641417238400675,0.20458656970286176,0.4906548485164656,0.7483333333333333
acs_PA_2018_ACSEmployment,sex,18,ANC_1.0,False,0.05667341401438475,0.6179967933759749,0.6179967933759744,0.12204913911267905,-0.21587600278219876,-0.2158760027821989,-0.09280607941403105,0.029905813446504618,0.4444444444444444
acs_PA_2018_ACSEmployment,sex,18,ANC_2.0,False,0.0627038433490047,-0.11343511471545442,-0.11343511471545444,-0.02091045803978267,0.19181246366132798,0.19181246366132787,0.0793185178430879,0.001149559770665429,0.33194444444444443
acs_PA_2018_ACSEmployment,sex,18,ANC_4.0,False,0.06022172644156559,-0.7434170687466515,-0.7434170687466516,-0.12309415056729023,-0.00852003818343039,-0.008520038183430192,-0.002773906270829765,0.022121426213851866,0.1988888888888889
acs_PA_2018_ACSEmployment,sex,18,DREM_2.0,False,0.7383003792481313,3.177262906286664,3.177262906286663,0.47761281704569186,2.4002633068379904,2.4002633068379926,0.2881512093843839,0.24541199442546754,0.8986111111111111
acs_PA_2018_ACSEmployment,sex,18,__A__,True,0.06263001858108477,0.44249159625760237,0.4424915962576018,0.08775075021911433,-0.023566107300765804,-0.02356610730076583,-0.010186903384136504,,0.5122222222222222
acs_PA_2018_ACSEmployment,sex,19,AGEP,False,0.2251220577144445,1.5723200098830488,1.5723200098830483,0.3084933054901971,-1.0756678737509369,-1.0756678737509362,-0.4777467132534985,1.4771280996556642,0.495
acs_PA_2018_ACSEmployment,sex,19,MAR_1.0,False,0.18745573187455733,2.4644058688483694,2.464405868848371,0.44945225998038574,0.31571380026238516,0.31571380026238516,0.13937832453051496,0.12359276700028396,0.4275
acs_PA_2018_ACSEmployment,sex,19,MAR_5.0,False,0.14094577405785086,-2.270619026860718,-2.27061902686072,-0.4454578933207045,-0.19948803658369163,-0.19948803658369146,-0.08188742140076247,0.16118617385595932,0.4147222222222222
acs_PA_2018_ACSEmployment,sex,19,RELP_0.0,False,0.11327743406056659,2.0702675679890366,2.070267567989037,0.3751662040005676,0.3622803607620465,0.3622803607620459,0.16074285289517298,0.3464759763911114,0.4088888888888889
acs_PA_2018_ACSEmployment,sex,19,RELP_1.0,False,0.16012636586946807,2.134815381624212,2.1348153816242137,0.30124874713856215,-0.023600333201647228,-0.023600333201647318,-0.009149722439865981,0.1637803220635352,0.20083333333333334
acs_PA_2018_ACSEmployment,sex,19,RELP_2.0,False,0.13390564826700901,-2.3943376940149674,-2.39433769401497,-0.4370603903534898,-0.2562614535325699,-0.2562614535325697,-0.0693698804620591,0.1393121873265392,0.21722222222222223
acs_PA_2018_ACSEmployment,sex,19,SCHL_16.0,False,0.1318853560232871,1.0888274749094082,1.0888274749094071,0.1890610832165524,-0.5408052503456551,-0.5408052503456555,-0.21452903641001447,0.060390363671261195,0.2708333333333333
acs_PA_2018_ACSEmployment,sex,19,SCHL_21.0,False,0.4709030821179683,2.6280920983265523,2.6280920983265514,0.25347896706589296,0.7243315177870548,0.7243315177870552,0.2607832349358212,0.2509040225863814,0.13111111111111112
acs_PA_2018_ACSEmployment,sex,19,DIS_1.0,False,0.6155116900608177,-1.1896670676210768,-1.189667067621076,-0.20214576342259646,-1.8753604714359893,-1.875360471435991,-0.43236342717642573,0.21674559096732446,0.16722222222222222
acs_PA_2018_ACSEmployment,sex,19,DIS_2.0,False,0.6155116900608177,1.1896670676210768,1.189667067621076,0.20214576342259646,1.8753604714359893,1.8753604714359917,0.4323634271764258,0.21674559096732413,0.8327777777777777
acs_PA_2018_ACSEmployment,sex,19,ESP_0.0,False,0.6464585834333734,3.423517717687554,3.4235177176875577,0.6218376406682516,2.2468036276370533,2.2468036276370595,0.18145426630202038,0.27570594924126063,0.8302777777777778
acs_PA_2018_ACSEmployment,sex,19,MIG_1.0,False,0.0697694409920091,0.9377946025331698,0.9377946025331704,0.12126809144369909,0.16127876657692197,0.16127876657692206,0.045063866475313956,0.07136711287354222,0.8819444444444444
acs_PA_2018_ACSEmployment,sex,19,MIG_3.0,False,0.05345588990448802,-0.37768177960352656,-0.37768177960352634,-0.04547268910633116,-0.12411948107276682,-0.12411948107276692,-0.03427142026937273,0.04636054445115989,0.10666666666666667
acs_PA_2018_ACSEmployment,sex,19,MIL_0.0,False,0.7862686567164179,-3.7367325471914734,-3.736732547191474,-0.6790404939684929,-4.018060636511646,-4.018060636511648,-0.1944506705565427,0.6867848330879269,0.1675
acs_PA_2018_ACSEmployment,sex,19,MIL_4.0,False,0.28906660204370127,3.0536757889211357,3.0536757889211352,0.5892207947726527,0.8922262070888984,0.8922262070888981,0.21104558944100074,0.46809358513014454,0.7458333333333333
acs_PA_2018_ACSEmployment,sex,19,ANC_1.0,False,0.0843363076710244,0.20946910614275716,0.20946910614275732,0.04077639613673967,-0.33587481760523785,-0.3358748176052377,-0.1479577450009265,0.049843520919449054,0.43666666666666665
acs_PA_2018_ACSEmployment,sex,19,ANC_2.0,False,0.06856478342720451,0.28368307595645903,0.2836830759564595,0.05150363590546781,0.2666945112223251,0.26669451122232535,0.11348563360680179,0.0136365136690769,0.33194444444444443
acs_PA_2018_ACSEmployment,sex,19,ANC_4.0,False,0.04164424390445834,-0.7556507271009376,-0.7556507271009388,-0.12472738747786727,-0.010076605985748555,-0.010076605985748312,-0.003424106479668797,0.012510453317123891,0.20555555555555555
acs_PA_2018_ACSEmployment,sex,19,DREM_2.0,False,0.7463111315819776,3.444460261864478,3.4444602618644824,0.5286844418287562,2.5844543757464518,2.5844543757464513,0.3369683136117175,0.2673632187317729,0.8891666666666667
acs_PA_2018_ACSEmployment,sex,19,__A__,True,0.07613691254384694,0.39150108630501235,0.391501086305013,0.07662690105029435,0.0560423577759247,0.05604235777592475,0.024885549448064558,,0.5125
acs_PA_2018_ACSEmployment,sex,20,AGEP,False,0.19784649928556852,1.608194594935707,1.6081945949357075,0.3157062095146782,-0.9805901231700312,-0.9805901231700307,-0.4787096388279046,1.4365684210165377,0.49805555555555553
acs_PA_2018_ACSEmployment,sex,20,MAR_1.0,False,0.17313224947768124,2.44462980358959,2.444629803589589,0.44715892019476133,0.35487502089794065,0.35487502089794093,0.17174303978921635,0.11745301095714472,0.4338888888888889
acs_PA_2018_ACSEmployment,sex,20,MAR_5.0,False,0.12266198022445858,-2.297888595762285,-2.297888595762286,-0.45110069436847,-0.22893422842275013,-0.22893422842274994,-0.10197110158375403,0.16770810710070702,0.4097222222222222
acs_PA_2018_ACSEmployment,sex,20,RELP_0.0,False,0.10042489466923651,2.117191179695057,2.117191179695055,0.3834114862778386,0.17895310265630993,0.17895310265630993,0.08731909775042751,0.32275207292748376,0.405
acs_PA_2018_ACSEmployment,sex,20,RELP_1.0,False,0.17483052700634158,2.2029996713270696,2.20299967132707,0.31665421914182074,0.18646024070951672,0.18646024070951692,0.07993441215286089,0.19171412486651213,0.20666666666666667
acs_PA_2018_ACSEmployment,sex,20,RELP_2.0,False,0.10686600221483943,-2.4836483361410693,-2.4836483361410693,-0.4579452951061184,-0.19598539666886972,-0.19598539666886974,-0.0608871272673033,0.10968310425043962,0.22833333333333333
acs_PA_2018_ACSEmployment,sex,20,SCHL_16.0,False,0.07351222610940622,1.113269496044439,1.1132694960444396,0.19247866003724584,-0.3740403469587724,-0.37404034695877264,-0.1597516372584551,0.12610524737840323,0.26055555555555554
acs_PA_2018_ACSEmployment,sex,20,SCHL_21.0,False,0.39272147590586315,2.4808770276959917,2.4808770276959917,0.24213390777997928,0.5247654434846476,0.5247654434846473,0.21172898489096936,0.2590564554953345,0.13722222222222222
acs_PA_2018_ACSEmployment,sex,20,DIS_1.0,False,0.6595830920671686,-1.1761260479878055,-1.1761260479878062,-0.19698977650233382,-1.816853572921864,-1.8168535729218631,-0.4388496818257975,0.22564372914547245,0.15805555555555556
acs_PA_2018_ACSEmployment,sex,20,DIS_2.0,False,0.6595830920671686,1.1761260479878055,1.1761260479878066,0.19698977650233385,1.816853572921864,1.816853572921863,0.4388496818257974,0.22564372914547276,0.8419444444444445
acs_PA_2018_ACSEmployment,sex,20,ESP_0.0,False,0.7269161552304924,3.5653235641751526,3.5653235641751544,0.6507157408224089,2.5991696901939414,2.5991696901939463,0.22239437666242445,0.2496802679412729,0.8280555555555555
acs_PA_2018_ACSEmployment,sex,20,MIG_1.0,False,0.14634404803956202,0.8397381325087481,0.8397381325087478,0.11059773175196089,0.25384146648012484,0.2538414664801247,0.07850226627127685,0.06607207372609944,0.8783333333333333
acs_PA_2018_ACSEmployment,sex,20,MIG_3.0,False,0.12738316670541727,-0.38574598653184644,-0.3857459865318465,-0.04776845622112556,-0.21232474258186207,-0.21232474258186224,-0.06474779846346454,0.04425510048394077,0.11083333333333334
acs_PA_2018_ACSEmployment,sex,20,MIL_0.0,False,0.8010752688172043,-3.7612365038111752,-3.761236503811177,-0.6912283614932194,-3.8685577868961154,-3.868557786896116,-0.22534718241306367,0.6334502430902778,0.17444444444444446
acs_PA_2018_ACSEmployment,sex,20,MIL_4.0,False,0.2674607416970076,3.134802307994816,3.1348023079948155,0.605673162089723,0.6971985859306651,0.697198585930665,0.17260507399101707,0.42202067223055434,0.7486111111111111
acs_PA_2018_ACSEmployment,sex,20,ANC_1.0,False,0.054190112133426616,0.5033042994623078,0.5033042994623087,0.09779712491710638,-0.19785049467525495,-0.19785049467525456,-0.09563969567421933,0.038006939138855396,0.4288888888888889
acs_PA_2018_ACSEmployment,sex,20,ANC_2.0,False,0.05221354344161355,-0.1159100366742245,-0.1159100366742247,-0.02128369037313508,0.1714316499795241,0.17143164997952387,0.08096338417411095,0.003958587996456836,0.3463888888888889
acs_PA_2018_ACSEmployment,sex,20,ANC_4.0,False,0.04517116238338689,-0.6175175671873985,-0.6175175671873983,-0.10117976563649161,-0.047160084617975384,-0.04716008461797542,-0.017307672582946056,0.030866982884425815,0.19916666666666666
acs_PA_2018_ACSEmployment,sex,20,DREM_2.0,False,0.6430303030303031,3.4340206771848107,3.4340206771848125,0.5189080077580157,1.6480055073368467,1.6480055073368447,0.21311349424878925,0.2157407376561969,0.8952777777777777
acs_PA_2018_ACSEmployment,sex,20,__A__,True,0.05374158635105239,0.4625625712940713,0.462562571294072,0.09060242209837993,0.08677193200279942,0.08677193200279958,0.04235056842395681,,0.5125
acs_PA_2018_ACSEmployment,sex,21,AGEP,False,0.2172700093985096,1.6406038442900153,1.640603844290017,0.3241783190013079,-1.1024121685198107,-1.1024121685198112,-0.4969901340987484,1.4438314804068721,0.49972222222222223
acs_PA_2018_ACSEmployment,sex,21,MAR_1.0,False,0.20292241460578825,2.485152926562172,2.4851529265621743,0.45628545221404815,0.3796454252715954,0.3796454252715955,0.16985548435614062,0.13508005702334674,0.43027777777777776
acs_PA_2018_ACSEmployment,sex,21,MAR_5.0,False,0.12435953104646114,-2.2246956028647884,-2.2246956028647884,-0.43953200178295754,-0.1410013253455693,-0.1410013253455692,-0.0583322865428002,0.12873431484513329,0.4127777777777778
acs_PA_2018_ACSEmployment,sex,21,RELP_0.0,False,0.09295965125020306,2.089023902285407,2.0890239022854074,0.3832109344394495,0.3500871973352492,0.35008719733524873,0.1577809905843288,0.3415720949738388,0.4075
acs_PA_2018_ACSEmployment,sex,21,RELP_1.0,False,0.17990091264667535,2.1800919242495858,2.1800919242495853,0.310710147215109,-0.005912160250293397,-0.0059121602502933196,-0.002342290984658685,0.1643282719341103,0.2038888888888889
acs_PA_2018_ACSEmployment,sex,21,RELP_2.0,False,0.1314230102993616,-2.447591120740145,-2.4475911207401464,-0.4501858093086092,-0.29814731372072545,-0.29814731372072545,-0.08553807639327184,0.12545832546554725,0.2225
acs_PA_2018_ACSEmployment,sex,21,SCHL_16.0,False,0.05320499649655186,1.2414291782300186,1.2414291782300175,0.21518510204145808,-0.3632743394701442,-0.36327433947014454,-0.14714137989726495,0.09776111109790422,0.26944444444444443
acs_PA_2018_ACSEmployment,sex,21,SCHL_21.0,False,0.306480475361429,2.199135679869878,2.199135679869879,0.22523419445236698,0.4498650224449722,0.4498650224449722,0.16695711298791585,0.20512011352768333,0.13944444444444445
acs_PA_2018_ACSEmployment,sex,21,DIS_1.0,False,0.6938881000053472,-1.1831910956437268,-1.1831910956437257,-0.2000405794847847,-1.983701154988153,-1.9837011549881527,-0.43682651833483993,0.27352538397332493,0.15833333333333333
acs_PA_2018_ACSEmployment,sex,21,DIS_2.0,False,0.6938881000053472,1.1831910956437268,1.1831910956437262,0.20004057948478476,1.983701154988153,1.9837011549881527,0.43682651833483993,0.273525383973325,0.8416666666666667
acs_PA_2018_ACSEmployment,sex,21,ESP_0.0,False,0.7998794454490658,3.5384358190968843,3.538435819096883,0.6439927607898496,2.5421610237722216,2.5421610237722265,0.25469029416661265,0.2944520004017359,0.8313888888888888
acs_PA_2018_ACSEmployment,sex,21,MIG_1.0,False,0.04994021867563894,1.0812214946536685,1.0812214946536691,0.14550244697310596,-0.08408031703500951,-0.08408031703500929,-0.023277533633864964,0.06488963127539801,0.8794444444444445
acs_PA_2018_ACSEmployment,sex,21,MIG_3.0,False,0.04043826156606259,-0.6008433011284722,-0.6008433011284721,-0.07518675724203361,0.12320576693217744,0.12320576693217739,0.03350583685984071,0.041175381924028205,0.1075
acs_PA_2018_ACSEmployment,sex,21,MIL_0.0,False,0.7936602870813397,-3.736067863305842,-3.736067863305845,-0.6828481203056016,-4.433682049449432,-4.4336820494494305,-0.275235326154838,0.694721929143162,0.1675
acs_PA_2018_ACSEmployment,sex,21,MIL_4.0,False,0.2884181701030928,3.120427152959082,3.120427152959082,0.6031047917714426,0.9798837384439769,0.9798837384439776,0.23442390306703936,0.47229285527802356,0.7533333333333333
acs_PA_2018_ACSEmployment,sex,21,ANC_1.0,False,0.05657851363933408,0.4376413621474742,0.4376413621474742,0.08593433583431896,-0.26578767934265846,-0.2657876793426582,-0.11864862164743711,0.040535246507216405,0.43722222222222223
acs_PA_2018_ACSEmployment,sex,21,ANC_2.0,False,0.05571254239804746,-0.10391091675781405,-0.10391091675781412,-0.019194998793085866,0.23397425350287337,0.23397425350287332,0.10098246390498349,0.015275293363525747,0.3377777777777778
acs_PA_2018_ACSEmployment,sex,21,ANC_4.0,False,0.054927727102214885,-0.6638114100935999,-0.6638114100936006,-0.10722704104109819,0.003638210849793766,0.003638210849793854,0.001274225470735997,0.008267321485559042,0.19944444444444445
acs_PA_2018_ACSEmployment,sex,21,DREM_2.0,False,0.6393957703927492,3.0768477373965832,3.0768477373965837,0.47053648716322044,1.9358223708801694,1.9358223708801747,0.21135426037362737,0.206637995795982,0.8952777777777777
acs_PA_2018_ACSEmployment,sex,21,__A__,True,0.04965156889405972,0.20783163700991647,0.20783163700991686,0.040969960908882955,0.031454717241216845,0.031454717241216776,0.014177268649553631,,0.5125
acs_PA_2018_ACSEmployment,sex,22,AGEP,False,0.27095676824946846,1.7050397967869333,1.7050397967869337,0.32866225256580944,-1.1905136259805829,-1.1905136259805829,-0.5079821706015951,1.5185839678931548,0.49694444444444447
acs_PA_2018_ACSEmployment,sex,22,MAR_1.0,False,0.21968605249614,2.5452143388520496,2.545214338852048,0.45064936626398056,0.31226207664627625,0.31226207664627603,0.1318127907199888,0.13136250594527066,0.4286111111111111
acs_PA_2018_ACSEmployment,sex,22,MAR_5.0,False,0.16121501669426425,-2.400194907460439,-2.400194907460439,-0.4626136447615246,-0.14233632537170549,-0.1423363253717055,-0.055313375071269474,0.1723955604205575,0.41055555555555556
acs_PA_2018_ACSEmployment,sex,22,RELP_0.0,False,0.1456946693050309,2.2447761855161192,2.244776185516116,0.4033672524155497,0.40347441616101554,0.40347441616101604,0.17216146468020838,0.34872537150826377,0.4058333333333333
acs_PA_2018_ACSEmployment,sex,22,RELP_1.0,False,0.13286195286195285,2.0567098620194724,2.056709862019472,0.2757051586685721,-0.07628907361645076,-0.07628907361645068,-0.028993208130399434,0.13360961754108672,0.20222222222222222
acs_PA_2018_ACSEmployment,sex,22,RELP_2.0,False,0.143484680693983,-2.6166958753832485,-2.6166958753832485,-0.47376872394026653,-0.27588423969942677,-0.2758842396994269,-0.07317859755315814,0.10168526009732752,0.22555555555555556
acs_PA_2018_ACSEmployment,sex,22,SCHL_16.0,False,0.1047643225861048,1.324197715934656,1.3241977159346559,0.22217153607812024,-0.47965504183993557,-0.4796550418399351,-0.18351384736148835,0.1263250364709021,0.2652777777777778
acs_PA_2018_ACSEmployment,sex,22,SCHL_21.0,False,0.36195851128737033,2.3668733157406834,2.3668733157406816,0.23093711907771222,0.6175361239339814,0.6175361239339815,0.2135844800820399,0.26900637226887225,0.13333333333333333
acs_PA_2018_ACSEmployment,sex,22,DIS_1.0,False,0.5944514936478844,-1.1126484819358589,-1.1126484819358593,-0.1821671840879164,-1.7406275163619291,-1.7406275163619278,-0.3869619800781209,0.24351943950489852,0.16
acs_PA_2018_ACSEmployment,sex,22,DIS_2.0,False,0.5944514936478844,1.1126484819358589,1.1126484819358593,0.1821671840879164,1.7406275163619291,1.7406275163619283,0.3869619800781209,0.24351943950489865,0.84
acs_PA_2018_ACSEmployment,sex,22,ESP_0.0,False,0.7855855855855856,3.715252269913302,3.715252269913308,0.6643484857225121,3.395050265861423,3.3950502658614297,0.27256152286973767,0.3299386493904986,0.8288888888888889
acs_PA_2018_ACSEmployment,sex,22,MIG_1.0,False,0.044608317214700155,0.7399582190706977,0.7399582190706983,0.09919255115385324,0.008453382034992019,0.00845338203499204,0.002209410118119351,0.0667650934376474,0.8761111111111111
acs_PA_2018_ACSEmployment,sex,22,MIG_3.0,False,0.028515777171795875,-0.2556642174590742,-0.25566421745907486,-0.03207293993980441,0.030843885025632845,0.030843885025633042,0.007938667268950208,0.04121741382711962,0.11138888888888888
acs_PA_2018_ACSEmployment,sex,22,MIL_0.0,False,0.7832335329341318,-3.8665606217474497,-3.866560621747447,-0.6968780795332048,-4.234169739664701,-4.234169739664701,-0.2779662637451567,0.612877261435187,0.17472222222222222
acs_PA_2018_ACSEmployment,sex,22,MIL_4.0,False,0.2914510863901188,3.2974738657534806,3.297473865753482,0.6256035057460525,1.0533232680835338,1.053323268083533,0.24683628300403265,0.4271318450764217,0.7425
acs_PA_2018_ACSEmployment,sex,22,ANC_1.0,False,0.11487804563416704,0.3249891181315856,0.3249891181315855,0.06224696461981239,-0.4650013901999611,-0.4650013901999609,-0.1973093503965172,0.059852422753836995,0.44472222222222224
acs_PA_2018_ACSEmployment,sex,22,ANC_2.0,False,0.08391608391608396,0.07726729801308707,0.07726729801308702,0.013753079830877799,0.3337011121858272,0.33370111218582726,0.13495567094088295,0.020972199598717024,0.32305555555555554
acs_PA_2018_ACSEmployment,sex,22,ANC_4.0,False,0.05268601940450807,-0.6340260473063348,-0.6340260473063354,-0.10217732766648513,0.04203241225990628,0.04203241225990645,0.013702886439798043,0.02267750741969231,0.20305555555555554
acs_PA_2018_ACSEmployment,sex,22,DREM_2.0,False,0.6168048622569393,3.309965019179735,3.309965019179736,0.4981784775132551,1.7459064298295819,1.7459064298295786,0.19407030569111436,0.22755764006169787,0.8919444444444444
acs_PA_2018_ACSEmployment,sex,22,__A__,True,0.047216749117609536,0.5098286621228889,0.5098286621228896,0.09805803953456374,0.09817633286519767,0.09817633286519775,0.04187961502206306,,0.5125
acs_PA_2018_ACSEmployment,sex,23,AGEP,False,0.17993468054705042,1.7167245641243447,1.7167245641243432,0.32947955197468143,-0.922995722205742,-0.9229957222057417,-0.40549704176666834,1.4937623594172127,0.4988888888888889
acs_PA_2018_ACSEmployment,sex,23,MAR_1.0,False,0.19773530737508987,2.6943062859662774,2.6943062859662756,0.4833955294795209,0.3276712834881518,0.32767128348815155,0.1426375649812904,0.1001150875760628,0.43694444444444447
acs_PA_2018_ACSEmployment,sex,23,MAR_5.0,False,0.14846069698390374,-2.4801677113337712,-2.4801677113337735,-0.47598146667453667,-0.2783789676229028,-0.278378967622903,-0.11064744356753979,0.13469239609091113,0.4038888888888889
acs_PA_2018_ACSEmployment,sex,23,RELP_0.0,False,0.1315472443577106,2.225972890085066,2.2259728900850697,0.39623350587671796,0.3568759841335375,0.35687598413353766,0.15665722776708008,0.3796480027918389,0.4102777777777778
acs_PA_2018_ACSEmployment,sex,23,RELP_1.0,False,0.15066321949220468,2.298916094139085,2.2989160941390883,0.32428123858510766,0.1457437998094242,0.14574379980942434,0.05541249169458388,0.22596628623024556,0.20222222222222222
acs_PA_2018_ACSEmployment,sex,23,RELP_2.0,False,0.154486036838978,-2.628701053399576,-2.628701053399579,-0.46642076425662726,-0.2818635267826006,-0.2818635267826009,-0.07391096958862702,0.17467683161584627,0.2111111111111111
acs_PA_2018_ACSEmployment,sex,23,SCHL_16.0,False,0.06075156539346238,1.0500897173505728,1.0500897173505745,0.17550096885493946,-0.39671357923009076,-0.39671357923009043,-0.1561776714208052,0.12103803929919096,0.2652777777777778
acs_PA_2018_ACSEmployment,sex,23,SCHL_21.0,False,0.40661610161747236,2.5130604232485085,2.5130604232485068,0.26279241575511775,0.6617190805830175,0.6617190805830185,0.23540002574307434,0.28645648702025917,0.13944444444444445
acs_PA_2018_ACSEmployment,sex,23,DIS_1.0,False,0.6988204800104991,-1.4291808355770599,-1.4291808355770594,-0.23502650889891644,-2.0766347014332665,-2.076634701433267,-0.4644998339885966,0.26486037841802335,0.16166666666666665
acs_PA_2018_ACSEmployment,sex,23,DIS_2.0,False,0.6988204800104991,1.4291808355770599,1.4291808355770594,0.23502650889891644,2.0766347014332665,2.0766347014332673,0.4644998339885966,0.26486037841802273,0.8383333333333334
acs_PA_2018_ACSEmployment,sex,23,ESP_0.0,False,0.7486437613019892,3.49846857805751,3.4984685780575093,0.6230252109180276,2.164003786860873,2.1640037868608766,0.21127294837049637,0.24431536245870744,0.8269444444444445
acs_PA_2018_ACSEmployment,sex,23,MIG_1.0,False,0.06368028107158544,1.1368240574872657,1.1368240574872654,0.15027857828414037,0.052682268866524606,0.052682268866524815,0.014861494765258417,0.052659918805334584,0.8722222222222222
acs_PA_2018_ACSEmployment,sex,23,MIG_3.0,False,0.03857160632076645,-0.7142715542679796,-0.7142715542679796,-0.08869571727108537,0.0972760713373575,0.09727607133735743,0.026631492358396333,0.025251686465523403,0.11416666666666667
acs_PA_2018_ACSEmployment,sex,23,MIL_0.0,False,0.7897252090800478,-3.7301769181396693,-3.7301769181396724,-0.6663633687865731,-4.314404449224366,-4.314404449224368,-0.22616596162116676,0.6480852226154937,0.17083333333333334
acs_PA_2018_ACSEmployment,sex,23,MIL_4.0,False,0.2697184612078229,3.0614545260832706,3.0614545260832697,0.5785176935668713,0.6536094357772861,0.6536094357772861,0.13778622715137018,0.42825349357368625,0.7513888888888889
acs_PA_2018_ACSEmployment,sex,23,ANC_1.0,False,0.07240902228014068,0.3393364727361958,0.33933647273619505,0.06451963091134777,-0.23058225006915667,-0.23058225006915659,-0.10067502842628862,0.023491282953185033,0.4375
acs_PA_2018_ACSEmployment,sex,23,ANC_2.0,False,0.09187473016298542,0.18832117824817152,0.18832117824817152,0.03359733656152277,0.32654794985378544,0.3265479498537853,0.13681355546703927,0.02416099445838514,0.3313888888888889
acs_PA_2018_ACSEmployment,sex,23,ANC_4.0,False,0.05300231846935172,-0.687119900322458,-0.687119900322458,-0.11112104835348198,-0.14934289437570114,-0.14934289437570122,-0.05006415783508572,0.007638252237954578,0.20555555555555555
acs_PA_2018_ACSEmployment,sex,23,DREM_2.0,False,0.7493543452155746,3.444114371209573,3.4441143712095728,0.5182087545619143,2.844676230107222,2.8446762301072206,0.36686436060921473,0.2712940681739319,0.8886111111111111
acs_PA_2018_ACSEmployment,sex,23,__A__,True,0.06162830889608781,0.4810554061157353,0.48105540611573566,0.09210384131236704,0.09855718406268277,0.09855718406268262,0.04328840732886833,,0.5125
acs_PA_2018_ACSEmployment,sex,24,AGEP,False,0.22942428887753363,1.6288944066309345,1.628894406630936,0.30175071641915474,-1.0552408327426308,-1.0552408327426295,-0.46262963669907164,1.516516148175511,0.4841666666666667
acs_PA_2018_ACSEmployment,sex,24,MAR_1.0,False,0.21014718904696297,2.62083250317836,2.6208325031783586,0.44919168818549493,0.31391862201435206,0.31391862201435217,0.13655770619459975,0.1273030243467767,0.4275
acs_PA_2018_ACSEmployment,sex,24,MAR_5.0,False,0.14092159171384255,-2.434738617988159,-2.434738617988159,-0.4509907453167809,-0.19883795946500604,-0.1988379594650063,-0.08001266978349894,0.15075556450968355,0.41944444444444445
acs_PA_2018_ACSEmployment,sex,24,RELP_0.0,False,0.14434599702120424,2.373585317471048,2.373585317471048,0.40681531326939785,0.3071709092249233,0.30717090922492307,0.1346752638414366,0.3569538714715881,0.40166666666666667
acs_PA_2018_ACSEmployment,sex,24,RELP_1.0,False,0.15605995945801768,2.2891441680408655,2.2891441680408664,0.2964127179128506,0.026211222923408273,0.026211222923408484,0.010202740007202218,0.18038853969052382,0.20166666666666666
acs_PA_2018_ACSEmployment,sex,24,RELP_2.0,False,0.1551455352495802,-2.612442093956128,-2.612442093956126,-0.4551928504248917,-0.3702583978785501,-0.3702583978785499,-0.104265043424029,0.1623758654517759,0.23
acs_PA_2018_ACSEmployment,sex,24,SCHL_16.0,False,0.07403065515524965,1.3984433953670181,1.3984433953670197,0.22943975146434945,-0.35126574280990686,-0.35126574280990674,-0.1400425352121554,0.08121580661349449,0.2786111111111111
acs_PA_2018_ACSEmployment,sex,24,SCHL_21.0,False,0.3763278896464246,2.491496973501455,2.4914969735014547,0.22272809337944297,0.591834006538489,0.5918340065384888,0.21236598249165708,0.19622747477799943,0.1322222222222222
acs_PA_2018_ACSEmployment,sex,24,DIS_1.0,False,0.6277915106249802,-1.304828299988932,-1.3048282999889311,-0.20382441708208152,-1.7731289081348942,-1.773128908134892,-0.40211652594392566,0.282635192376118,0.15666666666666668
acs_PA_2018_ACSEmployment,sex,24,DIS_2.0,False,0.6277915106249802,1.304828299988932,1.3048282999889311,0.2038244170820815,1.7731289081348942,1.7731289081348922,0.40211652594392566,0.28263519237611784,0.8433333333333334
acs_PA_2018_ACSEmployment,sex,24,ESP_0.0,False,0.7535798540626544,3.6776014220880984,3.6776014220881,0.6384248596105214,3.2412682082165967,3.241268208216591,0.32323826258850213,0.31321115133844063,0.8208333333333333
acs_PA_2018_ACSEmployment,sex,24,MIG_1.0,False,0.02203315881326351,0.7335904055040428,0.7335904055040435,0.09440577581055921,-0.13163324833490675,-0.13163324833490683,-0.03665379507563741,0.04389524753690564,0.8722222222222222
acs_PA_2018_ACSEmployment,sex,24,MIG_3.0,False,0.026128401615366004,-0.3073963094430461,-0.307396309443046,-0.0365870455314392,0.11769769177438938,0.1176976917743896,0.03254774402477507,0.040636796877484754,0.11444444444444445
acs_PA_2018_ACSEmployment,sex,24,MIL_0.0,False,0.7948410317936413,-3.8852403446589,-3.8852403446589054,-0.6764178304232328,-4.940023956553832,-4.94002395655383,-0.3649410166934223,0.73467574886161,0.17833333333333334
acs_PA_2018_ACSEmployment,sex,24,MIL_4.0,False,0.325821455363841,3.298656120160701,3.298656120160699,0.6037820082148329,1.1640840409073978,1.1640840409073971,0.2718818642646758,0.49785143973390605,0.74
acs_PA_2018_ACSEmployment,sex,24,ANC_1.0,False,0.061331311818641265,0.44957671244354946,0.44957671244355024,0.08275648930397107,-0.25038481310551963,-0.2503848131055198,-0.10883504220228726,0.010065866571239136,0.43722222222222223
acs_PA_2018_ACSEmployment,sex,24,ANC_2.0,False,0.07343102702034254,-0.09042428476936859,-0.09042428476936919,-0.015637626037302472,0.29116438864752003,0.2911643886475202,0.12232035853113493,0.017595134851273314,0.33694444444444444
acs_PA_2018_ACSEmployment,sex,24,ANC_4.0,False,0.053257841454617816,-0.615961435903432,-0.6159614359034319,-0.09536884136238442,-0.09357805081677828,-0.0935780508167782,-0.031437786114230926,0.017013958138800602,0.20333333333333334
acs_PA_2018_ACSEmployment,sex,24,DREM_2.0,False,0.6396805512057626,3.41714433661444,3.4171443366144354,0.49078068971312944,1.9808511895184027,1.9808511895184022,0.23385491436069417,0.2276702351366584,0.8933333333333333
acs_PA_2018_ACSEmployment,sex,24,__A__,True,0.05693261797246166,0.38891417584196164,0.3889141758419609,0.07194017931554847,0.1353658494986435,0.1353658494986438,0.05933473046720027,,0.5122222222222222
acs_PA_2018_ACSEmployment,sex,25,AGEP,False,0.2118000964894855,1.7403188461329593,1.7403188461329588,0.33468586939253175,-1.0678344923667982,-1.0678344923667975,-0.4938003531458439,1.540707378558708,0.5027777777777778
acs_PA_2018_ACSEmployment,sex,25,MAR_1.0,False,0.19509314703925484,2.612394684873625,2.6123946848736246,0.4624668748145561,0.2730404354213033,0.2730404354213035,0.1253196442348466,0.11026019833500947,0.4241666666666667
acs_PA_2018_ACSEmployment,sex,25,MAR_5.0,False,0.1293385276430061,-2.448828846168464,-2.4488288461684666,-0.4709920705666893,-0.21189151003507622,-0.2118915100350763,-0.08956489530186974,0.16565993025939565,0.4063888888888889
acs_PA_2018_ACSEmployment,sex,25,RELP_0.0,False,0.08945048700890543,2.1635422477125945,2.163542247712593,0.38640026379911213,0.20334460361130335,0.20334460361130346,0.09385720182993323,0.3214562442421361,0.4152777777777778
acs_PA_2018_ACSEmployment,sex,25,RELP_1.0,False,0.1694138259508743,2.287125099929769,2.2871250999297708,0.3140797478731248,0.18843996666638185,0.18843996666638227,0.07511928441500654,0.21003445875875548,0.195
acs_PA_2018_ACSEmployment,sex,25,RELP_2.0,False,0.1345475234772605,-2.602253717054301,-2.6022537170542974,-0.46598997988907837,-0.34704514858169666,-0.34704514858169694,-0.10002540291593516,0.13522218403974592,0.22027777777777777
acs_PA_2018_ACSEmployment,sex,25,SCHL_16.0,False,0.10764687100893999,1.2355109576880061,1.235510957688004,0.20840462358220296,-0.47194646679066166,-0.4719464667906615,-0.19519687407043185,0.07800910203295018,0.2675
acs_PA_2018_ACSEmployment,sex,25,SCHL_21.0,False,0.32161682423306964,2.3609407647958727,2.3609407647958753,0.24066967684150053,0.6046890255133218,0.6046890255133215,0.2313610954907269,0.22906335568106567,0.14277777777777778
acs_PA_2018_ACSEmployment,sex,25,DIS_1.0,False,0.5317806564198939,-0.8303903432806763,-0.830390343280677,-0.1391454167698768,-1.5927401462216682,-1.592740146221668,-0.338654208596502,0.19810688988709127,0.16194444444444445
acs_PA_2018_ACSEmployment,sex,25,DIS_2.0,False,0.5317806564198939,0.8303903432806763,0.830390343280677,0.1391454167698768,1.5927401462216682,1.5927401462216675,0.338654208596502,0.19810688988709127,0.8380555555555556
acs_PA_2018_ACSEmployment,sex,25,ESP_0.0,False,0.8090361445783133,3.586741209781517,3.586741209781517,0.6385455432435743,2.66188214782893,2.6618821478289254,0.2604070023514165,0.3598057158263121,0.8288888888888889
acs_PA_2018_ACSEmployment,sex,25,MIG_1.0,False,0.0615160432480433,0.9567567308125899,0.9567567308125895,0.1246656660647709,-0.03722874322641012,-0.037228743226410344,-0.010755754315783747,0.0614683948595512,0.8783333333333333
acs_PA_2018_ACSEmployment,sex,25,MIG_3.0,False,0.055067873303167425,-0.6075176617577855,-0.6075176617577852,-0.07456588609553273,0.07372371540881417,0.07372371540881431,0.020886998151706936,0.03711175917229691,0.11027777777777778
acs_PA_2018_ACSEmployment,sex,25,MIL_0.0,False,0.8027495517035266,-3.7441423510168823,-3.744142351016879,-0.6713471331320732,-4.608146284342487,-4.608146284342484,-0.25432136332181693,0.6573322230859543,0.17194444444444446
acs_PA_2018_ACSEmployment,sex,25,MIL_4.0,False,0.2664857664857665,3.101379968776251,3.101379968776252,0.585516551737649,0.8912745261038768,0.8912745261038757,0.206528306870279,0.439261009642119,0.7527777777777778
acs_PA_2018_ACSEmployment,sex,25,ANC_1.0,False,0.07069798385930404,0.6231420407889641,0.6231420407889642,0.11884084671804257,-0.2652774083262808,-0.26527740832628055,-0.12150781883775424,0.031017681600864558,0.43333333333333335
acs_PA_2018_ACSEmployment,sex,25,ANC_2.0,False,0.061090620904075355,-0.16341613319239157,-0.16341613319239173,-0.02941408716488827,0.26018412647437805,0.2601841264743783,0.11609460668170943,0.010741376906017258,0.3447222222222222
acs_PA_2018_ACSEmployment,sex,25,ANC_4.0,False,0.04306924599229231,-0.7534454011594489,-0.7534454011594485,-0.12009876848425147,-0.08657598133071831,-0.08657598133071841,-0.029890773848902225,0.0030594950353750663,0.19555555555555557
acs_PA_2018_ACSEmployment,sex,25,DREM_2.0,False,0.5683176593521421,3.282632155195672,3.28263215519567,0.49744141284602084,1.7499268419162215,1.7499268419162224,0.21085983094225413,0.2530361240743381,0.8894444444444445
acs_PA_2018_ACSEmployment,sex,25,__A__,True,0.06242089969046047,0.42723332023719296,0.4272333202371921,0.08197468845336658,0.10044044564861887,0.10044044564861898,0.04643081236974605,,0.5122222222222222
acs_PA_2018_ACSEmployment,sex,26,AGEP,False,0.23029897468469285,1.4773658454187084,1.4773658454187089,0.29080569798922296,-1.1254129828224326,-1.1254129828224342,-0.4826549489812372,1.5376176208486894,0.49583333333333335
acs_PA_2018_ACSEmployment,sex,26,MAR_1.0,False,0.16627121383546145,2.263315119593911,2.263315119593911,0.4081163077900339,0.31770716661526843,0.3177071666152684,0.13514845187655006,0.11544672061883413,0.4230555555555556
acs_PA_2018_ACSEmployment,sex,26,MAR_5.0,False,0.10290645183693312,-2.0166212541693525,-2.0166212541693507,-0.39693953149629213,-0.20502268248784705,-0.20502268248784716,-0.08004183523089367,0.16180727173432508,0.40555555555555556
acs_PA_2018_ACSEmployment,sex,26,RELP_0.0,False,0.09473462934930116,2.14638538286966,2.146385382869661,0.3946084235680052,0.39066972158627866,0.39066972158627905,0.16754988699057297,0.34534050792517856,0.4088888888888889
acs_PA_2018_ACSEmployment,sex,26,RELP_1.0,False,0.1305821187564594,2.0420063637661197,2.0420063637661197,0.2790298255860933,0.06299552391150964,0.06299552391150973,0.023743907822786476,0.18112601521647265,0.19666666666666666
acs_PA_2018_ACSEmployment,sex,26,RELP_2.0,False,0.11926413296686304,-2.510333535093748,-2.5103335350937472,-0.4609258461539645,-0.3506515187238275,-0.35065151872382705,-0.09166154830760698,0.13589321383142222,0.21888888888888888
acs_PA_2018_ACSEmployment,sex,26,SCHL_16.0,False,0.06949687930783677,1.2215894249591277,1.2215894249591261,0.2138438886011246,-0.4202646405763907,-0.42026464057639085,-0.16307941107669788,0.08614286116688964,0.2786111111111111
acs_PA_2018_ACSEmployment,sex,26,SCHL_21.0,False,0.2745225782808747,2.1758617351440472,2.1758617351440463,0.2097498934018496,0.6065578880048726,0.6065578880048729,0.21177123958832017,0.23081057865328225,0.13194444444444445
acs_PA_2018_ACSEmployment,sex,26,DIS_1.0,False,0.5671506352087115,-1.15816563651531,-1.1581656365153108,-0.19701844629726803,-1.8014819158558593,-1.8014819158558584,-0.3886892826151531,0.23299018314261874,0.16416666666666666
acs_PA_2018_ACSEmployment,sex,26,DIS_2.0,False,0.5671506352087115,1.15816563651531,1.1581656365153108,0.197018446297268,1.8014819158558593,1.8014819158558588,0.3886892826151531,0.2329901831426191,0.8358333333333333
acs_PA_2018_ACSEmployment,sex,26,ESP_0.0,False,0.7625075346594334,3.4189166535408795,3.4189166535408795,0.62157317620329,3.1277469530378927,3.1277469530379,0.29811841574595405,0.2755242042349656,0.8297222222222222
acs_PA_2018_ACSEmployment,sex,26,MIG_1.0,False,0.02019879097884214,0.9404462495433297,0.9404462495433287,0.1291043556017669,-0.10106924340498513,-0.10106924340498495,-0.027078093123378468,0.046481033442651414,0.8733333333333333
acs_PA_2018_ACSEmployment,sex,26,MIG_3.0,False,0.015746794536124042,-0.5008575166410374,-0.5008575166410377,-0.06450520644394662,0.11184409552235275,0.11184409552235271,0.029531287645684263,0.029361123118559634,0.11444444444444445
acs_PA_2018_ACSEmployment,sex,26,MIL_0.0,False,0.8053892215568862,-3.5784412537719845,-3.578441253771985,-0.6541602725181228,-4.712770022389002,-4.7127700223890026,-0.3109988888567684,0.7392468460472412,0.17055555555555554
acs_PA_2018_ACSEmployment,sex,26,MIL_4.0,False,0.2698105267427534,2.8716493688526654,2.871649368852667,0.5569483995787272,0.8596235100992249,0.8596235100992246,0.19494864796448372,0.4818533261067202,0.7436111111111111
acs_PA_2018_ACSEmployment,sex,26,ANC_1.0,False,0.0546972556991433,0.48985464221918895,0.4898546422191887,0.09570458113611882,-0.18760659900848697,-0.1876065990084871,-0.07950373037683327,0.0029471040021455514,0.4313888888888889
acs_PA_2018_ACSEmployment,sex,26,ANC_2.0,False,0.0733344048862814,0.005917063292518954,0.0059170632925189355,0.0010777479290292244,0.2518863399293374,0.2518863399293378,0.1034649358539312,0.001373803904158837,0.33166666666666667
acs_PA_2018_ACSEmployment,sex,26,ANC_4.0,False,0.05636123928806855,-0.7403404637903654,-0.7403404637903651,-0.1228881511369882,-0.12259176025591345,-0.12259176025591342,-0.041099483304348226,0.0033667068253749256,0.2111111111111111
acs_PA_2018_ACSEmployment,sex,26,DREM_2.0,False,0.5690386181833371,3.2341110060727636,3.2341110060727627,0.4964179284792231,2.2926387997861575,2.2926387997861535,0.25617251270538616,0.21523387052016077,0.8922222222222222
acs_PA_2018_ACSEmployment,sex,26,__A__,True,0.06980834381007317,0.36653657928113903,0.3665365792811397,0.07197341895871487,0.060998366497303724,0.0609983664973037,0.026156091281549686,,0.5125
acs_PA_2018_ACSEmployment,sex,27,AGEP,False,0.25632873356646957,1.7395962426508087,1.7395962426508078,0.3296333163554759,-1.1313122071079447,-1.1313122071079451,-0.48681140062285383,1.5190807157968274,0.4577777777777778
acs_PA_2018_ACSEmployment,sex,27,MAR_1.0,False,0.19573865966696744,2.700985158191901,2.700985158191902,0.47217270005359396,0.277064935324954,0.27706493532495435,0.11923684409708128,0.11629744299063292,0.41805555555555557
acs_PA_2018_ACSEmployment,sex,27,MAR_5.0,False,0.13563870404712555,-2.4768720165355544,-2.4768720165355536,-0.469338526366649,-0.18234669698130657,-0.18234669698130646,-0.07308811286259222,0.14876930561803717,0.43194444444444446
acs_PA_2018_ACSEmployment,sex,27,RELP_0.0,False,0.11711277312774174,2.3178177387761543,2.3178177387761525,0.4007433720378234,0.3566082967314963,0.35660829673149563,0.15418042418005048,0.35145083572800334,0.39166666666666666
acs_PA_2018_ACSEmployment,sex,27,RELP_1.0,False,0.15318627450980393,2.2838564310658698,2.283856431065867,0.3098804256554895,0.03437358666371082,0.03437358666371098,0.01302064080375414,0.18050781733937948,0.20083333333333334
acs_PA_2018_ACSEmployment,sex,27,RELP_2.0,False,0.12935996801526017,-2.654836152194896,-2.654836152194895,-0.47879473977853365,-0.3791727342643877,-0.37917273426438697,-0.10384491586337821,0.12632957286969942,0.23555555555555555
acs_PA_2018_ACSEmployment,sex,27,SCHL_16.0,False,0.08535414165666266,1.4447012370445413,1.4447012370445425,0.23637543880341141,-0.3902274211704101,-0.3902274211704103,-0.15337956734525263,0.07375464936349518,0.26722222222222225
acs_PA_2018_ACSEmployment,sex,27,SCHL_19.0,False,0.09044308629458028,1.7101491516369867,1.7101491516369884,0.1684001105670212,-0.20592145640216009,-0.20592145640216003,-0.056654170458494184,0.0945065182964198,0.09194444444444444
acs_PA_2018_ACSEmployment,sex,27,SCHL_21.0,False,0.3699849130911691,2.5688615121123646,2.5688615121123632,0.2627617255783829,0.7585155012947973,0.758515501294797,0.2660997126709451,0.24973557341945773,0.1388888888888889
acs_PA_2018_ACSEmployment,sex,27,DIS_1.0,False,0.5418216644572791,-0.67441074262008,-0.6744107426200794,-0.1104226940288444,-1.6320781267902473,-1.6320781267902473,-0.34763259444610517,0.21426213153431137,0.16166666666666665
acs_PA_2018_ACSEmployment,sex,27,DIS_2.0,False,0.5418216644572791,0.67441074262008,0.6744107426200794,0.11042269402884439,1.6320781267902473,1.6320781267902476,0.34763259444610517,0.2142621315343112,0.8383333333333334
acs_PA_2018_ACSEmployment,sex,27,ESP_0.0,False,0.8039927404718693,3.8451706119782343,3.845170611978236,0.6837812316412618,3.255324642807558,3.255324642807552,0.35398985721397874,0.36923960584666965,0.8197222222222222
acs_PA_2018_ACSEmployment,sex,27,MIG_1.0,False,0.021033653846153855,0.7956045636224709,0.7956045636224717,0.10276918972672944,-0.2474647443612572,-0.24746474436125684,-0.06682919763952519,0.041159727991186126,0.8777777777777778
acs_PA_2018_ACSEmployment,sex,27,MIG_3.0,False,0.03145122185008509,-0.1132285722926496,-0.1132285722926496,-0.013595235196671773,0.3001525482616161,0.3001525482616161,0.07968679540485811,0.019368430617798475,0.10916666666666666
acs_PA_2018_ACSEmployment,sex,27,MIL_0.0,False,0.7972405518896221,-4.000665934583166,-4.000665934583166,-0.7163517156515591,-4.580481660752231,-4.580481660752235,-0.3470793924065982,0.6826350437964278,0.1811111111111111
acs_PA_2018_ACSEmployment,sex,27,MIL_4.0,False,0.275322056681976,3.3749107014926594,3.37491070149266,0.6310795056330463,1.0138446233488616,1.0138446233488614,0.22316291519844314,0.4395589737220077,0.7480555555555556
acs_PA_2018_ACSEmployment,sex,27,ANC_1.0,False,0.06480669589477883,0.6012408641396074,0.6012408641396071,0.11340967348827617,-0.2539633873838415,-0.25396338738384133,-0.10858403909472929,0.003850320161846822,0.43333333333333335
acs_PA_2018_ACSEmployment,sex,27,ANC_2.0,False,0.05336313430248396,-0.05537620634092422,-0.05537620634092373,-0.009796992796107303,0.2945508499712658,0.2945508499712659,0.12186423176992169,0.0012003449443682612,0.335
acs_PA_2018_ACSEmployment,sex,27,ANC_4.0,False,0.07270543969899532,-0.7918065277157145,-0.7918065277157155,-0.12384554802620326,-0.020150345209822618,-0.020150345209822458,-0.006809440367870209,0.007274500091831952,0.20305555555555554
acs_PA_2018_ACSEmployment,sex,27,DREM_2.0,False,0.5066425120772946,3.057162183339423,3.0571621833394245,0.4642199737516172,1.7816493281433219,1.7816493281433277,0.1828252682321862,0.19758367549263303,0.8869444444444444
acs_PA_2018_ACSEmployment,sex,27,__A__,True,0.053984741214531284,0.46501685048530916,0.46501685048530955,0.08813505194354991,0.07393513500910487,0.07393513500910497,0.031956511122358464,,0.5125
acs_PA_2018_ACSEmployment,sex,28,AGEP,False,0.20545805762196367,1.5574487123736078,1.5574487123736083,0.30113182893405177,-1.0873392301224523,-1.0873392301224531,-0.48157436383849,1.5726899339728064,0.49777777777777776
acs_PA_2018_ACSEmployment,sex,28,MAR_1.0,False,0.18060218552936638,2.5184368628915803,2.5184368628915816,0.44955005935692743,0.28742189432270226,0.2874218943227024,0.12609848259296677,0.12187560099248915,0.42944444444444446
acs_PA_2018_ACSEmployment,sex,28,MAR_5.0,False,0.14149763823284245,-2.3590836209942516,-2.359083620994248,-0.4560841735371864,-0.1800766236488478,-0.18007662364884755,-0.07297135803863314,0.1595753241143267,0.4102777777777778
acs_PA_2018_ACSEmployment,sex,28,RELP_0.0,False,0.1105169340463458,2.1613170884333384,2.1613170884333393,0.3863440539464369,0.36473198416144037,0.36473198416144015,0.16152068177006518,0.34929487576547613,0.40166666666666667
acs_PA_2018_ACSEmployment,sex,28,RELP_1.0,False,0.19013160109050517,2.2617367068138217,2.2617367068138203,0.31408806450088017,0.034366645233433246,0.03436664523343336,0.013423234714909738,0.19926179585810344,0.20444444444444446
acs_PA_2018_ACSEmployment,sex,28,RELP_2.0,False,0.14331073373792041,-2.5398789704405846,-2.5398789704405824,-0.46042414241759194,-0.14263210535382664,-0.1426321053538267,-0.03945584284406942,0.10907938320635757,0.225
acs_PA_2018_ACSEmployment,sex,28,SCHL_16.0,False,0.04048295454545456,1.2737494035675225,1.2737494035675225,0.21782667506223105,-0.32569826596252693,-0.32569826596252677,-0.12864520447716793,0.0909932220187914,0.27
acs_PA_2018_ACSEmployment,sex,28,SCHL_21.0,False,0.3988233524427137,2.6638192057581858,2.663819205758186,0.26247541623577425,0.6189050495086821,0.6189050495086824,0.22310726858169952,0.24001582991660714,0.135
acs_PA_2018_ACSEmployment,sex,28,DIS_1.0,False,0.5167636102215543,-0.768157290941105,-0.7681572909411041,-0.12799875745871203,-1.5649332168426051,-1.564933216842605,-0.33850990668214015,0.20813555203813586,0.16111111111111112
acs_PA_2018_ACSEmployment,sex,28,DIS_2.0,False,0.5167636102215543,0.768157290941105,0.7681572909411041,0.12799875745871203,1.5649332168426051,1.564933216842605,0.33850990668214015,0.20813555203813586,0.8388888888888889
acs_PA_2018_ACSEmployment,sex,28,ESP_0.0,False,0.8022905364677516,3.6550340386997973,3.655034038699798,0.6551560826165752,2.6726974959175833,2.6726974959175904,0.263027993032933,0.37023580360735264,0.8275
acs_PA_2018_ACSEmployment,sex,28,MIG_1.0,False,0.02527027027027029,0.7777868665731225,0.777786866573122,0.10070425327275692,-0.022616556872296134,-0.022616556872296193,-0.006487713582690196,0.055143618038998046,0.8758333333333334
acs_PA_2018_ACSEmployment,sex,28,MIG_3.0,False,0.005306786623970772,-0.2839089753241897,-0.2839089753241886,-0.03390618098138534,0.07485231951029314,0.07485231951029313,0.021142616170670793,0.035974337576146875,0.11055555555555556
acs_PA_2018_ACSEmployment,sex,28,MIL_0.0,False,0.7960526315789473,-3.827271557878517,-3.8272715578785177,-0.6869602095687959,-3.910992031466235,-3.910992031466233,-0.23848956706511584,0.6639975099601042,0.16972222222222222
acs_PA_2018_ACSEmployment,sex,28,MIL_4.0,False,0.2648000904397634,3.110735776078265,3.110735776078268,0.5914072496838196,0.8712887930214415,0.8712887930214409,0.19799598526791673,0.4434495601771786,0.7488888888888889
acs_PA_2018_ACSEmployment,sex,28,ANC_1.0,False,0.05437333716520143,0.4350465134435524,0.43504651344355166,0.08352447903864002,-0.24665953829513854,-0.24665953829513823,-0.1079478326725207,0.008363741671380688,0.4325
acs_PA_2018_ACSEmployment,sex,28,ANC_2.0,False,0.04038344491783319,-0.11429260924064177,-0.11429260924064168,-0.020622994317836776,0.22390907678086536,0.22390907678086533,0.09570614000262989,0.009663551366945234,0.34305555555555556
acs_PA_2018_ACSEmployment,sex,28,ANC_4.0,False,0.04352545402398117,-0.5507850405830452,-0.5507850405830448,-0.088128171911719,-0.02965308274871803,-0.029653082748717915,-0.009940009304676586,0.013359899668689411,0.19777777777777777
acs_PA_2018_ACSEmployment,sex,28,DREM_2.0,False,0.582850095772874,3.1553343146021673,3.155334314602168,0.46472681371544267,2.1367536873316832,2.136753687331686,0.21993733499742252,0.21965111094484885,0.8997222222222222
acs_PA_2018_ACSEmployment,sex,28,__A__,True,0.05831791353500285,0.38174108235131854,0.3817410823513183,0.07363268082846061,0.0268745093997097,0.02687450939970979,0.011898443526626598,,0.5125
acs_PA_2018_ACSEmployment,sex,29,AGEP,False,0.25500102061645236,2.11947557409336,2.1194755740933626,0.39215817488119037,-1.0602394839456382,-1.060239483945638,-0.47026671404620685,1.4750523864843155,0.4880555555555556
acs_PA_2018_ACSEmployment,sex,29,MAR_1.0,False,0.19317658543195593,2.7413772034884176,2.741377203488418,0.47193662033832906,0.3575881930684387,0.357588193068439,0.15762725886710646,0.11393110500086151,0.4280555555555556
acs_PA_2018_ACSEmployment,sex,29,MAR_5.0,False,0.13068758652514995,-2.7125240259590355,-2.712524025959035,-0.5019791592358086,-0.16822911005890917,-0.16822911005890925,-0.06823896859067044,0.13763233605387543,0.4125
acs_PA_2018_ACSEmployment,sex,29,RELP_0.0,False,0.09198589347244218,2.3669928430418734,2.366992843041874,0.4058368111727342,0.3153874833199748,0.31538748331997507,0.13967504758717927,0.3509483168780245,0.4127777777777778
acs_PA_2018_ACSEmployment,sex,29,RELP_1.0,False,0.19556090478219515,2.4497602584644134,2.4497602584644156,0.33242840737482826,0.14336233486386296,0.1433623348638627,0.054630371647938464,0.236782607248568,0.19916666666666666
acs_PA_2018_ACSEmployment,sex,29,RELP_2.0,False,0.14287205643297093,-2.9739131912844483,-2.973913191284448,-0.5144180389864484,-0.5211745696977933,-0.5211745696977934,-0.14576452890830516,0.16586866555246121,0.2238888888888889
acs_PA_2018_ACSEmployment,sex,29,SCHL_16.0,False,0.11149394403966018,1.3544539875388877,1.3544539875388895,0.21684479752539304,-0.5088364415993397,-0.5088364415993402,-0.2027715922849841,0.0010329350759628127,0.26361111111111113
acs_PA_2018_ACSEmployment,sex,29,SCHL_21.0,False,0.33444816053511706,2.465148480824915,2.465148480824916,0.22601004787405632,0.6310693969971618,0.6310693969971624,0.2231969909658989,0.20122045826451104,0.1275
acs_PA_2018_ACSEmployment,sex,29,DIS_1.0,False,0.577475390851187,-0.8704308830222427,-0.8704308830222428,-0.13413087573381016,-1.610280304674864,-1.6102803046748646,-0.3533889377943197,0.24454719333957203,0.14944444444444444
acs_PA_2018_ACSEmployment,sex,29,DIS_2.0,False,0.577475390851187,0.8704308830222427,0.8704308830222428,0.13413087573381016,1.610280304674864,1.6102803046748646,0.3533889377943197,0.24454719333957226,0.8505555555555555
acs_PA_2018_ACSEmployment,sex,29,ESP_0.0,False,0.7945783132530121,4.127118943952658,4.127118943952663,0.7098649313548889,3.5364712933262865,3.536471293326295,0.34028631175246166,0.3864343661846961,0.8263888888888888
acs_PA_2018_ACSEmployment,sex,29,MIG_1.0,False,0.005102040816326481,0.5290907794939836,0.5290907794939844,0.06659091912276877,-0.13461992855042793,-0.13461992855042776,-0.03834066511627608,0.03962726802703438,0.8744444444444445
acs_PA_2018_ACSEmployment,sex,29,MIG_3.0,False,0.02926253687315636,0.08606151781471771,0.08606151781471773,0.010248806274677256,0.19741525876920096,0.1974152587692011,0.0550854276344708,0.01780898211341927,0.11444444444444445
acs_PA_2018_ACSEmployment,sex,29,MIL_0.0,False,0.7902935889754344,-4.414398431899446,-4.414398431899448,-0.7622816677162797,-5.361701575726192,-5.361701575726189,-0.38364756822225554,0.8435190522312076,0.1736111111111111
acs_PA_2018_ACSEmployment,sex,29,MIL_4.0,False,0.2816672754576079,3.648707176950561,3.648707176950559,0.6626588044706874,1.0042076305703598,1.0042076305703604,0.23888571174736214,0.5495737321678577,0.7486111111111111
acs_PA_2018_ACSEmployment,sex,29,ANC_1.0,False,0.06679076427420794,0.508351631597955,0.508351631597954,0.09338155779790902,-0.23221497902198573,-0.23221497902198582,-0.10248017853180527,0.016913378393511033,0.44333333333333336
acs_PA_2018_ACSEmployment,sex,29,ANC_2.0,False,0.09298022561504138,-0.1399625873815884,-0.13996258738158796,-0.024220555957305327,0.31344979919395055,0.3134497991939506,0.13269156592108458,0.013592143929355267,0.33555555555555555
acs_PA_2018_ACSEmployment,sex,29,ANC_4.0,False,0.033236464390205556,-0.5620723897380433,-0.5620723897380439,-0.08632352173122267,-0.09345956686452062,-0.09345956686452024,-0.03146307064105563,0.00376314415861487,0.19916666666666666
acs_PA_2018_ACSEmployment,sex,29,DREM_2.0,False,0.5532905866872742,3.3830418563958724,3.383041856395873,0.4787004085562244,1.8388797026635098,1.8388797026635062,0.21248640819371006,0.19674235975035162,0.8972222222222223
acs_PA_2018_ACSEmployment,sex,29,__A__,True,0.06581537022236131,0.5877089642818634,0.5877089642818643,0.10853290782176722,0.10424291449975065,0.10424291449975069,0.046225554624650576,,0.5125
