auc,acc,bal_acc,eo_gap,tpr_gap,fpr_gap,dp_gap,tpr_signed,fpr_signed,worst_tpr,dataset,attr,seed,method,mu,pool_auc,est_eo_lab,nlab,strategy,proxy_auc,lab_minfrac,nlab_actual,true_eo,true_tpr_s,true_fpr_s,est_naive,est_proxy,lab_tpr_s,lab_fpr_s,q_tpr_s,q_fpr_s,param
0.8992816930598826,0.8425,0.7887135546306681,0.15639097744360897,0.15639097744360897,0.1210042788097864,0.2353909465020576,-0.15639097744360897,-0.1210042788097864,0.5488721804511278,adult,sex,21,erm,0.0,0.891475593007286,,,,,,,,,,,,,,,,
0.8984224880871665,0.8408333333333333,0.7864797044367988,0.1082706766917294,0.1082706766917294,0.09935384775290307,0.21006647673314338,-0.1082706766917294,-0.09935384775290307,0.5864661654135338,adult,sex,21,oracle,0.3,0.8919262552666497,,,,,,,,,,,,,,,,
0.8966867037513377,0.8408333333333333,0.7864797044367988,0.08684886735689662,0.06409774436090221,0.08684886735689662,0.19360557138334913,-0.06409774436090221,-0.08684886735689662,0.6240601503759399,adult,sex,21,oracle,1.0,0.891039828673852,,,,,,,,,,,,,,,,
0.892593793785015,0.8369444444444445,0.7812673873177706,0.07697238117785643,0.05488721804511276,0.07697238117785643,0.1822095599873378,-0.05488721804511276,-0.07697238117785643,0.6240601503759399,adult,sex,21,oracle,3.0,0.8873302451174375,,,,,,,,,,,,,,,,
0.881906475311198,0.8330555555555555,0.7760550701987423,0.038959689107801745,0.019172932330827064,0.038959689107801745,0.14422285533396648,-0.019172932330827064,-0.038959689107801745,0.6466165413533834,adult,sex,21,oracle,10.0,0.8761856654018949,,,,,,,,,,,,,,,,
0.8739916131335499,0.8252777777777778,0.7656304359606859,0.01920671674972138,0.009586466165413476,0.01920671674972138,0.12269705603038936,-0.009586466165413476,-0.01920671674972138,0.6390977443609023,adult,sex,21,oracle,30.0,0.867798133103657,,,,,,,,,,,,,,,,
0.8986334628276986,0.8413888888888889,0.7872243211680886,0.11842105263157887,0.11842105263157887,0.1050075355556967,0.21639759417537194,-0.11842105263157887,-0.1050075355556967,0.5789473684210527,adult,sex,21,proxy_soft,0.3,0.8917260643869738,0.5,25.0,random,0.8418341247230137,0.28,25.0,0.15639097744360897,-0.15639097744360897,-0.1210042788097864,0.5,0.12866091263521895,0.5,-0.21428571428571427,-0.12866091263521895,-0.05518833952822849,
0.8976513960943198,0.8402777777777778,0.7857350877055089,0.10695488721804514,0.10695488721804514,0.09526328249961022,0.20626780626780628,-0.10695488721804514,-0.09526328249961022,0.5864661654135338,adult,sex,21,proxy_soft,1.0,0.8913042668590982,0.5,25.0,random,0.8418341247230137,0.28,25.0,0.15639097744360897,-0.15639097744360897,-0.1210042788097864,0.5,0.12866091263521895,0.5,-0.21428571428571427,-0.12866091263521895,-0.05518833952822849,
0.8965051000040953,0.8413888888888889,0.7872243211680886,0.09250255515969026,0.08308270676691731,0.09250255515969026,0.20120291231402343,-0.08308270676691731,-0.09250255515969026,0.6090225563909775,adult,sex,21,proxy_soft,3.0,0.8904336693126004,0.5,25.0,random,0.8418341247230137,0.28,25.0,0.15639097744360897,-0.15639097744360897,-0.1210042788097864,0.5,0.12866091263521895,0.5,-0.21428571428571427,-0.12866091263521895,-0.05518833952822849,
0.8952504208118721,0.8402777777777778,0.7857350877055089,0.08744766975210619,0.08045112781954888,0.08744766975210619,0.19613801836024056,-0.08045112781954888,-0.08744766975210619,0.6090225563909775,adult,sex,21,proxy_soft,10.0,0.8889299099141041,0.5,25.0,random,0.8418341247230137,0.28,25.0,0.15639097744360897,-0.15639097744360897,-0.1210042788097864,0.5,0.12866091263521895,0.5,-0.21428571428571427,-0.12866091263521895,-0.05518833952822849,
0.8943854243756906,0.8408333333333333,0.7864797044367988,0.08841198990639743,0.07293233082706774,0.08841198990639743,0.19613801836024056,-0.07293233082706774,-0.08841198990639743,0.6165413533834586,adult,sex,21,proxy_soft,30.0,0.8878935729416421,0.5,25.0,random,0.8418341247230137,0.28,25.0,0.15639097744360897,-0.15639097744360897,-0.1210042788097864,0.5,0.12866091263521895,0.5,-0.21428571428571427,-0.12866091263521895,-0.05518833952822849,
0.896498894864668,0.8413888888888889,0.7872243211680886,0.10188129045669511,0.09191729323308273,0.10188129045669511,0.21006647673314338,-0.09191729323308273,-0.10188129045669511,0.6015037593984962,adult,sex,21,proxy_confident,0.3,0.889631974673526,0.5,25.0,random,0.8418341247230137,0.28,25.0,0.15639097744360897,-0.15639097744360897,-0.1210042788097864,0.5,0.12866091263521895,0.5,-0.21428571428571427,-0.12866091263521895,-0.05518833952822849,
0.8950319999040272,0.8408333333333333,0.7864797044367988,0.09935384775290307,0.08176691729323304,0.09935384775290307,0.20626780626780628,-0.08176691729323304,-0.09935384775290307,0.6090225563909775,adult,sex,21,proxy_confident,1.0,0.8880081007472241,0.5,25.0,random,0.8418341247230137,0.28,25.0,0.15639097744360897,-0.15639097744360897,-0.1210042788097864,0.5,0.12866091263521895,0.5,-0.21428571428571427,-0.12866091263521895,-0.05518833952822849,
0.8940470374389156,0.8413888888888889,0.7872243211680886,0.09719192280819267,0.0742481203007519,0.09719192280819267,0.20373535929091485,-0.0742481203007519,-0.09719192280819267,0.6165413533834586,adult,sex,21,proxy_confident,3.0,0.8868311645988035,0.5,25.0,random,0.8418341247230137,0.28,25.0,0.15639097744360897,-0.15639097744360897,-0.1210042788097864,0.5,0.12866091263521895,0.5,-0.21428571428571427,-0.12866091263521895,-0.05518833952822849,
0.8935878571212869,0.8419444444444445,0.7879689378993784,0.0981562429624839,0.07556390977443617,0.0981562429624839,0.20500158277936054,-0.07556390977443617,-0.0981562429624839,0.6165413533834586,adult,sex,21,proxy_confident,10.0,0.8860871994227053,0.5,25.0,random,0.8418341247230137,0.28,25.0,0.15639097744360897,-0.15639097744360897,-0.1210042788097864,0.5,0.12866091263521895,0.5,-0.21428571428571427,-0.12866091263521895,-0.05518833952822849,
0.8934112174855865,0.8413888888888889,0.7872243211680886,0.0987550453576935,0.08308270676691731,0.0987550453576935,0.20626780626780628,-0.08308270676691731,-0.0987550453576935,0.6090225563909775,adult,sex,21,proxy_confident,30.0,0.8858693172559882,0.5,25.0,random,0.8418341247230137,0.28,25.0,0.15639097744360897,-0.15639097744360897,-0.1210042788097864,0.5,0.12866091263521895,0.5,-0.21428571428571427,-0.12866091263521895,-0.05518833952822849,
0.881554023391721,0.8269444444444445,0.7678642861545552,0.0643039860491168,0.03063909774436091,0.0643039860491168,0.15435264324153214,0.03063909774436091,-0.0643039860491168,0.6460526315789473,adult,sex,21,related_feats,0.3,0.8786661700691357,0.5,25.0,random,0.8418341247230137,0.28,25.0,0.15639097744360897,-0.15639097744360897,-0.1210042788097864,0.5,0.12866091263521895,0.5,-0.21428571428571427,-0.12866091263521895,-0.05518833952822849,
0.855201209919453,0.8013888888888889,0.7336119165152268,0.06466165413533842,0.06466165413533842,0.04808146484273497,0.12269705603038936,0.06466165413533842,-0.04808146484273497,0.5894736842105263,adult,sex,21,related_feats,1.0,0.8588761377127028,0.25,25.0,random,0.8418341247230137,0.28,25.0,0.15639097744360897,-0.15639097744360897,-0.1210042788097864,0.5,0.12866091263521895,0.5,-0.21428571428571427,-0.12866091263521895,-0.05518833952822849,
0.7952790058208346,0.7686111111111111,0.6896795293691317,0.02744360902255638,0.02744360902255638,0.017759659081066415,0.08597657486546378,0.02744360902255638,-0.017759659081066415,0.5289473684210526,adult,sex,21,related_feats,3.0,0.8054614865336717,0.5,25.0,random,0.8418341247230137,0.28,25.0,0.15639097744360897,-0.15639097744360897,-0.1210042788097864,0.5,0.12866091263521895,0.5,-0.21428571428571427,-0.12866091263521895,-0.05518833952822849,
0.7317470652793079,0.7413888888888889,0.6531933095359341,0.021240601503759393,0.021240601503759393,0.00020729996131169104,0.05811965811965811,0.021240601503759393,-0.00020729996131169104,0.475,adult,sex,21,related_feats,10.0,0.7465280849181778,0.75,25.0,random,0.8418341247230137,0.28,25.0,0.15639097744360897,-0.15639097744360897,-0.1210042788097864,0.5,0.12866091263521895,0.5,-0.21428571428571427,-0.12866091263521895,-0.05518833952822849,
0.7061835455422072,0.7280555555555556,0.6353225079849802,0.022936383741677696,0.0001879699248120703,0.022936383741677696,0.035327635327635304,-0.0001879699248120703,0.022936383741677696,0.45112781954887216,adult,sex,21,related_feats,30.0,0.7245825089038385,0.75,25.0,random,0.8418341247230137,0.28,25.0,0.15639097744360897,-0.15639097744360897,-0.1210042788097864,0.5,0.12866091263521895,0.5,-0.21428571428571427,-0.12866091263521895,-0.05518833952822849,
0.8985920952315157,0.8408333333333333,0.7864797044367988,0.1082706766917294,0.1082706766917294,0.10248009285190468,0.2125989237100348,-0.1082706766917294,-0.10248009285190468,0.5864661654135338,adult,sex,21,proxy_soft,0.3,0.8923210503037781,0.4545454545454546,50.0,random,0.8430054447610004,0.38,50.0,0.15639097744360897,-0.15639097744360897,-0.1210042788097864,0.4545454545454546,0.17238272958256273,0.4545454545454546,-0.19444444444444445,-0.17238272958256273,-0.1287407548676533,
0.897038741994853,0.8397222222222223,0.7849904709742193,0.0927358397958182,0.08796992481203014,0.0927358397958182,0.20120291231402343,-0.08796992481203014,-0.0927358397958182,0.6015037593984962,adult,sex,21,proxy_soft,1.0,0.8919672245629554,0.4545454545454546,50.0,random,0.8430054447610004,0.38,50.0,0.15639097744360897,-0.15639097744360897,-0.1210042788097864,0.4545454545454546,0.17238272958256273,0.4545454545454546,-0.19444444444444445,-0.17238272958256273,-0.1287407548676533,
0.8934017029384644,0.8391666666666666,0.7842458542429296,0.08239278434452213,0.06015037593984962,0.08239278434452213,0.18854067742956632,-0.06015037593984962,-0.08239278434452213,0.6240601503759399,adult,sex,21,proxy_soft,3.0,0.8893666053679091,0.4545454545454546,50.0,random,0.8430054447610004,0.38,50.0,0.15639097744360897,-0.15639097744360897,-0.1210042788097864,0.4545454545454546,0.17238272958256273,0.4545454545454546,-0.19444444444444445,-0.17238272958256273,-0.1287407548676533,
0.877286542169507,0.8263888888888888,0.7671196694232654,0.061776543345324786,0.02988721804511274,0.061776543345324786,0.16068376068376067,-0.02988721804511274,-0.061776543345324786,0.6240601503759399,adult,sex,21,proxy_soft,10.0,0.8738122395772713,0.5454545454545454,50.0,random,0.8430054447610004,0.38,50.0,0.15639097744360897,-0.15639097744360897,-0.1210042788097864,0.4545454545454546,0.17238272958256273,0.4545454545454546,-0.19444444444444445,-0.17238272958256273,-0.1287407548676533,
0.8639930651361758,0.8180555555555555,0.7559504184539192,0.06137984397646366,0.05432330827067677,0.06137984397646366,0.15941753719531498,-0.05432330827067677,-0.06137984397646366,0.5864661654135338,adult,sex,21,proxy_soft,30.0,0.8605633278242044,0.5454545454545454,50.0,random,0.8430054447610004,0.38,50.0,0.15639097744360897,-0.15639097744360897,-0.1210042788097864,0.4545454545454546,0.17238272958256273,0.4545454545454546,-0.19444444444444445,-0.17238272958256273,-0.1287407548676533,
0.8977378543703418,0.8419444444444445,0.7879689378993784,0.11090225563909772,0.11090225563909772,0.10284561061098632,0.21386514719848052,-0.11090225563909772,-0.10284561061098632,0.5864661654135338,adult,sex,21,proxy_confident,0.3,0.8919932959333319,0.4545454545454546,50.0,random,0.8430054447610004,0.38,50.0,0.15639097744360897,-0.15639097744360897,-0.1210042788097864,0.4545454545454546,0.17238272958256273,0.4545454545454546,-0.19444444444444445,-0.17238272958256273,-0.1287407548676533,
0.8922144529280192,0.8386111111111111,0.7835012375116398,0.09705968968523898,0.08533834586466171,0.09705968968523898,0.20373535929091485,-0.08533834586466171,-0.09705968968523898,0.6015037593984962,adult,sex,21,proxy_confident,1.0,0.887745524802719,0.4545454545454546,50.0,random,0.8430054447610004,0.38,50.0,0.15639097744360897,-0.15639097744360897,-0.1210042788097864,0.4545454545454546,0.17238272958256273,0.4545454545454546,-0.19444444444444445,-0.17238272958256273,-0.1287407548676533,
0.8786173377387064,0.8308333333333333,0.7730766032735834,0.08199608497566102,0.06691729323308271,0.08199608497566102,0.18474200696422916,-0.06691729323308271,-0.08199608497566102,0.6015037593984962,adult,sex,21,proxy_confident,3.0,0.8756707558369609,0.5454545454545454,50.0,random,0.8430054447610004,0.38,50.0,0.15639097744360897,-0.15639097744360897,-0.1210042788097864,0.4545454545454546,0.17238272958256273,0.4545454545454546,-0.19444444444444445,-0.17238272958256273,-0.1287407548676533,
0.8693381722389508,0.8225,0.7619073523042372,0.0815993856067999,0.05601503759398496,0.0815993856067999,0.17841088952200063,-0.05601503759398496,-0.0815993856067999,0.5939849624060151,adult,sex,21,proxy_confident,10.0,0.8666984799459951,0.5454545454545454,50.0,random,0.8430054447610004,0.38,50.0,0.15639097744360897,-0.15639097744360897,-0.1210042788097864,0.4545454545454546,0.17238272958256273,0.4545454545454546,-0.19444444444444445,-0.17238272958256273,-0.1287407548676533,
0.8659021797000105,0.8202777777777778,0.7589288853790781,0.07461585989063338,0.05958646616541352,0.07461585989063338,0.17207977207977207,-0.05958646616541352,-0.07461585989063338,0.5864661654135338,adult,sex,21,proxy_confident,30.0,0.8639684350194372,0.5454545454545454,50.0,random,0.8430054447610004,0.38,50.0,0.15639097744360897,-0.15639097744360897,-0.1210042788097864,0.4545454545454546,0.17238272958256273,0.4545454545454546,-0.19444444444444445,-0.17238272958256273,-0.1287407548676533,
0.8823275974403386,0.8363888888888888,0.7805227705864809,0.08538679632057003,0.0005639097744360999,0.08538679632057003,0.18094333649889205,-0.0005639097744360999,-0.08538679632057003,0.6691729323308271,adult,sex,21,related_feats,0.3,0.8757592122721665,0.4545454545454546,50.0,random,0.8430054447610004,0.38,50.0,0.15639097744360897,-0.15639097744360897,-0.1210042788097864,0.4545454545454546,0.17238272958256273,0.4545454545454546,-0.19444444444444445,-0.17238272958256273,-0.1287407548676533,
0.8629638393431487,0.8208333333333333,0.759673502110368,0.07245393494592299,0.02744360902255638,0.07245393494592299,0.15815131370686925,0.02744360902255638,-0.07245393494592299,0.6342105263157894,adult,sex,21,related_feats,1.0,0.8602346423333876,0.5454545454545454,50.0,random,0.8430054447610004,0.38,50.0,0.15639097744360897,-0.15639097744360897,-0.1210042788097864,0.4545454545454546,0.17238272958256273,0.4545454545454546,-0.19444444444444445,-0.17238272958256273,-0.1287407548676533,
0.8296985005487411,0.7991666666666667,0.7306334495900678,0.025466713631560417,0.0007518796992480592,0.025466713631560417,0.1125672681228237,-0.0007518796992480592,-0.025466713631560417,0.5939849624060151,adult,sex,21,related_feats,3.0,0.8304099257431503,0.5454545454545454,50.0,random,0.8430054447610004,0.38,50.0,0.15639097744360897,-0.15639097744360897,-0.1210042788097864,0.4545454545454546,0.17238272958256273,0.4545454545454546,-0.19444444444444445,-0.17238272958256273,-0.1287407548676533,
0.775412631430024,0.7619444444444444,0.6807441285936549,0.07161654135338352,0.07161654135338352,0.05790020729996129,0.035327635327635304,-0.07161654135338352,0.05790020729996129,0.45864661654135336,adult,sex,21,related_feats,10.0,0.7758583765916339,0.45454545454545453,50.0,random,0.8430054447610004,0.38,50.0,0.15639097744360897,-0.15639097744360897,-0.1210042788097864,0.4545454545454546,0.17238272958256273,0.4545454545454546,-0.19444444444444445,-0.17238272958256273,-0.1287407548676533,
0.7417551278238037,0.7375,0.6479809924169059,0.101893416638276,0.04022556390977444,0.101893416638276,0.017853751187084543,-0.04022556390977444,0.101893416638276,0.43609022556390975,adult,sex,21,related_feats,30.0,0.7439516748527667,0.2727272727272727,50.0,random,0.8430054447610004,0.38,50.0,0.15639097744360897,-0.15639097744360897,-0.1210042788097864,0.4545454545454546,0.17238272958256273,0.4545454545454546,-0.19444444444444445,-0.17238272958256273,-0.1287407548676533,
0.8978346545454093,0.8413888888888889,0.7872243211680886,0.10075187969924815,0.10075187969924815,0.09406567770919105,0.20500158277936054,-0.10075187969924815,-0.09406567770919105,0.5939849624060151,adult,sex,21,proxy_soft,0.3,0.8915566004795271,0.24117647058823533,100.0,random,0.8861623931623932,0.34,100.0,0.15639097744360897,-0.15639097744360897,-0.1210042788097864,0.27450980392156865,0.19813438138656353,0.08333333333333337,-0.27450980392156865,-0.19813438138656353,-0.10342235279683792,
0.8955102093158999,0.8397222222222223,0.7849904709742193,0.08492022704831417,0.02612781954887211,0.08492022704831417,0.1860082304526749,-0.02612781954887211,-0.08492022704831417,0.6541353383458647,adult,sex,21,proxy_soft,1.0,0.890223236108848,0.33333333333333337,100.0,random,0.8861623931623932,0.34,100.0,0.15639097744360897,-0.15639097744360897,-0.1210042788097864,0.27450980392156865,0.19813438138656353,0.08333333333333337,-0.27450980392156865,-0.19813438138656353,-0.10342235279683792,
0.8920270577173112,0.8425,0.7887135546306681,0.07254747977526144,0.011466165413533846,0.07254747977526144,0.17207977207977207,0.011466165413533846,-0.07254747977526144,0.6802631578947368,adult,sex,21,proxy_soft,3.0,0.8872203729137084,0.4,100.0,random,0.8861623931623932,0.34,100.0,0.15639097744360897,-0.15639097744360897,-0.1210042788097864,0.27450980392156865,0.19813438138656353,0.08333333333333337,-0.27450980392156865,-0.19813438138656353,-0.10342235279683792,
0.884313655733073,0.8386111111111111,0.7835012375116398,0.05641850339821802,0.02951127819548871,0.05641850339821802,0.15435264324153214,0.02951127819548871,-0.05641850339821802,0.6697368421052632,adult,sex,21,proxy_soft,10.0,0.8796829535138155,0.4,100.0,random,0.8861623931623932,0.34,100.0,0.15639097744360897,-0.15639097744360897,-0.1210042788097864,0.27450980392156865,0.19813438138656353,0.08333333333333337,-0.27450980392156865,-0.19813438138656353,-0.10342235279683792,
0.8777602011457997,0.8341666666666666,0.7775443036613219,0.04714081961438743,0.04003759398496243,0.04714081961438743,0.14295663184552074,0.04003759398496243,-0.04714081961438743,0.6592105263157895,adult,sex,21,proxy_soft,30.0,0.8729043972159501,0.4,100.0,random,0.8861623931623932,0.34,100.0,0.15639097744360897,-0.15639097744360897,-0.1210042788097864,0.27450980392156865,0.19813438138656353,0.08333333333333337,-0.27450980392156865,-0.19813438138656353,-0.10342235279683792,
0.897190147396882,0.8413888888888889,0.7872243211680886,0.09406567770919105,0.0742481203007519,0.09406567770919105,0.20120291231402343,-0.0742481203007519,-0.09406567770919105,0.6165413533834586,adult,sex,21,proxy_confident,0.3,0.8911226983868339,0.33333333333333337,100.0,random,0.8861623931623932,0.34,100.0,0.15639097744360897,-0.15639097744360897,-0.1210042788097864,0.27450980392156865,0.19813438138656353,0.08333333333333337,-0.27450980392156865,-0.19813438138656353,-0.10342235279683792,
0.8945467580008034,0.8408333333333333,0.7864797044367988,0.09153823500539904,0.03759398496240607,0.09153823500539904,0.19360557138334913,-0.03759398496240607,-0.09153823500539904,0.6466165413533834,adult,sex,21,proxy_confident,1.0,0.8888489024418633,0.33333333333333337,100.0,random,0.8861623931623932,0.34,100.0,0.15639097744360897,-0.15639097744360897,-0.1210042788097864,0.27450980392156865,0.19813438138656353,0.08333333333333337,-0.27450980392156865,-0.19813438138656353,-0.10342235279683792,
0.8915095490890649,0.8408333333333333,0.7864797044367988,0.0805963771588934,0.019924812030075234,0.0805963771588934,0.1822095599873378,-0.019924812030075234,-0.0805963771588934,0.6616541353383458,adult,sex,21,proxy_confident,3.0,0.886020158756023,0.4,100.0,random,0.8861623931623932,0.34,100.0,0.15639097744360897,-0.15639097744360897,-0.1210042788097864,0.27450980392156865,0.19813438138656353,0.08333333333333337,-0.27450980392156865,-0.19813438138656353,-0.10342235279683792,
0.8897179184983892,0.8386111111111111,0.7835012375116398,0.0783022190912293,0.014661654135338376,0.0783022190912293,0.17841088952200063,-0.014661654135338376,-0.0783022190912293,0.6616541353383458,adult,sex,21,proxy_confident,10.0,0.8843199329593333,0.4,100.0,random,0.8861623931623932,0.34,100.0,0.15639097744360897,-0.15639097744360897,-0.1210042788097864,0.27450980392156865,0.19813438138656353,0.08333333333333337,-0.27450980392156865,-0.19813438138656353,-0.10342235279683792,
0.8890419719767629,0.8391666666666666,0.7842458542429296,0.07614029414651893,0.0071428571428571175,0.07614029414651893,0.17587844254510918,-0.0071428571428571175,-0.07614029414651893,0.6691729323308271,adult,sex,21,proxy_confident,30.0,0.8837119113573407,0.4,100.0,random,0.8861623931623932,0.34,100.0,0.15639097744360897,-0.15639097744360897,-0.1210042788097864,0.27450980392156865,0.19813438138656353,0.08333333333333337,-0.27450980392156865,-0.19813438138656353,-0.10342235279683792,
0.8840944074733046,0.8375,0.7820120040490603,0.07481045623314606,0.012030075187969946,0.07481045623314606,0.1746122190566635,-0.012030075187969946,-0.07481045623314606,0.6616541353383458,adult,sex,21,related_feats,0.3,0.8784929816802067,0.35,100.0,random,0.8861623931623932,0.34,100.0,0.15639097744360897,-0.15639097744360897,-0.1210042788097864,0.27450980392156865,0.19813438138656353,0.08333333333333337,-0.27450980392156865,-0.19813438138656353,-0.10342235279683792,
0.8640307096487023,0.8252777777777778,0.7656304359606859,0.03483794224472944,0.016917293233082664,0.03483794224472944,0.13156062044950934,0.016917293233082664,-0.03483794224472944,0.6447368421052632,adult,sex,21,related_feats,1.0,0.8600679717870529,0.35,100.0,random,0.8861623931623932,0.34,100.0,0.15639097744360897,-0.15639097744360897,-0.1210042788097864,0.27450980392156865,0.19813438138656353,0.08333333333333337,-0.27450980392156865,-0.19813438138656353,-0.10342235279683792,
0.8344305398760876,0.8052777777777778,0.738824233634255,0.023569254932757425,0.002443609022556359,0.023569254932757425,0.11383349161126938,0.002443609022556359,-0.023569254932757425,0.6065789473684211,adult,sex,21,related_feats,3.0,0.8309611490025374,0.2833333333333333,100.0,random,0.8861623931623932,0.34,100.0,0.15639097744360897,-0.15639097744360897,-0.1210042788097864,0.27450980392156865,0.19813438138656353,0.08333333333333337,-0.27450980392156865,-0.19813438138656353,-0.10342235279683792,
0.7962780332686482,0.7891666666666667,0.7172303484268524,0.0049827057553167575,0.0035714285714285587,0.0049827057553167575,0.09104146881924657,-0.0035714285714285587,-0.0049827057553167575,0.5714285714285714,adult,sex,21,related_feats,10.0,0.7922740287250635,0.35,100.0,random,0.8861623931623932,0.34,100.0,0.15639097744360897,-0.15639097744360897,-0.1210042788097864,0.27450980392156865,0.19813438138656353,0.08333333333333337,-0.27450980392156865,-0.19813438138656353,-0.10342235279683792,
0.7736420983134018,0.7786111111111111,0.7030826305323472,0.018028744824718917,0.003759398496240518,0.018028744824718917,0.0657169990503324,0.003759398496240518,0.018028744824718917,0.5526315789473685,adult,sex,21,related_feats,30.0,0.7707995996182406,0.2833333333333333,100.0,random,0.8861623931623932,0.34,100.0,0.15639097744360897,-0.15639097744360897,-0.1210042788097864,0.27450980392156865,0.19813438138656353,0.08333333333333337,-0.27450980392156865,-0.19813438138656353,-0.10342235279683792,
0.8979980565503314,0.8413888888888889,0.7872243211680886,0.10958646616541357,0.10958646616541357,0.0987550453576935,0.21006647673314338,-0.10958646616541357,-0.0987550453576935,0.5864661654135338,adult,sex,21,proxy_soft,0.3,0.8916078120999091,0.32770270270270274,200.0,random,0.9049469452358342,0.34,200.0,0.15639097744360897,-0.15639097744360897,-0.1210042788097864,0.32770270270270274,0.1891614418350145,-0.32770270270270274,-0.06140350877192983,-0.1891614418350145,-0.10172251661054918,
0.89578861323821,0.8402777777777778,0.7857350877055089,0.08432142465310458,0.06278195488721805,0.08432142465310458,0.19107312440645777,-0.06278195488721805,-0.08432142465310458,0.6240601503759399,adult,sex,21,proxy_soft,1.0,0.890428082590377,0.30067567567567566,200.0,random,0.9049469452358342,0.34,200.0,0.15639097744360897,-0.15639097744360897,-0.1210042788097864,0.32770270270270274,0.1891614418350145,-0.32770270270270274,-0.06140350877192983,-0.1891614418350145,-0.10172251661054918,
0.8913759317533946,0.8386111111111111,0.7835012375116398,0.06736036124472365,0.050000000000000044,0.06736036124472365,0.1746122190566635,-0.050000000000000044,-0.06736036124472365,0.631578947368421,adult,sex,21,proxy_soft,3.0,0.8865425172839219,0.30067567567567566,200.0,random,0.9049469452358342,0.34,200.0,0.15639097744360897,-0.15639097744360897,-0.1210042788097864,0.32770270270270274,0.1891614418350145,-0.32770270270270274,-0.06140350877192983,-0.1891614418350145,-0.10172251661054918,
0.8792361969776007,0.8330555555555555,0.7760550701987423,0.046775301855305776,0.0368421052631579,0.046775301855305776,0.15308641975308646,-0.0368421052631579,-0.046775301855305776,0.631578947368421,adult,sex,21,proxy_soft,10.0,0.8739872902069415,0.30067567567567566,200.0,random,0.9049469452358342,0.34,200.0,0.15639097744360897,-0.15639097744360897,-0.1210042788097864,0.32770270270270274,0.1891614418350145,-0.32770270270270274,-0.06140350877192983,-0.1891614418350145,-0.10172251661054918,
0.8702631516895974,0.8252777777777778,0.7656304359606859,0.01920671674972138,0.018421052631579005,0.01920671674972138,0.1239632795188351,-0.018421052631579005,-0.01920671674972138,0.631578947368421,adult,sex,21,proxy_soft,30.0,0.8651658558160106,0.17567567567567566,200.0,random,0.9049469452358342,0.34,200.0,0.15639097744360897,-0.15639097744360897,-0.1210042788097864,0.32770270270270274,0.1891614418350145,-0.32770270270270274,-0.06140350877192983,-0.1891614418350145,-0.10172251661054918,
0.8980762413071166,0.8413888888888889,0.7872243211680886,0.11842105263157887,0.11842105263157887,0.1050075355556967,0.21639759417537194,-0.11842105263157887,-0.1050075355556967,0.5789473684210527,adult,sex,21,proxy_confident,0.3,0.8915361158313743,0.32770270270270274,200.0,random,0.9049469452358342,0.34,200.0,0.15639097744360897,-0.15639097744360897,-0.1210042788097864,0.32770270270270274,0.1891614418350145,-0.32770270270270274,-0.06140350877192983,-0.1891614418350145,-0.10172251661054918,
0.8962961936433725,0.8413888888888889,0.7872243211680886,0.10075187969924815,0.10075187969924815,0.10031816790719428,0.21006647673314338,-0.10075187969924815,-0.10031816790719428,0.5939849624060151,adult,sex,21,proxy_confident,1.0,0.8902716543681186,0.30067567567567566,200.0,random,0.9049469452358342,0.34,200.0,0.15639097744360897,-0.15639097744360897,-0.1210042788097864,0.32770270270270274,0.1891614418350145,-0.32770270270270274,-0.06140350877192983,-0.1891614418350145,-0.10172251661054918,
0.8940242852610151,0.8419444444444445,0.7879689378993784,0.09190375276448069,0.07556390977443617,0.09190375276448069,0.19993668882557775,-0.07556390977443617,-0.09190375276448069,0.6165413533834586,adult,sex,21,proxy_confident,3.0,0.888406620265835,0.30067567567567566,200.0,random,0.9049469452358342,0.34,200.0,0.15639097744360897,-0.15639097744360897,-0.1210042788097864,0.32770270270270274,0.1891614418350145,-0.32770270270270274,-0.06140350877192983,-0.1891614418350145,-0.10172251661054918,
0.8926723922177623,0.8397222222222223,0.7849904709742193,0.08179398194931256,0.07030075187969931,0.08179398194931256,0.189806900918012,-0.07030075187969931,-0.08179398194931256,0.6165413533834586,adult,sex,21,proxy_confident,10.0,0.8871626434507321,0.30067567567567566,200.0,random,0.9049469452358342,0.34,200.0,0.15639097744360897,-0.15639097744360897,-0.1210042788097864,0.32770270270270274,0.1891614418350145,-0.32770270270270274,-0.06140350877192983,-0.1891614418350145,-0.10172251661054918,
0.8921859092866531,0.8397222222222223,0.7849904709742193,0.08179398194931256,0.07030075187969931,0.08179398194931256,0.189806900918012,-0.07030075187969931,-0.08179398194931256,0.6165413533834586,adult,sex,21,proxy_confident,30.0,0.8865918666635629,0.30067567567567566,200.0,random,0.9049469452358342,0.34,200.0,0.15639097744360897,-0.15639097744360897,-0.1210042788097864,0.32770270270270274,0.1891614418350145,-0.32770270270270274,-0.06140350877192983,-0.1891614418350145,-0.10172251661054918,
0.8859795288313531,0.8363888888888888,0.7805227705864809,0.06819244827606119,0.0005639097744360999,0.06819244827606119,0.16701487812598922,-0.0005639097744360999,-0.06819244827606119,0.6691729323308271,adult,sex,21,related_feats,0.3,0.8766633301520053,0.3986486486486487,200.0,random,0.9049469452358342,0.34,200.0,0.15639097744360897,-0.15639097744360897,-0.1210042788097864,0.32770270270270274,0.1891614418350145,-0.32770270270270274,-0.06140350877192983,-0.1891614418350145,-0.10172251661054918,
0.8734041932677545,0.8263888888888888,0.7671196694232654,0.03676658255331189,0.023120300751879763,0.03676658255331189,0.13282684393795507,0.023120300751879763,-0.03676658255331189,0.6460526315789473,adult,sex,21,related_feats,1.0,0.8644954491491889,0.3986486486486487,200.0,random,0.9049469452358342,0.34,200.0,0.15639097744360897,-0.15639097744360897,-0.1210042788097864,0.32770270270270274,0.1891614418350145,-0.32770270270270274,-0.06140350877192983,-0.1891614418350145,-0.10172251661054918,
0.8447285892698246,0.8125,0.7485042511410217,0.0220373139930361,0.005827067669172958,0.0220373139930361,0.11763216207660648,-0.005827067669172958,-0.0220373139930361,0.6165413533834586,adult,sex,21,related_feats,3.0,0.8359230894573896,0.2736486486486487,200.0,random,0.9049469452358342,0.34,200.0,0.15639097744360897,-0.15639097744360897,-0.1210042788097864,0.32770270270270274,0.1891614418350145,-0.32770270270270274,-0.06140350877192983,-0.1891614418350145,-0.10172251661054918,
0.8132540537141689,0.7963888888888889,0.726910365933619,0.011842105263157876,0.011842105263157876,0.004364847931908611,0.08850902184235515,-0.011842105263157876,0.004364847931908611,0.5789473684210527,adult,sex,21,related_feats,10.0,0.8011243278474824,0.2466216216216216,200.0,random,0.9049469452358342,0.34,200.0,0.15639097744360897,-0.15639097744360897,-0.1210042788097864,0.32770270270270274,0.1891614418350145,-0.32770270270270274,-0.06140350877192983,-0.1891614418350145,-0.10172251661054918,
0.8000478623087834,0.7925,0.7216980488145908,0.009551966462446382,0.0026315789473684292,0.009551966462446382,0.08091168091168091,-0.0026315789473684292,0.009551966462446382,0.5789473684210527,adult,sex,21,related_feats,30.0,0.7869228799553063,0.16554054054054057,200.0,random,0.9049469452358342,0.34,200.0,0.15639097744360897,-0.15639097744360897,-0.1210042788097864,0.32770270270270274,0.1891614418350145,-0.32770270270270274,-0.06140350877192983,-0.1891614418350145,-0.10172251661054918,
0.898317828068824,0.8408333333333333,0.7864797044367988,0.1082706766917294,0.1082706766917294,0.10091697030240387,0.21133270022158912,-0.1082706766917294,-0.10091697030240387,0.5864661654135338,adult,sex,21,proxy_soft,0.3,0.8917437556740149,0.08305830583058307,400.0,random,0.9073782209559988,0.3075,400.0,0.15639097744360897,-0.15639097744360897,-0.1210042788097864,0.088008800880088,0.19711752124471643,-0.08000000000000007,-0.088008800880088,-0.19711752124471643,-0.10782701944663739,
0.8966114147262851,0.8402777777777778,0.7857350877055089,0.0892857142857143,0.0892857142857143,0.08744766975210619,0.19740424184868632,-0.0892857142857143,-0.08744766975210619,0.6015037593984962,adult,sex,21,proxy_soft,1.0,0.8908238087478759,0.08000000000000007,400.0,random,0.9073782209559988,0.3075,400.0,0.15639097744360897,-0.15639097744360897,-0.1210042788097864,0.088008800880088,0.19711752124471643,-0.08000000000000007,-0.088008800880088,-0.19711752124471643,-0.10782701944663739,
0.8928233839438295,0.8391666666666666,0.7842458542429296,0.07614029414651893,0.06015037593984962,0.07614029414651893,0.18347578347578347,-0.06015037593984962,-0.07614029414651893,0.6240601503759399,adult,sex,21,proxy_soft,3.0,0.8872417886822319,0.07999999999999996,400.0,random,0.9073782209559988,0.3075,400.0,0.15639097744360897,-0.15639097744360897,-0.1210042788097864,0.088008800880088,0.19711752124471643,-0.08000000000000007,-0.088008800880088,-0.19711752124471643,-0.10782701944663739,
0.8827052835934872,0.8341666666666666,0.7775443036613219,0.05714285714285716,0.05714285714285716,0.053393309812390655,0.1619499841722064,-0.05714285714285716,-0.053393309812390655,0.6165413533834586,adult,sex,21,proxy_soft,10.0,0.8761335226611421,0.07999999999999996,400.0,random,0.9073782209559988,0.3075,400.0,0.15639097744360897,-0.15639097744360897,-0.1210042788097864,0.088008800880088,0.19711752124471643,-0.08000000000000007,-0.088008800880088,-0.19711752124471643,-0.10782701944663739,
0.8752814547825285,0.8297222222222222,0.771587369811004,0.05545112781954886,0.05545112781954886,0.030047523083052793,0.1404241848686293,-0.05545112781954886,-0.030047523083052793,0.6090225563909775,adult,sex,21,proxy_soft,30.0,0.8676621895295515,0.07999999999999996,400.0,random,0.9073782209559988,0.3075,400.0,0.15639097744360897,-0.15639097744360897,-0.1210042788097864,0.088008800880088,0.19711752124471643,-0.08000000000000007,-0.088008800880088,-0.19711752124471643,-0.10782701944663739,
0.898562724238226,0.8425,0.7887135546306681,0.12988721804511283,0.12988721804511283,0.10537305331477835,0.21893004115226336,-0.12988721804511283,-0.10537305331477835,0.5714285714285714,adult,sex,21,proxy_confident,0.3,0.8913889988128216,0.08305830583058307,400.0,random,0.9073782209559988,0.3075,400.0,0.15639097744360897,-0.15639097744360897,-0.1210042788097864,0.088008800880088,0.19711752124471643,-0.08000000000000007,-0.088008800880088,-0.19711752124471643,-0.10782701944663739,
0.8971400926055008,0.8430555555555556,0.7894581713619577,0.11353383458646615,0.11353383458646615,0.10321112837006796,0.21513137068692625,-0.11353383458646615,-0.10321112837006796,0.5864661654135338,adult,sex,21,proxy_confident,1.0,0.8900193207476896,0.08000000000000007,400.0,random,0.9073782209559988,0.3075,400.0,0.15639097744360897,-0.15639097744360897,-0.1210042788097864,0.088008800880088,0.19711752124471643,-0.08000000000000007,-0.088008800880088,-0.19711752124471643,-0.10782701944663739,
0.8953335696801994,0.8419444444444445,0.7879689378993784,0.11090225563909772,0.11090225563909772,0.0965931204129831,0.2088002532446977,-0.11090225563909772,-0.0965931204129831,0.5864661654135338,adult,sex,21,proxy_confident,3.0,0.8881012127842827,0.08000000000000007,400.0,random,0.9073782209559988,0.3075,400.0,0.15639097744360897,-0.15639097744360897,-0.1210042788097864,0.088008800880088,0.19711752124471643,-0.08000000000000007,-0.088008800880088,-0.19711752124471643,-0.10782701944663739,
0.8942484976323257,0.8425,0.7887135546306681,0.1210526315789473,0.1210526315789473,0.09912056311677511,0.2125989237100348,-0.1210526315789473,-0.09912056311677511,0.5789473684210527,adult,sex,21,proxy_confident,10.0,0.8868805139784446,0.08000000000000007,400.0,random,0.9073782209559988,0.3075,400.0,0.15639097744360897,-0.15639097744360897,-0.1210042788097864,0.088008800880088,0.19711752124471643,-0.08000000000000007,-0.088008800880088,-0.19711752124471643,-0.10782701944663739,
0.8938306849108798,0.8419444444444445,0.7879689378993784,0.11973684210526314,0.11973684210526314,0.0981562429624839,0.21133270022158912,-0.11973684210526314,-0.0981562429624839,0.5789473684210527,adult,sex,21,proxy_confident,30.0,0.8864987546265044,0.08000000000000007,400.0,random,0.9073782209559988,0.3075,400.0,0.15639097744360897,-0.15639097744360897,-0.1210042788097864,0.088008800880088,0.19711752124471643,-0.08000000000000007,-0.088008800880088,-0.19711752124471643,-0.10782701944663739,
0.8854355449415496,0.8358333333333333,0.779778153855191,0.06410188302276836,0.0007518796992481702,0.06410188302276836,0.1632162076606521,0.0007518796992481702,-0.06410188302276836,0.6684210526315789,adult,sex,21,related_feats,0.3,0.8764454479852883,0.16000000000000003,400.0,random,0.9073782209559988,0.3075,400.0,0.15639097744360897,-0.15639097744360897,-0.1210042788097864,0.088008800880088,0.19711752124471643,-0.08000000000000007,-0.088008800880088,-0.19711752124471643,-0.10782701944663739,
0.8730926952684984,0.8275,0.7686089028858448,0.03087961011439032,0.020488721804511334,0.03087961011439032,0.12902817347261789,0.020488721804511334,-0.03087961011439032,0.6486842105263158,adult,sex,21,related_feats,1.0,0.8644470308899183,0.2533333333333334,400.0,random,0.9073782209559988,0.3075,400.0,0.15639097744360897,-0.15639097744360897,-0.1210042788097864,0.088008800880088,0.19711752124471643,-0.08000000000000007,-0.088008800880088,-0.19711752124471643,-0.10782701944663739,
0.8463803973854025,0.8136111111111111,0.7499934846036012,0.025529076851119367,0.017293233082706694,0.025529076851119367,0.12269705603038936,-0.017293233082706694,-0.025529076851119367,0.6090225563909775,adult,sex,21,related_feats,3.0,0.8374352289392212,0.16000000000000003,400.0,random,0.9073782209559988,0.3075,400.0,0.15639097744360897,-0.15639097744360897,-0.1210042788097864,0.088008800880088,0.19711752124471643,-0.08000000000000007,-0.088008800880088,-0.19711752124471643,-0.10782701944663739,
0.8155023825667023,0.7986111111111112,0.7298888328587781,0.013012547710750166,0.0005639097744360999,0.013012547710750166,0.08091168091168091,0.0005639097744360999,0.013012547710750166,0.593421052631579,adult,sex,21,related_feats,10.0,0.8048590516539027,0.18666666666666676,400.0,random,0.9073782209559988,0.3075,400.0,0.15639097744360897,-0.15639097744360897,-0.1210042788097864,0.088008800880088,0.19711752124471643,-0.08000000000000007,-0.088008800880088,-0.19711752124471643,-0.10782701944663739,
0.8011068727710622,0.7880555555555555,0.7157411149642728,0.026645262993781005,0.009774436090225547,0.026645262993781005,0.0657169990503324,-0.009774436090225547,0.026645262993781005,0.5639097744360902,adult,sex,21,related_feats,30.0,0.7918140552619941,0.24,400.0,random,0.9073782209559988,0.3075,400.0,0.15639097744360897,-0.15639097744360897,-0.1210042788097864,0.088008800880088,0.19711752124471643,-0.08000000000000007,-0.088008800880088,-0.19711752124471643,-0.10782701944663739,
0.8988382324288031,0.8419444444444445,0.7879689378993784,0.11973684210526314,0.11973684210526314,0.10753497825948874,0.21893004115226336,-0.11973684210526314,-0.10753497825948874,0.5789473684210527,adult,sex,21,proxy_soft,0.3,0.8925612793593893,0.14285714285714285,25.0,strat_y,0.7749200379867047,0.20833333333333334,24.0,0.15639097744360897,-0.15639097744360897,-0.1210042788097864,0.14285714285714285,0.15327899805217693,,-0.14285714285714285,-0.15327899805217693,-0.048971076908777125,
0.8978756084656302,0.8430555555555556,0.7894581713619577,0.11353383458646615,0.11353383458646615,0.09695863817206474,0.21006647673314338,-0.11353383458646615,-0.09695863817206474,0.5864661654135338,adult,sex,21,proxy_soft,1.0,0.8927139831001653,0.14285714285714285,25.0,strat_y,0.7749200379867047,0.20833333333333334,24.0,0.15639097744360897,-0.15639097744360897,-0.1210042788097864,0.14285714285714285,0.15327899805217693,,-0.14285714285714285,-0.15327899805217693,-0.048971076908777125,
0.8971024480929746,0.8425,0.7887135546306681,0.09286807291877192,0.07687969924812033,0.09286807291877192,0.20120291231402343,-0.07687969924812033,-0.09286807291877192,0.6165413533834586,adult,sex,21,proxy_soft,3.0,0.892618077701995,0.14285714285714285,25.0,strat_y,0.7749200379867047,0.20833333333333334,24.0,0.15639097744360897,-0.15639097744360897,-0.1210042788097864,0.14285714285714285,0.15327899805217693,,-0.14285714285714285,-0.15327899805217693,-0.048971076908777125,
0.896604382234934,0.8425,0.7887135546306681,0.0897418278197703,0.06804511278195491,0.0897418278197703,0.19740424184868632,-0.06804511278195491,-0.0897418278197703,0.6240601503759399,adult,sex,21,proxy_soft,10.0,0.8926888428501595,0.14285714285714285,25.0,strat_y,0.7749200379867047,0.20833333333333334,24.0,0.15639097744360897,-0.15639097744360897,-0.1210042788097864,0.14285714285714285,0.15327899805217693,,-0.14285714285714285,-0.15327899805217693,-0.048971076908777125,
0.8964769700386911,0.8413888888888889,0.7872243211680886,0.08781318751118786,0.06541353383458648,0.08781318751118786,0.19487179487179487,-0.06541353383458648,-0.08781318751118786,0.6240601503759399,adult,sex,21,proxy_soft,30.0,0.8927782304057358,0.14285714285714285,25.0,strat_y,0.7749200379867047,0.20833333333333334,24.0,0.15639097744360897,-0.15639097744360897,-0.1210042788097864,0.14285714285714285,0.15327899805217693,,-0.14285714285714285,-0.15327899805217693,-0.048971076908777125,
0.896079013763413,0.8430555555555556,0.7894581713619577,0.09852176072156554,0.06936090225563907,0.09852176072156554,0.20500158277936054,-0.06936090225563907,-0.09852176072156554,0.6240601503759399,adult,sex,21,proxy_soft,0.3,0.8882101538676412,0.19565217391304346,50.0,strat_y,0.8208015194681861,0.3,50.0,0.15639097744360897,-0.15639097744360897,-0.1210042788097864,0.15217391304347827,0.32226172210458,-0.15217391304347827,-0.08333333333333333,-0.32226172210458,-0.15796375063882767,
0.8883114202281754,0.8380555555555556,0.7827566207803501,0.05701730579342762,0.013345864661654216,0.05701730579342762,0.16068376068376067,-0.013345864661654216,-0.05701730579342762,0.6616541353383458,adult,sex,21,proxy_soft,1.0,0.880257454782467,0.19565217391304346,50.0,strat_y,0.8208015194681861,0.3,50.0,0.15639097744360897,-0.15639097744360897,-0.1210042788097864,0.15217391304347827,0.32226172210458,-0.15217391304347827,-0.08333333333333333,-0.32226172210458,-0.15796375063882767,
0.8779819314613393,0.8286111111111111,0.7700981363484244,0.044360902255639045,0.044360902255639045,0.02655576022496954,0.12269705603038936,0.044360902255639045,-0.02655576022496954,0.6473684210526316,adult,sex,21,proxy_soft,3.0,0.869387555576247,0.15217391304347827,50.0,strat_y,0.8208015194681861,0.3,50.0,0.15639097744360897,-0.15639097744360897,-0.1210042788097864,0.15217391304347827,0.32226172210458,-0.15217391304347827,-0.08333333333333333,-0.32226172210458,-0.15796375063882767,
0.8669351285766941,0.8197222222222222,0.7581842686477884,0.06541353383458648,0.06541353383458648,0.0017479024593051173,0.09484013928458374,0.06541353383458648,-0.0017479024593051173,0.6263157894736842,adult,sex,21,proxy_soft,10.0,0.8570827998789544,0.15217391304347827,50.0,strat_y,0.8208015194681861,0.3,50.0,0.15639097744360897,-0.15639097744360897,-0.1210042788097864,0.15217391304347827,0.32226172210458,-0.15217391304347827,-0.08333333333333333,-0.32226172210458,-0.15796375063882767,
0.8604627544779389,0.8158333333333333,0.7529719515287602,0.06578947368421051,0.06578947368421051,0.011254828818736698,0.0821779044001266,0.06578947368421051,0.011254828818736698,0.618421052631579,adult,sex,21,proxy_soft,30.0,0.8497958518587491,0.15217391304347827,50.0,strat_y,0.8208015194681861,0.3,50.0,0.15639097744360897,-0.15639097744360897,-0.1210042788097864,0.15217391304347827,0.32226172210458,-0.15217391304347827,-0.08333333333333333,-0.32226172210458,-0.15796375063882767,
0.8985461771997529,0.8419444444444445,0.7879689378993784,0.11090225563909772,0.11090225563909772,0.09971936551198471,0.21133270022158912,-0.11090225563909772,-0.09971936551198471,0.5864661654135338,adult,sex,21,proxy_soft,0.3,0.8916003631369445,0.09999999999999998,100.0,strat_y,0.8861948084836974,0.3,100.0,0.15639097744360897,-0.15639097744360897,-0.1210042788097864,0.125,0.18571163433284343,-0.125,-0.05,-0.18571163433284343,-0.11244074092752263,
0.8967239345879023,0.8430555555555556,0.7894581713619577,0.09695863817206474,0.0781954887218046,0.09695863817206474,0.20500158277936054,-0.0781954887218046,-0.09695863817206474,0.6165413533834586,adult,sex,21,proxy_soft,1.0,0.8903312460718359,0.09999999999999998,100.0,strat_y,0.8861948084836974,0.3,100.0,0.15639097744360897,-0.15639097744360897,-0.1210042788097864,0.125,0.18571163433284343,-0.125,-0.05,-0.18571163433284343,-0.11244074092752263,
0.8926210963984957,0.8402777777777778,0.7857350877055089,0.08588454720260541,0.06278195488721805,0.08588454720260541,0.19233934789490345,-0.06278195488721805,-0.08588454720260541,0.6240601503759399,adult,sex,21,proxy_soft,3.0,0.8861402732838287,0.09999999999999998,100.0,strat_y,0.8861948084836974,0.3,100.0,0.15639097744360897,-0.15639097744360897,-0.1210042788097864,0.125,0.18571163433284343,-0.125,-0.05,-0.18571163433284343,-0.11244074092752263,
0.8832302383890465,0.8341666666666666,0.7775443036613219,0.05495643236189145,0.03063909774436091,0.05495643236189145,0.15941753719531498,-0.03063909774436091,-0.05495643236189145,0.6390977443609023,adult,sex,21,proxy_soft,10.0,0.8745897250867105,0.09999999999999998,100.0,strat_y,0.8861948084836974,0.3,100.0,0.15639097744360897,-0.15639097744360897,-0.1210042788097864,0.125,0.18571163433284343,-0.125,-0.05,-0.18571163433284343,-0.11244074092752263,
0.8769092696923202,0.8263888888888888,0.7671196694232654,0.047556390977443574,0.047556390977443574,0.03676658255331189,0.14295663184552074,-0.047556390977443574,-0.03676658255331189,0.6090225563909775,adult,sex,21,proxy_soft,30.0,0.8670560301682999,0.2250000000000001,100.0,strat_y,0.8861948084836974,0.3,100.0,0.15639097744360897,-0.15639097744360897,-0.1210042788097864,0.125,0.18571163433284343,-0.125,-0.05,-0.18571163433284343,-0.11244074092752263,
0.8983641597765487,0.8425,0.7887135546306681,0.09912056311677511,0.09454887218045116,0.09912056311677511,0.2088002532446977,-0.09454887218045116,-0.09912056311677511,0.6015037593984962,adult,sex,21,proxy_soft,0.3,0.8912660909239041,0.2619988706945229,200.0,strat_y,0.8842612852168408,0.315,200.0,0.15639097744360897,-0.15639097744360897,-0.1210042788097864,0.3619424054206663,0.21518005427345588,-0.3619424054206663,-0.058333333333333334,-0.21518005427345588,-0.10531288521682182,
0.8965642556666367,0.8386111111111111,0.7835012375116398,0.08611783183873334,0.07650375939849619,0.08611783183873334,0.19360557138334913,-0.07650375939849619,-0.08611783183873334,0.6090225563909775,adult,sex,21,proxy_soft,1.0,0.8900128029050955,0.2490118577075099,200.0,strat_y,0.8842612852168408,0.315,200.0,0.15639097744360897,-0.15639097744360897,-0.1210042788097864,0.3619424054206663,0.21518005427345588,-0.3619424054206663,-0.058333333333333334,-0.21518005427345588,-0.10531288521682182,
0.8932366462296951,0.8402777777777778,0.7857350877055089,0.07494268935609977,0.07161654135338347,0.07494268935609977,0.18474200696422916,-0.07161654135338347,-0.07494268935609977,0.6165413533834586,adult,sex,21,proxy_soft,3.0,0.8868246467562093,0.2055335968379447,200.0,strat_y,0.8842612852168408,0.315,200.0,0.15639097744360897,-0.15639097744360897,-0.1210042788097864,0.3619424054206663,0.21518005427345588,-0.3619424054206663,-0.058333333333333334,-0.21518005427345588,-0.10531288521682182,
0.8852117462462009,0.8341666666666666,0.7775443036613219,0.053393309812390655,0.03947368421052633,0.053393309812390655,0.15941753719531498,-0.03947368421052633,-0.053393309812390655,0.631578947368421,adult,sex,21,proxy_soft,10.0,0.8775627924299914,0.2100508187464709,200.0,strat_y,0.8842612852168408,0.315,200.0,0.15639097744360897,-0.15639097744360897,-0.1210042788097864,0.3619424054206663,0.21518005427345588,-0.3619424054206663,-0.058333333333333334,-0.21518005427345588,-0.10531288521682182,
0.8783699595135335,0.8319444444444445,0.7745658367361627,0.0518796992481203,0.0518796992481203,0.04172041644772173,0.150553972776195,-0.0518796992481203,-0.04172041644772173,0.6165413533834586,adult,sex,21,proxy_soft,30.0,0.8699406410763753,0.19706380575945792,200.0,strat_y,0.8842612852168408,0.315,200.0,0.15639097744360897,-0.15639097744360897,-0.1210042788097864,0.3619424054206663,0.21518005427345588,-0.3619424054206663,-0.058333333333333334,-0.21518005427345588,-0.10531288521682182,
0.8984071820765789,0.8408333333333333,0.7864797044367988,0.1082706766917294,0.1082706766917294,0.10091697030240387,0.21133270022158912,-0.1082706766917294,-0.10091697030240387,0.5864661654135338,adult,sex,21,proxy_soft,0.3,0.8917549291184618,0.1475783475783476,400.0,strat_y,0.90253643558088,0.2525,400.0,0.15639097744360897,-0.15639097744360897,-0.1210042788097864,0.15498575498575498,0.16658205907680945,-0.04742547425474253,-0.15498575498575498,-0.16658205907680945,-0.11062499832944184,
0.896726830319635,0.8402777777777778,0.7857350877055089,0.09812030075187972,0.09812030075187972,0.09057391485110781,0.20120291231402343,-0.09812030075187972,-0.09057391485110781,0.5939849624060151,adult,sex,21,proxy_soft,1.0,0.8906347913126469,0.11680911680911682,400.0,strat_y,0.90253643558088,0.2525,400.0,0.15639097744360897,-0.15639097744360897,-0.1210042788097864,0.15498575498575498,0.16658205907680945,-0.04742547425474253,-0.15498575498575498,-0.16658205907680945,-0.11062499832944184,
0.8926761153014188,0.8402777777777778,0.7857350877055089,0.08045112781954888,0.08045112781954888,0.07337956680659893,0.18474200696422916,-0.08045112781954888,-0.07337956680659893,0.6090225563909775,adult,sex,21,proxy_soft,3.0,0.8861654135338346,0.11680911680911682,400.0,strat_y,0.90253643558088,0.2525,400.0,0.15639097744360897,-0.15639097744360897,-0.1210042788097864,0.15498575498575498,0.16658205907680945,-0.04742547425474253,-0.15498575498575498,-0.16658205907680945,-0.11062499832944184,
0.8823966813259638,0.8330555555555555,0.7760550701987423,0.045676691729323315,0.045676691729323315,0.03583344400880015,0.14548907882241216,-0.045676691729323315,-0.03583344400880015,0.6240601503759399,adult,sex,21,proxy_soft,10.0,0.8735859773272189,0.11680911680911682,400.0,strat_y,0.90253643558088,0.2525,400.0,0.15639097744360897,-0.15639097744360897,-0.1210042788097864,0.15498575498575498,0.16658205907680945,-0.04742547425474253,-0.15498575498575498,-0.16658205907680945,-0.11062499832944184,
0.8754998756903734,0.8258333333333333,0.7663750526919757,0.06390977443609025,0.06390977443609025,0.012355424156508588,0.12522950300728078,-0.06390977443609025,-0.012355424156508588,0.5939849624060151,adult,sex,21,proxy_soft,30.0,0.8651602690937871,0.09401709401709402,400.0,strat_y,0.90253643558088,0.2525,400.0,0.15639097744360897,-0.15639097744360897,-0.1210042788097864,0.15498575498575498,0.16658205907680945,-0.04742547425474253,-0.15498575498575498,-0.16658205907680945,-0.11062499832944184,
0.8987658391354834,0.8425,0.7887135546306681,0.12988721804511283,0.12988721804511283,0.11787803371078479,0.22905982905982908,-0.12988721804511283,-0.11787803371078479,0.5714285714285714,adult,sex,21,proxy_soft,0.3,0.891383412090598,0.1875,25.0,random_mnar,0.7605541627097181,0.04,,,,,,,,,,,
0.8969597298861439,0.8413888888888889,0.7872243211680886,0.1272556390977444,0.1272556390977444,0.11751251595170314,0.22779360557138334,-0.1272556390977444,-0.11751251595170314,0.5714285714285714,adult,sex,21,proxy_soft,1.0,0.889818198747643,0.1875,25.0,random_mnar,0.7605541627097181,0.04,,,,,,,,,,,
0.8954154775206413,0.8419444444444445,0.7879689378993784,0.11973684210526314,0.11973684210526314,0.11535059100699277,0.22526115859449192,-0.11973684210526314,-0.11535059100699277,0.5789473684210527,adult,sex,21,proxy_soft,3.0,0.8885136991084522,0.8125,25.0,random_mnar,0.7605541627097181,0.04,,,,,,,,,,,
0.8945860572171771,0.8402777777777778,0.7857350877055089,0.1108945079946183,0.10695488721804514,0.1108945079946183,0.21893004115226336,-0.10695488721804514,-0.1108945079946183,0.5864661654135338,adult,sex,21,proxy_soft,10.0,0.8882855746176587,0.8125,25.0,random_mnar,0.7605541627097181,0.04,,,,,,,,,,,
0.8941885146178605,0.8397222222222223,0.7849904709742193,0.11149331038982786,0.10563909774436098,0.11149331038982786,0.21893004115226336,-0.10563909774436098,-0.11149331038982786,0.5864661654135338,adult,sex,21,proxy_soft,30.0,0.8881663912102237,0.8125,25.0,random_mnar,0.7605541627097181,0.04,,,,,,,,,,,
0.8991952347838605,0.8436111111111111,0.7902027880932475,0.1590225563909774,0.1590225563909774,0.12293291911836884,0.23792339347894906,-0.1590225563909774,-0.12293291911836884,0.5488721804511278,adult,sex,21,proxy_soft,0.3,0.8910659000442283,0.5238095238095238,50.0,random_mnar,0.704676606521051,0.06,,,,,,,,,,,
0.8990252139635493,0.8425,0.7887135546306681,0.15639097744360897,0.15639097744360897,0.12569364645828884,0.23918961696739474,-0.15639097744360897,-0.12569364645828884,0.5488721804511278,adult,sex,21,proxy_soft,1.0,0.8906198933867175,0.5238095238095238,50.0,random_mnar,0.704676606521051,0.06,,,,,,,,,,,
0.8986210525488438,0.8436111111111111,0.7902027880932475,0.1501879699248121,0.1501879699248121,0.12449604166786966,0.23792339347894906,-0.1501879699248121,-0.12449604166786966,0.556390977443609,adult,sex,21,proxy_soft,3.0,0.8898694103680252,0.5238095238095238,50.0,random_mnar,0.704676606521051,0.06,,,,,,,,,,,
0.8971028617689363,0.8419444444444445,0.7879689378993784,0.13740601503759398,0.13740601503759398,0.12316620375449679,0.23412472301361187,-0.13740601503759398,-0.12316620375449679,0.5639097744360902,adult,sex,21,proxy_soft,10.0,0.8872967247840966,0.5238095238095238,50.0,random_mnar,0.704676606521051,0.06,,,,,,,,,,,
0.8935953032885999,0.8413888888888889,0.7872243211680886,0.12220188360020556,0.11842105263157887,0.12220188360020556,0.23032605254827476,-0.11842105263157887,-0.12220188360020556,0.5789473684210527,adult,sex,21,proxy_soft,30.0,0.8829735329034661,0.47619047619047616,50.0,random_mnar,0.704676606521051,0.06,,,,,,,,,,,
0.8971297507064552,0.8436111111111111,0.7902027880932475,0.12368421052631573,0.12368421052631573,0.1073016936233608,0.22019626464070913,-0.12368421052631573,-0.1073016936233608,0.5789473684210527,adult,sex,21,proxy_soft,0.3,0.8901617821643893,0.06451612903225806,100.0,random_mnar,0.793353656220323,0.1,,,,,,,,,,,
0.8945136639238571,0.8386111111111111,0.7835012375116398,0.11184210526315785,0.11184210526315785,0.09237032203673655,0.20373535929091485,-0.11184210526315785,-0.09237032203673655,0.5789473684210527,adult,sex,21,proxy_soft,1.0,0.8882827812565471,0.06451612903225806,100.0,random_mnar,0.793353656220323,0.1,,,,,,,,,,,
0.891194741682114,0.8363888888888888,0.7805227705864809,0.106578947368421,0.106578947368421,0.0728818159245636,0.1860082304526749,-0.106578947368421,-0.0728818159245636,0.5789473684210527,adult,sex,21,proxy_soft,3.0,0.8857817919411531,0.06451612903225806,100.0,random_mnar,0.793353656220323,0.1,,,,,,,,,,,
0.8868499030550383,0.8330555555555555,0.7760550701987423,0.10751879699248124,0.10751879699248124,0.057717159701811405,0.17207977207977207,-0.10751879699248124,-0.057717159701811405,0.5714285714285714,adult,sex,21,proxy_soft,10.0,0.8820228590050979,0.06451612903225806,100.0,random_mnar,0.793353656220323,0.1,,,,,,,,,,,
0.8847033384891148,0.8319444444444445,0.7745658367361627,0.1048872180451128,0.1048872180451128,0.054225396843728166,0.16828110161443496,-0.1048872180451128,-0.054225396843728166,0.5714285714285714,adult,sex,21,proxy_soft,30.0,0.8800283991713029,0.06451612903225806,100.0,random_mnar,0.793353656220323,0.1,,,,,,,,,,,
0.8977808766703718,0.8413888888888889,0.7872243211680886,0.11842105263157887,0.11842105263157887,0.09562880025869187,0.2088002532446977,-0.11842105263157887,-0.09562880025869187,0.5789473684210527,adult,sex,21,proxy_soft,0.3,0.892055680998161,0.5961538461538461,200.0,random_mnar,0.8633016144349477,0.13,,,,,,,,,,,
0.8957033959900734,0.8408333333333333,0.7864797044367988,0.0821594997083942,0.046428571428571375,0.0821594997083942,0.18727445394112058,-0.046428571428571375,-0.0821594997083942,0.6390977443609023,adult,sex,21,proxy_soft,1.0,0.891113387183128,0.5961538461538461,200.0,random_mnar,0.8633016144349477,0.13,,,,,,,,,,,
0.8924063985743074,0.8380555555555556,0.7827566207803501,0.06952228618943404,0.022180451127819523,0.06952228618943404,0.17207977207977207,-0.022180451127819523,-0.06952228618943404,0.6541353383458647,adult,sex,21,proxy_soft,3.0,0.8885714285714286,0.5961538461538461,200.0,random_mnar,0.8633016144349477,0.13,,,,,,,,,,,
0.8865909419029343,0.8330555555555555,0.7760550701987423,0.05146466950380821,0.045676691729323315,0.05146466950380821,0.15815131370686925,-0.045676691729323315,-0.05146466950380821,0.6240601503759399,adult,sex,21,proxy_soft,10.0,0.8835443096906352,0.5769230769230769,200.0,random_mnar,0.8633016144349477,0.13,,,,,,,,,,,
0.8828078752320204,0.8302777777777778,0.7723319865422936,0.04507994618285126,0.03909774436090219,0.04507994618285126,0.150553972776195,-0.03909774436090219,-0.04507994618285126,0.6240601503759399,adult,sex,21,proxy_soft,30.0,0.8800283991713028,0.5576923076923077,200.0,random_mnar,0.8633016144349477,0.13,,,,,,,,,,,
0.898947029206764,0.8413888888888889,0.7872243211680886,0.1272556390977444,0.1272556390977444,0.1050075355556967,0.21766381766381768,-0.1272556390977444,-0.1050075355556967,0.5714285714285714,adult,sex,21,proxy_soft,0.3,0.8918787681277497,0.1821705426356589,400.0,random_mnar,0.9069517568850902,0.125,,,,,,,,,,,
0.8982909391313053,0.8413888888888889,0.7872243211680886,0.10958646616541357,0.10958646616541357,0.1050075355556967,0.21513137068692625,-0.10958646616541357,-0.1050075355556967,0.5864661654135338,adult,sex,21,proxy_soft,1.0,0.8916273656276916,0.1744186046511628,400.0,random_mnar,0.9069517568850902,0.125,,,,,,,,,,,
0.8964773837146529,0.8419444444444445,0.7879689378993784,0.10206766917293231,0.10206766917293231,0.0981562429624839,0.2088002532446977,-0.10206766917293231,-0.0981562429624839,0.5939849624060151,adult,sex,21,proxy_soft,3.0,0.8900370120347308,0.1744186046511628,400.0,random_mnar,0.9069517568850902,0.125,,,,,,,,,,,
0.8915926979573922,0.8402777777777778,0.7857350877055089,0.0892857142857143,0.0892857142857143,0.08119517955410296,0.19233934789490345,-0.0892857142857143,-0.08119517955410296,0.6015037593984962,adult,sex,21,proxy_soft,10.0,0.8849856840243023,0.11904761904761904,400.0,random_mnar,0.9069517568850902,0.125,,,,,,,,,,,
0.8878361065480354,0.8391666666666666,0.7842458542429296,0.08665413533834587,0.08665413533834587,0.07301404904751732,0.18474200696422916,-0.08665413533834587,-0.07301404904751732,0.6015037593984962,adult,sex,21,proxy_soft,30.0,0.8809148257641006,0.11904761904761904,400.0,random_mnar,0.9069517568850902,0.125,,,,,,,,,,,
0.8973130091575447,0.8441666666666666,0.7909474048245372,0.11920787162415766,0.11616541353383458,0.11920787162415766,0.22905982905982908,-0.11616541353383458,-0.11920787162415766,0.5864661654135338,adult,sex,21,jtt,1.0,0.8883609953676762,,,,,,,,,,,,,,,,1.5
0.8958030918968738,0.8430555555555556,0.7894581713619577,0.12353172151357844,0.12236842105263157,0.12353172151357844,0.23285849952516618,-0.12236842105263157,-0.12353172151357844,0.5789473684210527,adult,sex,21,jtt,2.0,0.8872725156544612,,,,,,,,,,,,,,,,2.0
0.8917378982199937,0.8386111111111111,0.7835012375116398,0.13834586466165422,0.13834586466165422,0.12206965047725185,0.23159227603672045,-0.13834586466165422,-0.12206965047725185,0.556390977443609,adult,sex,21,jtt,3.0,0.8840461835703811,,,,,,,,,,,,,,,,3.0
0.8745765509435741,0.8247222222222222,0.7648858192293961,0.14172907800599382,0.12312030075187974,0.14172907800599382,0.23792339347894906,-0.12312030075187974,-0.14172907800599382,0.5413533834586466,adult,sex,21,jtt,4.0,0.8701631788449453,,,,,,,,,,,,,,,,5.0
0.8994376488974916,0.8452777777777778,0.7924366382871169,0.11879699248120301,0.11879699248120301,0.11332089918523608,0.22526115859449192,-0.11879699248120301,-0.11332089918523608,0.5864661654135338,adult,sex,21,cvar,1.0,0.8916711282851091,,,,,,,,,,,,,,,,0.5
0.897926904284897,0.8447222222222223,0.791692021555827,0.11704594667944727,0.10864661654135332,0.11704594667944727,0.22652738208293766,-0.10864661654135332,-0.11704594667944727,0.5939849624060151,adult,sex,21,cvar,2.0,0.888260434367653,,,,,,,,,,,,,,,,0.2
0.897612510553908,0.8425,0.7887135546306681,0.1210526315789473,0.1210526315789473,0.1210042788097864,0.23032605254827476,-0.1210526315789473,-0.1210042788097864,0.5789473684210527,adult,sex,21,cvar,3.0,0.8871887148211085,,,,,,,,,,,,,,,,0.1
0.8971789781459125,0.8408333333333333,0.7864797044367988,0.13477443609022555,0.13477443609022555,0.1149850732479111,0.22652738208293766,-0.13477443609022555,-0.1149850732479111,0.5639097744360902,adult,sex,21,arl,1.0,0.8903489373588772,,,,,,,,,,,,,,,,0.05
0.8967892953898711,0.8419444444444445,0.7879689378993784,0.13740601503759398,0.13740601503759398,0.11691371355649355,0.22905982905982908,-0.13740601503759398,-0.11691371355649355,0.5639097744360902,adult,sex,21,arl,2.0,0.88963849251612,,,,,,,,,,,,,,,,0.2
0.895817156879576,0.8425,0.7887135546306681,0.15639097744360897,0.15639097744360897,0.11631491116128398,0.23159227603672045,-0.15639097744360897,-0.11631491116128398,0.5488721804511278,adult,sex,21,arl,3.0,0.8885490816825345,,,,,,,,,,,,,,,,0.5
0.8963077765703036,0.8436111111111111,0.7902027880932475,0.1119910612718632,0.06184210526315792,0.1119910612718632,0.21513137068692625,-0.06184210526315792,-0.1119910612718632,0.631578947368421,adult,sex,21,cluster_rw,1.0,0.8862790102190462,,,,,,,,,,,,,,,,0.25
0.8885186718850511,0.8386111111111111,0.7835012375116398,0.08455470928923253,0.014661654135338376,0.08455470928923253,0.18347578347578347,-0.014661654135338376,-0.08455470928923253,0.6616541353383458,adult,sex,21,cluster_rw,2.0,0.8770246048557927,,,,,,,,,,,,,,,,0.5
0.8469802275300525,0.8058333333333333,0.7395688503655448,0.14248120300751876,0.14248120300751876,0.010465472141541393,0.08344412788857233,0.14248120300751876,-0.010465472141541393,0.5868421052631579,adult,sex,21,cluster_rw,3.0,0.8334742428827487,,,,,,,,,,,,,,,,1.0
0.8980259453802387,0.8433333333333334,0.7898603042968516,0.14465709728867626,0.14465709728867626,0.11562723803357172,0.2301143731224746,-0.14465709728867626,-0.11562723803357172,0.5606060606060606,adult,sex,22,erm,0.0,0.8949672943969832,,,,,,,,,,,,,,,,
0.8970977869922039,0.8427777777777777,0.7891151280709541,0.10777511961722486,0.10777511961722486,0.09747251168177781,0.20984580759149268,-0.10777511961722486,-0.09747251168177781,0.5909090909090909,adult,sex,22,oracle,0.3,0.8933834586466166,,,,,,,,,,,,,,,,
0.8956322737479384,0.8427777777777777,0.7891151280709541,0.0927842190824589,0.063317384370016,0.0927842190824589,0.19971152482600177,-0.063317384370016,-0.0927842190824589,0.6287878787878788,adult,sex,22,oracle,1.0,0.891750273516609,,,,,,,,,,,,,,,,
0.8914845400772333,0.84,0.7853892469414656,0.08796261831100277,0.08341307814992027,0.08796261831100277,0.19717795413462902,-0.08341307814992027,-0.08796261831100277,0.6060606060606061,adult,sex,22,oracle,3.0,0.8872604110896436,,,,,,,,,,,,,,,,
0.8799198190380935,0.83,0.7719760748753072,0.04560062833739316,0.033054226475279114,0.04560062833739316,0.15030689634423344,-0.033054226475279114,-0.04560062833739316,0.6287878787878788,adult,sex,22,oracle,10.0,0.877298354244745,,,,,,,,,,,,,,,,
0.8719476753813648,0.8266666666666667,0.767505017519921,0.01949877281459718,0.007376395534290259,0.01949877281459718,0.12370440408481972,-0.007376395534290259,-0.01949877281459718,0.6439393939393939,adult,sex,22,oracle,30.0,0.8707134709839615,,,,,,,,,,,,,,,,
0.8976881321578316,0.8411111111111111,0.786879599393261,0.13050239234449756,0.13050239234449756,0.10551890061731495,0.21871330501129727,-0.13050239234449756,-0.10551890061731495,0.5681818181818182,adult,sex,22,proxy_soft,0.3,0.8940929723690029,0.33333333333333337,25.0,random,0.7938994118562221,0.2,25.0,0.14465709728867626,-0.14465709728867626,-0.11562723803357172,0.6666666666666666,0.052711533307544425,-0.6666666666666666,-0.07142857142857142,-0.00015074468721654188,-0.052711533307544425,
0.8973983414033159,0.8433333333333334,0.7898603042968516,0.10156236023561496,0.10019936204146729,0.10156236023561496,0.2123793782828654,-0.10019936204146729,-0.10156236023561496,0.5984848484848485,adult,sex,22,proxy_soft,1.0,0.8936153076188925,0.33333333333333337,25.0,random,0.7938994118562221,0.2,25.0,0.14465709728867626,-0.14465709728867626,-0.11562723803357172,0.6666666666666666,0.052711533307544425,-0.6666666666666666,-0.07142857142857142,-0.00015074468721654188,-0.052711533307544425,
0.8957705453365215,0.8416666666666667,0.7876247756191586,0.10804598497137913,0.0962519936204147,0.10804598497137913,0.21617973431992452,-0.0962519936204147,-0.10804598497137913,0.5984848484848485,adult,sex,22,proxy_soft,3.0,0.8916487813962151,0.33333333333333337,25.0,random,0.7938994118562221,0.2,25.0,0.14465709728867626,-0.14465709728867626,-0.11562723803357172,0.6666666666666666,0.052711533307544425,-0.6666666666666666,-0.07142857142857142,-0.00015074468721654188,-0.052711533307544425,
0.8816506978161369,0.8388888888888889,0.7838988944896701,0.09697332740083112,0.07188995215311,0.09697332740083112,0.2022450955173745,-0.07188995215311,-0.09697332740083112,0.6136363636363636,adult,sex,22,proxy_soft,10.0,0.8762973998463652,0.33333333333333337,25.0,random,0.7938994118562221,0.2,25.0,0.14465709728867626,-0.14465709728867626,-0.11562723803357172,0.6666666666666666,0.052711533307544425,-0.6666666666666666,-0.07142857142857142,-0.00015074468721654188,-0.052711533307544425,
0.8754868484675865,0.8344444444444444,0.7779374846824887,0.08769600196672836,0.07914673046251997,0.08769600196672836,0.19337759809756988,-0.07914673046251997,-0.08769600196672836,0.5984848484848485,adult,sex,22,proxy_soft,30.0,0.8701101049838218,0.5,25.0,random,0.7938994118562221,0.2,25.0,0.14465709728867626,-0.14465709728867626,-0.11562723803357172,0.6666666666666666,0.052711533307544425,-0.6666666666666666,-0.07142857142857142,-0.00015074468721654188,-0.052711533307544425,
0.8968117221188175,0.8416666666666667,0.7876247756191586,0.11403508771929816,0.11403508771929816,0.09554387137319535,0.20857902224580632,-0.11403508771929816,-0.09554387137319535,0.5833333333333334,adult,sex,22,proxy_confident,0.3,0.8917493423962384,0.33333333333333337,25.0,random,0.7938994118562221,0.2,25.0,0.14465709728867626,-0.14465709728867626,-0.11562723803357172,0.6666666666666666,0.052711533307544425,-0.6666666666666666,-0.07142857142857142,-0.00015074468721654188,-0.052711533307544425,
0.8956964417007239,0.8416666666666667,0.7876247756191586,0.08773005037433051,0.08736044657097286,0.08773005037433051,0.19844473948031538,-0.08736044657097286,-0.08773005037433051,0.6060606060606061,adult,sex,22,proxy_confident,1.0,0.889930864312484,0.33333333333333337,25.0,random,0.7938994118562221,0.2,25.0,0.14465709728867626,-0.14465709728867626,-0.11562723803357172,0.6666666666666666,0.052711533307544425,-0.6666666666666666,-0.07142857142857142,-0.00015074468721654188,-0.052711533307544425,
0.8950936769313312,0.8411111111111111,0.786879599393261,0.08364020182049334,0.07715311004784686,0.08364020182049334,0.19337759809756988,-0.07715311004784686,-0.08364020182049334,0.6136363636363636,adult,sex,22,proxy_confident,3.0,0.8890323331548686,0.33333333333333337,25.0,random,0.7938994118562221,0.2,25.0,0.14465709728867626,-0.14465709728867626,-0.11562723803357172,0.6666666666666666,0.052711533307544425,-0.6666666666666666,-0.07142857142857142,-0.00015074468721654188,-0.052711533307544425,
0.8947947784673878,0.8405555555555555,0.7861344231673633,0.08267588166620213,0.0758373205741627,0.08267588166620213,0.19211081275188358,-0.0758373205741627,-0.08267588166620213,0.6136363636363636,adult,sex,22,proxy_confident,10.0,0.8886701273307108,0.33333333333333337,25.0,random,0.7938994118562221,0.2,25.0,0.14465709728867626,-0.14465709728867626,-0.11562723803357172,0.6666666666666666,0.052711533307544425,-0.6666666666666666,-0.07142857142857142,-0.00015074468721654188,-0.052711533307544425,
0.8947649714183519,0.8416666666666667,0.7876247756191586,0.08147899357523863,0.060685805422647565,0.08147899357523863,0.1895772420605108,-0.060685805422647565,-0.08147899357523863,0.6287878787878788,adult,sex,22,proxy_confident,30.0,0.8885686352103167,0.33333333333333337,25.0,random,0.7938994118562221,0.2,25.0,0.14465709728867626,-0.14465709728867626,-0.11562723803357172,0.6666666666666666,0.052711533307544425,-0.6666666666666666,-0.07142857142857142,-0.00015074468721654188,-0.052711533307544425,
0.8855318239926873,0.84,0.7853892469414656,0.10671578870827844,0.07452153110047843,0.10671578870827844,0.2111125929371791,-0.07452153110047843,-0.10671578870827844,0.6136363636363636,adult,sex,22,related_feats,0.3,0.8790907609581229,0.6666666666666666,25.0,random,0.7938994118562221,0.2,25.0,0.14465709728867626,-0.14465709728867626,-0.11562723803357172,0.6666666666666666,0.052711533307544425,-0.6666666666666666,-0.07142857142857142,-0.00015074468721654188,-0.052711533307544425,
0.8664888455398718,0.8283333333333334,0.7697405461976141,0.06458636667134111,0.020215311004784686,0.06458636667134111,0.16297474980109708,-0.020215311004784686,-0.06458636667134111,0.6363636363636364,adult,sex,22,related_feats,1.0,0.8595623734258246,0.5,25.0,random,0.7938994118562221,0.2,25.0,0.14465709728867626,-0.14465709728867626,-0.11562723803357172,0.6666666666666666,0.052711533307544425,-0.6666666666666666,-0.07142857142857142,-0.00015074468721654188,-0.052711533307544425,
0.8420073225983797,0.8088888888888889,0.743659378291195,0.04021174646978608,0.027511961722488043,0.04021174646978608,0.13383868685031064,-0.027511961722488043,-0.04021174646978608,0.5909090909090909,adult,sex,22,related_feats,3.0,0.836951977466887,0.5,25.0,random,0.7938994118562221,0.2,25.0,0.14465709728867626,-0.14465709728867626,-0.11562723803357172,0.6666666666666666,0.052711533307544425,-0.6666666666666666,-0.07142857142857142,-0.00015074468721654188,-0.052711533307544425,
0.8157075696656974,0.795,0.7250299726437527,0.022354799411597348,0.0035087719298245723,0.022354799411597348,0.10850297993658331,-0.0035087719298245723,-0.022354799411597348,0.5833333333333334,adult,sex,22,related_feats,10.0,0.8149170138969716,0.5,25.0,random,0.7938994118562221,0.2,25.0,0.14465709728867626,-0.14465709728867626,-0.11562723803357172,0.6666666666666666,0.052711533307544425,-0.6666666666666666,-0.07142857142857142,-0.00015074468721654188,-0.052711533307544425,
0.7897750230176657,0.7844444444444445,0.7108716243516966,0.025659803315622398,0.022966507177033524,0.025659803315622398,0.0666990635289332,-0.022966507177033524,0.025659803315622398,0.5454545454545454,adult,sex,22,related_feats,30.0,0.7936846760865011,0.5,25.0,random,0.7938994118562221,0.2,25.0,0.14465709728867626,-0.14465709728867626,-0.11562723803357172,0.6666666666666666,0.052711533307544425,-0.6666666666666666,-0.07142857142857142,-0.00015074468721654188,-0.052711533307544425,
0.8959415218816859,0.8433333333333334,0.7898603042968516,0.08437195403811229,0.06463317384370015,0.08437195403811229,0.19337759809756988,-0.06463317384370015,-0.08437195403811229,0.6287878787878788,adult,sex,22,proxy_soft,0.3,0.8915966386554623,0.4545454545454546,50.0,random,0.8542841858175333,0.4,50.0,0.14465709728867626,-0.14465709728867626,-0.11562723803357172,0.4545454545454546,0.24609593392587314,0.4545454545454546,-0.15789473684210525,-0.24609593392587314,-0.1127159189398542,
0.8920024375542324,0.8405555555555555,0.7861344231673633,0.06548547546869941,0.004704944178628434,0.06548547546869941,0.16804189118384258,-0.004704944178628434,-0.06548547546869941,0.6742424242424242,adult,sex,22,proxy_soft,1.0,0.8873609720896668,0.4545454545454546,50.0,random,0.8542841858175333,0.4,50.0,0.14465709728867626,-0.14465709728867626,-0.11562723803357172,0.4545454545454546,0.24609593392587314,0.4545454545454546,-0.15789473684210525,-0.24609593392587314,-0.1127159189398542,
0.8866388246749375,0.8377777777777777,0.7824085420378749,0.0544128178981514,0.04633173843700167,0.0544128178981514,0.15030689634423344,0.04633173843700167,-0.0544128178981514,0.6657894736842105,adult,sex,22,proxy_soft,3.0,0.8820442747736214,0.4545454545454546,50.0,random,0.8542841858175333,0.4,50.0,0.14465709728867626,-0.14465709728867626,-0.11562723803357172,0.4545454545454546,0.24609593392587314,0.4545454545454546,-0.15789473684210525,-0.24609593392587314,-0.1127159189398542,
0.8776072888170576,0.8294444444444444,0.7712308986494094,0.048285486443381265,0.048285486443381265,0.02900866618537222,0.12497118943050611,0.048285486443381265,-0.02900866618537222,0.6486842105263158,adult,sex,22,proxy_soft,10.0,0.8739230429013711,0.4545454545454546,50.0,random,0.8542841858175333,0.4,50.0,0.14465709728867626,-0.14465709728867626,-0.11562723803357172,0.4545454545454546,0.24609593392587314,0.4545454545454546,-0.15789473684210525,-0.24609593392587314,-0.1127159189398542,
0.8700226367977957,0.8283333333333334,0.7697405461976141,0.07759170653907499,0.07759170653907499,0.023954497477243833,0.11610369201070153,0.07759170653907499,-0.023954497477243833,0.6421052631578947,adult,sex,22,proxy_soft,30.0,0.8678521380851509,0.4545454545454546,50.0,random,0.8542841858175333,0.4,50.0,0.14465709728867626,-0.14465709728867626,-0.11562723803357172,0.4545454545454546,0.24609593392587314,0.4545454545454546,-0.15789473684210525,-0.24609593392587314,-0.1127159189398542,
0.8929906240271311,0.8394444444444444,0.784644070715568,0.06668236355966291,0.03763955342902714,0.06668236355966291,0.17310903256658805,-0.03763955342902714,-0.06668236355966291,0.6439393939393939,adult,sex,22,proxy_confident,0.3,0.8881570800065177,0.4545454545454546,50.0,random,0.8542841858175333,0.4,50.0,0.14465709728867626,-0.14465709728867626,-0.11562723803357172,0.4545454545454546,0.24609593392587314,0.4545454545454546,-0.15789473684210525,-0.24609593392587314,-0.1127159189398542,
0.8861080936073815,0.835,0.7786826609083864,0.0480284529269223,0.01734449760765544,0.0480284529269223,0.14777332565286067,0.01734449760765544,-0.0480284529269223,0.6644736842105263,adult,sex,22,proxy_confident,1.0,0.8817630764217045,0.4545454545454546,50.0,random,0.8542841858175333,0.4,50.0,0.14465709728867626,-0.14465709728867626,-0.11562723803357172,0.4545454545454546,0.24609593392587314,0.4545454545454546,-0.15789473684210525,-0.24609593392587314,-0.1127159189398542,
0.8778660305621611,0.8288888888888889,0.7704857224235119,0.031818181818181746,0.031818181818181746,0.026481581831308026,0.12497118943050611,0.031818181818181746,-0.026481581831308026,0.65,adult,sex,22,proxy_confident,3.0,0.8752871342442794,0.4545454545454546,50.0,random,0.8542841858175333,0.4,50.0,0.14465709728867626,-0.14465709728867626,-0.11562723803357172,0.4545454545454546,0.24609593392587314,0.4545454545454546,-0.15789473684210525,-0.24609593392587314,-0.1127159189398542,
0.8722879725245245,0.825,0.7652694888422279,0.05881180223285487,0.05881180223285487,0.01816857655149648,0.11230333597364242,0.05881180223285487,-0.01816857655149648,0.6381578947368421,adult,sex,22,proxy_confident,10.0,0.871748876836053,0.4545454545454546,50.0,random,0.8542841858175333,0.4,50.0,0.14465709728867626,-0.14465709728867626,-0.11562723803357172,0.4545454545454546,0.24609593392587314,0.4545454545454546,-0.15789473684210525,-0.24609593392587314,-0.1127159189398542,
0.8703314709447509,0.8244444444444444,0.7645243126163304,0.06012759170653914,0.06012759170653914,0.017204256397205256,0.11103655062795603,0.06012759170653914,-0.017204256397205256,0.6368421052631579,adult,sex,22,proxy_confident,30.0,0.8705980120580088,0.4545454545454546,50.0,random,0.8542841858175333,0.4,50.0,0.14465709728867626,-0.14465709728867626,-0.11562723803357172,0.4545454545454546,0.24609593392587314,0.4545454545454546,-0.15789473684210525,-0.24609593392587314,-0.1127159189398542,
0.8789382563538692,0.8338888888888889,0.777192308456591,0.0601646904162966,0.02886762360446571,0.0601646904162966,0.1553740377269789,0.02886762360446571,-0.0601646904162966,0.6605263157894737,adult,sex,22,related_feats,0.3,0.8778216438930142,0.4545454545454546,50.0,random,0.8542841858175333,0.4,50.0,0.14465709728867626,-0.14465709728867626,-0.11562723803357172,0.4545454545454546,0.24609593392587314,0.4545454545454546,-0.15789473684210525,-0.24609593392587314,-0.1127159189398542,
0.8635954918494281,0.8261111111111111,0.7667598412940234,0.07396331738437001,0.07396331738437001,0.034162094658035685,0.12370440408481972,0.07396331738437001,-0.034162094658035685,0.6381578947368421,adult,sex,22,related_feats,1.0,0.8631788449451803,0.4545454545454546,50.0,random,0.8542841858175333,0.4,50.0,0.14465709728867626,-0.14465709728867626,-0.11562723803357172,0.4545454545454546,0.24609593392587314,0.4545454545454546,-0.15789473684210525,-0.24609593392587314,-0.1127159189398542,
0.8399142053771917,0.8116666666666666,0.7473852594206833,0.0637161084529505,0.0637161084529505,0.015340827445555733,0.1021690532081515,0.0637161084529505,-0.015340827445555733,0.6105263157894737,adult,sex,22,related_feats,3.0,0.8411420191345236,0.4545454545454546,50.0,random,0.8542841858175333,0.4,50.0,0.14465709728867626,-0.14465709728867626,-0.11562723803357172,0.4545454545454546,0.24609593392587314,0.4545454545454546,-0.15789473684210525,-0.24609593392587314,-0.1127159189398542,
0.8088039259195474,0.7944444444444444,0.7242847964178551,0.03337320574162683,0.03337320574162683,0.012990333137699261,0.0742997756030514,0.03337320574162683,0.012990333137699261,0.5802631578947368,adult,sex,22,related_feats,10.0,0.8140650387578854,0.36363636363636365,50.0,random,0.8542841858175333,0.4,50.0,0.14465709728867626,-0.14465709728867626,-0.11562723803357172,0.4545454545454546,0.24609593392587314,0.4545454545454546,-0.15789473684210525,-0.24609593392587314,-0.1127159189398542,
0.7941413417146339,0.7855555555555556,0.712361976803492,0.02775119617224886,0.02775119617224886,0.014354577808402103,0.06923263422030593,0.02775119617224886,0.014354577808402103,0.5631578947368421,adult,sex,22,related_feats,30.0,0.8015181917642404,0.36363636363636365,50.0,random,0.8542841858175333,0.4,50.0,0.14465709728867626,-0.14465709728867626,-0.11562723803357172,0.4545454545454546,0.24609593392587314,0.4545454545454546,-0.15789473684210525,-0.24609593392587314,-0.1127159189398542,
0.8972352306072029,0.8433333333333334,0.7898603042968516,0.10909090909090902,0.10909090909090902,0.09687406763629608,0.20984580759149268,-0.10909090909090902,-0.09687406763629608,0.5909090909090909,adult,sex,22,proxy_soft,0.3,0.8934076677762519,0.22916666666666669,100.0,random,0.9016111450720473,0.35,100.0,0.14465709728867626,-0.14465709728867626,-0.11562723803357172,0.22916666666666669,0.12709953361556747,-0.22916666666666669,-0.061224489795918366,-0.12709953361556747,-0.06301719804116554,
0.8959150267269872,0.8422222222222222,0.7883699518450563,0.09494542732771362,0.07089314194577356,0.09494542732771362,0.2022450955173745,-0.07089314194577356,-0.09494542732771362,0.6212121212121212,adult,sex,22,proxy_soft,1.0,0.8916683349239973,0.22916666666666669,100.0,random,0.9016111450720473,0.35,100.0,0.14465709728867626,-0.14465709728867626,-0.11562723803357172,0.22916666666666669,0.12709953361556747,-0.22916666666666669,-0.061224489795918366,-0.12709953361556747,-0.06301719804116554,
0.8935594418795662,0.8411111111111111,0.786879599393261,0.09145402281935819,0.06826156299840513,0.09145402281935819,0.19844473948031538,-0.06826156299840513,-0.09145402281935819,0.6212121212121212,adult,sex,22,proxy_soft,3.0,0.8891682767289741,0.22916666666666669,100.0,random,0.9016111450720473,0.35,100.0,0.14465709728867626,-0.14465709728867626,-0.11562723803357172,0.22916666666666669,0.12709953361556747,-0.22916666666666669,-0.061224489795918366,-0.12709953361556747,-0.06301719804116554,
0.8891103258241649,0.8366666666666667,0.7809181895860795,0.07592564058616355,0.05773524720893142,0.07592564058616355,0.18197652998639258,-0.05773524720893142,-0.07592564058616355,0.6212121212121212,adult,sex,22,proxy_soft,10.0,0.8851104541539608,0.16666666666666669,100.0,random,0.9016111450720473,0.35,100.0,0.14465709728867626,-0.14465709728867626,-0.11562723803357172,0.22916666666666669,0.12709953361556747,-0.22916666666666669,-0.061224489795918366,-0.12709953361556747,-0.06301719804116554,
0.8847042643951487,0.8316666666666667,0.7742116035530002,0.05630740979913171,0.04589314194577354,0.05630740979913171,0.16170796445541075,-0.04589314194577354,-0.05630740979913171,0.6212121212121212,adult,sex,22,proxy_soft,30.0,0.8809520705789241,0.16666666666666663,100.0,random,0.9016111450720473,0.35,100.0,0.14465709728867626,-0.14465709728867626,-0.11562723803357172,0.22916666666666669,0.12709953361556747,-0.22916666666666669,-0.061224489795918366,-0.12709953361556747,-0.06301719804116554,
0.897515913652291,0.8433333333333334,0.7898603042968516,0.12687400318979258,0.12687400318979258,0.10156236023561496,0.21617973431992452,-0.12687400318979258,-0.10156236023561496,0.5757575757575758,adult,sex,22,proxy_confident,0.3,0.8935408179892457,0.22916666666666669,100.0,random,0.9016111450720473,0.35,100.0,0.14465709728867626,-0.14465709728867626,-0.11562723803357172,0.22916666666666669,0.12709953361556747,-0.22916666666666669,-0.061224489795918366,-0.12709953361556747,-0.06301719804116554,
0.8961476873041843,0.8438888888888889,0.7906054805227495,0.11040669856459329,0.11040669856459329,0.10096391619013323,0.2136461636285518,-0.11040669856459329,-0.10096391619013323,0.5909090909090909,adult,sex,22,proxy_confident,1.0,0.8916925440536325,0.22916666666666669,100.0,random,0.9016111450720473,0.35,100.0,0.14465709728867626,-0.14465709728867626,-0.11562723803357172,0.22916666666666669,0.12709953361556747,-0.22916666666666669,-0.061224489795918366,-0.12709953361556747,-0.06301719804116554,
0.8936757721681647,0.8433333333333334,0.7898603042968516,0.1062506528349339,0.10019936204146729,0.1062506528349339,0.21617973431992452,-0.10019936204146729,-0.1062506528349339,0.5984848484848485,adult,sex,22,proxy_confident,3.0,0.8888367978770457,0.22916666666666669,100.0,random,0.9016111450720473,0.35,100.0,0.14465709728867626,-0.14465709728867626,-0.11562723803357172,0.22916666666666669,0.12709953361556747,-0.22916666666666669,-0.061224489795918366,-0.12709953361556747,-0.06301719804116554,
0.891891489093932,0.8405555555555555,0.7861344231673633,0.102511961722488,0.102511961722488,0.09830352366393183,0.20857902224580632,-0.102511961722488,-0.09830352366393183,0.5909090909090909,adult,sex,22,proxy_confident,10.0,0.8870443911636676,0.22916666666666669,100.0,random,0.9016111450720473,0.35,100.0,0.14465709728867626,-0.14465709728867626,-0.11562723803357172,0.22916666666666669,0.12709953361556747,-0.22916666666666669,-0.061224489795918366,-0.12709953361556747,-0.06301719804116554,
0.8912816865490722,0.8405555555555555,0.7861344231673633,0.102511961722488,0.102511961722488,0.0936152310646129,0.2047786662087472,-0.102511961722488,-0.0936152310646129,0.5909090909090909,adult,sex,22,proxy_confident,30.0,0.886429851719081,0.22916666666666669,100.0,random,0.9016111450720473,0.35,100.0,0.14465709728867626,-0.14465709728867626,-0.11562723803357172,0.22916666666666669,0.12709953361556747,-0.22916666666666669,-0.061224489795918366,-0.12709953361556747,-0.06301719804116554,
0.8806608553960695,0.8322222222222222,0.774956779778898,0.05414620155387699,0.01503189792663473,0.05414620155387699,0.15157368168991978,0.01503189792663473,-0.05414620155387699,0.6592105263157895,adult,sex,22,related_feats,0.3,0.8765283176982704,0.10416666666666663,100.0,random,0.9016111450720473,0.35,100.0,0.14465709728867626,-0.14465709728867626,-0.11562723803357172,0.22916666666666669,0.12709953361556747,-0.22916666666666669,-0.061224489795918366,-0.12709953361556747,-0.06301719804116554,
0.8684234058196607,0.8255555555555556,0.7660146650681257,0.03971291866028703,0.03971291866028703,0.022258425105333643,0.11863726270207425,0.03971291866028703,-0.022258425105333643,0.6421052631578947,adult,sex,22,related_feats,1.0,0.8649638026955935,0.11543367346938777,100.0,random,0.9016111450720473,0.35,100.0,0.14465709728867626,-0.14465709728867626,-0.11562723803357172,0.22916666666666669,0.12709953361556747,-0.22916666666666669,-0.061224489795918366,-0.12709953361556747,-0.06301719804116554,
0.8507403739791086,0.8177777777777778,0.755582197905558,0.0759170653907496,0.0759170653907496,0.013446235544575427,0.1021690532081515,0.0759170653907496,-0.013446235544575427,0.6210526315789474,adult,sex,22,related_feats,3.0,0.8480919015805768,0.07461734693877552,100.0,random,0.9016111450720473,0.35,100.0,0.14465709728867626,-0.14465709728867626,-0.11562723803357172,0.22916666666666669,0.12709953361556747,-0.22916666666666669,-0.061224489795918366,-0.12709953361556747,-0.06301719804116554,
0.819308840770744,0.7972222222222223,0.7280106775473436,0.017902711323763976,0.017902711323763976,0.005043203966697218,0.08443405836854231,0.017902711323763976,0.005043203966697218,0.5881578947368421,adult,sex,22,related_feats,10.0,0.8198109825647711,0.10416666666666663,100.0,random,0.9016111450720473,0.35,100.0,0.14465709728867626,-0.14465709728867626,-0.11562723803357172,0.22916666666666669,0.12709953361556747,-0.22916666666666669,-0.061224489795918366,-0.12709953361556747,-0.06301719804116554,
0.796790029210908,0.7877777777777778,0.7153426817070828,0.013596491228070162,0.013596491228070162,0.01206006139101018,0.0742997756030514,0.013596491228070162,0.01206006139101018,0.5697368421052632,adult,sex,22,related_feats,30.0,0.8008058846807422,0.16666666666666663,100.0,random,0.9016111450720473,0.35,100.0,0.14465709728867626,-0.14465709728867626,-0.11562723803357172,0.22916666666666669,0.12709953361556747,-0.22916666666666669,-0.061224489795918366,-0.12709953361556747,-0.06301719804116554,
0.8971321478959536,0.8433333333333334,0.7898603042968516,0.11798245614035086,0.11798245614035086,0.09687406763629608,0.2111125929371791,-0.11798245614035086,-0.09687406763629608,0.5833333333333334,adult,sex,22,proxy_soft,0.3,0.893269861961405,0.08673469387755106,200.0,random,0.8963961968196107,0.24,200.0,0.14465709728867626,-0.14465709728867626,-0.11562723803357172,0.21173469387755106,0.10767208034940268,-0.21173469387755106,-0.08592233009708737,-0.10767208034940268,-0.04973776665734682,
0.8959555974326197,0.8427777777777777,0.7891151280709541,0.08999202551834129,0.08999202551834129,0.08809592648313998,0.19971152482600177,-0.08999202551834129,-0.08809592648313998,0.6060606060606061,adult,sex,22,proxy_soft,1.0,0.8918964594147909,0.08673469387755106,200.0,random,0.8963961968196107,0.24,200.0,0.14465709728867626,-0.14465709728867626,-0.11562723803357172,0.21173469387755106,0.10767208034940268,-0.21173469387755106,-0.08592233009708737,-0.10767208034940268,-0.04973776665734682,
0.8938223234925913,0.8383333333333334,0.7831537182637726,0.08663242204790206,0.07946570972886757,0.08663242204790206,0.1946443834432563,-0.07946570972886757,-0.08663242204790206,0.6060606060606061,adult,sex,22,proxy_soft,3.0,0.8896785306920552,0.0762135922330097,200.0,random,0.8963961968196107,0.24,200.0,0.14465709728867626,-0.14465709728867626,-0.11562723803357172,0.21173469387755106,0.10767208034940268,-0.21173469387755106,-0.08592233009708737,-0.10767208034940268,-0.04973776665734682,
0.8878530479363587,0.8377777777777777,0.7824085420378749,0.077854280894746,0.05147527910685801,0.077854280894746,0.183243315332079,-0.05147527910685801,-0.077854280894746,0.6287878787878788,adult,sex,22,proxy_soft,10.0,0.8841337088852161,0.058673469387755084,200.0,random,0.8963961968196107,0.24,200.0,0.14465709728867626,-0.14465709728867626,-0.11562723803357172,0.21173469387755106,0.10767208034940268,-0.21173469387755106,-0.08592233009708737,-0.10767208034940268,-0.04973776665734682,
0.8832685581999191,0.835,0.7786826609083864,0.06678162332419799,0.05378787878787883,0.06678162332419799,0.17310903256658805,-0.05378787878787883,-0.06678162332419799,0.6212121212121212,adult,sex,22,proxy_soft,30.0,0.8804557834214018,0.058673469387755084,200.0,random,0.8963961968196107,0.24,200.0,0.14465709728867626,-0.14465709728867626,-0.11562723803357172,0.21173469387755106,0.10767208034940268,-0.21173469387755106,-0.08592233009708737,-0.10767208034940268,-0.04973776665734682,
0.8976757125540666,0.8427777777777777,0.7891151280709541,0.13444976076555015,0.13444976076555015,0.10216080428109672,0.2174465196656109,-0.13444976076555015,-0.10216080428109672,0.5681818181818182,adult,sex,22,proxy_confident,0.3,0.8940669009986266,0.21173469387755106,200.0,random,0.8963961968196107,0.24,200.0,0.14465709728867626,-0.14465709728867626,-0.11562723803357172,0.21173469387755106,0.10767208034940268,-0.21173469387755106,-0.08592233009708737,-0.10767208034940268,-0.04973776665734682,
0.8974426379900776,0.8433333333333334,0.7898603042968516,0.13576555023923442,0.13576555023923442,0.10468788863516092,0.21998009035698363,-0.13576555023923442,-0.10468788863516092,0.5681818181818182,adult,sex,22,proxy_confident,1.0,0.893726110942992,0.21173469387755106,200.0,random,0.8963961968196107,0.24,200.0,0.14465709728867626,-0.14465709728867626,-0.11562723803357172,0.21173469387755106,0.10767208034940268,-0.21173469387755106,-0.08592233009708737,-0.10767208034940268,-0.04973776665734682,
0.897018301528108,0.8422222222222222,0.7883699518450563,0.133133971291866,0.133133971291866,0.10119648412680551,0.21617973431992452,-0.133133971291866,-0.10119648412680551,0.5681818181818182,adult,sex,22,proxy_confident,3.0,0.893105984776182,0.08673469387755106,200.0,random,0.8963961968196107,0.24,200.0,0.14465709728867626,-0.14465709728867626,-0.11562723803357172,0.21173469387755106,0.10767208034940268,-0.21173469387755106,-0.08592233009708737,-0.10767208034940268,-0.04973776665734682,
0.8966697246491048,0.8427777777777777,0.7891151280709541,0.13444976076555015,0.13444976076555015,0.09903527588155078,0.21491294897423818,-0.13444976076555015,-0.09903527588155078,0.5681818181818182,adult,sex,22,proxy_confident,10.0,0.8925808328871715,0.08673469387755106,200.0,random,0.8963961968196107,0.24,200.0,0.14465709728867626,-0.14465709728867626,-0.11562723803357172,0.21173469387755106,0.10767208034940268,-0.21173469387755106,-0.08592233009708737,-0.10767208034940268,-0.04973776665734682,
0.8964871564737598,0.8433333333333334,0.7898603042968516,0.12687400318979258,0.12687400318979258,0.09999959603584202,0.21491294897423818,-0.12687400318979258,-0.09999959603584202,0.5757575757575758,adult,sex,22,proxy_confident,30.0,0.8924178868223192,0.08673469387755106,200.0,random,0.8963961968196107,0.24,200.0,0.14465709728867626,-0.14465709728867626,-0.11562723803357172,0.21173469387755106,0.10767208034940268,-0.21173469387755106,-0.08592233009708737,-0.10767208034940268,-0.04973776665734682,
0.8798895980022654,0.8327777777777777,0.7757019560047955,0.061361578507260095,0.030741626794258403,0.061361578507260095,0.16424153514678347,-0.030741626794258403,-0.061361578507260095,0.6363636363636364,adult,sex,22,related_feats,0.3,0.8762787774389534,0.058673469387755084,200.0,random,0.8963961968196107,0.24,200.0,0.14465709728867626,-0.14465709728867626,-0.11562723803357172,0.21173469387755106,0.10767208034940268,-0.21173469387755106,-0.08592233009708737,-0.10767208034940268,-0.04973776665734682,
0.8648378662127163,0.8227777777777778,0.7622887839386373,0.029938937932061302,0.001834130781499188,0.029938937932061302,0.12877154546756522,0.001834130781499188,-0.029938937932061302,0.6421052631578947,adult,sex,22,related_feats,1.0,0.8616825345096487,0.14030612244897955,200.0,random,0.8963961968196107,0.24,200.0,0.14465709728867626,-0.14465709728867626,-0.11562723803357172,0.21173469387755106,0.10767208034940268,-0.21173469387755106,-0.08592233009708737,-0.10767208034940268,-0.04973776665734682,
0.8464974233462056,0.8122222222222222,0.7481304356465812,0.014742383400073972,0.009051036682615643,0.014742383400073972,0.1097697652822697,0.009051036682615643,-0.014742383400073972,0.6197368421052631,adult,sex,22,related_feats,3.0,0.8434586466165415,0.18112244897959184,200.0,random,0.8963961968196107,0.24,200.0,0.14465709728867626,-0.14465709728867626,-0.11562723803357172,0.21173469387755106,0.10767208034940268,-0.21173469387755106,-0.08592233009708737,-0.10767208034940268,-0.04973776665734682,
0.8158247279278803,0.795,0.7250299726437527,0.012026012983408052,0.0035087719298245723,0.012026012983408052,0.08063370233148323,-0.0035087719298245723,0.012026012983408052,0.5833333333333334,adult,sex,22,related_feats,10.0,0.8142559184338556,0.09693877551020413,200.0,random,0.8963961968196107,0.24,200.0,0.14465709728867626,-0.14465709728867626,-0.11562723803357172,0.21173469387755106,0.10767208034940268,-0.21173469387755106,-0.08592233009708737,-0.10767208034940268,-0.04973776665734682,
0.7929970822210888,0.7833333333333333,0.7093812718999013,0.011960801626475115,0.0025518341307815273,0.011960801626475115,0.0742997756030514,-0.0025518341307815273,0.011960801626475115,0.5606060606060606,adult,sex,22,related_feats,30.0,0.7949230661793805,0.11734693877551017,200.0,random,0.8963961968196107,0.24,200.0,0.14465709728867626,-0.14465709728867626,-0.11562723803357172,0.21173469387755106,0.10767208034940268,-0.21173469387755106,-0.08592233009708737,-0.10767208034940268,-0.04973776665734682,
0.8967740493207303,0.8427777777777777,0.7891151280709541,0.09888357256778302,0.09888357256778302,0.09590974748200484,0.20731223690011996,-0.09888357256778302,-0.09590974748200484,0.5984848484848485,adult,sex,22,proxy_soft,0.3,0.8928545822761237,0.06552706552706555,400.0,random,0.9082961679447272,0.3825,400.0,0.14465709728867626,-0.14465709728867626,-0.11562723803357172,0.0414802065404475,0.16213643063523508,-0.023741690408357052,-0.0414802065404475,-0.16213643063523508,-0.07416714810750515,
0.8947898106258819,0.8422222222222222,0.7883699518450563,0.08713160632884875,0.07089314194577356,0.08713160632884875,0.19591116878894266,-0.07089314194577356,-0.08713160632884875,0.6212121212121212,adult,sex,22,proxy_soft,1.0,0.8904867431737237,0.06552706552706555,400.0,random,0.9082961679447272,0.3825,400.0,0.14465709728867626,-0.14465709728867626,-0.11562723803357172,0.0414802065404475,0.16213643063523508,-0.023741690408357052,-0.0414802065404475,-0.16213643063523508,-0.07416714810750515,
0.8906507706778122,0.8377777777777777,0.7824085420378749,0.0825425734940649,0.05147527910685801,0.0825425734940649,0.18704367136913808,-0.05147527910685801,-0.0825425734940649,0.6287878787878788,adult,sex,22,proxy_soft,3.0,0.8865574152098514,0.05318138651471993,400.0,random,0.9082961679447272,0.3825,400.0,0.14465709728867626,-0.14465709728867626,-0.11562723803357172,0.0414802065404475,0.16213643063523508,-0.023741690408357052,-0.0414802065404475,-0.16213643063523508,-0.07416714810750515,
0.880194292281299,0.8311111111111111,0.7734664273271025,0.06315691064370535,0.026794258373205704,0.06315691064370535,0.16424153514678347,-0.026794258373205704,-0.06315691064370535,0.6363636363636364,adult,sex,22,proxy_soft,10.0,0.8776912870411322,0.09021842355175691,400.0,random,0.9082961679447272,0.3825,400.0,0.14465709728867626,-0.14465709728867626,-0.11562723803357172,0.0414802065404475,0.16213643063523508,-0.023741690408357052,-0.0414802065404475,-0.16213643063523508,-0.07416714810750515,
0.872581903146962,0.825,0.7652694888422279,0.03848451114854512,0.021212121212121238,0.03848451114854512,0.14017261357874247,-0.021212121212121238,-0.03848451114854512,0.6287878787878788,adult,sex,22,proxy_soft,30.0,0.8713717730859657,0.10256410256410264,400.0,random,0.9082961679447272,0.3825,400.0,0.14465709728867626,-0.14465709728867626,-0.11562723803357172,0.0414802065404475,0.16213643063523508,-0.023741690408357052,-0.0414802065404475,-0.16213643063523508,-0.07416714810750515,
0.8976922720257534,0.8427777777777777,0.7891151280709541,0.13444976076555015,0.13444976076555015,0.10841186108018862,0.2225136610483564,-0.13444976076555015,-0.10841186108018862,0.5681818181818182,adult,sex,22,proxy_confident,0.3,0.8944719383598315,0.027194492254733214,400.0,random,0.9082961679447272,0.3825,400.0,0.14465709728867626,-0.14465709728867626,-0.11562723803357172,0.0414802065404475,0.16213643063523508,-0.023741690408357052,-0.0414802065404475,-0.16213643063523508,-0.07416714810750515,
0.8970058819243432,0.8422222222222222,0.7883699518450563,0.133133971291866,0.133133971291866,0.1074475409258974,0.22124687570267,-0.133133971291866,-0.1074475409258974,0.5681818181818182,adult,sex,22,proxy_confident,1.0,0.894077143322703,0.05318138651471993,400.0,random,0.9082961679447272,0.3825,400.0,0.14465709728867626,-0.14465709728867626,-0.11562723803357172,0.0414802065404475,0.16213643063523508,-0.023741690408357052,-0.0414802065404475,-0.16213643063523508,-0.07416714810750515,
0.8958897735326651,0.8422222222222222,0.7883699518450563,0.133133971291866,0.133133971291866,0.10588477672612441,0.21998009035698363,-0.133133971291866,-0.10588477672612441,0.5681818181818182,adult,sex,22,proxy_confident,3.0,0.8938601922763565,0.0408357075023742,400.0,random,0.9082961679447272,0.3825,400.0,0.14465709728867626,-0.14465709728867626,-0.11562723803357172,0.0414802065404475,0.16213643063523508,-0.023741690408357052,-0.0414802065404475,-0.16213643063523508,-0.07416714810750515,
0.8952509919123539,0.8416666666666667,0.7876247756191586,0.13181818181818172,0.13181818181818172,0.10179492817228725,0.21617973431992452,-0.13181818181818172,-0.10179492817228725,0.5681818181818182,adult,sex,22,proxy_confident,10.0,0.8937475267115156,0.028490028490028574,400.0,random,0.9082961679447272,0.3825,400.0,0.14465709728867626,-0.14465709728867626,-0.11562723803357172,0.0414802065404475,0.16213643063523508,-0.023741690408357052,-0.0414802065404475,-0.16213643063523508,-0.07416714810750515,
0.8950348908068437,0.8405555555555555,0.7861344231673633,0.1291866028708133,0.1291866028708133,0.10142905206347777,0.21491294897423818,-0.1291866028708133,-0.10142905206347777,0.5681818181818182,adult,sex,22,proxy_confident,30.0,0.8936460345911216,0.028490028490028574,400.0,random,0.9082961679447272,0.3825,400.0,0.14465709728867626,-0.14465709728867626,-0.11562723803357172,0.0414802065404475,0.16213643063523508,-0.023741690408357052,-0.0414802065404475,-0.16213643063523508,-0.07416714810750515,
0.8798895980022654,0.8327777777777777,0.7757019560047955,0.061361578507260095,0.030741626794258403,0.061361578507260095,0.16424153514678347,-0.030741626794258403,-0.061361578507260095,0.6363636363636364,adult,sex,22,related_feats,0.3,0.8762787774389534,0.2687559354226021,400.0,random,0.9082961679447272,0.3825,400.0,0.14465709728867626,-0.14465709728867626,-0.11562723803357172,0.0414802065404475,0.16213643063523508,-0.023741690408357052,-0.0414802065404475,-0.16213643063523508,-0.07416714810750515,
0.8648378662127163,0.8227777777777778,0.7622887839386373,0.029938937932061302,0.001834130781499188,0.029938937932061302,0.12877154546756522,0.001834130781499188,-0.029938937932061302,0.6421052631578947,adult,sex,22,related_feats,1.0,0.8616825345096487,0.22886989553656223,400.0,random,0.9082961679447272,0.3825,400.0,0.14465709728867626,-0.14465709728867626,-0.11562723803357172,0.0414802065404475,0.16213643063523508,-0.023741690408357052,-0.0414802065404475,-0.16213643063523508,-0.07416714810750515,
0.8464974233462056,0.8122222222222222,0.7481304356465812,0.014742383400073972,0.009051036682615643,0.014742383400073972,0.1097697652822697,0.009051036682615643,-0.014742383400073972,0.6197368421052631,adult,sex,22,related_feats,3.0,0.8434586466165415,0.27825261158594494,400.0,random,0.9082961679447272,0.3825,400.0,0.14465709728867626,-0.14465709728867626,-0.11562723803357172,0.0414802065404475,0.16213643063523508,-0.023741690408357052,-0.0414802065404475,-0.16213643063523508,-0.07416714810750515,
0.8158263838750488,0.795,0.7250299726437527,0.012026012983408052,0.0035087719298245723,0.012026012983408052,0.08063370233148323,-0.0035087719298245723,0.012026012983408052,0.5833333333333334,adult,sex,22,related_feats,10.0,0.8142559184338555,0.18898385565052234,400.0,random,0.9082961679447272,0.3825,400.0,0.14465709728867626,-0.14465709728867626,-0.11562723803357172,0.0414802065404475,0.16213643063523508,-0.023741690408357052,-0.0414802065404475,-0.16213643063523508,-0.07416714810750515,
0.7930306151512543,0.7833333333333333,0.7093812718999013,0.011960801626475115,0.0025518341307815273,0.011960801626475115,0.0742997756030514,-0.0025518341307815273,0.011960801626475115,0.5606060606060606,adult,sex,22,related_feats,30.0,0.7949500686701273,0.2136752136752137,400.0,random,0.9082961679447272,0.3825,400.0,0.14465709728867626,-0.14465709728867626,-0.11562723803357172,0.0414802065404475,0.16213643063523508,-0.023741690408357052,-0.0414802065404475,-0.16213643063523508,-0.07416714810750515,
0.8980362950500427,0.8416666666666667,0.7876247756191586,0.14070972886762367,0.14070972886762367,0.11273427757069807,0.2263140170854155,-0.14070972886762367,-0.11273427757069807,0.5606060606060606,adult,sex,22,proxy_soft,0.3,0.8948387997858422,0.19999999999999996,25.0,strat_y,0.7416759382343332,0.125,24.0,0.14465709728867626,-0.14465709728867626,-0.11562723803357172,0.19999999999999996,0.05293091291372316,-0.19999999999999996,0.0,0.03646698385413383,0.05293091291372316,
0.8980304992349525,0.8416666666666667,0.7876247756191586,0.14070972886762367,0.14070972886762367,0.11273427757069807,0.2263140170854155,-0.14070972886762367,-0.11273427757069807,0.5606060606060606,adult,sex,22,proxy_soft,1.0,0.8947820014432365,0.19999999999999996,25.0,strat_y,0.7416759382343332,0.125,24.0,0.14465709728867626,-0.14465709728867626,-0.11562723803357172,0.19999999999999996,0.05293091291372316,-0.19999999999999996,0.0,0.03646698385413383,0.05293091291372316,
0.8980201495651482,0.8411111111111111,0.786879599393261,0.1393939393939394,0.1393939393939394,0.1133327216161798,0.2263140170854155,-0.1393939393939394,-0.1133327216161798,0.5606060606060606,adult,sex,22,proxy_soft,3.0,0.8947149607765544,0.19999999999999996,25.0,strat_y,0.7416759382343332,0.125,24.0,0.14465709728867626,-0.14465709728867626,-0.11562723803357172,0.19999999999999996,0.05293091291372316,-0.19999999999999996,0.0,0.03646698385413383,0.05293091291372316,
0.8980056600274224,0.8411111111111111,0.786879599393261,0.1393939393939394,0.1393939393939394,0.1133327216161798,0.2263140170854155,-0.1393939393939394,-0.1133327216161798,0.5606060606060606,adult,sex,22,proxy_soft,10.0,0.8946711981191368,0.19999999999999996,25.0,strat_y,0.7416759382343332,0.125,24.0,0.14465709728867626,-0.14465709728867626,-0.11562723803357172,0.19999999999999996,0.05293091291372316,-0.19999999999999996,0.0,0.03646698385413383,0.05293091291372316,
0.8980035900934616,0.8416666666666667,0.7876247756191586,0.14070972886762367,0.14070972886762367,0.11273427757069807,0.2263140170854155,-0.14070972886762367,-0.11273427757069807,0.5606060606060606,adult,sex,22,proxy_soft,30.0,0.8946432645080192,0.19999999999999996,25.0,strat_y,0.7416759382343332,0.125,24.0,0.14465709728867626,-0.14465709728867626,-0.11562723803357172,0.19999999999999996,0.05293091291372316,-0.19999999999999996,0.0,0.03646698385413383,0.05293091291372316,
0.8972617257619013,0.8427777777777777,0.7891151280709541,0.13444976076555015,0.13444976076555015,0.10841186108018862,0.2225136610483564,-0.13444976076555015,-0.10841186108018862,0.5681818181818182,adult,sex,22,proxy_soft,0.3,0.8940361740263973,0.10869565217391308,50.0,strat_y,0.8328395529950318,0.24,50.0,0.14465709728867626,-0.14465709728867626,-0.11562723803357172,0.10869565217391308,0.0842584525414588,-0.10869565217391308,0.03333333333333334,-0.07676193468840264,-0.0842584525414588,
0.8963261156116076,0.8416666666666667,0.7876247756191586,0.12292663476874,0.12292663476874,0.0986693997727413,0.2123793782828654,-0.12292663476874,-0.0986693997727413,0.5757575757575758,adult,sex,22,proxy_soft,1.0,0.8928936893316883,0.10869565217391308,50.0,strat_y,0.8328395529950318,0.24,50.0,0.14465709728867626,-0.14465709728867626,-0.11562723803357172,0.10869565217391308,0.0842584525414588,-0.10869565217391308,0.03333333333333334,-0.07676193468840264,-0.0842584525414588,
0.8934890641248981,0.8411111111111111,0.786879599393261,0.10382775119617227,0.10382775119617227,0.09301678701913117,0.2047786662087472,-0.10382775119617227,-0.09301678701913117,0.5909090909090909,adult,sex,22,proxy_soft,3.0,0.8898154053865314,0.10869565217391308,50.0,strat_y,0.8328395529950318,0.24,50.0,0.14465709728867626,-0.14465709728867626,-0.11562723803357172,0.10869565217391308,0.0842584525414588,-0.10869565217391308,0.03333333333333334,-0.07676193468840264,-0.0842584525414588,
0.8824310629193687,0.8338888888888889,0.777192308456591,0.06893939393939397,0.06893939393939397,0.06172745461606957,0.1705754618752153,-0.06893939393939397,-0.06172745461606957,0.6060606060606061,adult,sex,22,proxy_soft,10.0,0.87978537675458,0.3913043478260869,50.0,strat_y,0.8328395529950318,0.24,50.0,0.14465709728867626,-0.14465709728867626,-0.11562723803357172,0.10869565217391308,0.0842584525414588,-0.10869565217391308,0.03333333333333334,-0.07676193468840264,-0.0842584525414588,
0.8740163673818151,0.8272222222222222,0.7682501937458188,0.04390455596548298,0.035366826156299824,0.04390455596548298,0.14777332565286067,-0.035366826156299824,-0.04390455596548298,0.6212121212121212,adult,sex,22,proxy_soft,30.0,0.8714741963267302,0.3913043478260869,50.0,strat_y,0.8328395529950318,0.24,50.0,0.14465709728867626,-0.14465709728867626,-0.11562723803357172,0.10869565217391308,0.0842584525414588,-0.10869565217391308,0.03333333333333334,-0.07676193468840264,-0.0842584525414588,
0.8969541335753225,0.8422222222222222,0.7883699518450563,0.10645933014354059,0.10645933014354059,0.09494542732771362,0.20731223690011996,-0.10645933014354059,-0.09494542732771362,0.5909090909090909,adult,sex,22,proxy_soft,0.3,0.8930976046928468,0.17647058823529413,100.0,strat_y,0.8827501876994011,0.26,100.0,0.14465709728867626,-0.14465709728867626,-0.11562723803357172,0.275,0.1559951111105996,-0.275,-0.17647058823529413,-0.1559951111105996,-0.05583334615764923,
0.8953611123990701,0.8433333333333334,0.7898603042968516,0.08593471823788526,0.06463317384370015,0.08593471823788526,0.1946443834432563,-0.06463317384370015,-0.08593471823788526,0.6287878787878788,adult,sex,22,proxy_soft,1.0,0.8911636676831397,0.17647058823529413,100.0,strat_y,0.8827501876994011,0.26,100.0,0.14465709728867626,-0.14465709728867626,-0.11562723803357172,0.275,0.1559951111105996,-0.275,-0.17647058823529413,-0.1559951111105996,-0.05583334615764923,
0.8933727338362997,0.84,0.7853892469414656,0.08171156151191089,0.03006379585326957,0.08171156151191089,0.18451010067776535,-0.03006379585326957,-0.08171156151191089,0.6515151515151515,adult,sex,22,proxy_soft,3.0,0.8891841057752742,0.17647058823529413,100.0,strat_y,0.8827501876994011,0.26,100.0,0.14465709728867626,-0.14465709728867626,-0.11562723803357172,0.275,0.1559951111105996,-0.275,-0.17647058823529413,-0.1559951111105996,-0.05583334615764923,
0.8901904173649243,0.8405555555555555,0.7861344231673633,0.07486206066733725,0.022488038277512,0.07486206066733725,0.1781761739493335,-0.022488038277512,-0.07486206066733725,0.6590909090909091,adult,sex,22,proxy_soft,10.0,0.8860387811634348,0.17647058823529413,100.0,strat_y,0.8827501876994011,0.26,100.0,0.14465709728867626,-0.14465709728867626,-0.11562723803357172,0.275,0.1559951111105996,-0.275,-0.17647058823529413,-0.1559951111105996,-0.05583334615764923,
0.8873074133442845,0.8388888888888889,0.7838988944896701,0.06102975080605276,0.03632376395534287,0.06102975080605276,0.16804189118384258,-0.03632376395534287,-0.06102975080605276,0.6439393939393939,adult,sex,22,proxy_soft,30.0,0.8835796922647176,0.14705882352941177,100.0,strat_y,0.8827501876994011,0.26,100.0,0.14465709728867626,-0.14465709728867626,-0.11562723803357172,0.275,0.1559951111105996,-0.275,-0.17647058823529413,-0.1559951111105996,-0.05583334615764923,
0.8969214286187415,0.8422222222222222,0.7883699518450563,0.09756778309409886,0.09756778309409886,0.09494542732771362,0.2060454515544336,-0.09756778309409886,-0.09494542732771362,0.5984848484848485,adult,sex,22,proxy_soft,0.3,0.8929681789613352,0.11405835543766585,200.0,strat_y,0.8934033866782353,0.26,200.0,0.14465709728867626,-0.14465709728867626,-0.11562723803357172,0.1126523749474569,0.1375631749138312,-0.039787798408488007,-0.1126523749474569,-0.1375631749138312,-0.07783570066361697,
0.8948216876088786,0.8405555555555555,0.7861344231673633,0.09048970266506697,0.06694577352472086,0.09048970266506697,0.19717795413462902,-0.06694577352472086,-0.09048970266506697,0.6212121212121212,adult,sex,22,proxy_soft,1.0,0.8907521124793408,0.12555260831122905,200.0,strat_y,0.8934033866782353,0.26,200.0,0.14465709728867626,-0.14465709728867626,-0.11562723803357172,0.1126523749474569,0.1375631749138312,-0.039787798408488007,-0.1126523749474569,-0.1375631749138312,-0.07783570066361697,
0.8903311728742606,0.8388888888888889,0.7838988944896701,0.08447121380264735,0.03632376395534287,0.08447121380264735,0.18704367136913808,-0.03632376395534287,-0.08447121380264735,0.6439393939393939,adult,sex,22,proxy_soft,3.0,0.8864373006820456,0.20247568523430592,200.0,strat_y,0.8934033866782353,0.26,200.0,0.14465709728867626,-0.14465709728867626,-0.11562723803357172,0.1126523749474569,0.1375631749138312,-0.039787798408488007,-0.1126523749474569,-0.1375631749138312,-0.07783570066361697,
0.8800390472342371,0.8322222222222222,0.774956779778898,0.04633238055501211,0.03831738437001597,0.04633238055501211,0.15284046703560616,-0.03831738437001597,-0.04633238055501211,0.6287878787878788,adult,sex,22,proxy_soft,10.0,0.8772555227076981,0.12555260831122905,200.0,strat_y,0.8934033866782353,0.26,200.0,0.14465709728867626,-0.14465709728867626,-0.11562723803357172,0.1126523749474569,0.1375631749138312,-0.039787798408488007,-0.1126523749474569,-0.1375631749138312,-0.07783570066361697,
0.8728530644958303,0.8283333333333334,0.7697405461976141,0.030205554276335714,0.029106858054226525,0.030205554276335714,0.13637225754168342,-0.029106858054226525,-0.030205554276335714,0.6287878787878788,adult,sex,22,proxy_soft,30.0,0.8713680486044835,0.12555260831122905,200.0,strat_y,0.8934033866782353,0.26,200.0,0.14465709728867626,-0.14465709728867626,-0.11562723803357172,0.1126523749474569,0.1375631749138312,-0.039787798408488007,-0.1126523749474569,-0.1375631749138312,-0.07783570066361697,
0.8969508216809852,0.8433333333333334,0.7898603042968516,0.10019936204146729,0.10019936204146729,0.09531130343652308,0.20731223690011996,-0.10019936204146729,-0.09531130343652308,0.5984848484848485,adult,sex,22,proxy_soft,0.3,0.8931348495076701,0.17469879518072284,400.0,strat_y,0.909188618308347,0.265,400.0,0.14465709728867626,-0.14465709728867626,-0.11562723803357172,0.2395464209780298,0.15541225454409568,-0.2395464209780298,-0.07552083333333334,-0.15541225454409568,-0.06303928837026142,
0.8954405978631658,0.8416666666666667,0.7876247756191586,0.08304175777501158,0.0695773524720893,0.08304175777501158,0.19211081275188358,-0.0695773524720893,-0.08304175777501158,0.6212121212121212,adult,sex,22,proxy_soft,1.0,0.8912903000535395,0.13926293408929835,400.0,strat_y,0.909188618308347,0.265,400.0,0.14465709728867626,-0.14465709728867626,-0.11562723803357172,0.2395464209780298,0.15541225454409568,-0.2395464209780298,-0.07552083333333334,-0.15541225454409568,-0.06303928837026142,
0.8929570910969656,0.8383333333333334,0.7831537182637726,0.08038136524881018,0.05279106858054228,0.08038136524881018,0.18577688602345171,-0.05279106858054228,-0.08038136524881018,0.6287878787878788,adult,sex,22,proxy_soft,3.0,0.8888097953862987,0.10985116938341599,400.0,strat_y,0.909188618308347,0.265,400.0,0.14465709728867626,-0.14465709728867626,-0.11562723803357172,0.2395464209780298,0.15541225454409568,-0.2395464209780298,-0.07552083333333334,-0.15541225454409568,-0.06303928837026142,
0.8873960065178081,0.8344444444444444,0.7779374846824887,0.0736311241687716,0.05247208931419456,0.0736311241687716,0.1781761739493335,-0.05247208931419456,-0.0736311241687716,0.6212121212121212,adult,sex,22,proxy_soft,10.0,0.8840182499592635,0.05634301913536499,400.0,strat_y,0.909188618308347,0.265,400.0,0.14465709728867626,-0.14465709728867626,-0.11562723803357172,0.2395464209780298,0.15541225454409568,-0.2395464209780298,-0.07552083333333334,-0.15541225454409568,-0.06303928837026142,
0.8828740287869855,0.8333333333333334,0.7764471322306934,0.06388866286132432,0.04984051036682613,0.06388866286132432,0.16930867652952897,-0.04984051036682613,-0.06388866286132432,0.6212121212121212,adult,sex,22,proxy_soft,30.0,0.8800749551898321,0.03211805555555555,400.0,strat_y,0.909188618308347,0.265,400.0,0.14465709728867626,-0.14465709728867626,-0.11562723803357172,0.2395464209780298,0.15541225454409568,-0.2395464209780298,-0.07552083333333334,-0.15541225454409568,-0.06303928837026142,
0.8967471401792397,0.8422222222222222,0.7883699518450563,0.09756778309409886,0.09756778309409886,0.09494542732771362,0.2060454515544336,-0.09756778309409886,-0.09494542732771362,0.5984848484848485,adult,sex,22,proxy_soft,0.3,0.8920193673037081,0.0727272727272727,25.0,random_mnar,0.8290650576060886,0.2,,,,,,,,,,,
0.8941750402395162,0.8433333333333334,0.7898603042968516,0.07812089723902038,0.046850079744816586,0.07812089723902038,0.18577688602345171,-0.046850079744816586,-0.07812089723902038,0.6439393939393939,adult,sex,22,proxy_soft,1.0,0.8884745920528876,0.018181818181818188,25.0,random_mnar,0.8290650576060886,0.2,,,,,,,,,,,
0.8909848580190898,0.8416666666666667,0.7876247756191586,0.07053964417682781,0.007336523125996863,0.07053964417682781,0.17310903256658805,-0.007336523125996863,-0.07053964417682781,0.6742424242424242,adult,sex,22,proxy_soft,3.0,0.8850229288391257,0.2181818181818182,25.0,random_mnar,0.8290650576060886,0.2,,,,,,,,,,,
0.8871765935179604,0.8405555555555555,0.7861344231673633,0.06704823966847237,0.004704944178628434,0.06704823966847237,0.16930867652952897,-0.004704944178628434,-0.06704823966847237,0.6742424242424242,adult,sex,22,proxy_soft,10.0,0.8811783328289765,0.2181818181818182,25.0,random_mnar,0.8290650576060886,0.2,,,,,,,,,,,
0.8842861377350617,0.8411111111111111,0.786879599393261,0.06488703142321765,0.011762360446570974,0.06488703142321765,0.16550832049246986,0.011762360446570974,-0.06488703142321765,0.6776315789473685,adult,sex,22,proxy_soft,30.0,0.878467841430201,0.2181818181818182,25.0,random_mnar,0.8290650576060886,0.2,,,,,,,,,,,
0.8977928708162495,0.8427777777777777,0.7891151280709541,0.12555821371610842,0.12555821371610842,0.09903527588155078,0.2136461636285518,-0.12555821371610842,-0.09903527588155078,0.5757575757575758,adult,sex,22,proxy_soft,0.3,0.8940520030726973,0.4,50.0,random_mnar,0.85337572198285,0.18,,,,,,,,,,,
0.8974103470202887,0.8416666666666667,0.7876247756191586,0.11403508771929816,0.11403508771929816,0.09710663557296834,0.20984580759149268,-0.11403508771929816,-0.09710663557296834,0.5833333333333334,adult,sex,22,proxy_soft,1.0,0.8934188412206988,0.4,50.0,random_mnar,0.85337572198285,0.18,,,,,,,,,,,
0.896942955931934,0.8422222222222222,0.7883699518450563,0.10645933014354059,0.10645933014354059,0.09338266312794063,0.2060454515544336,-0.10645933014354059,-0.09338266312794063,0.5909090909090909,adult,sex,22,proxy_soft,3.0,0.8928611001187179,0.4,50.0,random_mnar,0.85337572198285,0.18,,,,,,,,,,,
0.896249942041849,0.8433333333333334,0.7898603042968516,0.10019936204146729,0.10019936204146729,0.09062301083720418,0.20351188086306088,-0.10019936204146729,-0.09062301083720418,0.5984848484848485,adult,sex,22,proxy_soft,10.0,0.8919635000814731,0.4,50.0,random_mnar,0.85337572198285,0.18,,,,,,,,,,,
0.8955217392744302,0.8422222222222222,0.7883699518450563,0.09756778309409886,0.09756778309409886,0.09181989892816768,0.20351188086306088,-0.09756778309409886,-0.09181989892816768,0.5984848484848485,adult,sex,22,proxy_soft,30.0,0.8911478386368399,0.4,50.0,random_mnar,0.85337572198285,0.18,,,,,,,,,,,
0.8978098442747282,0.8411111111111111,0.786879599393261,0.1393939393939394,0.1393939393939394,0.10551890061731495,0.21998009035698363,-0.1393939393939394,-0.10551890061731495,0.5606060606060606,adult,sex,22,proxy_soft,0.3,0.8942736097208968,0.08333333333333333,100.0,random_mnar,0.8445774905789522,0.15,,,,,,,,,,,
0.8974840366692942,0.8416666666666667,0.7876247756191586,0.14070972886762367,0.14070972886762367,0.10023216397251428,0.21617973431992452,-0.14070972886762367,-0.10023216397251428,0.5606060606060606,adult,sex,22,proxy_soft,1.0,0.8938033939337507,0.08333333333333333,100.0,random_mnar,0.8445774905789522,0.15,,,,,,,,,,,
0.895768889389353,0.84,0.7853892469414656,0.1189792663476874,0.1189792663476874,0.09890196770941356,0.2111125929371791,-0.1189792663476874,-0.09890196770941356,0.5757575757575758,adult,sex,22,proxy_soft,3.0,0.8922893922111781,0.08333333333333333,100.0,random_mnar,0.8445774905789522,0.15,,,,,,,,,,,
0.8909463572474186,0.8405555555555555,0.7861344231673633,0.102511961722488,0.102511961722488,0.08580141006574807,0.19844473948031538,-0.102511961722488,-0.08580141006574807,0.5909090909090909,adult,sex,22,proxy_soft,10.0,0.8878367745990363,0.08333333333333333,100.0,random_mnar,0.8445774905789522,0.15,,,,,,,,,,,
0.887678345510065,0.8377777777777777,0.7824085420378749,0.08704146730462514,0.08704146730462514,0.07316598829542707,0.18451010067776535,-0.08704146730462514,-0.07316598829542707,0.5984848484848485,adult,sex,22,proxy_soft,30.0,0.8846914499871971,0.06666666666666667,100.0,random_mnar,0.8445774905789522,0.15,,,,,,,,,,,
0.8976500453729523,0.8416666666666667,0.7876247756191586,0.13181818181818172,0.13181818181818172,0.10023216397251428,0.21491294897423818,-0.13181818181818172,-0.10023216397251428,0.5681818181818182,adult,sex,22,proxy_soft,0.3,0.893875090202286,0.08974358974358973,200.0,random_mnar,0.889080509023306,0.16,,,,,,,,,,,
0.8970539043922343,0.8416666666666667,0.7876247756191586,0.11403508771929816,0.11403508771929816,0.0986693997727413,0.2111125929371791,-0.11403508771929816,-0.0986693997727413,0.5833333333333334,adult,sex,22,proxy_soft,1.0,0.8929290719057705,0.05882352941176472,200.0,random_mnar,0.889080509023306,0.16,,,,,,,,,,,
0.8953284074424889,0.8394444444444444,0.784644070715568,0.10877192982456141,0.10877192982456141,0.10262594015444126,0.2123793782828654,-0.10877192982456141,-0.10262594015444126,0.5833333333333334,adult,sex,22,proxy_soft,3.0,0.8908219465071348,0.10784313725490202,200.0,random_mnar,0.889080509023306,0.16,,,,,,,,,,,
0.8902140146120778,0.8416666666666667,0.7876247756191586,0.11403508771929816,0.11403508771929816,0.10023216397251428,0.2123793782828654,-0.11403508771929816,-0.10023216397251428,0.5833333333333334,adult,sex,22,proxy_soft,10.0,0.8859652226541587,0.05882352941176472,200.0,random_mnar,0.889080509023306,0.16,,,,,,,,,,,
0.8868623775427069,0.8372222222222222,0.781663365811977,0.10350877192982455,0.10350877192982455,0.09095483853841149,0.2009783101716881,-0.10350877192982455,-0.09095483853841149,0.5833333333333334,adult,sex,22,proxy_soft,30.0,0.8828040689960195,0.03921568627450989,200.0,random_mnar,0.889080509023306,0.16,,,,,,,,,,,
0.8972476502109676,0.8430555555555556,0.7896756661875459,0.10019936204146729,0.10019936204146729,0.09590974748200484,0.20772359025264975,-0.10019936204146729,-0.09590974748200484,0.5984848484848485,adult,sex,22,proxy_soft,0.3,0.8929439698317,0.19491525423728817,400.0,random_mnar,0.8865216449594466,0.1525,,,,,,,,,,,
0.8963472289380079,0.8438888888888889,0.7906054805227495,0.08846180259194947,0.057057416267942584,0.08846180259194947,0.19591116878894266,-0.057057416267942584,-0.08846180259194947,0.6363636363636364,adult,sex,22,proxy_soft,1.0,0.8913703764054097,0.18644067796610164,400.0,random_mnar,0.8865216449594466,0.1525,,,,,,,,,,,
0.8952323625067066,0.8422222222222222,0.7883699518450563,0.08556884212907578,0.053110047846889996,0.08556884212907578,0.19211081275188358,-0.053110047846889996,-0.08556884212907578,0.6363636363636364,adult,sex,22,proxy_soft,3.0,0.8897790916920785,0.19491525423728817,400.0,random_mnar,0.8865216449594466,0.1525,,,,,,,,,,,
0.8933106358174749,0.8422222222222222,0.7883699518450563,0.08244331372952984,0.03532695374800643,0.08244331372952984,0.18704367136913808,-0.03532695374800643,-0.08244331372952984,0.6515151515151515,adult,sex,22,proxy_soft,10.0,0.887367489932261,0.19491525423728817,400.0,random_mnar,0.8865216449594466,0.1525,,,,,,,,,,,
0.8917759867789179,0.84,0.7853892469414656,0.07702326891259197,0.0389553429027113,0.07702326891259197,0.18197652998639258,-0.0389553429027113,-0.07702326891259197,0.6439393939393939,adult,sex,22,proxy_soft,30.0,0.8856840243022416,0.19491525423728817,400.0,random_mnar,0.8865216449594466,0.1525,,,,,,,,,,,
0.8955552722045956,0.845,0.7920958329745448,0.13082137161084528,0.13082137161084528,0.11070637749758053,0.2250472317397291,-0.13082137161084528,-0.11070637749758053,0.5757575757575758,adult,sex,22,jtt,1.0,0.892575246164948,,,,,,,,,,,,,,,,1.5
0.8936438951851681,0.8433333333333334,0.7898603042968516,0.11798245614035086,0.11798245614035086,0.11406447383379875,0.2250472317397291,-0.11798245614035086,-0.11406447383379875,0.5833333333333334,adult,sex,22,jtt,2.0,0.8908629158034405,,,,,,,,,,,,,,,,2.0
0.8881295911135252,0.8383333333333334,0.7831537182637726,0.12257599864268043,0.10614035087719298,0.12257599864268043,0.22758080243110182,-0.10614035087719298,-0.12257599864268043,0.5833333333333334,adult,sex,22,jtt,3.0,0.8855341139225773,,,,,,,,,,,,,,,,3.0
0.8634091977929537,0.81,0.7451497307429903,0.17028705115975223,0.15462519936204144,0.17028705115975223,0.2579836507275746,-0.15462519936204144,-0.17028705115975223,0.48484848484848486,adult,sex,22,jtt,4.0,0.8633138573989153,,,,,,,,,,,,,,,,5.0
0.8992273350511026,0.8427777777777777,0.7891151280709541,0.10997462527996157,0.10777511961722486,0.10997462527996157,0.21998009035698363,-0.10777511961722486,-0.10997462527996157,0.5909090909090909,adult,sex,22,cvar,1.0,0.8953918852859705,,,,,,,,,,,,,,,,0.5
0.8962362804777076,0.8433333333333334,0.7898603042968516,0.11798245614035086,0.11798245614035086,0.11250170963402578,0.2237804463940427,-0.11798245614035086,-0.11250170963402578,0.5833333333333334,adult,sex,22,cvar,2.0,0.8932847598873345,,,,,,,,,,,,,,,,0.2
0.8955527882838427,0.8444444444444444,0.7913506567486471,0.129505582137161,0.129505582137161,0.11286758574283526,0.2263140170854155,-0.129505582137161,-0.11286758574283526,0.5757575757575758,adult,sex,22,cvar,3.0,0.8927149142205361,,,,,,,,,,,,,,,,0.1
0.8970746037318426,0.8422222222222222,0.7883699518450563,0.14202551834130783,0.14202551834130783,0.10588477672612441,0.22124687570267,-0.14202551834130783,-0.10588477672612441,0.5606060606060606,adult,sex,22,arl,1.0,0.8936348611466749,,,,,,,,,,,,,,,,0.05
0.8960922130740341,0.845,0.7920958329745448,0.14860446570972896,0.14860446570972896,0.11383190589712647,0.2301143731224746,-0.14860446570972896,-0.11383190589712647,0.5606060606060606,adult,sex,22,arl,2.0,0.8934868130077516,,,,,,,,,,,,,,,,0.2
0.8957664054686,0.8433333333333334,0.7898603042968516,0.1535486443381181,0.1535486443381181,0.11562723803357172,0.23138115846816093,-0.1535486443381181,-0.11562723803357172,0.553030303030303,adult,sex,22,arl,3.0,0.8926041108964361,,,,,,,,,,,,,,,,0.5
0.8954335600876989,0.8438888888888889,0.7906054805227495,0.10408944458967918,0.10151515151515145,0.10408944458967918,0.21491294897423818,-0.10151515151515145,-0.10408944458967918,0.5984848484848485,adult,sex,22,cluster_rw,1.0,0.8923070834982194,,,,,,,,,,,,,,,,0.25
0.8877474813043564,0.8413888888888889,0.7874401375098529,0.09145402281935819,0.02511961722488043,0.09145402281935819,0.19252216610441336,-0.02511961722488043,-0.09145402281935819,0.6590909090909091,adult,sex,22,cluster_rw,2.0,0.8850219977187551,,,,,,,,,,,,,,,,0.5
0.8402131038411351,0.8066666666666666,0.7406786733876043,0.08444976076555022,0.08444976076555022,0.03791723005239414,0.11483690666501514,0.08444976076555022,-0.03791723005239414,0.5973684210526315,adult,sex,22,cluster_rw,3.0,0.8377648455504085,,,,,,,,,,,,,,,,1.0
0.8994573047141504,0.8438888888888889,0.7906054805227495,0.16879154407758534,0.16879154407758534,0.10096391619013323,0.2214624881291548,-0.16879154407758534,-0.10096391619013323,0.5413533834586466,adult,sex,23,erm,0.0,0.9023906515514794,,,,,,,,,,,,,,,,
0.8988011356485683,0.8455555555555555,0.7928410092004425,0.11972619295273756,0.11972619295273756,0.0882292346552772,0.20500158277936054,-0.11972619295273756,-0.0882292346552772,0.5864661654135338,adult,sex,23,oracle,0.3,0.9017351428105869,,,,,,,,,,,,,,,,
0.8977955617303985,0.8455555555555555,0.7928410092004425,0.10205355285446827,0.10205355285446827,0.08354094205595827,0.198670465337132,-0.10205355285446827,-0.08354094205595827,0.6015037593984962,adult,sex,23,oracle,1.0,0.900432505412137,,,,,,,,,,,,,,,,
0.8940556050499764,0.8472222222222222,0.7950765378781356,0.07236902472087518,0.04415188168048578,0.07236902472087518,0.1822095599873378,-0.04415188168048578,-0.07236902472087518,0.6541353383458647,adult,sex,23,oracle,3.0,0.8947070462534045,,,,,,,,,,,,,,,,
0.8822321422657332,0.8366666666666667,0.7809181895860795,0.02795526365320422,0.02795526365320422,0.027479950393201405,0.13789173789173786,-0.02795526365320422,-0.027479950393201405,0.6466165413533834,adult,sex,23,oracle,10.0,0.8796806257128891,,,,,,,,,,,,,,,,
0.8743295483900881,0.8305555555555556,0.7727212511012049,0.013046450117388364,0.013046450117388364,0.005933079297587129,0.11130104463437795,0.013046450117388364,-0.005933079297587129,0.6561264822134387,adult,sex,23,oracle,30.0,0.8703638352848064,,,,,,,,,,,,,,,,
0.8990648452351776,0.8455555555555555,0.7928410092004425,0.12856251300187227,0.12856251300187227,0.08979199885505015,0.20753402975625196,-0.12856251300187227,-0.08979199885505015,0.5789473684210527,adult,sex,23,proxy_soft,0.3,0.902310575199609,0.1,25.0,random,0.7330417220639442,0.24,25.0,0.16879154407758534,-0.16879154407758534,-0.10096391619013323,1.0,0.08766680035109964,-1.0,-0.1,-0.08766680035109964,-0.06846496484029158,
0.8984322734167489,0.8461111111111111,0.7935861854263402,0.12104371600939112,0.12104371600939112,0.0845052622102495,0.20246913580246917,-0.12104371600939112,-0.0845052622102495,0.5864661654135338,adult,sex,23,proxy_soft,1.0,0.9020945552736331,0.1,25.0,random,0.7330417220639442,0.24,25.0,0.16879154407758534,-0.16879154407758534,-0.10096391619013323,1.0,0.08766680035109964,-1.0,-0.1,-0.08766680035109964,-0.06846496484029158,
0.8977752763775826,0.8455555555555555,0.7928410092004425,0.11972619295273756,0.11972619295273756,0.08041541365641233,0.198670465337132,-0.11972619295273756,-0.08041541365641233,0.5864661654135338,adult,sex,23,proxy_soft,3.0,0.9017574896994809,0.1,25.0,random,0.7330417220639442,0.24,25.0,0.16879154407758534,-0.16879154407758534,-0.10096391619013323,1.0,0.08766680035109964,-1.0,-0.1,-0.08766680035109964,-0.06846496484029158,
0.8971170373780395,0.8472222222222222,0.7950765378781356,0.10600612202442872,0.10600612202442872,0.07705731732019411,0.19487179487179487,-0.10600612202442872,-0.07705731732019411,0.6015037593984962,adult,sex,23,proxy_soft,10.0,0.9013934216345819,0.1,25.0,random,0.7330417220639442,0.24,25.0,0.16879154407758534,-0.16879154407758534,-0.10096391619013323,1.0,0.08766680035109964,-1.0,-0.1,-0.08766680035109964,-0.06846496484029158,
0.8966943568632386,0.8466666666666667,0.7943313616522378,0.10468859896777516,0.10468859896777516,0.0745302329661299,0.19233934789490345,-0.10468859896777516,-0.0745302329661299,0.6015037593984962,adult,sex,23,proxy_soft,30.0,0.9011438813752649,0.1,25.0,random,0.7330417220639442,0.24,25.0,0.16879154407758534,-0.16879154407758534,-0.10096391619013323,1.0,0.08766680035109964,-1.0,-0.1,-0.08766680035109964,-0.06846496484029158,
0.8986839773863855,0.8461111111111111,0.7935861854263402,0.13871635610766053,0.13871635610766053,0.08919355480956842,0.2088002532446977,-0.13871635610766053,-0.08919355480956842,0.5714285714285714,adult,sex,23,proxy_confident,0.3,0.9021606648199446,0.1,25.0,random,0.7330417220639442,0.24,25.0,0.16879154407758534,-0.16879154407758534,-0.10096391619013323,1.0,0.08766680035109964,-1.0,-0.1,-0.08766680035109964,-0.06846496484029158,
0.8980700349736042,0.8466666666666667,0.7943313616522378,0.14003387916431398,0.14003387916431398,0.0932834033634056,0.2125989237100348,-0.14003387916431398,-0.0932834033634056,0.5714285714285714,adult,sex,23,proxy_confident,1.0,0.9018692241439511,0.1,25.0,random,0.7330417220639442,0.24,25.0,0.16879154407758534,-0.16879154407758534,-0.10096391619013323,1.0,0.08766680035109964,-1.0,-0.1,-0.08766680035109964,-0.06846496484029158,
0.8975956061097826,0.8461111111111111,0.7935861854263402,0.13871635610766053,0.13871635610766053,0.09388184740888733,0.2125989237100348,-0.13871635610766053,-0.09388184740888733,0.5714285714285714,adult,sex,23,proxy_confident,3.0,0.9015954747549989,1.0,25.0,random,0.7330417220639442,0.24,25.0,0.16879154407758534,-0.16879154407758534,-0.10096391619013323,1.0,0.08766680035109964,-1.0,-0.1,-0.08766680035109964,-0.06846496484029158,
0.8972511690987012,0.845,0.7920958329745448,0.13608130999435353,0.13608130999435353,0.09507873549985082,0.2125989237100348,-0.13608130999435353,-0.09507873549985082,0.5714285714285714,adult,sex,23,proxy_confident,10.0,0.9013375544123468,1.0,25.0,random,0.7330417220639442,0.24,25.0,0.16879154407758534,-0.16879154407758534,-0.10096391619013323,1.0,0.08766680035109964,-1.0,-0.1,-0.08766680035109964,-0.06846496484029158,
0.897120763259169,0.8444444444444444,0.7913506567486471,0.14360010698683467,0.14360010698683467,0.09567717954533259,0.21386514719848052,-0.14360010698683467,-0.09567717954533259,0.5639097744360902,adult,sex,23,proxy_confident,30.0,0.9012639959030705,1.0,25.0,random,0.7330417220639442,0.24,25.0,0.16879154407758534,-0.16879154407758534,-0.10096391619013323,1.0,0.08766680035109964,-1.0,-0.1,-0.08766680035109964,-0.06846496484029158,
0.8897621480284291,0.8405555555555555,0.7865103231746495,0.09151336840124025,0.09151336840124025,0.08171156151191089,0.19316239316239317,-0.09151336840124025,-0.08171156151191089,0.6015037593984962,adult,sex,23,related_feats,0.3,0.8924043855769453,0.11111111111111116,25.0,random,0.7330417220639442,0.24,25.0,0.16879154407758534,-0.16879154407758534,-0.10096391619013323,1.0,0.08766680035109964,-1.0,-0.1,-0.08766680035109964,-0.06846496484029158,
0.882076483231879,0.8322222222222222,0.774956779778898,0.06159667944564973,0.06159667944564973,0.05883449415319589,0.16574865463754354,-0.06159667944564973,-0.05883449415319589,0.6090225563909775,adult,sex,23,related_feats,1.0,0.8820773295467772,0.2222222222222222,25.0,random,0.7330417220639442,0.24,25.0,0.16879154407758534,-0.16879154407758534,-0.10096391619013323,1.0,0.08766680035109964,-1.0,-0.1,-0.08766680035109964,-0.06846496484029158,
0.8626377334057534,0.8266666666666667,0.767505017519921,0.028875358013235028,0.013076168682575995,0.028875358013235028,0.13156062044950934,-0.013076168682575995,-0.028875358013235028,0.6390977443609023,adult,sex,23,related_feats,3.0,0.8604967527177076,0.2222222222222222,25.0,random,0.7330417220639442,0.24,25.0,0.16879154407758534,-0.16879154407758534,-0.10096391619013323,1.0,0.08766680035109964,-1.0,-0.1,-0.08766680035109964,-0.06846496484029158,
0.8168251270111477,0.795,0.7250299726437527,0.07935847523948203,0.07935847523948203,0.043281296978867484,0.0657169990503324,-0.07935847523948203,0.043281296978867484,0.518796992481203,adult,sex,23,related_feats,10.0,0.8126827905677507,0.7777777777777778,25.0,random,0.7330417220639442,0.24,25.0,0.16879154407758534,-0.16879154407758534,-0.10096391619013323,1.0,0.08766680035109964,-1.0,-0.1,-0.08766680035109964,-0.06846496484029158,
0.7883780245875036,0.7761111111111111,0.6996939809632314,0.09641693165720633,0.09641693165720633,0.06981712542567722,0.03659385881608104,-0.09641693165720633,0.06981712542567722,0.46616541353383456,adult,sex,23,related_feats,30.0,0.7831411345701716,0.6666666666666666,25.0,random,0.7330417220639442,0.24,25.0,0.16879154407758534,-0.16879154407758534,-0.10096391619013323,1.0,0.08766680035109964,-1.0,-0.1,-0.08766680035109964,-0.06846496484029158,
0.8988876588881309,0.8461111111111111,0.7935861854263402,0.12104371600939112,0.12104371600939112,0.09075631900934138,0.20753402975625196,-0.12104371600939112,-0.09075631900934138,0.5864661654135338,adult,sex,23,proxy_soft,0.3,0.9018161502828276,0.25,50.0,random,0.8602065843621399,0.24,50.0,0.16879154407758534,-0.16879154407758534,-0.10096391619013323,0.25,0.07825622062279865,-0.25,-0.15384615384615385,-0.03448334937969344,-0.07825622062279865,
0.8980861804584986,0.8466666666666667,0.7943313616522378,0.11352491901690986,0.11352491901690986,0.08546958236454072,0.20246913580246917,-0.11352491901690986,-0.08546958236454072,0.5939849624060151,adult,sex,23,proxy_soft,1.0,0.9009697618659653,0.25,50.0,random,0.8602065843621399,0.24,50.0,0.16879154407758534,-0.16879154407758534,-0.10096391619013323,0.25,0.07825622062279865,-0.25,-0.15384615384615385,-0.03448334937969344,-0.07825622062279865,
0.896777982195256,0.845,0.7920958329745448,0.10073602979781471,0.10073602979781471,0.08726491450098597,0.20120291231402343,-0.10073602979781471,-0.08726491450098597,0.6015037593984962,adult,sex,23,proxy_soft,3.0,0.8991335924951698,0.25,50.0,random,0.8602065843621399,0.24,50.0,0.16879154407758534,-0.16879154407758534,-0.10096391619013323,0.25,0.07825622062279865,-0.25,-0.15384615384615385,-0.03448334937969344,-0.07825622062279865,
0.8927225675792041,0.8461111111111111,0.7935861854263402,0.0856984358128523,0.0856984358128523,0.08294249801047651,0.19613801836024056,-0.0856984358128523,-0.08294249801047651,0.6165413533834586,adult,sex,23,proxy_soft,10.0,0.8938308619846831,0.25,50.0,random,0.8602065843621399,0.24,50.0,0.16879154407758534,-0.16879154407758534,-0.10096391619013323,0.25,0.07825622062279865,-0.25,-0.15384615384615385,-0.03448334937969344,-0.07825622062279865,
0.8896371240171954,0.8455555555555555,0.7928410092004425,0.10205355285446827,0.10205355285446827,0.08510370625573126,0.19993668882557775,-0.10205355285446827,-0.08510370625573126,0.6015037593984962,adult,sex,23,proxy_soft,30.0,0.8899266742708164,0.25,50.0,random,0.8602065843621399,0.24,50.0,0.16879154407758534,-0.16879154407758534,-0.10096391619013323,0.25,0.07825622062279865,-0.25,-0.15384615384615385,-0.03448334937969344,-0.07825622062279865,
0.8989961234276783,0.8455555555555555,0.7928410092004425,0.13739883305100697,0.13739883305100697,0.09604305565414203,0.21386514719848052,-0.13739883305100697,-0.09604305565414203,0.5714285714285714,adult,sex,23,proxy_confident,0.3,0.9015507809772109,0.25,50.0,random,0.8602065843621399,0.24,50.0,0.16879154407758534,-0.16879154407758534,-0.10096391619013323,0.25,0.07825622062279865,-0.25,-0.15384615384615385,-0.03448334937969344,-0.07825622062279865,
0.8964240234879547,0.8461111111111111,0.7935861854263402,0.12988003605852572,0.12988003605852572,0.1016956684077522,0.21766381766381768,-0.12988003605852572,-0.1016956684077522,0.5789473684210527,adult,sex,23,proxy_confident,1.0,0.8976866314392794,0.25,50.0,random,0.8602065843621399,0.24,50.0,0.16879154407758534,-0.16879154407758534,-0.10096391619013323,0.25,0.07825622062279865,-0.25,-0.15384615384615385,-0.03448334937969344,-0.07825622062279865,
0.892366952924734,0.8444444444444444,0.7913506567486471,0.15243642703596938,0.15243642703596938,0.10192823634442447,0.22019626464070913,-0.15243642703596938,-0.10192823634442447,0.556390977443609,adult,sex,23,proxy_confident,3.0,0.8920235573453759,0.25,50.0,random,0.8602065843621399,0.24,50.0,0.16879154407758534,-0.16879154407758534,-0.10096391619013323,0.25,0.07825622062279865,-0.25,-0.15384615384615385,-0.03448334937969344,-0.07825622062279865,
0.890099547264044,0.8433333333333334,0.7898603042968516,0.14980138092266237,0.14980138092266237,0.10156236023561496,0.21893004115226336,-0.14980138092266237,-0.10156236023561496,0.556390977443609,adult,sex,23,proxy_confident,10.0,0.8892246095113947,0.25,50.0,random,0.8602065843621399,0.24,50.0,0.16879154407758534,-0.16879154407758534,-0.10096391619013323,0.25,0.07825622062279865,-0.25,-0.15384615384615385,-0.03448334937969344,-0.07825622062279865,
0.8894048774267906,0.8427777777777777,0.7891151280709541,0.15732017791514352,0.15732017791514352,0.10059804008132375,0.21893004115226336,-0.15732017791514352,-0.10059804008132375,0.5488721804511278,adult,sex,23,proxy_confident,30.0,0.8883232849926676,0.25,50.0,random,0.8602065843621399,0.24,50.0,0.16879154407758534,-0.16879154407758534,-0.10096391619013323,0.25,0.07825622062279865,-0.25,-0.15384615384615385,-0.03448334937969344,-0.07825622062279865,
0.8845111395566037,0.8416666666666667,0.7876247756191586,0.06741411577728186,0.04864929121222028,0.06741411577728186,0.17587844254510918,-0.04864929121222028,-0.06741411577728186,0.6390977443609023,adult,sex,23,related_feats,0.3,0.8833520333341092,0.25,50.0,random,0.8602065843621399,0.24,50.0,0.16879154407758534,-0.16879154407758534,-0.10096391619013323,0.25,0.07825622062279865,-0.25,-0.15384615384615385,-0.03448334937969344,-0.07825622062279865,
0.8704090934682819,0.8311111111111111,0.7734664273271025,0.03658991924756483,0.005943713037534493,0.03658991924756483,0.1391579613801836,-0.005943713037534493,-0.03658991924756483,0.6541353383458647,adult,sex,23,related_feats,1.0,0.8672641355711259,0.16666666666666663,50.0,random,0.8602065843621399,0.24,50.0,0.16879154407758534,-0.16879154407758534,-0.10096391619013323,0.25,0.07825622062279865,-0.25,-0.15384615384615385,-0.03448334937969344,-0.07825622062279865,
0.850461139887793,0.8244444444444444,0.7645243126163304,0.028143605795616075,0.027539203740576723,0.028143605795616075,0.1239632795188351,0.027539203740576723,-0.028143605795616075,0.6416337285902504,adult,sex,23,related_feats,3.0,0.8465234293163248,0.33333333333333337,50.0,random,0.8602065843621399,0.24,50.0,0.16879154407758534,-0.16879154407758534,-0.10096391619013323,0.25,0.07825622062279865,-0.25,-0.15384615384615385,-0.03448334937969344,-0.07825622062279865,
0.8210080495591869,0.8,0.731736558676832,0.04703458250369008,0.04703458250369008,0.00134116100453191,0.09990503323836655,-0.04703458250369008,-0.00134116100453191,0.556390977443609,adult,sex,23,related_feats,10.0,0.8160217882166718,0.25,50.0,random,0.8602065843621399,0.24,50.0,0.16879154407758534,-0.16879154407758534,-0.10096391619013323,0.25,0.07825622062279865,-0.25,-0.15384615384615385,-0.03448334937969344,-0.07825622062279865,
0.8030782815905041,0.7905555555555556,0.7190685628365712,0.05114565068798471,0.05114565068798471,0.007238460619554049,0.08850902184235515,-0.05114565068798471,0.007238460619554049,0.5338345864661654,adult,sex,23,related_feats,30.0,0.7958499965082986,0.16666666666666663,50.0,random,0.8602065843621399,0.24,50.0,0.16879154407758534,-0.16879154407758534,-0.10096391619013323,0.25,0.07825622062279865,-0.25,-0.15384615384615385,-0.03448334937969344,-0.07825622062279865,
0.8950773244530408,0.8433333333333334,0.7898603042968516,0.062493255241290666,0.05260186038218073,0.062493255241290666,0.1733459955682178,-0.05260186038218073,-0.062493255241290666,0.6390977443609023,adult,sex,23,proxy_soft,0.3,0.8978551642263554,0.7368421052631579,100.0,random,0.881579297245964,0.32,100.0,0.16879154407758534,-0.16879154407758534,-0.10096391619013323,0.7368421052631579,0.2784877963261377,-0.7368421052631579,-0.10204081632653061,-0.2784877963261377,-0.12996053862315926,
0.8894255767663989,0.84,0.7853892469414656,0.037954163918267655,0.0005151217965864152,0.037954163918267655,0.14422285533396648,-0.0005151217965864152,-0.037954163918267655,0.6766917293233082,adult,sex,23,proxy_soft,1.0,0.8917386345119765,0.7368421052631579,100.0,random,0.881579297245964,0.32,100.0,0.16879154407758534,-0.16879154407758534,-0.10096391619013323,0.7368421052631579,0.2784877963261377,-0.7368421052631579,-0.10204081632653061,-0.2784877963261377,-0.12996053862315926,
0.8834712047346842,0.8372222222222222,0.781663365811977,0.04141777368321986,0.04141777368321986,0.022193213748400734,0.1239632795188351,0.04141777368321986,-0.022193213748400734,0.6653491436100132,adult,sex,23,proxy_soft,3.0,0.8842915337880303,0.6842105263157895,100.0,random,0.881579297245964,0.32,100.0,0.16879154407758534,-0.16879154407758534,-0.10096391619013323,0.7368421052631579,0.2784877963261377,-0.7368421052631579,-0.10204081632653061,-0.2784877963261377,-0.12996053862315926,
0.8747667184426148,0.8327777777777777,0.7757019560047955,0.06963059823471718,0.06963059823471718,0.012088338882069588,0.08977524533080089,0.06963059823471718,0.012088338882069588,0.6521739130434783,adult,sex,23,proxy_soft,10.0,0.8730724644428408,0.631578947368421,100.0,random,0.881579297245964,0.32,100.0,0.16879154407758534,-0.16879154407758534,-0.10096391619013323,0.7368421052631579,0.2784877963261377,-0.7368421052631579,-0.10204081632653061,-0.2784877963261377,-0.12996053862315926,
0.8682650558716574,0.8272222222222222,0.7682501937458188,0.08280582880125209,0.08280582880125209,0.021731540424981835,0.0771130104463438,0.08280582880125209,0.021731540424981835,0.6389986824769434,adult,sex,23,proxy_soft,30.0,0.8653786168206895,0.631578947368421,100.0,random,0.881579297245964,0.32,100.0,0.16879154407758534,-0.16879154407758534,-0.10096391619013323,0.7368421052631579,0.2784877963261377,-0.7368421052631579,-0.10204081632653061,-0.2784877963261377,-0.12996053862315926,
0.8909018536672606,0.8422222222222222,0.7883699518450563,0.06056461493270822,0.023457854121469723,0.06056461493270822,0.16701487812598922,-0.023457854121469723,-0.06056461493270822,0.6616541353383458,adult,sex,23,proxy_confident,0.3,0.8917796038082824,0.7368421052631579,100.0,random,0.881579297245964,0.32,100.0,0.16879154407758534,-0.16879154407758534,-0.10096391619013323,0.7368421052631579,0.2784877963261377,-0.7368421052631579,-0.10204081632653061,-0.2784877963261377,-0.12996053862315926,
0.8858280315424817,0.8383333333333334,0.7831537182637726,0.04131226025448588,0.005398872675760558,0.04131226025448588,0.14675530231085784,-0.005398872675760558,-0.04131226025448588,0.6691729323308271,adult,sex,23,proxy_confident,1.0,0.8849638026955935,0.7368421052631579,100.0,random,0.881579297245964,0.32,100.0,0.16879154407758534,-0.16879154407758534,-0.10096391619013323,0.7368421052631579,0.2784877963261377,-0.7368421052631579,-0.10204081632653061,-0.2784877963261377,-0.12996053862315926,
0.8822458038298746,0.8355555555555556,0.779427837134284,0.03180236688371084,0.007647577441627806,0.03180236688371084,0.13789173789173786,-0.007647577441627806,-0.03180236688371084,0.6616541353383458,adult,sex,23,proxy_confident,3.0,0.8799990688796293,0.6842105263157895,100.0,random,0.881579297245964,0.32,100.0,0.16879154407758534,-0.16879154407758534,-0.10096391619013323,0.7368421052631579,0.2784877963261377,-0.7368421052631579,-0.10204081632653061,-0.2784877963261377,-0.12996053862315926,
0.8803286309953567,0.8333333333333334,0.7764471322306934,0.02169402946745405,0.006458834834120908,0.02169402946745405,0.12649572649572646,0.006458834834120908,-0.02169402946745405,0.6627140974967062,adult,sex,23,proxy_confident,10.0,0.8773546870271653,0.6842105263157895,100.0,random,0.881579297245964,0.32,100.0,0.16879154407758534,-0.16879154407758534,-0.10096391619013323,0.7368421052631579,0.2784877963261377,-0.7368421052631579,-0.10204081632653061,-0.2784877963261377,-0.12996053862315926,
0.8797714047731021,0.8327777777777777,0.7757019560047955,0.020729709313162828,0.007776357890774355,0.020729709313162828,0.12522950300728078,0.007776357890774355,-0.020729709313162828,0.6613965744400527,adult,sex,23,proxy_confident,30.0,0.8765576479899438,0.6842105263157895,100.0,random,0.881579297245964,0.32,100.0,0.16879154407758534,-0.16879154407758534,-0.10096391619013323,0.7368421052631579,0.2784877963261377,-0.7368421052631579,-0.10204081632653061,-0.2784877963261377,-0.12996053862315926,
0.8838185396533109,0.8372222222222222,0.781663365811977,0.045634676744995314,0.020436466660722963,0.045634676744995314,0.1518201962646407,-0.020436466660722963,-0.045634676744995314,0.6541353383458647,adult,sex,23,related_feats,0.3,0.882898577713634,0.5263157894736842,100.0,random,0.881579297245964,0.32,100.0,0.16879154407758534,-0.16879154407758534,-0.10096391619013323,0.7368421052631579,0.2784877963261377,-0.7368421052631579,-0.10204081632653061,-0.2784877963261377,-0.12996053862315926,
0.8686459237204497,0.8255555555555556,0.7660146650681257,0.03374047767640442,0.03374047767640442,0.028509481904425538,0.1239632795188351,0.03374047767640442,-0.028509481904425538,0.6429512516469038,adult,sex,23,related_feats,1.0,0.8632770781442771,0.5263157894736842,100.0,random,0.881579297245964,0.32,100.0,0.16879154407758534,-0.16879154407758534,-0.10096391619013323,0.7368421052631579,0.2784877963261377,-0.7368421052631579,-0.10204081632653061,-0.2784877963261377,-0.12996053862315926,
0.8409452394830795,0.8138888888888889,0.7503659643242743,0.0317002216609044,0.009282098526949834,0.0317002216609044,0.12649572649572646,-0.009282098526949834,-0.0317002216609044,0.6165413533834586,adult,sex,23,related_feats,3.0,0.8294625107660792,0.42105263157894735,100.0,random,0.881579297245964,0.32,100.0,0.16879154407758534,-0.16879154407758534,-0.10096391619013323,0.7368421052631579,0.2784877963261377,-0.7368421052631579,-0.10204081632653061,-0.2784877963261377,-0.12996053862315926,
0.8007537457524955,0.7888888888888889,0.7168330341588781,0.10021100181283255,0.10021100181283255,0.002317600083562882,0.09863880974992087,-0.10021100181283255,0.002317600083562882,0.48872180451127817,adult,sex,23,related_feats,10.0,0.7821383179310505,0.42105263157894735,100.0,random,0.881579297245964,0.32,100.0,0.16879154407758534,-0.16879154407758534,-0.10096391619013323,0.7368421052631579,0.2784877963261377,-0.7368421052631579,-0.10204081632653061,-0.2784877963261377,-0.12996053862315926,
0.7755833487888404,0.7733333333333333,0.695968099833743,0.10750195647220817,0.10750195647220817,0.0324440928032631,0.06698322253877809,-0.10750195647220817,0.0324440928032631,0.45112781954887216,adult,sex,23,related_feats,30.0,0.755453339230429,0.42105263157894735,100.0,random,0.881579297245964,0.32,100.0,0.16879154407758534,-0.16879154407758534,-0.10096391619013323,0.7368421052631579,0.2784877963261377,-0.7368421052631579,-0.10204081632653061,-0.2784877963261377,-0.12996053862315926,
0.8981826393810732,0.8461111111111111,0.7935861854263402,0.1122073959602563,0.1122073959602563,0.0845052622102495,0.20120291231402343,-0.1122073959602563,-0.0845052622102495,0.5939849624060151,adult,sex,23,proxy_soft,0.3,0.9012574780604763,0.036385542168674706,200.0,random,0.8869712567268123,0.305,200.0,0.16879154407758534,-0.16879154407758534,-0.10096391619013323,0.04843373493975904,0.11672480068905353,0.012987012987012991,-0.04843373493975904,-0.10654915082451155,-0.11672480068905353,
0.8963445380238589,0.8461111111111111,0.7935861854263402,0.07356591281183868,0.06802579571458289,0.07356591281183868,0.1860082304526749,-0.06802579571458289,-0.07356591281183868,0.631578947368421,adult,sex,23,proxy_soft,1.0,0.899421308689681,0.030844155844155896,200.0,random,0.8869712567268123,0.305,200.0,0.16879154407758534,-0.16879154407758534,-0.10096391619013323,0.04843373493975904,0.11672480068905353,0.012987012987012991,-0.04843373493975904,-0.10654915082451155,-0.11672480068905353,
0.8921661693305338,0.8477777777777777,0.7958217141040331,0.07020781647562047,0.06314204483540864,0.07020781647562047,0.18347578347578347,-0.06314204483540864,-0.07020781647562047,0.6390977443609023,adult,sex,23,proxy_soft,3.0,0.894885821364557,0.13961038961038963,200.0,random,0.8869712567268123,0.305,200.0,0.16879154407758534,-0.16879154407758534,-0.10096391619013323,0.04843373493975904,0.11672480068905353,0.012987012987012991,-0.04843373493975904,-0.10654915082451155,-0.11672480068905353,
0.8777167883235854,0.8388888888888889,0.7838988944896701,0.043839344608550074,0.042061675928952824,0.043839344608550074,0.15435264324153214,-0.042061675928952824,-0.043839344608550074,0.6390977443609023,adult,sex,23,proxy_soft,10.0,0.8789105891664146,0.13961038961038963,200.0,random,0.8869712567268123,0.305,200.0,0.16879154407758534,-0.16879154407758534,-0.10096391619013323,0.04843373493975904,0.11672480068905353,0.012987012987012991,-0.04843373493975904,-0.10654915082451155,-0.11672480068905353,
0.8657413923866173,0.8333333333333334,0.7764471322306934,0.03772276541155262,0.03772276541155262,0.02325679366722702,0.13409306742640076,-0.03772276541155262,-0.02325679366722702,0.631578947368421,adult,sex,23,proxy_soft,30.0,0.8663497753672105,0.10389610389610393,200.0,random,0.8869712567268123,0.305,200.0,0.16879154407758534,-0.16879154407758534,-0.10096391619013323,0.04843373493975904,0.11672480068905353,0.012987012987012991,-0.04843373493975904,-0.10654915082451155,-0.11672480068905353,
0.8991546803690775,0.8455555555555555,0.7928410092004425,0.12856251300187227,0.12856251300187227,0.09448029145436909,0.21133270022158912,-0.12856251300187227,-0.09448029145436909,0.5789473684210527,adult,sex,23,proxy_confident,0.3,0.9017407295328105,0.04843373493975904,200.0,random,0.8869712567268123,0.305,200.0,0.16879154407758534,-0.16879154407758534,-0.10096391619013323,0.04843373493975904,0.11672480068905353,0.012987012987012991,-0.04843373493975904,-0.10654915082451155,-0.11672480068905353,
0.8987783663749992,0.8455555555555555,0.7928410092004425,0.11972619295273756,0.11972619295273756,0.09448029145436909,0.21006647673314338,-0.11972619295273756,-0.09448029145436909,0.5864661654135338,adult,sex,23,proxy_confident,1.0,0.9008757187085361,0.04843373493975904,200.0,random,0.8869712567268123,0.305,200.0,0.16879154407758534,-0.16879154407758534,-0.10096391619013323,0.04843373493975904,0.11672480068905353,0.012987012987012991,-0.04843373493975904,-0.10654915082451155,-0.11672480068905353,
0.8978800150360002,0.845,0.7920958329745448,0.11840866989608412,0.11840866989608412,0.09507873549985082,0.21006647673314338,-0.11840866989608412,-0.09507873549985082,0.5864661654135338,adult,sex,23,proxy_confident,3.0,0.8995088340045159,0.060481927710843375,200.0,random,0.8869712567268123,0.305,200.0,0.16879154407758534,-0.16879154407758534,-0.10096391619013323,0.04843373493975904,0.11672480068905353,0.012987012987012991,-0.04843373493975904,-0.10654915082451155,-0.11672480068905353,
0.8971323548893497,0.8444444444444444,0.7913506567486471,0.12592746688856526,0.12592746688856526,0.09255165114578663,0.2088002532446977,-0.12592746688856526,-0.09255165114578663,0.5789473684210527,adult,sex,23,proxy_confident,10.0,0.898509741846877,0.060481927710843375,200.0,random,0.8869712567268123,0.305,200.0,0.16879154407758534,-0.16879154407758534,-0.10096391619013323,0.04843373493975904,0.11672480068905353,0.012987012987012991,-0.04843373493975904,-0.10654915082451155,-0.11672480068905353,
0.8968599515801048,0.8438888888888889,0.7906054805227495,0.12460994383191182,0.12460994383191182,0.09471285939104135,0.21006647673314338,-0.12460994383191182,-0.09471285939104135,0.5789473684210527,adult,sex,23,proxy_confident,30.0,0.8981708140319841,0.060481927710843375,200.0,random,0.8869712567268123,0.305,200.0,0.16879154407758534,-0.16879154407758534,-0.10096391619013323,0.04843373493975904,0.11672480068905353,0.012987012987012991,-0.04843373493975904,-0.10654915082451155,-0.11672480068905353,
0.8840052476965774,0.8422222222222222,0.7883699518450563,0.05275079393384338,0.029560066173338395,0.05275079393384338,0.15308641975308646,0.029560066173338395,-0.05275079393384338,0.6772068511198946,adult,sex,23,related_feats,0.3,0.8873176749924347,0.15746753246753253,200.0,random,0.8869712567268123,0.305,200.0,0.16879154407758534,-0.16879154407758534,-0.10096391619013323,0.04843373493975904,0.11672480068905353,0.012987012987012991,-0.04843373493975904,-0.10654915082451155,-0.11672480068905353,
0.8702550903815965,0.8361111111111111,0.7801730133601817,0.05288913984566157,0.05288913984566157,0.03901774383709394,0.1353592909148465,0.05288913984566157,-0.03901774383709394,0.6613965744400527,adult,sex,23,related_feats,1.0,0.8712754021276101,0.15746753246753253,200.0,random,0.8869712567268123,0.305,200.0,0.16879154407758534,-0.16879154407758534,-0.10096391619013323,0.04843373493975904,0.11672480068905353,0.012987012987012991,-0.04843373493975904,-0.10654915082451155,-0.11672480068905353,
0.8447973865841785,0.8216666666666667,0.7607984314868419,0.07830841926951759,0.07830841926951759,0.0248847692239329,0.1125672681228237,0.07830841926951759,-0.0248847692239329,0.6284584980237155,adult,sex,23,related_feats,3.0,0.8461351521217906,0.13961038961038963,200.0,random,0.8869712567268123,0.305,200.0,0.16879154407758534,-0.16879154407758534,-0.10096391619013323,0.04843373493975904,0.11672480068905353,0.012987012987012991,-0.04843373493975904,-0.10654915082451155,-0.11672480068905353,
0.8158621937325712,0.8083333333333333,0.7429142020652972,0.05691105233439331,0.05691105233439331,0.011117670719581349,0.09737258626147519,0.05691105233439331,-0.011117670719581349,0.6047430830039525,adult,sex,23,related_feats,10.0,0.8146344188644987,0.17532467532467533,200.0,random,0.8869712567268123,0.305,200.0,0.16879154407758534,-0.16879154407758534,-0.10096391619013323,0.04843373493975904,0.11672480068905353,0.012987012987012991,-0.04843373493975904,-0.10654915082451155,-0.11672480068905353,
0.7953719174543454,0.7922222222222223,0.7213040915142643,0.050937620731671074,0.050937620731671074,0.012159321155545244,0.07078189300411519,0.050937620731671074,0.012159321155545244,0.5731225296442688,adult,sex,23,related_feats,30.0,0.7928843781279824,0.19318181818181823,200.0,random,0.8869712567268123,0.305,200.0,0.16879154407758534,-0.16879154407758534,-0.10096391619013323,0.04843373493975904,0.11672480068905353,0.012987012987012991,-0.04843373493975904,-0.10654915082451155,-0.11672480068905353,
0.8986545843241417,0.8461111111111111,0.7935861854263402,0.1122073959602563,0.1122073959602563,0.0845052622102495,0.20120291231402343,-0.1122073959602563,-0.0845052622102495,0.5939849624060151,adult,sex,23,proxy_soft,0.3,0.9016150282827813,0.07215432879149693,400.0,random,0.9153903767014877,0.32,400.0,0.16879154407758534,-0.16879154407758534,-0.10096391619013323,0.08674698795180724,0.11541755986596891,-0.08674698795180724,-0.08629489160462611,-0.11116357506639374,-0.11541755986596891,
0.8973451441005227,0.8455555555555555,0.7928410092004425,0.09321723280533345,0.09321723280533345,0.08197817785618527,0.19613801836024056,-0.09321723280533345,-0.08197817785618527,0.6090225563909775,adult,sex,23,proxy_soft,1.0,0.9000833352731674,0.04916420845624385,400.0,random,0.9153903767014877,0.32,400.0,0.16879154407758534,-0.16879154407758534,-0.10096391619013323,0.08674698795180724,0.11541755986596891,-0.08674698795180724,-0.08629489160462611,-0.11116357506639374,-0.11541755986596891,
0.8939107096727186,0.8494444444444444,0.7980572427817262,0.07310077693849415,0.04942197390709979,0.07310077693849415,0.18474200696422916,-0.04942197390709979,-0.07310077693849415,0.6541353383458647,adult,sex,23,proxy_soft,3.0,0.8948513699108451,0.045605656225125246,400.0,random,0.9153903767014877,0.32,400.0,0.16879154407758534,-0.16879154407758534,-0.10096391619013323,0.08674698795180724,0.11541755986596891,-0.08674698795180724,-0.08629489160462611,-0.11116357506639374,-0.11541755986596891,
0.8817399119698485,0.84,0.7853892469414656,0.037954163918267655,0.009351441845721009,0.037954163918267655,0.14548907882241216,-0.009351441845721009,-0.037954163918267655,0.6691729323308271,adult,sex,23,proxy_soft,10.0,0.8791107800460906,0.03855421686746985,400.0,random,0.9153903767014877,0.32,400.0,0.16879154407758534,-0.16879154407758534,-0.10096391619013323,0.08674698795180724,0.11541755986596891,-0.08674698795180724,-0.08629489160462611,-0.11116357506639374,-0.11541755986596891,
0.8737553487093549,0.8311111111111111,0.7734664273271025,0.03823788720813892,0.03823788720813892,0.016273984650516174,0.1163659385881608,0.03823788720813892,-0.016273984650516174,0.6534914361001317,adult,sex,23,proxy_soft,30.0,0.8692213505900976,0.09317269076305223,400.0,random,0.9153903767014877,0.32,400.0,0.16879154407758534,-0.16879154407758534,-0.10096391619013323,0.08674698795180724,0.11541755986596891,-0.08674698795180724,-0.08629489160462611,-0.11116357506639374,-0.11541755986596891,
0.8990110269521961,0.8444444444444444,0.7913506567486471,0.12592746688856526,0.12592746688856526,0.09880270794487853,0.21386514719848052,-0.12592746688856526,-0.09880270794487853,0.5789473684210527,adult,sex,23,proxy_confident,0.3,0.9013878349123583,0.08674698795180724,400.0,random,0.9153903767014877,0.32,400.0,0.16879154407758534,-0.16879154407758534,-0.10096391619013323,0.08674698795180724,0.11541755986596891,-0.08674698795180724,-0.08629489160462611,-0.11116357506639374,-0.11541755986596891,
0.8972871859496194,0.8444444444444444,0.7913506567486471,0.13476378693769997,0.13476378693769997,0.09567717954533259,0.2125989237100348,-0.13476378693769997,-0.09567717954533259,0.5714285714285714,adult,sex,23,proxy_confident,1.0,0.8984501501431599,0.08674698795180724,400.0,random,0.9153903767014877,0.32,400.0,0.16879154407758534,-0.16879154407758534,-0.10096391619013323,0.08674698795180724,0.11541755986596891,-0.08674698795180724,-0.08629489160462611,-0.11116357506639374,-0.11541755986596891,
0.8948409379947142,0.8422222222222222,0.7883699518450563,0.12065737466195126,0.12065737466195126,0.08713160632884875,0.20246913580246917,-0.12065737466195126,-0.08713160632884875,0.5789473684210527,adult,sex,23,proxy_confident,3.0,0.8948951325682626,0.08674698795180724,400.0,random,0.9153903767014877,0.32,400.0,0.16879154407758534,-0.16879154407758534,-0.10096391619013323,0.08674698795180724,0.11541755986596891,-0.08674698795180724,-0.08629489160462611,-0.11116357506639374,-0.11541755986596891,
0.8929883470997741,0.8438888888888889,0.7906054805227495,0.10693730373364241,0.10693730373364241,0.08221074579285759,0.19740424184868632,-0.10693730373364241,-0.08221074579285759,0.5939849624060151,adult,sex,23,proxy_confident,10.0,0.892344793873228,0.14136546184738952,400.0,random,0.9153903767014877,0.32,400.0,0.16879154407758534,-0.16879154407758534,-0.10096391619013323,0.08674698795180724,0.11541755986596891,-0.08674698795180724,-0.08629489160462611,-0.11116357506639374,-0.11541755986596891,
0.8923089947738307,0.8427777777777777,0.7891151280709541,0.11313857766947011,0.11313857766947011,0.08340763388382108,0.198670465337132,-0.11313857766947011,-0.08340763388382108,0.5864661654135338,adult,sex,23,proxy_confident,30.0,0.8913587374007775,0.14136546184738952,400.0,random,0.9153903767014877,0.32,400.0,0.16879154407758534,-0.16879154407758534,-0.10096391619013323,0.08674698795180724,0.11541755986596891,-0.08674698795180724,-0.08629489160462611,-0.11116357506639374,-0.11541755986596891,
0.8845111395566037,0.8416666666666667,0.7876247756191586,0.06741411577728186,0.04864929121222028,0.06741411577728186,0.17587844254510918,-0.04864929121222028,-0.06741411577728186,0.6390977443609023,adult,sex,23,related_feats,0.3,0.8833520333341092,0.08674698795180724,400.0,random,0.9153903767014877,0.32,400.0,0.16879154407758534,-0.16879154407758534,-0.10096391619013323,0.08674698795180724,0.11541755986596891,-0.08674698795180724,-0.08629489160462611,-0.11116357506639374,-0.11541755986596891,
0.8704090934682819,0.8311111111111111,0.7734664273271025,0.03658991924756483,0.005943713037534493,0.03658991924756483,0.1391579613801836,-0.005943713037534493,-0.03658991924756483,0.6541353383458647,adult,sex,23,related_feats,1.0,0.8672641355711259,0.004016064257028051,400.0,random,0.9153903767014877,0.32,400.0,0.16879154407758534,-0.16879154407758534,-0.10096391619013323,0.08674698795180724,0.11541755986596891,-0.08674698795180724,-0.08629489160462611,-0.11116357506639374,-0.11541755986596891,
0.8504748014519344,0.8238888888888889,0.7637791363904326,0.02885672679723028,0.02885672679723028,0.028742049841097808,0.1239632795188351,0.02885672679723028,-0.028742049841097808,0.6403162055335968,adult,sex,23,related_feats,3.0,0.8465271537978072,0.050602409638554224,400.0,random,0.9153903767014877,0.32,400.0,0.16879154407758534,-0.16879154407758534,-0.10096391619013323,0.08674698795180724,0.11541755986596891,-0.08674698795180724,-0.08629489160462611,-0.11116357506639374,-0.11541755986596891,
0.8210063936120183,0.8,0.731736558676832,0.04703458250369008,0.04703458250369008,0.00134116100453191,0.09990503323836655,-0.04703458250369008,-0.00134116100453191,0.556390977443609,adult,sex,23,related_feats,10.0,0.8160329616611186,0.05783132530120483,400.0,random,0.9153903767014877,0.32,400.0,0.16879154407758534,-0.16879154407758534,-0.10096391619013323,0.08674698795180724,0.11541755986596891,-0.08674698795180724,-0.08629489160462611,-0.11116357506639374,-0.11541755986596891,
0.8031225781772657,0.7905555555555556,0.7190685628365712,0.05114565068798471,0.05114565068798471,0.007238460619554049,0.08850902184235515,-0.05114565068798471,0.007238460619554049,0.5338345864661654,adult,sex,23,related_feats,30.0,0.7958565143508928,0.08192771084337347,400.0,random,0.9153903767014877,0.32,400.0,0.16879154407758534,-0.16879154407758534,-0.10096391619013323,0.08674698795180724,0.11541755986596891,-0.08674698795180724,-0.08629489160462611,-0.11116357506639374,-0.11541755986596891,
0.8959934772241026,0.8461111111111111,0.7935861854263402,0.10337107591112171,0.10337107591112171,0.08294249801047651,0.198670465337132,-0.10337107591112171,-0.08294249801047651,0.6015037593984962,adult,sex,23,proxy_soft,0.3,0.8999678763472149,0.125,25.0,strat_y,0.7906770496992719,0.16666666666666666,24.0,0.16879154407758534,-0.16879154407758534,-0.10096391619013323,0.125,0.29538182776456584,,-0.125,-0.29538182776456584,-0.1181494112355258,
0.8884084112180486,0.84,0.7853892469414656,0.06764668371395413,0.009351441845721009,0.06764668371395413,0.16954732510288065,-0.009351441845721009,-0.06764668371395413,0.6691729323308271,adult,sex,23,proxy_soft,1.0,0.8923047556972928,0.25,25.0,strat_y,0.7906770496992719,0.16666666666666666,24.0,0.16879154407758534,-0.16879154407758534,-0.10096391619013323,0.125,0.29538182776456584,,-0.125,-0.29538182776456584,-0.1181494112355258,
0.8796679080750608,0.8372222222222222,0.781663365811977,0.048760205144541255,0.03258145363408527,0.048760205144541255,0.14675530231085784,0.03258145363408527,-0.048760205144541255,0.6666666666666666,adult,sex,23,proxy_soft,3.0,0.8829330291673456,0.25,25.0,strat_y,0.7906770496992719,0.16666666666666666,24.0,0.16879154407758534,-0.16879154407758534,-0.10096391619013323,0.125,0.29538182776456584,,-0.125,-0.29538182776456584,-0.1181494112355258,
0.8715860579184082,0.8338888888888889,0.777192308456591,0.03984875581924796,0.031650271924871465,0.03984875581924796,0.13789173789173786,0.031650271924871465,-0.03984875581924796,0.6600790513833992,adult,sex,23,proxy_soft,10.0,0.8745641192765196,0.25,25.0,strat_y,0.7906770496992719,0.16666666666666666,24.0,0.16879154407758534,-0.16879154407758534,-0.10096391619013323,0.125,0.29538182776456584,,-0.125,-0.29538182776456584,-0.1181494112355258,
0.8677119695173245,0.83,0.7719760748753072,0.04970925337058063,0.04970925337058063,0.03622404313875534,0.13029439696106365,0.04970925337058063,-0.03622404313875534,0.6495388669301713,adult,sex,23,proxy_soft,30.0,0.8705491282385531,0.25,25.0,strat_y,0.7906770496992719,0.16666666666666666,24.0,0.16879154407758534,-0.16879154407758534,-0.10096391619013323,0.125,0.29538182776456584,,-0.125,-0.29538182776456584,-0.1181494112355258,
0.8973571497174956,0.845,0.7920958329745448,0.09189970974868,0.09189970974868,0.08101385770189407,0.19487179487179487,-0.09189970974868,-0.08101385770189407,0.6090225563909775,adult,sex,23,proxy_soft,0.3,0.9010312158104239,0.09999999999999998,50.0,strat_y,0.7935812598923709,0.32,50.0,0.16879154407758534,-0.16879154407758534,-0.10096391619013323,0.09999999999999998,0.16308929936450323,-0.09999999999999998,-0.05194805194805194,-0.16308929936450323,-0.10104611417631407,
0.894184768929132,0.8427777777777777,0.7891151280709541,0.06465446348654538,0.04244801727639258,0.06465446348654538,0.1733459955682178,-0.04244801727639258,-0.06465446348654538,0.6466165413533834,adult,sex,23,proxy_soft,1.0,0.8986121650876416,0.050000000000000044,50.0,strat_y,0.7935812598923709,0.32,50.0,0.16879154407758534,-0.16879154407758534,-0.10096391619013323,0.09999999999999998,0.16308929936450323,-0.09999999999999998,-0.05194805194805194,-0.16308929936450323,-0.10104611417631407,
0.8912665760311583,0.8405555555555555,0.7861344231673633,0.05298336187051564,0.007003675195894843,0.05298336187051564,0.15561886672997782,0.007003675195894843,-0.05298336187051564,0.6772068511198946,adult,sex,23,proxy_soft,3.0,0.8961093135315068,0.1103896103896104,50.0,strat_y,0.7935812598923709,0.32,50.0,0.16879154407758534,-0.16879154407758534,-0.10096391619013323,0.09999999999999998,0.16308929936450323,-0.09999999999999998,-0.05194805194805194,-0.16308929936450323,-0.10104611417631407,
0.8889387282988124,0.8422222222222222,0.7883699518450563,0.04806250133452444,0.0030511060259343914,0.04806250133452444,0.15308641975308646,0.0030511060259343914,-0.04806250133452444,0.6811594202898551,adult,sex,23,proxy_soft,10.0,0.8938494843920948,0.15000000000000002,50.0,strat_y,0.7935812598923709,0.32,50.0,0.16879154407758534,-0.16879154407758534,-0.10096391619013323,0.09999999999999998,0.16308929936450323,-0.09999999999999998,-0.05194805194805194,-0.16308929936450323,-0.10104611417631407,
0.8873858638414,0.8422222222222222,0.7883699518450563,0.04806250133452444,0.011887426075069096,0.04806250133452444,0.1518201962646407,0.011887426075069096,-0.04806250133452444,0.6798418972332015,adult,sex,23,proxy_soft,30.0,0.8924379059102865,0.1103896103896104,50.0,strat_y,0.7935812598923709,0.32,50.0,0.16879154407758534,-0.16879154407758534,-0.10096391619013323,0.09999999999999998,0.16308929936450323,-0.09999999999999998,-0.05194805194805194,-0.16308929936450323,-0.10104611417631407,
0.8983643795828338,0.8455555555555555,0.7928410092004425,0.11972619295273756,0.11972619295273756,0.08510370625573126,0.20246913580246917,-0.11972619295273756,-0.08510370625573126,0.5864661654135338,adult,sex,23,proxy_soft,0.3,0.901579645708699,0.09999999999999998,100.0,strat_y,0.8593777144666034,0.28,100.0,0.16879154407758534,-0.16879154407758534,-0.10096391619013323,0.22499999999999998,0.12601589975535166,-0.22499999999999998,-0.03819444444444445,-0.12601589975535166,-0.10663820477689145,
0.896440168972849,0.8461111111111111,0.7935861854263402,0.07356591281183868,0.06802579571458289,0.07356591281183868,0.1860082304526749,-0.06802579571458289,-0.07356591281183868,0.631578947368421,adult,sex,23,proxy_soft,1.0,0.8997872389953211,0.09999999999999998,100.0,strat_y,0.8593777144666034,0.28,100.0,0.16879154407758534,-0.16879154407758534,-0.10096391619013323,0.22499999999999998,0.12601589975535166,-0.22499999999999998,-0.03819444444444445,-0.12601589975535166,-0.10663820477689145,
0.8937654003086685,0.8461111111111111,0.7935861854263402,0.06575209181297384,0.050353155616313594,0.06575209181297384,0.17714466603355494,-0.050353155616313594,-0.06575209181297384,0.6466165413533834,adult,sex,23,proxy_soft,3.0,0.8967843758001816,0.09999999999999998,100.0,strat_y,0.8593777144666034,0.28,100.0,0.16879154407758534,-0.16879154407758534,-0.10096391619013323,0.22499999999999998,0.12601589975535166,-0.22499999999999998,-0.03819444444444445,-0.12601589975535166,-0.10663820477689145,
0.888682470474462,0.8438888888888889,0.7906054805227495,0.06345757539558189,0.045083063389699585,0.06345757539558189,0.1733459955682178,-0.045083063389699585,-0.06345757539558189,0.6466165413533834,adult,sex,23,proxy_soft,10.0,0.8908736236877023,0.03819444444444445,100.0,strat_y,0.8593777144666034,0.28,100.0,0.16879154407758534,-0.16879154407758534,-0.10096391619013323,0.22499999999999998,0.12601589975535166,-0.22499999999999998,-0.03819444444444445,-0.12601589975535166,-0.10663820477689145,
0.8837448500043054,0.8411111111111111,0.786879599393261,0.05616808820470154,0.05616808820470154,0.05238491782503388,0.16448243114909783,-0.05616808820470154,-0.05238491782503388,0.631578947368421,adult,sex,23,proxy_soft,30.0,0.8850690192974697,0.03819444444444445,100.0,strat_y,0.8593777144666034,0.28,100.0,0.16879154407758534,-0.16879154407758534,-0.10096391619013323,0.22499999999999998,0.12601589975535166,-0.22499999999999998,-0.03819444444444445,-0.12601589975535166,-0.10663820477689145,
0.8981685638301395,0.8455555555555555,0.7928410092004425,0.11088987290360286,0.11088987290360286,0.08354094205595827,0.19993668882557775,-0.11088987290360286,-0.08354094205595827,0.5939849624060151,adult,sex,23,proxy_soft,0.3,0.9012826183104822,0.1682910981156595,200.0,strat_y,0.8663347261791706,0.27,200.0,0.16879154407758534,-0.16879154407758534,-0.10096391619013323,0.2053281351526966,0.09369213669851406,-0.2053281351526966,-0.1120879120879121,-0.08612128740166547,-0.09369213669851406,
0.8962460091673234,0.8461111111111111,0.7935861854263402,0.07044038441229274,0.06802579571458289,0.07044038441229274,0.18347578347578347,-0.06802579571458289,-0.07044038441229274,0.631578947368421,adult,sex,23,proxy_soft,1.0,0.8994594846248749,0.11565951916829109,200.0,strat_y,0.8663347261791706,0.27,200.0,0.16879154407758534,-0.16879154407758534,-0.10096391619013323,0.2053281351526966,0.09369213669851406,-0.2053281351526966,-0.1120879120879121,-0.08612128740166547,-0.09369213669851406,
0.8938602032840743,0.8455555555555555,0.7928410092004425,0.06478777165868262,0.04019931251052533,0.06478777165868262,0.1746122190566635,-0.04019931251052533,-0.06478777165868262,0.6541353383458647,adult,sex,23,proxy_soft,3.0,0.8968914546427991,0.1120879120879121,200.0,strat_y,0.8663347261791706,0.27,200.0,0.16879154407758534,-0.16879154407758534,-0.10096391619013323,0.2053281351526966,0.09369213669851406,-0.2053281351526966,-0.1120879120879121,-0.08612128740166547,-0.09369213669851406,
0.8877543120864273,0.845,0.7920958329745448,0.06851174410371028,0.03004546940473718,0.06851174410371028,0.17587844254510918,-0.03004546940473718,-0.06851174410371028,0.6616541353383458,adult,sex,23,proxy_soft,10.0,0.8903224004283153,0.09670329670329672,200.0,strat_y,0.8663347261791706,0.27,200.0,0.16879154407758534,-0.16879154407758534,-0.10096391619013323,0.2053281351526966,0.09369213669851406,-0.2053281351526966,-0.1120879120879121,-0.08612128740166547,-0.09369213669851406,
0.8822354541600705,0.8383333333333334,0.7831537182637726,0.055377138052442626,0.023071512774029967,0.055377138052442626,0.16068376068376067,-0.023071512774029967,-0.055377138052442626,0.6541353383458647,adult,sex,23,proxy_soft,30.0,0.8843697478991598,0.09670329670329672,200.0,strat_y,0.8663347261791706,0.27,200.0,0.16879154407758534,-0.16879154407758534,-0.10096391619013323,0.2053281351526966,0.09369213669851406,-0.2053281351526966,-0.1120879120879121,-0.08612128740166547,-0.09369213669851406,
0.898592486305317,0.8444444444444444,0.7913506567486471,0.11709114683943067,0.11709114683943067,0.0878633585464677,0.20373535929091485,-0.11709114683943067,-0.0878633585464677,0.5864661654135338,adult,sex,23,proxy_soft,0.3,0.9014073884401407,0.12727272727272732,400.0,strat_y,0.9125808800253246,0.3025,400.0,0.16879154407758534,-0.16879154407758534,-0.10096391619013323,0.1317829457364341,0.1077915210417989,0.058008658008658065,-0.1317829457364341,-0.07505841949524161,-0.1077915210417989,
0.8972909118307489,0.8461111111111111,0.7935861854263402,0.0856984358128523,0.0856984358128523,0.0782542054111576,0.19233934789490345,-0.0856984358128523,-0.0782542054111576,0.6165413533834586,adult,sex,23,proxy_soft,1.0,0.8998114481249564,0.161904761904762,400.0,strat_y,0.9125808800253246,0.3025,400.0,0.16879154407758534,-0.16879154407758534,-0.10096391619013323,0.1317829457364341,0.1077915210417989,0.058008658008658065,-0.1317829457364341,-0.07505841949524161,-0.1077915210417989,
0.8939401027349624,0.8477777777777777,0.7958217141040331,0.07197836488454346,0.07197836488454346,0.06708228807607453,0.1822095599873378,-0.07197836488454346,-0.06708228807607453,0.631578947368421,adult,sex,23,proxy_soft,3.0,0.894496613049652,0.18008658008658018,400.0,strat_y,0.9125808800253246,0.3025,400.0,0.16879154407758534,-0.16879154407758534,-0.10096391619013323,0.1317829457364341,0.1077915210417989,0.058008658008658065,-0.1317829457364341,-0.07505841949524161,-0.1077915210417989,
0.8834306340290519,0.8372222222222222,0.781663365811977,0.03810910675899237,0.03810910675899237,0.025318742147946674,0.13789173789173786,-0.03810910675899237,-0.025318742147946674,0.6390977443609023,adult,sex,23,proxy_soft,10.0,0.8803314788519286,0.1696969696969698,400.0,strat_y,0.9125808800253246,0.3025,400.0,0.16879154407758534,-0.16879154407758534,-0.10096391619013323,0.1317829457364341,0.1077915210417989,0.058008658008658065,-0.1317829457364341,-0.07505841949524161,-0.1077915210417989,
0.8761043097681013,0.8333333333333334,0.7764471322306934,0.020050125313283207,0.020050125313283207,0.012317444268816216,0.12269705603038936,-0.020050125313283207,-0.012317444268816216,0.6466165413533834,adult,sex,23,proxy_soft,30.0,0.8710789357294164,0.12467532467532472,400.0,strat_y,0.9125808800253246,0.3025,400.0,0.16879154407758534,-0.16879154407758534,-0.10096391619013323,0.1317829457364341,0.1077915210417989,0.058008658008658065,-0.1317829457364341,-0.07505841949524161,-0.1077915210417989,
0.897506184962675,0.845,0.7920958329745448,0.14491763004348812,0.14491763004348812,0.08882767870075893,0.2088002532446977,-0.14491763004348812,-0.08882767870075893,0.5639097744360902,adult,sex,23,proxy_soft,0.3,0.8982955841616425,0.16666666666666666,25.0,random_mnar,0.8054072807850586,0.04,,,,,,,,,,,
0.8951212070530102,0.8433333333333334,0.7898603042968516,0.11445610072612367,0.11445610072612367,0.07030707624015553,0.18854067742956632,-0.11445610072612367,-0.07030707624015553,0.5864661654135338,adult,sex,23,proxy_soft,1.0,0.8947815358830512,0.16666666666666666,25.0,random_mnar,0.8054072807850586,0.04,,,,,,,,,,,
0.8936768071351452,0.8427777777777777,0.7891151280709541,0.1043022576203354,0.1043022576203354,0.06777999188609134,0.18474200696422916,-0.1043022576203354,-0.06777999188609134,0.5939849624060151,adult,sex,23,proxy_soft,3.0,0.8930524453548734,0.16666666666666666,25.0,random_mnar,0.8054072807850586,0.04,,,,,,,,,,,
0.8929519162620636,0.8422222222222222,0.7883699518450563,0.09414841451454725,0.09414841451454725,0.0668156717318001,0.1822095599873378,-0.09414841451454725,-0.0668156717318001,0.6015037593984962,adult,sex,23,proxy_soft,10.0,0.8924565283176983,0.16666666666666666,25.0,random_mnar,0.8054072807850586,0.04,,,,,,,,,,,
0.8926840668075324,0.8416666666666667,0.7876247756191586,0.0928308914578938,0.0928308914578938,0.06585135157750888,0.18094333649889205,-0.0928308914578938,-0.06585135157750888,0.6015037593984962,adult,sex,23,proxy_soft,30.0,0.8922395772713516,0.16666666666666666,25.0,random_mnar,0.8054072807850586,0.04,,,,,,,,,,,
0.899648980598923,0.8444444444444444,0.7913506567486471,0.17894538718337338,0.17894538718337338,0.10974205734328932,0.23032605254827476,-0.17894538718337338,-0.10974205734328932,0.5338345864661654,adult,sex,23,proxy_soft,0.3,0.9022956772736797,0.3076923076923077,50.0,random_mnar,0.750416650838873,0.14,,,,,,,,,,,
0.899303715614257,0.8427777777777777,0.7891151280709541,0.19266545811168234,0.19266545811168234,0.11778844627882645,0.23792339347894906,-0.19266545811168234,-0.11778844627882645,0.518796992481203,adult,sex,23,proxy_soft,1.0,0.9018394282920925,0.3076923076923077,50.0,random_mnar,0.750416650838873,0.14,,,,,,,,,,,
0.8981871932357871,0.8433333333333334,0.7898603042968516,0.22049194131574001,0.22049194131574001,0.12031553063289066,0.24425451092117761,-0.22049194131574001,-0.12031553063289066,0.49624060150375937,adult,sex,23,proxy_soft,3.0,0.9007826066714772,0.15,50.0,random_mnar,0.750416650838873,0.14,,,,,,,,,,,
0.892732503262216,0.8422222222222222,0.7883699518450563,0.2532021753989717,0.2532021753989717,0.129326239722719,0.255650522317189,-0.2532021753989717,-0.129326239722719,0.46616541353383456,adult,sex,23,proxy_soft,10.0,0.8961763541981891,0.1,50.0,random_mnar,0.750416650838873,0.14,,,,,,,,,,,
0.8875514585582661,0.84,0.7853892469414656,0.30095000346716594,0.30095000346716594,0.13328278010441896,0.26451408673630894,-0.30095000346716594,-0.13328278010441896,0.42105263157894735,adult,sex,23,proxy_soft,30.0,0.8917805349286527,0.13333333333333333,50.0,random_mnar,0.750416650838873,0.14,,,,,,,,,,,
0.8961110494730776,0.845,0.7920958329745448,0.10073602979781471,0.10073602979781471,0.08257662190166704,0.19740424184868632,-0.10073602979781471,-0.08257662190166704,0.6015037593984962,adult,sex,23,proxy_soft,0.3,0.8968951791242813,0.21666666666666667,100.0,random_mnar,0.8267761316872428,0.17,,,,,,,,,,,
0.890467167535487,0.8422222222222222,0.7883699518450563,0.0668156717318001,0.05880313431800854,0.0668156717318001,0.17714466603355494,-0.05880313431800854,-0.0668156717318001,0.631578947368421,adult,sex,23,proxy_soft,1.0,0.8894788053725645,0.06568627450980391,100.0,random_mnar,0.8267761316872428,0.17,,,,,,,,,,,
0.8857224649104796,0.8372222222222222,0.781663365811977,0.04694542680812708,0.04694542680812708,0.04094638414567639,0.1518201962646407,-0.04694542680812708,-0.04094638414567639,0.631578947368421,adult,sex,23,proxy_soft,3.0,0.883014967759957,0.006862745098039191,100.0,random_mnar,0.8267761316872428,0.17,,,,,,,,,,,
0.8822437338959138,0.8316666666666667,0.7742116035530002,0.04260651629072676,0.04260651629072676,0.025052125803672262,0.1353592909148465,-0.04260651629072676,-0.025052125803672262,0.6240601503759399,adult,sex,23,proxy_soft,10.0,0.878444097860751,0.0519607843137255,100.0,random_mnar,0.8267761316872428,0.17,,,,,,,,,,,
0.880379551370793,0.8294444444444444,0.7712308986494094,0.03733642406411286,0.03733642406411286,0.0196320809867344,0.12902817347261789,-0.03733642406411286,-0.0196320809867344,0.6240601503759399,adult,sex,23,proxy_soft,30.0,0.8760027002490747,0.06862745098039216,100.0,random_mnar,0.8267761316872428,0.17,,,,,,,,,,,
0.8993620877519523,0.8455555555555555,0.7928410092004425,0.12856251300187227,0.12856251300187227,0.09604305565414203,0.2125989237100348,-0.12856251300187227,-0.09604305565414203,0.5789473684210527,adult,sex,23,proxy_soft,0.3,0.9019837519495332,0.09999999999999998,200.0,random_mnar,0.8805623931623933,0.135,,,,,,,,,,,
0.8989973653880546,0.845,0.7920958329745448,0.1272449899452187,0.1272449899452187,0.09820426389939677,0.21386514719848052,-0.1272449899452187,-0.09820426389939677,0.5789473684210527,adult,sex,23,proxy_soft,1.0,0.9008245070881539,0.6,200.0,random_mnar,0.8805623931623933,0.135,,,,,,,,,,,
0.8957777901053843,0.8444444444444444,0.7913506567486471,0.12592746688856526,0.12592746688856526,0.09098888694601365,0.20753402975625196,-0.12592746688856526,-0.09098888694601365,0.5789473684210527,adult,sex,23,proxy_soft,3.0,0.895211713494262,0.6,200.0,random_mnar,0.8805623931623933,0.135,,,,,,,,,,,
0.8872595978697896,0.84,0.7853892469414656,0.12422360248447206,0.12422360248447206,0.06452115531440819,0.18347578347578347,-0.12422360248447206,-0.06452115531440819,0.5714285714285714,adult,sex,23,proxy_soft,10.0,0.8836732698619614,0.5818181818181818,200.0,random_mnar,0.8805623931623933,0.135,,,,,,,,,,,
0.8830853690443861,0.8355555555555556,0.779427837134284,0.11368341803124415,0.11368341803124415,0.04430448048189463,0.1632162076606521,-0.11368341803124415,-0.04430448048189463,0.5714285714285714,adult,sex,23,proxy_soft,30.0,0.8784757559533509,0.5636363636363636,200.0,random_mnar,0.8805623931623933,0.135,,,,,,,,,,,
0.8991161795974061,0.8455555555555555,0.7928410092004425,0.11972619295273756,0.11972619295273756,0.09135476305482314,0.20753402975625196,-0.11972619295273756,-0.09135476305482314,0.5864661654135338,adult,sex,23,proxy_soft,0.3,0.9018114946809748,0.05266955266955267,400.0,random_mnar,0.9019796771130104,0.1475,,,,,,,,,,,
0.8989402352107358,0.8455555555555555,0.7928410092004425,0.11972619295273756,0.11972619295273756,0.08979199885505015,0.20626780626780628,-0.11972619295273756,-0.08979199885505015,0.5864661654135338,adult,sex,23,proxy_soft,1.0,0.901064736143765,0.04834054834054835,400.0,random_mnar,0.9019796771130104,0.1475,,,,,,,,,,,
0.8977173182266793,0.8461111111111111,0.7935861854263402,0.10337107591112171,0.10337107591112171,0.08606802641002248,0.20120291231402343,-0.10337107591112171,-0.08606802641002248,0.6015037593984962,adult,sex,23,proxy_soft,3.0,0.8984296654950068,0.04834054834054835,400.0,random_mnar,0.9019796771130104,0.1475,,,,,,,,,,,
0.8923739907002006,0.8438888888888889,0.7906054805227495,0.0804283435862384,0.0804283435862384,0.07283416059421972,0.1860082304526749,-0.0804283435862384,-0.07283416059421972,0.6165413533834586,adult,sex,23,proxy_soft,10.0,0.8896296468725995,0.045454545454545525,400.0,random_mnar,0.9019796771130104,0.1475,,,,,,,,,,,
0.887924460658007,0.8416666666666667,0.7876247756191586,0.0751582513596244,0.0751582513596244,0.05803753057864404,0.17207977207977207,-0.0751582513596244,-0.05803753057864404,0.6165413533834586,adult,sex,23,proxy_soft,30.0,0.8834479387322796,0.036363636363636376,400.0,random_mnar,0.9019796771130104,0.1475,,,,,,,,,,,
0.8985668191242028,0.8438888888888889,0.7906054805227495,0.16879154407758534,0.16879154407758534,0.09783838779058729,0.21893004115226336,-0.16879154407758534,-0.09783838779058729,0.5413533834586466,adult,sex,23,jtt,1.0,0.900084266393538,,,,,,,,,,,,,,,,1.5
0.897278492226984,0.8461111111111111,0.7935861854263402,0.18289795635333395,0.18289795635333395,0.09857014000820624,0.2227287116176005,-0.18289795635333395,-0.09857014000820624,0.5338345864661654,adult,sex,23,jtt,2.0,0.8983607625875836,,,,,,,,,,,,,,,,2.0
0.8934180653900418,0.8411111111111111,0.786879599393261,0.1975492089908566,0.1975492089908566,0.10551890061731495,0.22779360557138334,-0.1975492089908566,-0.10551890061731495,0.5112781954887218,adult,sex,23,jtt,3.0,0.8943271491422055,,,,,,,,,,,,,,,,3.0
0.874779966019964,0.8188888888888889,0.7570725503573533,0.2508841273143333,0.2508841273143333,0.14977259703363346,0.2594491927825261,-0.2508841273143333,-0.14977259703363346,0.42105263157894735,adult,sex,23,jtt,4.0,0.8753732628785585,,,,,,,,,,,,,,,,5.0
0.8997181163932146,0.8444444444444444,0.7913506567486471,0.15243642703596938,0.15243642703596938,0.09723994374510553,0.21639759417537194,-0.15243642703596938,-0.09723994374510553,0.556390977443609,adult,sex,23,cvar,1.0,0.9027025768756256,,,,,,,,,,,,,,,,0.5
0.8987344837750297,0.8455555555555555,0.7928410092004425,0.16390779319841098,0.16390779319841098,0.09448029145436909,0.21639759417537194,-0.16390779319841098,-0.09448029145436909,0.5488721804511278,adult,sex,23,cvar,2.0,0.8999110780046089,,,,,,,,,,,,,,,,0.2
0.8980663090924748,0.845,0.7920958329745448,0.16259027014175753,0.16259027014175753,0.09507873549985082,0.21639759417537194,-0.16259027014175753,-0.09507873549985082,0.5488721804511278,adult,sex,23,cvar,3.0,0.898544193300589,,,,,,,,,,,,,,,,0.1
0.900139968934431,0.8472222222222222,0.7950765378781356,0.15018772227010213,0.15018772227010213,0.09893601611701572,0.21893004115226336,-0.15018772227010213,-0.09893601611701572,0.5639097744360902,adult,sex,23,arl,1.0,0.9018226681254219,,,,,,,,,,,,,,,,0.05
0.8996295232196911,0.8477777777777777,0.7958217141040331,0.15150524532675558,0.15150524532675558,0.10458862887062587,0.22399493510604623,-0.15150524532675558,-0.10458862887062587,0.5639097744360902,adult,sex,23,arl,2.0,0.9008394050140833,,,,,,,,,,,,,,,,0.2
0.8942224417272191,0.8427777777777777,0.7891151280709541,0.12197489771860481,0.12197489771860481,0.07246828448541026,0.19107312440645777,-0.12197489771860481,-0.07246828448541026,0.5789473684210527,adult,sex,23,arl,3.0,0.8903056402616449,,,,,,,,,,,,,,,,0.5
0.8978493800133801,0.8438888888888889,0.7906054805227495,0.14228258393018112,0.14228258393018112,0.09002456679172242,0.2088002532446977,-0.14228258393018112,-0.09002456679172242,0.5639097744360902,adult,sex,23,cluster_rw,1.0,0.8996270862915803,,,,,,,,,,,,,,,,0.25
0.889971625345265,0.8416666666666667,0.7876247756191586,0.07366517257637376,0.04864929121222028,0.07366517257637376,0.18094333649889205,-0.04864929121222028,-0.07366517257637376,0.6390977443609023,adult,sex,23,cluster_rw,2.0,0.889929467631928,,,,,,,,,,,,,,,,0.5
0.8461101387021349,0.8066666666666666,0.7406786733876043,0.011350238656253606,0.00784570120954553,0.011350238656253606,0.10370370370370371,0.00784570120954553,-0.011350238656253606,0.6086956521739131,adult,sex,23,cluster_rw,3.0,0.8411061710002561,,,,,,,,,,,,,,,,1.0
0.8917995359383062,0.8330555555555555,0.7760550701987423,0.16936090225563905,0.16936090225563905,0.12336830678084526,0.23412472301361187,-0.16936090225563905,-0.12336830678084526,0.518796992481203,adult,sex,24,erm,0.0,0.9034195395609768,,,,,,,,,,,,,,,,
0.891557121824675,0.8319444444444445,0.7745658367361627,0.09642970568024992,0.08721804511278197,0.09642970568024992,0.19993668882557775,-0.08721804511278197,-0.09642970568024992,0.5864661654135338,adult,sex,24,oracle,0.3,0.9032919760702064,,,,,,,,,,,,,,,,
0.8904116530863742,0.8330555555555555,0.7760550701987423,0.07960087539482269,0.0368421052631579,0.07960087539482269,0.17967711301044637,-0.0368421052631579,-0.07960087539482269,0.631578947368421,adult,sex,24,oracle,1.0,0.9019837519495333,,,,,,,,,,,,,,,,
0.8876966977488995,0.8347222222222223,0.7782889203926115,0.07155197801119072,0.014285714285714235,0.07155197801119072,0.1708135485913264,-0.014285714285714235,-0.07155197801119072,0.6541353383458647,adult,sex,24,oracle,3.0,0.8987825601154589,,,,,,,,,,,,,,,,
0.8795729292105283,0.8283333333333334,0.7699134300314684,0.042785788115187184,0.0001879699248120703,0.042785788115187184,0.14210193099081989,0.0001879699248120703,-0.042785788115187184,0.6539473684210526,adult,sex,24,oracle,10.0,0.8892004003817593,,,,,,,,,,,,,,,,
0.8736242688794469,0.8258333333333333,0.7663750526919757,0.03736538494852146,0.015601503759398505,0.03736538494852146,0.13409306742640076,0.015601503759398505,-0.03736538494852146,0.6460526315789473,adult,sex,24,oracle,30.0,0.8824358108894528,,,,,,,,,,,,,,,,
0.891691566512269,0.8325,0.7753104534674526,0.13270676691729322,0.13270676691729322,0.11615149642855081,0.2227287116176005,-0.13270676691729322,-0.11615149642855081,0.5488721804511278,adult,sex,24,proxy_soft,0.3,0.9018552573383924,0.1111111111111111,25.0,random,0.8093351060462171,0.4,25.0,0.16936090225563905,-0.16936090225563905,-0.12336830678084526,0.1111111111111111,0.07814953958980309,,-0.1111111111111111,-0.04585298437584562,-0.07814953958980309,
0.8905630584884032,0.8352777777777778,0.7790335371239013,0.11159436190300209,0.09511278195488726,0.11159436190300209,0.21513137068692625,-0.09511278195488726,-0.11159436190300209,0.5864661654135338,adult,sex,24,proxy_soft,1.0,0.8993002630415047,0.1111111111111111,25.0,random,0.8093351060462171,0.4,25.0,0.16936090225563905,-0.16936090225563905,-0.12336830678084526,0.1111111111111111,0.07814953958980309,,-0.1111111111111111,-0.04585298437584562,-0.07814953958980309,
0.8882497825098631,0.8347222222222223,0.7782889203926115,0.10281442900120684,0.10263157894736841,0.10281442900120684,0.2088002532446977,-0.10263157894736841,-0.10281442900120684,0.5789473684210527,adult,sex,24,proxy_soft,3.0,0.8954491491887613,0.1111111111111111,25.0,random,0.8093351060462171,0.4,25.0,0.16936090225563905,-0.16936090225563905,-0.12336830678084526,0.1111111111111111,0.07814953958980309,,-0.1111111111111111,-0.04585298437584562,-0.07814953958980309,
0.8829721045888661,0.8319444444444445,0.7745658367361627,0.12255639097744364,0.12255639097744364,0.08548784783374429,0.19613801836024056,-0.12255639097744364,-0.08548784783374429,0.556390977443609,adult,sex,24,proxy_soft,10.0,0.8893838310947648,0.1111111111111111,25.0,random,0.8093351060462171,0.4,25.0,0.16936090225563905,-0.16936090225563905,-0.12336830678084526,0.1111111111111111,0.07814953958980309,,-0.1111111111111111,-0.04585298437584562,-0.07814953958980309,
0.8778218388641121,0.8258333333333333,0.7663750526919757,0.12575187969924817,0.12575187969924817,0.06393846829003517,0.17587844254510918,-0.12575187969924817,-0.06393846829003517,0.5413533834586466,adult,sex,24,proxy_soft,30.0,0.8841583835750366,0.1111111111111111,25.0,random,0.8093351060462171,0.4,25.0,0.16936090225563905,-0.16936090225563905,-0.12336830678084526,0.1111111111111111,0.07814953958980309,,-0.1111111111111111,-0.04585298437584562,-0.07814953958980309,
0.8895747866155969,0.8325,0.7753104534674526,0.11503759398496238,0.11503759398496238,0.10520963858204517,0.21133270022158912,-0.11503759398496238,-0.10520963858204517,0.5639097744360902,adult,sex,24,proxy_confident,0.3,0.8971382015410042,0.1111111111111111,25.0,random,0.8093351060462171,0.4,25.0,0.16936090225563905,-0.16936090225563905,-0.12336830678084526,0.1111111111111111,0.07814953958980309,,-0.1111111111111111,-0.04585298437584562,-0.07814953958980309,
0.8862144967776712,0.8291666666666667,0.7708427530797141,0.1071428571428571,0.1071428571428571,0.09942371765629782,0.20373535929091485,-0.1071428571428571,-0.09942371765629782,0.5639097744360902,adult,sex,24,proxy_confident,1.0,0.8925617449195745,0.1111111111111111,25.0,random,0.8093351060462171,0.4,25.0,0.16936090225563905,-0.16936090225563905,-0.12336830678084526,0.1111111111111111,0.07814953958980309,,-0.1111111111111111,-0.04585298437584562,-0.07814953958980309,
0.8832211375178863,0.8275,0.7686089028858448,0.09436090225563909,0.09436090225563909,0.09340451209442253,0.19613801836024056,-0.09436090225563909,-0.09340451209442253,0.5714285714285714,adult,sex,24,proxy_confident,3.0,0.8888037431038895,0.1111111111111111,25.0,random,0.8093351060462171,0.4,25.0,0.16936090225563905,-0.16936090225563905,-0.12336830678084526,0.1111111111111111,0.07814953958980309,,-0.1111111111111111,-0.04585298437584562,-0.07814953958980309,
0.8812561766992051,0.8269444444444445,0.7678642861545552,0.09304511278195493,0.09304511278195493,0.08618770174212809,0.189806900918012,-0.09304511278195493,-0.08618770174212809,0.5714285714285714,adult,sex,24,proxy_confident,10.0,0.8866509928070951,0.1111111111111111,25.0,random,0.8093351060462171,0.4,25.0,0.16936090225563905,-0.16936090225563905,-0.12336830678084526,0.1111111111111111,0.07814953958980309,,-0.1111111111111111,-0.04585298437584562,-0.07814953958980309,
0.8805438266929378,0.8269444444444445,0.7678642861545552,0.0842105263157894,0.0842105263157894,0.08306145664312646,0.1860082304526749,-0.0842105263157894,-0.08306145664312646,0.5789473684210527,adult,sex,24,proxy_confident,30.0,0.8858939919458089,0.1111111111111111,25.0,random,0.8093351060462171,0.4,25.0,0.16936090225563905,-0.16936090225563905,-0.12336830678084526,0.1111111111111111,0.07814953958980309,,-0.1111111111111111,-0.04585298437584562,-0.07814953958980309,
0.8806675158055243,0.8275,0.7686089028858448,0.04963708070839998,0.014849624060150335,0.04963708070839998,0.14928774928774927,-0.014849624060150335,-0.04963708070839998,0.6390977443609023,adult,sex,24,related_feats,0.3,0.8840149910379665,0.1111111111111111,25.0,random,0.8093351060462171,0.4,25.0,0.16936090225563905,-0.16936090225563905,-0.12336830678084526,0.1111111111111111,0.07814953958980309,,-0.1111111111111111,-0.04585298437584562,-0.07814953958980309,
0.8651149543446524,0.8191666666666667,0.7574396519164986,0.02423042054752597,0.004887218045112829,0.02423042054752597,0.12143083254194367,0.004887218045112829,-0.02423042054752597,0.6342105263157894,adult,sex,24,related_feats,1.0,0.8643013105519217,0.0,25.0,random,0.8093351060462171,0.4,25.0,0.16936090225563905,-0.16936090225563905,-0.12336830678084526,0.1111111111111111,0.07814953958980309,,-0.1111111111111111,-0.04585298437584562,-0.07814953958980309,
0.8313428624970061,0.8025,0.7351011499778063,0.020310776710802128,0.009022556390977488,0.020310776710802128,0.10876859765748653,0.009022556390977488,-0.020310776710802128,0.6,adult,sex,24,related_feats,3.0,0.8276812774971485,0.2,25.0,random,0.8093351060462171,0.4,25.0,0.16936090225563905,-0.16936090225563905,-0.12336830678084526,0.1111111111111111,0.07814953958980309,,-0.1111111111111111,-0.04585298437584562,-0.07814953958980309,
0.8011958131028551,0.7891666666666667,0.7172303484268524,0.0052631578947368585,0.0052631578947368585,0.002832906992187273,0.08344412788857233,0.0052631578947368585,0.002832906992187273,0.5736842105263158,adult,sex,24,related_feats,10.0,0.7956451500267697,0.2,25.0,random,0.8093351060462171,0.4,25.0,0.16936090225563905,-0.16936090225563905,-0.12336830678084526,0.1111111111111111,0.07814953958980309,,-0.1111111111111111,-0.04585298437584562,-0.07814953958980309,
0.7889352849462078,0.7847222222222222,0.7112734145765344,0.015236835875019505,0.006954887218045047,0.015236835875019505,0.07078189300411519,0.006954887218045047,0.015236835875019505,0.5644736842105263,adult,sex,24,related_feats,30.0,0.7828264158849135,0.2,25.0,random,0.8093351060462171,0.4,25.0,0.16936090225563905,-0.16936090225563905,-0.12336830678084526,0.1111111111111111,0.07814953958980309,,-0.1111111111111111,-0.04585298437584562,-0.07814953958980309,
0.8911268988243743,0.8330555555555555,0.7760550701987423,0.09523210088983075,0.07218045112781957,0.09523210088983075,0.19740424184868632,-0.07218045112781957,-0.09523210088983075,0.6015037593984962,adult,sex,24,proxy_soft,0.3,0.9035461719313765,0.16666666666666669,50.0,random,0.8636481164925609,0.26,50.0,0.16936090225563905,-0.16936090225563905,-0.12336830678084526,0.16666666666666669,0.13280097760106535,0.15384615384615385,-0.16666666666666669,-0.13280097760106535,-0.10546718939536313,
0.8895164583049794,0.8325,0.7753104534674526,0.07551031014152987,0.017857142857142905,0.07551031014152987,0.1733459955682178,-0.017857142857142905,-0.07551031014152987,0.6466165413533834,adult,sex,24,proxy_soft,1.0,0.9027230615237785,0.23076923076923073,50.0,random,0.8636481164925609,0.26,50.0,0.16936090225563905,-0.16936090225563905,-0.12336830678084526,0.16666666666666669,0.13280097760106535,0.15384615384615385,-0.16666666666666669,-0.13280097760106535,-0.10546718939536313,
0.8861143871949088,0.8313888888888888,0.7738212200048731,0.0673291796349442,0.002443609022556359,0.0673291796349442,0.1632162076606521,0.002443609022556359,-0.0673291796349442,0.6592105263157895,adult,sex,24,proxy_soft,3.0,0.8999529784212853,0.23076923076923073,50.0,random,0.8636481164925609,0.26,50.0,0.16936090225563905,-0.16936090225563905,-0.12336830678084526,0.16666666666666669,0.13280097760106535,0.15384615384615385,-0.16666666666666669,-0.13280097760106535,-0.10546718939536313,
0.8744913336954377,0.8280555555555555,0.7693535196171346,0.05685389106069444,0.016165413533834605,0.05685389106069444,0.15561886672997782,-0.016165413533834605,-0.05685389106069444,0.6390977443609023,adult,sex,24,proxy_soft,10.0,0.8895905398170348,0.23076923076923073,50.0,random,0.8636481164925609,0.26,50.0,0.16936090225563905,-0.16936090225563905,-0.12336830678084526,0.16666666666666669,0.13280097760106535,0.15384615384615385,-0.16666666666666669,-0.13280097760106535,-0.10546718939536313,
0.8670302740479144,0.8252777777777778,0.7656304359606859,0.05203229028923831,0.009586466165413476,0.05203229028923831,0.14928774928774927,-0.009586466165413476,-0.05203229028923831,0.6390977443609023,adult,sex,24,proxy_soft,30.0,0.8824497776950114,0.23076923076923073,50.0,random,0.8636481164925609,0.26,50.0,0.16936090225563905,-0.16936090225563905,-0.12336830678084526,0.16666666666666669,0.13280097760106535,0.15384615384615385,-0.16666666666666669,-0.13280097760106535,-0.10546718939536313,
0.8904546753864042,0.8325,0.7753104534674526,0.09583090328504032,0.044360902255639045,0.09583090328504032,0.19360557138334913,-0.044360902255639045,-0.09583090328504032,0.6240601503759399,adult,sex,24,proxy_confident,0.3,0.903693288949929,0.23076923076923073,50.0,random,0.8636481164925609,0.26,50.0,0.16936090225563905,-0.16936090225563905,-0.12336830678084526,0.16666666666666669,0.13280097760106535,0.15384615384615385,-0.16666666666666669,-0.13280097760106535,-0.10546718939536313,
0.8877496482720134,0.8319444444444445,0.7745658367361627,0.08861409293274587,0.043045112781954886,0.08861409293274587,0.18727445394112058,-0.043045112781954886,-0.08861409293274587,0.6240601503759399,adult,sex,24,proxy_confident,1.0,0.9011932307549059,0.3076923076923077,50.0,random,0.8636481164925609,0.26,50.0,0.16936090225563905,-0.16936090225563905,-0.12336830678084526,0.16666666666666669,0.13280097760106535,0.15384615384615385,-0.16666666666666669,-0.13280097760106535,-0.10546718939536313,
0.8861967087113125,0.8308333333333333,0.7730766032735834,0.08512233007466263,0.03157894736842104,0.08512233007466263,0.1822095599873378,-0.03157894736842104,-0.08512233007466263,0.631578947368421,adult,sex,24,proxy_confident,3.0,0.899879419912009,0.3076923076923077,50.0,random,0.8636481164925609,0.26,50.0,0.16936090225563905,-0.16936090225563905,-0.12336830678084526,0.16666666666666669,0.13280097760106535,0.15384615384615385,-0.16666666666666669,-0.13280097760106535,-0.10546718939536313,
0.8855406186358539,0.8308333333333333,0.7730766032735834,0.08355920752516183,0.03157894736842104,0.08355920752516183,0.18094333649889205,-0.03157894736842104,-0.08355920752516183,0.631578947368421,adult,sex,24,proxy_confident,10.0,0.8993291277729928,0.3076923076923077,50.0,random,0.8636481164925609,0.26,50.0,0.16936090225563905,-0.16936090225563905,-0.12336830678084526,0.16666666666666669,0.13280097760106535,0.15384615384615385,-0.16666666666666669,-0.13280097760106535,-0.10546718939536313,
0.8853391584424438,0.8308333333333333,0.7730766032735834,0.08355920752516183,0.03157894736842104,0.08355920752516183,0.18094333649889205,-0.03157894736842104,-0.08355920752516183,0.631578947368421,adult,sex,24,proxy_confident,30.0,0.8991559393840639,0.3076923076923077,50.0,random,0.8636481164925609,0.26,50.0,0.16936090225563905,-0.16936090225563905,-0.12336830678084526,0.16666666666666669,0.13280097760106535,0.15384615384615385,-0.16666666666666669,-0.13280097760106535,-0.10546718939536313,
0.8765328245670571,0.8247222222222222,0.7648858192293961,0.08545666622396479,0.07894736842105265,0.08545666622396479,0.1860082304526749,-0.07894736842105265,-0.08545666622396479,0.5789473684210527,adult,sex,24,related_feats,0.3,0.8801070788426173,0.23076923076923073,50.0,random,0.8636481164925609,0.26,50.0,0.16936090225563905,-0.16936090225563905,-0.12336830678084526,0.16666666666666669,0.13280097760106535,0.15384615384615385,-0.16666666666666669,-0.13280097760106535,-0.10546718939536313,
0.8550349121827985,0.8152777777777778,0.7522273347974704,0.09191729323308273,0.09191729323308273,0.04249014025950029,0.14802152579930358,-0.09191729323308273,-0.04249014025950029,0.5488721804511278,adult,sex,24,related_feats,1.0,0.8552275425405619,0.3076923076923077,50.0,random,0.8636481164925609,0.26,50.0,0.16936090225563905,-0.16936090225563905,-0.12336830678084526,0.16666666666666669,0.13280097760106535,0.15384615384615385,-0.16666666666666669,-0.13280097760106535,-0.10546718939536313,
0.8271192309267459,0.8041666666666667,0.7373350001716755,0.07443609022556397,0.07443609022556397,0.02632998227267741,0.12649572649572646,-0.07443609022556397,-0.02632998227267741,0.5413533834586466,adult,sex,24,related_feats,3.0,0.824201680672269,0.3076923076923077,50.0,random,0.8636481164925609,0.26,50.0,0.16936090225563905,-0.16936090225563905,-0.12336830678084526,0.16666666666666669,0.13280097760106535,0.15384615384615385,-0.16666666666666669,-0.13280097760106535,-0.10546718939536313,
0.7973713788357586,0.7880555555555555,0.7157411149642728,0.0362781954887218,0.0362781954887218,0.015559045842740732,0.10370370370370371,-0.0362781954887218,-0.015559045842740732,0.5413533834586466,adult,sex,24,related_feats,10.0,0.7930324262669056,0.3846153846153846,50.0,random,0.8636481164925609,0.26,50.0,0.16936090225563905,-0.16936090225563905,-0.12336830678084526,0.16666666666666669,0.13280097760106535,0.15384615384615385,-0.16666666666666669,-0.13280097760106535,-0.10546718939536313,
0.7802298880055069,0.7802777777777777,0.7053164807262164,0.02669172932330821,0.02669172932330821,0.014563544078670054,0.09737258626147519,-0.02669172932330821,-0.014563544078670054,0.5338345864661654,adult,sex,24,related_feats,30.0,0.7747917782071276,0.5384615384615384,50.0,random,0.8636481164925609,0.26,50.0,0.16936090225563905,-0.16936090225563905,-0.12336830678084526,0.16666666666666669,0.13280097760106535,0.15384615384615385,-0.16666666666666669,-0.13280097760106535,-0.10546718939536313,
0.8914330190361267,0.8325,0.7753104534674526,0.09895714838404195,0.08853383458646624,0.09895714838404195,0.20246913580246917,-0.08853383458646624,-0.09895714838404195,0.5864661654135338,adult,sex,24,proxy_soft,0.3,0.9031169254405363,0.13953488372093023,100.0,random,0.8947534029756251,0.32,100.0,0.16936090225563905,-0.16936090225563905,-0.12336830678084526,0.16279069767441862,0.1349579523243757,0.06666666666666665,-0.16279069767441862,-0.10114412654725735,-0.1349579523243757,
0.8896877201531759,0.8347222222222223,0.7782889203926115,0.08405695840719718,0.049624060150375904,0.08405695840719718,0.1860082304526749,-0.049624060150375904,-0.08405695840719718,0.6240601503759399,adult,sex,24,proxy_soft,1.0,0.9010200423659768,0.13953488372093023,100.0,random,0.8947534029756251,0.32,100.0,0.16936090225563905,-0.16936090225563905,-0.12336830678084526,0.16279069767441862,0.1349579523243757,0.06666666666666665,-0.16279069767441862,-0.10114412654725735,-0.1349579523243757,
0.8844538918841327,0.8325,0.7753104534674526,0.07551031014152987,0.07086466165413541,0.07551031014152987,0.18094333649889205,-0.07086466165413541,-0.07551031014152987,0.6015037593984962,adult,sex,24,proxy_soft,3.0,0.8953169300961381,0.13953488372093023,100.0,random,0.8947534029756251,0.32,100.0,0.16936090225563905,-0.16936090225563905,-0.12336830678084526,0.16279069767441862,0.1349579523243757,0.06666666666666665,-0.16279069767441862,-0.10114412654725735,-0.1349579523243757,
0.8698192773825565,0.8247222222222222,0.7648858192293961,0.0524436090225564,0.0524436090225564,0.049504847585446266,0.15308641975308646,-0.0524436090225564,-0.049504847585446266,0.6015037593984962,adult,sex,24,proxy_soft,10.0,0.878981354314579,0.10666666666666658,100.0,random,0.8947534029756251,0.32,100.0,0.16936090225563905,-0.16936090225563905,-0.12336830678084526,0.16279069767441862,0.1349579523243757,0.06666666666666665,-0.16279069767441862,-0.10114412654725735,-0.1349579523243757,
0.8605214964645184,0.8180555555555555,0.7559504184539192,0.05432330827067677,0.05432330827067677,0.023864902788444317,0.12902817347261789,-0.05432330827067677,-0.023864902788444317,0.5864661654135338,adult,sex,24,proxy_soft,30.0,0.8687995530622222,0.1466666666666666,100.0,random,0.8947534029756251,0.32,100.0,0.16936090225563905,-0.16936090225563905,-0.12336830678084526,0.16279069767441862,0.1349579523243757,0.06666666666666665,-0.16279069767441862,-0.10114412654725735,-0.1349579523243757,
0.8898370571753956,0.8347222222222223,0.7782889203926115,0.09968818390220523,0.07612781954887227,0.09968818390220523,0.20246913580246917,-0.07612781954887227,-0.09968818390220523,0.6015037593984962,adult,sex,24,proxy_confident,0.3,0.9019884075513862,0.13953488372093023,100.0,random,0.8947534029756251,0.32,100.0,0.16936090225563905,-0.16936090225563905,-0.12336830678084526,0.16279069767441862,0.1349579523243757,0.06666666666666665,-0.16279069767441862,-0.10114412654725735,-0.1349579523243757,
0.883692314438408,0.8319444444444445,0.7745658367361627,0.09605263157894739,0.09605263157894739,0.08548784783374429,0.19233934789490345,-0.09605263157894739,-0.08548784783374429,0.5789473684210527,adult,sex,24,proxy_confident,1.0,0.8946306943830163,0.13953488372093023,100.0,random,0.8947534029756251,0.32,100.0,0.16936090225563905,-0.16936090225563905,-0.12336830678084526,0.16279069767441862,0.1349579523243757,0.06666666666666665,-0.16279069767441862,-0.10114412654725735,-0.1349579523243757,
0.8759958731686047,0.8263888888888888,0.7671196694232654,0.10056390977443608,0.10056390977443608,0.06333966589482558,0.17207977207977207,-0.10056390977443608,-0.06333966589482558,0.5639097744360902,adult,sex,24,proxy_confident,3.0,0.8860122442328732,0.10666666666666658,100.0,random,0.8947534029756251,0.32,100.0,0.16936090225563905,-0.16936090225563905,-0.12336830678084526,0.16279069767441862,0.1349579523243757,0.06666666666666665,-0.16279069767441862,-0.10114412654725735,-0.1349579523243757,
0.8718797973484198,0.8247222222222222,0.7648858192293961,0.09661654135338349,0.09661654135338349,0.055757337783449504,0.16448243114909783,-0.09661654135338349,-0.055757337783449504,0.5639097744360902,adult,sex,24,proxy_confident,10.0,0.8817579552596662,0.1466666666666666,100.0,random,0.8947534029756251,0.32,100.0,0.16936090225563905,-0.16936090225563905,-0.12336830678084526,0.16279069767441862,0.1349579523243757,0.06666666666666665,-0.16279069767441862,-0.10114412654725735,-0.1349579523243757,
0.8704993606638008,0.8236111111111111,0.7633965857668166,0.09398496240601506,0.09398496240601506,0.05695494257386867,0.16448243114909783,-0.09398496240601506,-0.05695494257386867,0.5639097744360902,adult,sex,24,proxy_confident,30.0,0.8803920016760167,0.1466666666666666,100.0,random,0.8947534029756251,0.32,100.0,0.16936090225563905,-0.16936090225563905,-0.12336830678084526,0.16279069767441862,0.1349579523243757,0.06666666666666665,-0.16279069767441862,-0.10114412654725735,-0.1349579523243757,
0.8763429473005782,0.8291666666666667,0.7708427530797141,0.04784067352277124,0.043045112781954886,0.04784067352277124,0.1404241848686293,0.043045112781954886,-0.04784067352277124,0.6486842105263158,adult,sex,24,related_feats,0.3,0.8818938988337717,0.31333333333333335,100.0,random,0.8947534029756251,0.32,100.0,0.16936090225563905,-0.16936090225563905,-0.12336830678084526,0.16279069767441862,0.1349579523243757,0.06666666666666665,-0.16279069767441862,-0.10114412654725735,-0.1349579523243757,
0.8592411693626618,0.8169444444444445,0.7544611849913397,0.03665413533834583,0.03665413533834583,0.01412064973235784,0.10750237416904085,0.03665413533834583,-0.01412064973235784,0.625,adult,sex,24,related_feats,1.0,0.8608002979585185,0.2733333333333333,100.0,random,0.8947534029756251,0.32,100.0,0.16936090225563905,-0.16936090225563905,-0.12336830678084526,0.16279069767441862,0.1349579523243757,0.06666666666666665,-0.16279069767441862,-0.10114412654725735,-0.1349579523243757,
0.8338666995401164,0.8091666666666667,0.7440365507532832,0.017814515616789567,0.0020676691729323293,0.017814515616789567,0.11130104463437795,0.0020676691729323293,-0.017814515616789567,0.6144736842105263,adult,sex,24,related_feats,3.0,0.8320379897111199,0.2733333333333333,100.0,random,0.8947534029756251,0.32,100.0,0.16936090225563905,-0.16936090225563905,-0.12336830678084526,0.16279069767441862,0.1349579523243757,0.06666666666666665,-0.16279069767441862,-0.10114412654725735,-0.1349579523243757,
0.8031243704368956,0.7925,0.7216980488145908,0.02171048452756974,0.0026315789473684292,0.02171048452756974,0.10623615068059514,-0.0026315789473684292,-0.02171048452756974,0.5789473684210527,adult,sex,24,related_feats,10.0,0.7993091086850252,0.10666666666666658,100.0,random,0.8947534029756251,0.32,100.0,0.16936090225563905,-0.16936090225563905,-0.12336830678084526,0.16279069767441862,0.1349579523243757,0.06666666666666665,-0.16279069767441862,-0.10114412654725735,-0.1349579523243757,
0.7856622807362275,0.7813888888888889,0.7068057141887959,0.014849624060150335,0.014849624060150335,0.005550326540746858,0.08471035137701804,0.014849624060150335,-0.005550326540746858,0.5565789473684211,adult,sex,24,related_feats,30.0,0.7798607975045974,0.10666666666666658,100.0,random,0.8947534029756251,0.32,100.0,0.16936090225563905,-0.16936090225563905,-0.12336830678084526,0.16279069767441862,0.1349579523243757,0.06666666666666665,-0.16279069767441862,-0.10114412654725735,-0.1349579523243757,
0.8917168007459406,0.8325,0.7753104534674526,0.09583090328504032,0.07969924812030071,0.09583090328504032,0.198670465337132,-0.07969924812030071,-0.09583090328504032,0.5939849624060151,adult,sex,24,proxy_soft,0.3,0.9032817337461301,0.16287878787878785,200.0,random,0.9118490661601772,0.335,200.0,0.16936090225563905,-0.16936090225563905,-0.12336830678084526,0.16287878787878785,0.11942364188736668,-0.16287878787878785,-0.07915254237288136,-0.10351449281962122,-0.11942364188736668,
0.8902523878410706,0.8347222222222223,0.7782889203926115,0.07936759075869476,0.03195488721804507,0.07936759075869476,0.17967711301044637,-0.03195488721804507,-0.07936759075869476,0.6390977443609023,adult,sex,24,proxy_soft,1.0,0.9016150282827812,0.13257575757575757,200.0,random,0.9118490661601772,0.335,200.0,0.16936090225563905,-0.16936090225563905,-0.12336830678084526,0.16287878787878785,0.11942364188736668,-0.16287878787878785,-0.07915254237288136,-0.10351449281962122,-0.11942364188736668,
0.887225107152416,0.8363888888888888,0.7805227705864809,0.0744449384740644,0.009398496240601517,0.0744449384740644,0.1733459955682178,-0.009398496240601517,-0.0744449384740644,0.6616541353383458,adult,sex,24,proxy_soft,3.0,0.897964105309714,0.13257575757575757,200.0,random,0.9118490661601772,0.335,200.0,0.16936090225563905,-0.16936090225563905,-0.12336830678084526,0.16287878787878785,0.11942364188736668,-0.16287878787878785,-0.07915254237288136,-0.10351449281962122,-0.11942364188736668,
0.8792692910545469,0.8330555555555555,0.7760550701987423,0.06396964989981464,0.019172932330827064,0.06396964989981464,0.16448243114909783,-0.019172932330827064,-0.06396964989981464,0.6466165413533834,adult,sex,24,proxy_soft,10.0,0.888789776298331,0.02830508474576271,200.0,random,0.9118490661601772,0.335,200.0,0.16936090225563905,-0.16936090225563905,-0.12336830678084526,0.16287878787878785,0.11942364188736668,-0.16287878787878785,-0.07915254237288136,-0.10351449281962122,-0.11942364188736668,
0.8729168829847217,0.8269444444444445,0.7678642861545552,0.05492525075211199,0.013533834586466176,0.05492525075211199,0.15308641975308646,-0.013533834586466176,-0.05492525075211199,0.6390977443609023,adult,sex,24,proxy_soft,30.0,0.8815884913522196,0.022727272727272707,200.0,random,0.9118490661601772,0.335,200.0,0.16936090225563905,-0.16936090225563905,-0.12336830678084526,0.16287878787878785,0.11942364188736668,-0.16287878787878785,-0.07915254237288136,-0.10351449281962122,-0.11942364188736668,
0.8914826601515461,0.8308333333333333,0.7730766032735834,0.11325853596567714,0.1110902255639098,0.11325853596567714,0.21639759417537194,-0.1110902255639098,-0.11325853596567714,0.5639097744360902,adult,sex,24,proxy_confident,0.3,0.90326590469983,0.16287878787878785,200.0,random,0.9118490661601772,0.335,200.0,0.16936090225563905,-0.16936090225563905,-0.12336830678084526,0.16287878787878785,0.11942364188736668,-0.16287878787878785,-0.07915254237288136,-0.10351449281962122,-0.11942364188736668,
0.8906383475134558,0.8313888888888888,0.7738212200048731,0.12124060150375948,0.12124060150375948,0.10484412082296352,0.21133270022158912,-0.12124060150375948,-0.10484412082296352,0.556390977443609,adult,sex,24,proxy_confident,1.0,0.9016671710235341,0.19318181818181823,200.0,random,0.9118490661601772,0.335,200.0,0.16936090225563905,-0.16936090225563905,-0.12336830678084526,0.16287878787878785,0.11942364188736668,-0.16287878787878785,-0.07915254237288136,-0.10351449281962122,-0.11942364188736668,
0.8885277727562112,0.8330555555555555,0.7760550701987423,0.1061739587363364,0.09868421052631582,0.1061739587363364,0.21006647673314338,-0.09868421052631582,-0.1061739587363364,0.5789473684210527,adult,sex,24,proxy_confident,3.0,0.8991149700877582,0.06818181818181823,200.0,random,0.9118490661601772,0.335,200.0,0.16936090225563905,-0.16936090225563905,-0.12336830678084526,0.16287878787878785,0.11942364188736668,-0.16287878787878785,-0.07915254237288136,-0.10351449281962122,-0.11942364188736668,
0.8870720470465397,0.8325,0.7753104534674526,0.10364651603254435,0.09736842105263155,0.10364651603254435,0.20753402975625196,-0.09736842105263155,-0.10364651603254435,0.5789473684210527,adult,sex,24,proxy_confident,10.0,0.8976140040503736,0.06220338983050848,200.0,random,0.9118490661601772,0.335,200.0,0.16936090225563905,-0.16936090225563905,-0.12336830678084526,0.16287878787878785,0.11942364188736668,-0.16287878787878785,-0.07915254237288136,-0.10351449281962122,-0.11942364188736668,
0.8865834957356213,0.8319444444444445,0.7745658367361627,0.1048872180451128,0.1048872180451128,0.09955595077925151,0.20500158277936054,-0.1048872180451128,-0.09955595077925151,0.5714285714285714,adult,sex,24,proxy_confident,30.0,0.8970935077632162,0.06220338983050848,200.0,random,0.9118490661601772,0.335,200.0,0.16936090225563905,-0.16936090225563905,-0.12336830678084526,0.16287878787878785,0.11942364188736668,-0.16287878787878785,-0.07915254237288136,-0.10351449281962122,-0.11942364188736668,
0.8815697430782704,0.8347222222222223,0.7782889203926115,0.0637363652636867,0.012218045112781906,0.0637363652636867,0.16068376068376067,0.012218045112781906,-0.0637363652636867,0.6644736842105263,adult,sex,24,related_feats,0.3,0.8864554575292721,0.022727272727272707,200.0,random,0.9118490661601772,0.335,200.0,0.16936090225563905,-0.16936090225563905,-0.12336830678084526,0.16287878787878785,0.11942364188736668,-0.16287878787878785,-0.07915254237288136,-0.10351449281962122,-0.11942364188736668,
0.8700058452413406,0.8247222222222222,0.7648858192293961,0.03699986718943983,0.018233082706766934,0.03699986718943983,0.13282684393795507,0.018233082706766934,-0.03699986718943983,0.6434210526315789,adult,sex,24,related_feats,1.0,0.8722484229148724,0.1477272727272727,200.0,random,0.9118490661601772,0.335,200.0,0.16936090225563905,-0.16936090225563905,-0.12336830678084526,0.16287878787878785,0.11942364188736668,-0.16287878787878785,-0.07915254237288136,-0.10351449281962122,-0.11942364188736668,
0.844144478811724,0.8152777777777778,0.7522273347974704,0.022169547115989813,0.0052631578947368585,0.022169547115989813,0.11763216207660648,0.0052631578947368585,-0.022169547115989813,0.6263157894736842,adult,sex,24,related_feats,3.0,0.8422840382690473,0.05303030303030298,200.0,random,0.9118490661601772,0.335,200.0,0.16936090225563905,-0.16936090225563905,-0.12336830678084526,0.16287878787878785,0.11942364188736668,-0.16287878787878785,-0.07915254237288136,-0.10351449281962122,-0.11942364188736668,
0.8083346191761147,0.7969444444444445,0.7276549826649088,0.018483187915393898,0.004511278195488799,0.018483187915393898,0.1049699271921494,0.004511278195488799,-0.018483187915393898,0.5894736842105263,adult,sex,24,related_feats,10.0,0.8032859237877976,0.08333333333333337,200.0,random,0.9118490661601772,0.335,200.0,0.16936090225563905,-0.16936090225563905,-0.12336830678084526,0.16287878787878785,0.11942364188736668,-0.16287878787878785,-0.07915254237288136,-0.10351449281962122,-0.11942364188736668,
0.7857429475487837,0.7897222222222222,0.7179749651581421,0.0402255639097745,0.0402255639097745,0.015325761206612803,0.1049699271921494,-0.0402255639097745,-0.015325761206612803,0.5413533834586466,adult,sex,24,related_feats,30.0,0.7798607975045974,0.11363636363636365,200.0,random,0.9118490661601772,0.335,200.0,0.16936090225563905,-0.16936090225563905,-0.12336830678084526,0.16287878787878785,0.11942364188736668,-0.16287878787878785,-0.07915254237288136,-0.10351449281962122,-0.11942364188736668,
0.8915773919468045,0.8313888888888888,0.7738212200048731,0.09546538552595871,0.08590225563909781,0.09546538552595871,0.198670465337132,-0.08590225563909781,-0.09546538552595871,0.5864661654135338,adult,sex,24,proxy_soft,0.3,0.9031439279312834,0.13355263157894737,400.0,random,0.9119435264324153,0.35,400.0,0.16936090225563905,-0.16936090225563905,-0.12336830678084526,0.18618421052631584,0.12494970641433238,-0.18618421052631584,-0.15013774104683195,-0.10160904890390132,-0.12494970641433238,
0.8902796904545512,0.8330555555555555,0.7760550701987423,0.08429024304332512,0.045676691729323315,0.08429024304332512,0.18474200696422916,-0.045676691729323315,-0.08429024304332512,0.6240601503759399,adult,sex,24,proxy_soft,1.0,0.9016131660420401,0.12235996326905418,400.0,random,0.9119435264324153,0.35,400.0,0.16936090225563905,-0.16936090225563905,-0.12336830678084526,0.18618421052631584,0.12494970641433238,-0.18618421052631584,-0.15013774104683195,-0.10160904890390132,-0.12494970641433238,
0.8867775097617183,0.8336111111111111,0.7767996869300322,0.0758758279006115,0.03815789473684217,0.0758758279006115,0.17714466603355494,-0.03815789473684217,-0.0758758279006115,0.631578947368421,adult,sex,24,proxy_soft,3.0,0.8978039526059733,0.13355263157894737,400.0,random,0.9119435264324153,0.35,400.0,0.16936090225563905,-0.16936090225563905,-0.12336830678084526,0.18618421052631584,0.12494970641433238,-0.18618421052631584,-0.15013774104683195,-0.10160904890390132,-0.12494970641433238,
0.8775740469629772,0.8263888888888888,0.7671196694232654,0.05552405314732156,0.012218045112781906,0.05552405314732156,0.15308641975308646,-0.012218045112781906,-0.05552405314732156,0.6390977443609023,adult,sex,24,proxy_soft,10.0,0.8873018459461347,0.07263544536271808,400.0,random,0.9119435264324153,0.35,400.0,0.16936090225563905,-0.16936090225563905,-0.12336830678084526,0.18618421052631584,0.12494970641433238,-0.18618421052631584,-0.15013774104683195,-0.10160904890390132,-0.12494970641433238,
0.8703181705925204,0.8202777777777778,0.7589288853790781,0.029285305955110044,0.015413533834586435,0.029285305955110044,0.12902817347261789,-0.015413533834586435,-0.029285305955110044,0.6240601503759399,adult,sex,24,proxy_soft,30.0,0.8789310738145675,0.05610651974288337,400.0,random,0.9119435264324153,0.35,400.0,0.16936090225563905,-0.16936090225563905,-0.12336830678084526,0.18618421052631584,0.12494970641433238,-0.18618421052631584,-0.15013774104683195,-0.10160904890390132,-0.12494970641433238,
0.8914901063188589,0.8313888888888888,0.7738212200048731,0.11109661102096674,0.09473684210526312,0.11109661102096674,0.2125989237100348,-0.09473684210526312,-0.11109661102096674,0.5789473684210527,adult,sex,24,proxy_confident,0.3,0.9035340673665588,0.18618421052631584,400.0,random,0.9119435264324153,0.35,400.0,0.16936090225563905,-0.16936090225563905,-0.12336830678084526,0.18618421052631584,0.12494970641433238,-0.18618421052631584,-0.15013774104683195,-0.10160904890390132,-0.12494970641433238,
0.8900178335707145,0.8319444444444445,0.7745658367361627,0.10580844097725474,0.08721804511278197,0.10580844097725474,0.20753402975625196,-0.08721804511278197,-0.10580844097725474,0.5864661654135338,adult,sex,24,proxy_confident,1.0,0.9016485486161223,0.13355263157894737,400.0,random,0.9119435264324153,0.35,400.0,0.16936090225563905,-0.16936090225563905,-0.12336830678084526,0.18618421052631584,0.12494970641433238,-0.18618421052631584,-0.15013774104683195,-0.10160904890390132,-0.12494970641433238,
0.8879411802423396,0.8297222222222222,0.771587369811004,0.10845864661654137,0.10845864661654137,0.10038803781058905,0.20500158277936054,-0.10845864661654137,-0.10038803781058905,0.5639097744360902,adult,sex,24,proxy_confident,3.0,0.8992434646988989,0.13355263157894737,400.0,random,0.9119435264324153,0.35,400.0,0.16936090225563905,-0.16936090225563905,-0.12336830678084526,0.18618421052631584,0.12494970641433238,-0.18618421052631584,-0.15013774104683195,-0.10160904890390132,-0.12494970641433238,
0.8866513385933611,0.8291666666666667,0.7708427530797141,0.1071428571428571,0.1071428571428571,0.09942371765629782,0.20373535929091485,-0.1071428571428571,-0.09942371765629782,0.5639097744360902,adult,sex,24,proxy_confident,10.0,0.8978421285411672,0.13355263157894737,400.0,random,0.9119435264324153,0.35,400.0,0.16936090225563905,-0.16936090225563905,-0.12336830678084526,0.18618421052631584,0.12494970641433238,-0.18618421052631584,-0.15013774104683195,-0.10160904890390132,-0.12494970641433238,
0.8862190472132513,0.8280555555555555,0.7693535196171346,0.10451127819548867,0.10451127819548867,0.09593195479821456,0.19993668882557775,-0.10451127819548867,-0.09593195479821456,0.5639097744360902,adult,sex,24,proxy_confident,30.0,0.897372843874392,0.13355263157894737,400.0,random,0.9119435264324153,0.35,400.0,0.16936090225563905,-0.16936090225563905,-0.12336830678084526,0.18618421052631584,0.12494970641433238,-0.18618421052631584,-0.15013774104683195,-0.10160904890390132,-0.12494970641433238,
0.8808615298316214,0.8291666666666667,0.7708427530797141,0.08063909774436095,0.08063909774436095,0.057219408819776066,0.16574865463754354,-0.08063909774436095,-0.057219408819776066,0.5864661654135338,adult,sex,24,related_feats,0.3,0.88259037687097,0.1361842105263158,400.0,random,0.9119435264324153,0.35,400.0,0.16936090225563905,-0.16936090225563905,-0.12336830678084526,0.18618421052631584,0.12494970641433238,-0.18618421052631584,-0.15013774104683195,-0.10160904890390132,-0.12494970641433238,
0.8615403803584999,0.8183333333333334,0.7565103288682529,0.046804511278195515,0.046804511278195515,0.03168051553594835,0.13450459006014565,-0.046804511278195515,-0.03168051553594835,0.5939849624060151,adult,sex,24,related_feats,1.0,0.8591028655229407,0.046052631578947345,400.0,random,0.9119435264324153,0.35,400.0,0.16936090225563905,-0.16936090225563905,-0.12336830678084526,0.18618421052631584,0.12494970641433238,-0.18618421052631584,-0.15013774104683195,-0.10160904890390132,-0.12494970641433238,
0.8280193898196827,0.8025,0.7351011499778063,0.02631578947368418,0.02631578947368418,0.018747654161301308,0.1125672681228237,-0.02631578947368418,-0.018747654161301308,0.5789473684210527,adult,sex,24,related_feats,3.0,0.8234148839591239,0.10131578947368419,400.0,random,0.9119435264324153,0.35,400.0,0.16936090225563905,-0.16936090225563905,-0.12336830678084526,0.18618421052631584,0.12494970641433238,-0.18618421052631584,-0.15013774104683195,-0.10160904890390132,-0.12494970641433238,
0.8011527908028251,0.7919444444444445,0.7209534320833011,0.007518796992481147,0.007518796992481147,0.0019886937792688575,0.08850902184235515,0.007518796992481147,-0.0019886937792688575,0.5789473684210527,adult,sex,24,related_feats,10.0,0.7955268977397052,0.08881578947368424,400.0,random,0.9119435264324153,0.35,400.0,0.16936090225563905,-0.16936090225563905,-0.12336830678084526,0.18618421052631584,0.12494970641433238,-0.18618421052631584,-0.15013774104683195,-0.10160904890390132,-0.12494970641433238,
0.7913954158911967,0.7863888888888889,0.7135072647704037,0.005827067669172958,0.005827067669172958,0.004528262664641763,0.0821779044001266,-0.005827067669172958,0.004528262664641763,0.5639097744360902,adult,sex,24,related_feats,30.0,0.7855946367466655,0.07631578947368428,400.0,random,0.9119435264324153,0.35,400.0,0.16936090225563905,-0.16936090225563905,-0.12336830678084526,0.18618421052631584,0.12494970641433238,-0.18618421052631584,-0.15013774104683195,-0.10160904890390132,-0.12494970641433238,
0.8921896323703096,0.8336111111111111,0.7767996869300322,0.09150705339561954,0.07349624060150384,0.09150705339561954,0.19487179487179487,-0.07349624060150384,-0.09150705339561954,0.6015037593984962,adult,sex,24,proxy_soft,0.3,0.9017677320235573,0.09090909090909094,25.0,strat_y,0.8199461221905665,0.25,24.0,0.16936090225563905,-0.16936090225563905,-0.12336830678084526,0.09090909090909094,0.2000601273775786,0.09090909090909094,-0.08571428571428569,-0.2000601273775786,-0.12251466034262642,
0.8894295863529955,0.8330555555555555,0.7760550701987423,0.07022214009781787,0.010338345864661647,0.07022214009781787,0.16828110161443496,-0.010338345864661647,-0.07022214009781787,0.6541353383458647,adult,sex,24,proxy_soft,1.0,0.8974417467818151,0.09090909090909094,25.0,strat_y,0.8199461221905665,0.25,24.0,0.16936090225563905,-0.16936090225563905,-0.12336830678084526,0.09090909090909094,0.2000601273775786,0.09090909090909094,-0.08571428571428569,-0.2000601273775786,-0.12251466034262642,
0.8851443170644231,0.8308333333333333,0.7730766032735834,0.05229675653514572,0.03026315789473688,0.05229675653514572,0.14675530231085784,0.03026315789473688,-0.05229675653514572,0.6539473684210526,adult,sex,24,proxy_soft,3.0,0.8914741963267301,0.09090909090909094,25.0,strat_y,0.8199461221905665,0.25,24.0,0.16936090225563905,-0.16936090225563905,-0.12336830678084526,0.09090909090909094,0.2000601273775786,0.09090909090909094,-0.08571428571428569,-0.2000601273775786,-0.12251466034262642,
0.8797528782539236,0.8275,0.7686089028858448,0.046510835609398365,0.020488721804511334,0.046510835609398365,0.14169040835707505,0.020488721804511334,-0.046510835609398365,0.6486842105263158,adult,sex,24,proxy_soft,10.0,0.8837617262971671,0.18181818181818177,25.0,strat_y,0.8199461221905665,0.25,24.0,0.16936090225563905,-0.16936090225563905,-0.12336830678084526,0.09090909090909094,0.2000601273775786,0.09090909090909094,-0.08571428571428569,-0.2000601273775786,-0.12251466034262642,
0.8748210334370143,0.8219444444444445,0.7611627355729474,0.04155700171498852,0.0071428571428571175,0.04155700171498852,0.13662551440329218,0.0071428571428571175,-0.04155700171498852,0.6394736842105263,adult,sex,24,proxy_soft,30.0,0.8770995600456251,0.2727272727272727,25.0,strat_y,0.8199461221905665,0.25,24.0,0.16936090225563905,-0.16936090225563905,-0.12336830678084526,0.09090909090909094,0.2000601273775786,0.09090909090909094,-0.08571428571428569,-0.2000601273775786,-0.12251466034262642,
0.8919939636403651,0.8325,0.7753104534674526,0.10052027093354274,0.08853383458646624,0.10052027093354274,0.20373535929091485,-0.08853383458646624,-0.10052027093354274,0.5864661654135338,adult,sex,24,proxy_soft,0.3,0.9031150631997952,0.4545454545454546,50.0,strat_y,0.8653486546375435,0.16,50.0,0.16936090225563905,-0.16936090225563905,-0.12336830678084526,0.40909090909090906,0.10738546397790417,0.40909090909090906,-0.25,-0.07734052460328344,-0.10738546397790417,
0.8910561602349018,0.8341666666666666,0.7775443036613219,0.08778200590140836,0.06597744360902258,0.08778200590140836,0.19107312440645777,-0.06597744360902258,-0.08778200590140836,0.6090225563909775,adult,sex,24,proxy_soft,1.0,0.9016420307735283,0.4545454545454546,50.0,strat_y,0.8653486546375435,0.16,50.0,0.16936090225563905,-0.16936090225563905,-0.12336830678084526,0.40909090909090906,0.10738546397790417,0.40909090909090906,-0.25,-0.07734052460328344,-0.10738546397790417,
0.8889191102161003,0.8358333333333333,0.779778153855191,0.0844224761662788,0.06109022556390986,0.0844224761662788,0.18854067742956632,-0.06109022556390986,-0.0844224761662788,0.6165413533834586,adult,sex,24,proxy_soft,3.0,0.8987788356339765,0.4545454545454546,50.0,strat_y,0.8653486546375435,0.16,50.0,0.16936090225563905,-0.16936090225563905,-0.12336830678084526,0.40909090909090906,0.10738546397790417,0.40909090909090906,-0.25,-0.07734052460328344,-0.10738546397790417,
0.8834205293314872,0.8325,0.7753104534674526,0.07551031014152987,0.06203007518796988,0.07551031014152987,0.17967711301044637,-0.06203007518796988,-0.07551031014152987,0.6090225563909775,adult,sex,24,proxy_soft,10.0,0.892360622919528,0.40909090909090906,50.0,strat_y,0.8653486546375435,0.16,50.0,0.16936090225563905,-0.16936090225563905,-0.12336830678084526,0.40909090909090906,0.10738546397790417,0.40909090909090906,-0.25,-0.07734052460328344,-0.10738546397790417,
0.8776960813717164,0.8286111111111111,0.7700981363484244,0.07048872180451127,0.07048872180451127,0.0687600690614913,0.1733459955682178,-0.07048872180451127,-0.0687600690614913,0.5939849624060151,adult,sex,24,proxy_soft,30.0,0.8858595404920971,0.40909090909090906,50.0,strat_y,0.8653486546375435,0.16,50.0,0.16936090225563905,-0.16936090225563905,-0.12336830678084526,0.40909090909090906,0.10738546397790417,0.40909090909090906,-0.25,-0.07734052460328344,-0.10738546397790417,
0.8915587765285222,0.8319444444444445,0.7745658367361627,0.10111907332875233,0.09605263157894739,0.10111907332875233,0.20500158277936054,-0.09605263157894739,-0.10111907332875233,0.5789473684210527,adult,sex,24,proxy_soft,0.3,0.9029632905793898,0.2,100.0,strat_y,0.8665813232035454,0.26,100.0,0.16936090225563905,-0.16936090225563905,-0.12336830678084526,0.2,0.11030036441347577,0.06060606060606066,-0.2,-0.0946522193959427,-0.11030036441347577,
0.8902763810468567,0.8347222222222223,0.7782889203926115,0.0887463260556996,0.023120300751879763,0.0887463260556996,0.1860082304526749,-0.023120300751879763,-0.0887463260556996,0.6466165413533834,adult,sex,24,proxy_soft,1.0,0.9013720058660584,0.2,100.0,strat_y,0.8665813232035454,0.26,100.0,0.16936090225563905,-0.16936090225563905,-0.12336830678084526,0.2,0.11030036441347577,0.06060606060606066,-0.2,-0.0946522193959427,-0.11030036441347577,
0.8876826327661973,0.8347222222222223,0.7782889203926115,0.08093071330819557,0.03195488721804507,0.08093071330819557,0.18094333649889205,-0.03195488721804507,-0.08093071330819557,0.6390977443609023,adult,sex,24,proxy_soft,3.0,0.898242510300519,0.2,100.0,strat_y,0.8665813232035454,0.26,100.0,0.16936090225563905,-0.16936090225563905,-0.12336830678084526,0.2,0.11030036441347577,0.06060606060606066,-0.2,-0.0946522193959427,-0.11030036441347577,
0.8798893913213266,0.8330555555555555,0.7760550701987423,0.07960087539482269,0.02800751879699248,0.07960087539482269,0.17841088952200063,-0.02800751879699248,-0.07960087539482269,0.6390977443609023,adult,sex,24,proxy_soft,10.0,0.8900160618263926,0.15000000000000002,100.0,strat_y,0.8665813232035454,0.26,100.0,0.16936090225563905,-0.16936090225563905,-0.12336830678084526,0.2,0.11030036441347577,0.06060606060606066,-0.2,-0.0946522193959427,-0.11030036441347577,
0.8730438815050028,0.8286111111111111,0.7700981363484244,0.07344943670999371,0.04398496240601513,0.07344943670999371,0.1733459955682178,-0.04398496240601513,-0.07344943670999371,0.6165413533834586,adult,sex,24,proxy_soft,30.0,0.8824358108894527,0.15000000000000002,100.0,strat_y,0.8665813232035454,0.26,100.0,0.16936090225563905,-0.16936090225563905,-0.12336830678084526,0.2,0.11030036441347577,0.06060606060606066,-0.2,-0.0946522193959427,-0.11030036441347577,
0.8917027357632384,0.8308333333333333,0.7730766032735834,0.09762731047066905,0.07575187969924813,0.09762731047066905,0.198670465337132,-0.07575187969924813,-0.09762731047066905,0.5939849624060151,adult,sex,24,proxy_soft,0.3,0.9030992341534951,0.25331971399387126,200.0,strat_y,0.8882608420386199,0.245,200.0,0.16936090225563905,-0.16936090225563905,-0.12336830678084526,0.26455566905005107,0.10784261796679868,-0.26455566905005107,-0.07215619694397285,-0.08816994570634484,-0.10784261796679868,
0.8904976976864345,0.8319444444444445,0.7745658367361627,0.08548784783374429,0.043045112781954886,0.08548784783374429,0.18474200696422916,-0.043045112781954886,-0.08548784783374429,0.6240601503759399,adult,sex,24,proxy_soft,1.0,0.9016345818105637,0.17364657814096018,200.0,strat_y,0.8882608420386199,0.245,200.0,0.16936090225563905,-0.16936090225563905,-0.12336830678084526,0.26455566905005107,0.10784261796679868,-0.26455566905005107,-0.07215619694397285,-0.08816994570634484,-0.10784261796679868,
0.8878377612518829,0.8341666666666666,0.7775443036613219,0.07527702550540193,0.048308270676691745,0.07527702550540193,0.17841088952200063,-0.048308270676691745,-0.07527702550540193,0.6240601503759399,adult,sex,24,proxy_soft,3.0,0.8983207244116482,0.26455566905005107,200.0,strat_y,0.8882608420386199,0.245,200.0,0.16936090225563905,-0.16936090225563905,-0.12336830678084526,0.26455566905005107,0.10784261796679868,-0.26455566905005107,-0.07215619694397285,-0.08816994570634484,-0.10784261796679868,
0.8822498263595151,0.8280555555555555,0.7693535196171346,0.06310638125869764,0.03383458646616544,0.06310638125869764,0.1632162076606521,-0.03383458646616544,-0.06310638125869764,0.6240601503759399,adult,sex,24,proxy_soft,10.0,0.892112944900952,0.25331971399387126,200.0,strat_y,0.8882608420386199,0.245,200.0,0.16936090225563905,-0.16936090225563905,-0.12336830678084526,0.26455566905005107,0.10784261796679868,-0.26455566905005107,-0.07215619694397285,-0.08816994570634484,-0.10784261796679868,
0.8783372791125492,0.8258333333333333,0.7663750526919757,0.05299661044352953,0.046240601503759415,0.05299661044352953,0.15561886672997782,-0.046240601503759415,-0.05299661044352953,0.6090225563909775,adult,sex,24,proxy_soft,30.0,0.8876128401499104,0.25331971399387126,200.0,strat_y,0.8882608420386199,0.245,200.0,0.16936090225563905,-0.16936090225563905,-0.12336830678084526,0.26455566905005107,0.10784261796679868,-0.26455566905005107,-0.07215619694397285,-0.08816994570634484,-0.10784261796679868,
0.8915662226958352,0.8336111111111111,0.7767996869300322,0.09307017594512038,0.06466165413533831,0.09307017594512038,0.19487179487179487,-0.06466165413533831,-0.09307017594512038,0.6090225563909775,adult,sex,24,proxy_soft,0.3,0.9027705486626784,0.178733442206496,400.0,strat_y,0.8864588793922127,0.28,400.0,0.16936090225563905,-0.16936090225563905,-0.12336830678084526,0.21502449646162225,0.12584099336075705,-0.21502449646162225,-0.13944973323569412,-0.12584099336075705,-0.12248092665697327,
0.8900608558707443,0.8325,0.7753104534674526,0.08019967779003229,0.044360902255639045,0.08019967779003229,0.18094333649889205,-0.044360902255639045,-0.08019967779003229,0.6240601503759399,adult,sex,24,proxy_soft,1.0,0.9007248772085013,0.11812738160043545,400.0,strat_y,0.8864588793922127,0.28,400.0,0.16936090225563905,-0.16936090225563905,-0.12336830678084526,0.21502449646162225,0.12584099336075705,-0.21502449646162225,-0.13944973323569412,-0.12584099336075705,-0.12248092665697327,
0.8873227346794074,0.8363888888888888,0.7805227705864809,0.0744449384740644,0.018233082706766934,0.0744449384740644,0.1746122190566635,-0.018233082706766934,-0.0744449384740644,0.6541353383458647,adult,sex,24,proxy_soft,3.0,0.8968560720687168,0.10615133369624385,400.0,strat_y,0.8864588793922127,0.28,400.0,0.16936090225563905,-0.16936090225563905,-0.12336830678084526,0.21502449646162225,0.12584099336075705,-0.21502449646162225,-0.13944973323569412,-0.12584099336075705,-0.12248092665697327,
0.8771880872905921,0.8319444444444445,0.7745658367361627,0.06985662233873621,0.043045112781954886,0.06985662233873621,0.17207977207977207,-0.043045112781954886,-0.06985662233873621,0.6240601503759399,adult,sex,24,proxy_soft,10.0,0.8831294955655392,0.07668166126163825,400.0,strat_y,0.8864588793922127,0.28,400.0,0.16936090225563905,-0.16936090225563905,-0.12336830678084526,0.21502449646162225,0.12584099336075705,-0.21502449646162225,-0.13944973323569412,-0.12584099336075705,-0.12248092665697327,
0.8651579766446825,0.8225,0.7619073523042372,0.08251879699248121,0.08251879699248121,0.048773812067282984,0.15561886672997782,-0.08251879699248121,-0.048773812067282984,0.5714285714285714,adult,sex,24,proxy_soft,30.0,0.8685611862473521,0.08256214843041187,400.0,strat_y,0.8864588793922127,0.28,400.0,0.16936090225563905,-0.16936090225563905,-0.12336830678084526,0.21502449646162225,0.12584099336075705,-0.21502449646162225,-0.13944973323569412,-0.12584099336075705,-0.12248092665697327,
0.8912861640696779,0.8325,0.7753104534674526,0.1238721804511278,0.1238721804511278,0.11302525132954919,0.21893004115226336,-0.1238721804511278,-0.11302525132954919,0.556390977443609,adult,sex,24,proxy_soft,0.3,0.9033999860331945,0.5,25.0,random_mnar,0.8365744855967078,0.2,,,,,,,,,,,
0.8903214717266958,0.8330555555555555,0.7760550701987423,0.10751879699248124,0.10751879699248124,0.10461083618683557,0.21006647673314338,-0.10751879699248124,-0.10461083618683557,0.5714285714285714,adult,sex,24,proxy_soft,1.0,0.9029213901627134,0.5,25.0,random_mnar,0.8365744855967078,0.2,,,,,,,,,,,
0.8887300603015449,0.8336111111111111,0.7767996869300322,0.09775954359362278,0.09116541353383467,0.09775954359362278,0.20246913580246917,-0.09116541353383467,-0.09775954359362278,0.5864661654135338,adult,sex,24,proxy_soft,3.0,0.9015721967457342,0.5,25.0,random_mnar,0.8365744855967078,0.2,,,,,,,,,,,
0.884558551902475,0.8313888888888888,0.7738212200048731,0.10357142857142865,0.10357142857142865,0.09859163062496029,0.20373535929091485,-0.10357142857142865,-0.09859163062496029,0.5714285714285714,adult,sex,24,proxy_soft,10.0,0.8964296189389884,0.5,25.0,random_mnar,0.8365744855967078,0.2,,,,,,,,,,,
0.8812975442953879,0.8308333333333333,0.7730766032735834,0.1110902255639098,0.1110902255639098,0.09762731047066905,0.20373535929091485,-0.1110902255639098,-0.09762731047066905,0.5639097744360902,adult,sex,24,proxy_soft,30.0,0.8924537349565864,0.5,25.0,random_mnar,0.8365744855967078,0.2,,,,,,,,,,,
0.8918375941267941,0.8319444444444445,0.7745658367361627,0.11372180451127822,0.11372180451127822,0.11206093117525798,0.21639759417537194,-0.11372180451127822,-0.11206093117525798,0.5639097744360902,adult,sex,24,proxy_soft,0.3,0.9034996159128471,0.033333333333333354,50.0,random_mnar,0.8594698322253879,0.2,,,,,,,,,,,
0.8915720141593008,0.8330555555555555,0.7760550701987423,0.10304771363733478,0.09868421052631582,0.10304771363733478,0.20753402975625196,-0.09868421052631582,-0.10304771363733478,0.5789473684210527,adult,sex,24,proxy_soft,1.0,0.903076887264601,0.033333333333333354,50.0,random_mnar,0.8594698322253879,0.2,,,,,,,,,,,
0.8906201457711355,0.8363888888888888,0.7805227705864809,0.1025811443650789,0.08890977443609016,0.1025811443650789,0.20753402975625196,-0.08890977443609016,-0.1025811443650789,0.5939849624060151,adult,sex,24,proxy_soft,3.0,0.9017221071253986,0.033333333333333354,50.0,random_mnar,0.8594698322253879,0.2,,,,,,,,,,,
0.8863510098450741,0.8347222222222223,0.7782889203926115,0.09499881625370282,0.09379699248120299,0.09499881625370282,0.20120291231402343,-0.09379699248120299,-0.09499881625370282,0.5864661654135338,adult,sex,24,proxy_soft,10.0,0.8956735491980726,0.033333333333333354,50.0,random_mnar,0.8594698322253879,0.2,,,,,,,,,,,
0.8832016947476805,0.8313888888888888,0.7738212200048731,0.10357142857142865,0.10357142857142865,0.08452352767945306,0.19233934789490345,-0.10357142857142865,-0.08452352767945306,0.5714285714285714,adult,sex,24,proxy_soft,30.0,0.8919760702064758,0.033333333333333354,50.0,random_mnar,0.8594698322253879,0.2,,,,,,,,,,,
0.8916952895959255,0.8330555555555555,0.7760550701987423,0.17819548872180457,0.17819548872180457,0.12180518423134445,0.23412472301361187,-0.17819548872180457,-0.12180518423134445,0.5112781954887218,adult,sex,24,proxy_soft,0.3,0.9031057519960892,0.2272727272727273,100.0,random_mnar,0.8714179170623615,0.18,,,,,,,,,,,
0.8912447964734952,0.8330555555555555,0.7760550701987423,0.17819548872180457,0.17819548872180457,0.12649455187984684,0.23792339347894906,-0.17819548872180457,-0.12649455187984684,0.5112781954887218,adult,sex,24,proxy_soft,1.0,0.902094555273633,0.2272727272727273,100.0,random_mnar,0.8714179170623615,0.18,,,,,,,,,,,
0.887414984418895,0.8308333333333333,0.7730766032735834,0.1640977443609022,0.1640977443609022,0.12263727126268195,0.23159227603672045,-0.1640977443609022,-0.12263727126268195,0.518796992481203,adult,sex,24,proxy_soft,3.0,0.8972406247817686,0.2272727272727273,100.0,random_mnar,0.8714179170623615,0.18,,,,,,,,,,,
0.8797057191942751,0.8263888888888888,0.7671196694232654,0.19774436090225567,0.19774436090225567,0.09616523943434249,0.2125989237100348,-0.19774436090225567,-0.09616523943434249,0.48120300751879697,adult,sex,24,proxy_soft,10.0,0.8885616518075375,0.7727272727272727,100.0,random_mnar,0.8714179170623615,0.18,,,,,,,,,,,
0.8761294905042752,0.8230555555555555,0.7626519690355269,0.22518796992481205,0.22518796992481205,0.09194244105809596,0.21133270022158912,-0.22518796992481205,-0.09194244105809596,0.45112781954887216,adult,sex,24,proxy_soft,30.0,0.8845401429269768,0.7727272727272727,100.0,random_mnar,0.8714179170623615,0.18,,,,,,,,,,,
0.8915852517900793,0.8325,0.7753104534674526,0.10677276113154596,0.09736842105263155,0.10677276113154596,0.21006647673314338,-0.09736842105263155,-0.10677276113154596,0.5789473684210527,adult,sex,24,proxy_soft,0.3,0.9037258781628996,0.38596491228070173,200.0,random_mnar,0.8884930674264007,0.165,,,,,,,,,,,
0.8910284439454592,0.8308333333333333,0.7730766032735834,0.09606418792116828,0.09342105263157896,0.09606418792116828,0.19993668882557775,-0.09342105263157896,-0.09606418792116828,0.5789473684210527,adult,sex,24,proxy_soft,1.0,0.9033422565702183,0.38596491228070173,200.0,random_mnar,0.8884930674264007,0.165,,,,,,,,,,,
0.8891855175355172,0.8341666666666666,0.7775443036613219,0.09247137354991078,0.08364661654135341,0.09247137354991078,0.19740424184868632,-0.08364661654135341,-0.09247137354991078,0.5939849624060151,adult,sex,24,proxy_soft,3.0,0.9018133569217162,0.38596491228070173,200.0,random_mnar,0.8884930674264007,0.165,,,,,,,,,,,
0.8807974100575382,0.8330555555555555,0.7760550701987423,0.0811639979443235,0.02800751879699248,0.0811639979443235,0.17967711301044637,-0.02800751879699248,-0.0811639979443235,0.6390977443609023,adult,sex,24,proxy_soft,10.0,0.8926660304010802,0.38596491228070173,200.0,random_mnar,0.8884930674264007,0.165,,,,,,,,,,,
0.8740462183605112,0.8286111111111111,0.7700981363484244,0.0687600690614913,0.026315789473684292,0.0687600690614913,0.16701487812598922,-0.026315789473684292,-0.0687600690614913,0.631578947368421,adult,sex,24,proxy_soft,30.0,0.8862925114644195,0.38596491228070173,200.0,random_mnar,0.8884930674264007,0.165,,,,,,,,,,,
0.8915856654660411,0.8325,0.7753104534674526,0.09895714838404195,0.08853383458646624,0.09895714838404195,0.20246913580246917,-0.08853383458646624,-0.09895714838404195,0.5864661654135338,adult,sex,24,proxy_soft,0.3,0.90329756279243,0.18217821782178223,400.0,random_mnar,0.9149510604621716,0.155,,,,,,,,,,,
0.8907918212952938,0.8313888888888888,0.7738212200048731,0.08452352767945306,0.050563909774436144,0.08452352767945306,0.18474200696422916,-0.050563909774436144,-0.08452352767945306,0.6165413533834586,adult,sex,24,proxy_soft,1.0,0.9026923345515494,0.07461692205196536,400.0,random_mnar,0.9149510604621716,0.155,,,,,,,,,,,
0.8900951909755761,0.8313888888888888,0.7738212200048731,0.076707914931949,0.02406015037593978,0.076707914931949,0.1746122190566635,-0.02406015037593978,-0.076707914931949,0.6390977443609023,adult,sex,24,proxy_soft,3.0,0.9020470681347332,0.07883633133466578,400.0,random_mnar,0.9149510604621716,0.155,,,,,,,,,,,
0.8895524481136584,0.8308333333333333,0.7730766032735834,0.07418047222815699,0.013909774436090316,0.07418047222815699,0.1708135485913264,-0.013909774436090316,-0.07418047222815699,0.6466165413533834,adult,sex,24,proxy_soft,10.0,0.9013058963197467,0.07883633133466578,400.0,random_mnar,0.9149510604621716,0.155,,,,,,,,,,,
0.8891238798172049,0.8313888888888888,0.7738212200048731,0.07358166983294742,0.015225563909774475,0.07358166983294742,0.1708135485913264,-0.015225563909774475,-0.07358166983294742,0.6466165413533834,adult,sex,24,proxy_soft,30.0,0.900844060615936,0.07883633133466578,400.0,random_mnar,0.9149510604621716,0.155,,,,,,,,,,,
0.889603330256963,0.8347222222222223,0.7782889203926115,0.1556390977443609,0.1556390977443609,0.12626126724371894,0.2353909465020576,-0.1556390977443609,-0.12626126724371894,0.5338345864661654,adult,sex,24,jtt,1.0,0.9012006797178705,,,,,,,,,,,,,,,,1.5
0.8873773399063685,0.8341666666666666,0.7775443036613219,0.16315789473684217,0.16315789473684217,0.1284231921884293,0.23792339347894906,-0.16315789473684217,-0.1284231921884293,0.5263157894736842,adult,sex,24,jtt,2.0,0.9000321236527853,,,,,,,,,,,,,,,,2.0
0.8818287042303744,0.8291666666666667,0.7708427530797141,0.16898496240601502,0.16898496240601502,0.13537553629481636,0.24172206394428616,-0.16898496240601502,-0.13537553629481636,0.5112781954887218,adult,sex,24,jtt,3.0,0.8963160222537767,,,,,,,,,,,,,,,,3.0
0.8601355367921332,0.8130555555555555,0.7492488678723115,0.2280075187969925,0.2280075187969925,0.1589932959538974,0.26071541627097183,-0.2280075187969925,-0.1589932959538974,0.42857142857142855,adult,sex,24,jtt,4.0,0.8741879466468028,,,,,,,,,,,,,,,,5.0
0.8927551274101279,0.8330555555555555,0.7760550701987423,0.1428571428571429,0.1428571428571429,0.12493142933034607,0.23159227603672045,-0.1428571428571429,-0.12493142933034607,0.5413533834586466,adult,sex,24,cvar,1.0,0.9034027793943062,,,,,,,,,,,,,,,,0.5
0.8902639707680019,0.8330555555555555,0.7760550701987423,0.1516917293233082,0.1516917293233082,0.12336830678084526,0.23159227603672045,-0.1516917293233082,-0.12336830678084526,0.5338345864661654,adult,sex,24,cvar,2.0,0.901123396727112,,,,,,,,,,,,,,,,0.2
0.8892438458461349,0.8352777777777778,0.7790335371239013,0.15695488721804507,0.15695488721804507,0.12253621974950774,0.23285849952516618,-0.15695488721804507,-0.12253621974950774,0.5338345864661654,adult,sex,24,cvar,3.0,0.9008179892455598,,,,,,,,,,,,,,,,0.1
0.8903611846190314,0.8308333333333333,0.7730766032735834,0.18176691729323302,0.18176691729323302,0.1273266389111844,0.23792339347894906,-0.18176691729323302,-0.1273266389111844,0.5037593984962406,adult,sex,24,arl,1.0,0.9000405037361208,,,,,,,,,,,,,,,,0.05
0.8900529960274697,0.8341666666666666,0.7775443036613219,0.180827067669173,0.180827067669173,0.1237338245399269,0.2366571699905033,-0.180827067669173,-0.1237338245399269,0.5112781954887218,adult,sex,24,arl,2.0,0.8994492423007985,,,,,,,,,,,,,,,,0.2
0.8887507440996363,0.8341666666666666,0.7775443036613219,0.1896616541353383,0.1896616541353383,0.1252969470894277,0.23918961696739474,-0.1896616541353383,-0.1252969470894277,0.5037593984962406,adult,sex,24,arl,3.0,0.9002481435787613,,,,,,,,,,,,,,,,0.5
0.8914834875034696,0.8363888888888888,0.7805227705864809,0.13308270676691736,0.13308270676691736,0.11195987966208375,0.2214624881291548,-0.13308270676691736,-0.11195987966208375,0.556390977443609,adult,sex,24,cluster_rw,1.0,0.8987648688284177,,,,,,,,,,,,,,,,0.25
0.8855534425906706,0.8347222222222223,0.7782889203926115,0.08562008095669797,0.08496240601503757,0.08562008095669797,0.19233934789490345,-0.08496240601503757,-0.08562008095669797,0.5939849624060151,adult,sex,24,cluster_rw,2.0,0.8896054377429642,,,,,,,,,,,,,,,,0.5
0.8490002072516569,0.8097222222222222,0.744781167484573,0.015652590672079178,0.0007518796992480592,0.015652590672079178,0.11003482114593227,0.0007518796992480592,-0.015652590672079178,0.6157894736842106,adult,sex,24,cluster_rw,3.0,0.8458241579180149,,,,,,,,,,,,,,,,1.0
0.8968961754244192,0.8422222222222222,0.7883699518450563,0.24436585534983707,0.24436585534983707,0.10588477672612441,0.2353909465020576,-0.24436585534983707,-0.10588477672612441,0.47368421052631576,adult,sex,25,erm,0.0,0.9013552456993879,,,,,,,,,,,,,,,,
0.8965438726642866,0.8377777777777777,0.7824085420378749,0.1896440706509357,0.1896440706509357,0.08879363029315679,0.21133270022158912,-0.1896440706509357,-0.08879363029315679,0.5112781954887218,adult,sex,25,oracle,0.3,0.9008487162177891,,,,,,,,,,,,,,,,
0.8954819965423824,0.8383333333333334,0.7831537182637726,0.16445263356018502,0.16445263356018502,0.08038136524881018,0.20120291231402343,-0.16445263356018502,-0.08038136524881018,0.5338345864661654,adult,sex,25,oracle,1.0,0.8997164738471565,,,,,,,,,,,,,,,,
0.8920893747805869,0.8363888888888888,0.7807335514767737,0.09864582404628175,0.09864582404628175,0.06558473523323446,0.1788224121557455,-0.09864582404628175,-0.06558473523323446,0.5864661654135338,adult,sex,25,oracle,3.0,0.8961158313741009,,,,,,,,,,,,,,,,
0.8817500546462564,0.83,0.7719760748753072,0.09167186741557454,0.09167186741557454,0.033098514739209384,0.14802152579930358,-0.09167186741557454,-0.033098514739209384,0.5789473684210527,adult,sex,25,oracle,10.0,0.8860830093810378,,,,,,,,,,,,,,,,
0.8747702373303482,0.8233333333333334,0.7630339601645348,0.05818895063746321,0.05818895063746321,0.007461795089757944,0.11889838556505225,-0.05818895063746321,-0.007461795089757944,0.5939849624060151,adult,sex,25,oracle,30.0,0.8789785609534673,,,,,,,,,,,,,,,,
0.8961360956740037,0.84,0.7853892469414656,0.18607784282841489,0.18607784282841489,0.09265091091032168,0.21513137068692625,-0.18607784282841489,-0.09265091091032168,0.518796992481203,adult,sex,25,proxy_soft,0.3,0.9005172373658603,0.0,25.0,random,0.8304253244697689,0.44,25.0,0.24436585534983707,-0.24436585534983707,-0.10588477672612441,0.0,0.16401680746247949,,0.0,-0.16401680746247949,-0.1341158746957727,
0.8927840446178406,0.8361111111111111,0.7801730133601817,0.1238372611370323,0.1238372611370323,0.07808684883141825,0.19233934789490345,-0.1238372611370323,-0.07808684883141825,0.5639097744360902,adult,sex,25,proxy_soft,1.0,0.8975059940873857,0.0,25.0,random,0.8304253244697689,0.44,25.0,0.24436585534983707,-0.24436585534983707,-0.10588477672612441,0.0,0.16401680746247949,,0.0,-0.16401680746247949,-0.1341158746957727,
0.886169363652622,0.8344444444444444,0.7779374846824887,0.07570309172139844,0.07570309172139844,0.06738006736967972,0.17587844254510918,-0.07570309172139844,-0.06738006736967972,0.6015037593984962,adult,sex,25,proxy_soft,3.0,0.8922386461509813,0.09090909090909091,25.0,random,0.8304253244697689,0.44,25.0,0.24436585534983707,-0.24436585534983707,-0.10588477672612441,0.0,0.16401680746247949,,0.0,-0.16401680746247949,-0.1341158746957727,
0.8748281954812513,0.8266666666666667,0.767505017519921,0.06609408897738411,0.06609408897738411,0.033563650612553925,0.14295663184552074,-0.06609408897738411,-0.033563650612553925,0.5939849624060151,adult,sex,25,proxy_soft,10.0,0.8834656300193207,0.09090909090909091,25.0,random,0.8304253244697689,0.44,25.0,0.24436585534983707,-0.24436585534983707,-0.10588477672612441,0.0,0.16401680746247949,,0.0,-0.16401680746247949,-0.1341158746957727,
0.8649736538805466,0.8238888888888889,0.7637791363904326,0.05067015364498206,0.05067015364498206,0.022490993042005913,0.13029439696106365,-0.05067015364498206,-0.022490993042005913,0.6015037593984962,adult,sex,25,proxy_soft,30.0,0.8755697292767524,0.09090909090909091,25.0,random,0.8304253244697689,0.44,25.0,0.24436585534983707,-0.24436585534983707,-0.10588477672612441,0.0,0.16401680746247949,,0.0,-0.16401680746247949,-0.1341158746957727,
0.8919436514297447,0.8366666666666667,0.7809181895860795,0.14282742429195516,0.14282742429195516,0.08373946158502839,0.19993668882557775,-0.14282742429195516,-0.08373946158502839,0.5488721804511278,adult,sex,25,proxy_confident,0.3,0.8968244139761168,0.0,25.0,random,0.8304253244697689,0.44,25.0,0.24436585534983707,-0.24436585534983707,-0.10588477672612441,0.0,0.16401680746247949,,0.0,-0.16401680746247949,-0.1341158746957727,
0.8859338051678799,0.8333333333333334,0.7764471322306934,0.10841332580463015,0.10841332580463015,0.06388866286132432,0.17714466603355494,-0.10841332580463015,-0.06388866286132432,0.5714285714285714,adult,sex,25,proxy_confident,1.0,0.8922535440769104,0.09090909090909091,25.0,random,0.8304253244697689,0.44,25.0,0.24436585534983707,-0.24436585534983707,-0.10588477672612441,0.0,0.16401680746247949,,0.0,-0.16401680746247949,-0.1341158746957727,
0.8782324088732273,0.8288888888888889,0.7704857224235119,0.06252786115486353,0.06252786115486353,0.04679751642835665,0.15435264324153214,-0.06252786115486353,-0.04679751642835665,0.6015037593984962,adult,sex,25,proxy_confident,3.0,0.8860643869736261,0.09090909090909091,25.0,random,0.8304253244697689,0.44,25.0,0.24436585534983707,-0.24436585534983707,-0.10588477672612441,0.0,0.16401680746247949,,0.0,-0.16401680746247949,-0.1341158746957727,
0.8713921051062787,0.8266666666666667,0.767505017519921,0.048421448879114815,0.048421448879114815,0.033563650612553925,0.1404241848686293,-0.048421448879114815,-0.033563650612553925,0.6090225563909775,adult,sex,25,proxy_confident,10.0,0.880054004981494,0.09090909090909091,25.0,random,0.8304253244697689,0.44,25.0,0.24436585534983707,-0.24436585534983707,-0.10588477672612441,0.0,0.16401680746247949,,0.0,-0.16401680746247949,-0.1341158746957727,
0.8687160944817215,0.825,0.7652694888422279,0.04446887970915425,0.04446887970915425,0.030670690149680255,0.13662551440329218,-0.04446887970915425,-0.030670690149680255,0.6090225563909775,adult,sex,25,proxy_confident,30.0,0.8776731301939058,0.09090909090909091,25.0,random,0.8304253244697689,0.44,25.0,0.24436585534983707,-0.24436585534983707,-0.10588477672612441,0.0,0.16401680746247949,,0.0,-0.16401680746247949,-0.1341158746957727,
0.8865804525372423,0.8344444444444444,0.7779374846824887,0.049194131573994215,0.049194131573994215,0.04862689697240406,0.15688509021842356,-0.049194131573994215,-0.04862689697240406,0.6240601503759399,adult,sex,25,related_feats,0.3,0.8917023208175237,0.09090909090909091,25.0,random,0.8304253244697689,0.44,25.0,0.24436585534983707,-0.24436585534983707,-0.10588477672612441,0.0,0.16401680746247949,,0.0,-0.16401680746247949,-0.1341158746957727,
0.8749817845811446,0.8272222222222222,0.7682501937458188,0.04090265188663367,0.04090265188663367,0.022025857168661386,0.13029439696106365,-0.04090265188663367,-0.022025857168661386,0.6165413533834586,adult,sex,25,related_feats,1.0,0.8820317046486185,0.18181818181818182,25.0,random,0.8304253244697689,0.44,25.0,0.24436585534983707,-0.24436585534983707,-0.10588477672612441,0.0,0.16401680746247949,,0.0,-0.16401680746247949,-0.1341158746957727,
0.8477286200661056,0.8144444444444444,0.7511111405501718,0.02827226168187269,0.02827226168187269,0.013911371417919968,0.11509971509971512,-0.02827226168187269,-0.013911371417919968,0.6015037593984962,adult,sex,25,related_feats,3.0,0.8617109336809516,0.18181818181818182,25.0,random,0.8304253244697689,0.44,25.0,0.24436585534983707,-0.24436585534983707,-0.10588477672612441,0.0,0.16401680746247949,,0.0,-0.16401680746247949,-0.1341158746957727,
0.8094650628266356,0.7933333333333333,0.7227944439660596,0.04006062587298287,0.04006062587298287,0.018044501845827676,0.07964545742323517,-0.04006062587298287,0.018044501845827676,0.5488721804511278,adult,sex,25,related_feats,10.0,0.831790311692544,0.2727272727272727,25.0,random,0.8304253244697689,0.44,25.0,0.24436585534983707,-0.24436585534983707,-0.10588477672612441,0.0,0.16401680746247949,,0.0,-0.16401680746247949,-0.1341158746957727,
0.7916503831861749,0.7816666666666666,0.7071457432222082,0.030065281781528896,0.030065281781528896,0.02891863988730556,0.06318455207344098,-0.030065281781528896,0.02891863988730556,0.5338345864661654,adult,sex,25,related_feats,30.0,0.8169268372168812,0.18181818181818182,25.0,random,0.8304253244697689,0.44,25.0,0.24436585534983707,-0.24436585534983707,-0.10588477672612441,0.0,0.16401680746247949,,0.0,-0.16401680746247949,-0.1341158746957727,
0.8966370196925237,0.8372222222222222,0.781663365811977,0.2148355077416863,0.2148355077416863,0.09564313113773043,0.22019626464070913,-0.2148355077416863,-0.09564313113773043,0.48872180451127817,adult,sex,25,proxy_soft,0.3,0.9009157568844713,0.34615384615384615,50.0,random,0.8816531180753403,0.34,50.0,0.24436585534983707,-0.24436585534983707,-0.10588477672612441,0.34615384615384615,0.07463645160783754,-0.34615384615384615,0.033333333333333326,-0.04166487713652167,-0.07463645160783754,
0.8959001232024694,0.8372222222222222,0.781663365811977,0.16181758744687802,0.16181758744687802,0.08470378173931961,0.20373535929091485,-0.16181758744687802,-0.08470378173931961,0.5338345864661654,adult,sex,25,proxy_soft,1.0,0.9001801717917083,0.34615384615384615,50.0,random,0.8816531180753403,0.34,50.0,0.24436585534983707,-0.24436585534983707,-0.10588477672612441,0.34615384615384615,0.07463645160783754,-0.34615384615384615,0.033333333333333326,-0.04166487713652167,-0.07463645160783754,
0.8942636334130396,0.8366666666666667,0.7809181895860795,0.13399110424282057,0.13399110424282057,0.07905116898570949,0.19487179487179487,-0.13399110424282057,-0.07905116898570949,0.556390977443609,adult,sex,25,proxy_soft,3.0,0.8985972671617123,0.34615384615384615,50.0,random,0.8816531180753403,0.34,50.0,0.24436585534983707,-0.24436585534983707,-0.10588477672612441,0.34615384615384615,0.07463645160783754,-0.34615384615384615,0.033333333333333326,-0.04166487713652167,-0.07463645160783754,
0.8872941657669353,0.8322222222222222,0.774956779778898,0.11461459974045785,0.11461459974045785,0.06821107935183375,0.18094333649889205,-0.11461459974045785,-0.06821107935183375,0.5639097744360902,adult,sex,25,proxy_soft,10.0,0.8916315556693591,0.34615384615384615,50.0,random,0.8816531180753403,0.34,50.0,0.24436585534983707,-0.24436585534983707,-0.10588477672612441,0.34615384615384615,0.07463645160783754,-0.34615384615384615,0.033333333333333326,-0.04166487713652167,-0.07463645160783754,
0.8790525167085069,0.8266666666666667,0.767505017519921,0.13678464937046175,0.13678464937046175,0.047628528410510684,0.16448243114909783,-0.13678464937046175,-0.047628528410510684,0.5338345864661654,adult,sex,25,proxy_soft,30.0,0.8840568914546428,0.34615384615384615,50.0,random,0.8816531180753403,0.34,50.0,0.24436585534983707,-0.24436585534983707,-0.10588477672612441,0.34615384615384615,0.07463645160783754,-0.34615384615384615,0.033333333333333326,-0.04166487713652167,-0.07463645160783754,
0.8965430446907021,0.8377777777777777,0.7824085420378749,0.23382567089660916,0.23382567089660916,0.10285850809111355,0.22905982905982908,-0.23382567089660916,-0.10285850809111355,0.47368421052631576,adult,sex,25,proxy_confident,0.3,0.9010703228659885,0.34615384615384615,50.0,random,0.8816531180753403,0.34,50.0,0.24436585534983707,-0.24436585534983707,-0.10588477672612441,0.34615384615384615,0.07463645160783754,-0.34615384615384615,0.033333333333333326,-0.04166487713652167,-0.07463645160783754,
0.8955043518291592,0.8383333333333334,0.7831537182637726,0.22630687390412796,0.22630687390412796,0.09757177144631288,0.22399493510604623,-0.22630687390412796,-0.09757177144631288,0.48120300751879697,adult,sex,25,proxy_confident,1.0,0.9002332456528317,0.34615384615384615,50.0,random,0.8816531180753403,0.34,50.0,0.24436585534983707,-0.24436585534983707,-0.10588477672612441,0.34615384615384615,0.07463645160783754,-0.34615384615384615,0.033333333333333326,-0.04166487713652167,-0.07463645160783754,
0.8926623325009438,0.8383333333333334,0.7831537182637726,0.2174705538549932,0.2174705538549932,0.091320714647221,0.21766381766381768,-0.2174705538549932,-0.091320714647221,0.48872180451127817,adult,sex,25,proxy_confident,3.0,0.8973067343280804,0.34615384615384615,50.0,random,0.8816531180753403,0.34,50.0,0.24436585534983707,-0.24436585534983707,-0.10588477672612441,0.34615384615384615,0.07463645160783754,-0.34615384615384615,0.033333333333333326,-0.04166487713652167,-0.07463645160783754,
0.8888627617224499,0.8338888888888889,0.777192308456591,0.19809404935263064,0.19809404935263064,0.07891786081357227,0.20246913580246917,-0.19809404935263064,-0.07891786081357227,0.49624060150375937,adult,sex,25,proxy_confident,10.0,0.8935152121790544,0.34615384615384615,50.0,random,0.8816531180753403,0.34,50.0,0.24436585534983707,-0.24436585534983707,-0.10588477672612441,0.34615384615384615,0.07463645160783754,-0.34615384615384615,0.033333333333333326,-0.04166487713652167,-0.07463645160783754,
0.8874394751309854,0.8316666666666667,0.7742116035530002,0.2016602771751514,0.2016602771751514,0.0781861085959533,0.20120291231402343,-0.2016602771751514,-0.0781861085959533,0.48872180451127817,adult,sex,25,proxy_confident,30.0,0.8921203938639168,0.34615384615384615,50.0,random,0.8816531180753403,0.34,50.0,0.24436585534983707,-0.24436585534983707,-0.10588477672612441,0.34615384615384615,0.07463645160783754,-0.34615384615384615,0.033333333333333326,-0.04166487713652167,-0.07463645160783754,
0.890319167257288,0.8383333333333334,0.7831537182637726,0.16445263356018502,0.16445263356018502,0.091320714647221,0.21006647673314338,-0.16445263356018502,-0.091320714647221,0.5338345864661654,adult,sex,25,related_feats,0.3,0.8969016969668754,0.34615384615384615,50.0,random,0.8816531180753403,0.34,50.0,0.24436585534983707,-0.24436585534983707,-0.10588477672612441,0.34615384615384615,0.07463645160783754,-0.34615384615384615,0.033333333333333326,-0.04166487713652167,-0.07463645160783754,
0.8730132773843983,0.8294444444444444,0.7712308986494094,0.1168633045063251,0.1168633045063251,0.05088736498219383,0.16574865463754354,-0.1168633045063251,-0.05088736498219383,0.556390977443609,adult,sex,25,related_feats,1.0,0.884168625899113,0.34615384615384615,50.0,random,0.8816531180753403,0.34,50.0,0.24436585534983707,-0.24436585534983707,-0.10588477672612441,0.34615384615384615,0.07463645160783754,-0.34615384615384615,0.033333333333333326,-0.04166487713652167,-0.07463645160783754,
0.8471809155400707,0.8155555555555556,0.7526014930019673,0.0662525879917184,0.0662525879917184,0.026779361124913206,0.13156062044950934,-0.0662525879917184,-0.026779361124913206,0.5714285714285714,adult,sex,25,related_feats,3.0,0.8639772806629578,0.2692307692307693,50.0,random,0.8816531180753403,0.34,50.0,0.24436585534983707,-0.24436585534983707,-0.10588477672612441,0.34615384615384615,0.07463645160783754,-0.34615384615384615,0.033333333333333326,-0.04166487713652167,-0.07463645160783754,
0.8089248100628598,0.7966666666666666,0.7272655013214459,0.07447472436030789,0.07447472436030789,0.026810524074243988,0.12269705603038936,-0.07447472436030789,-0.026810524074243988,0.5263157894736842,adult,sex,25,related_feats,10.0,0.8370418305826486,0.2692307692307693,50.0,random,0.8816531180753403,0.34,50.0,0.24436585534983707,-0.24436585534983707,-0.10588477672612441,0.34615384615384615,0.07463645160783754,-0.34615384615384615,0.033333333333333326,-0.04166487713652167,-0.07463645160783754,
0.7808271124918031,0.7877777777777778,0.7153426817070828,0.10641227574866019,0.10641227574866019,0.009818637405811431,0.10876859765748653,-0.10641227574866019,-0.009818637405811431,0.48120300751879697,adult,sex,25,related_feats,30.0,0.8159854745222188,0.2692307692307693,50.0,random,0.8816531180753403,0.34,50.0,0.24436585534983707,-0.24436585534983707,-0.10588477672612441,0.34615384615384615,0.07463645160783754,-0.34615384615384615,0.033333333333333326,-0.04166487713652167,-0.07463645160783754,
0.8969139768564822,0.8394444444444444,0.784644070715568,0.2201055999683002,0.2201055999683002,0.09637488335534938,0.2227287116176005,-0.2201055999683002,-0.09637488335534938,0.48872180451127817,adult,sex,25,proxy_soft,0.3,0.9012639959030703,0.20129870129870128,100.0,random,0.7469213675213675,0.18,100.0,0.24436585534983707,-0.24436585534983707,-0.10588477672612441,0.21948051948051947,0.03314272321268248,0.0092592592592593,-0.21948051948051947,-0.005865802346826765,-0.03314272321268248,
0.8967330646283059,0.8388888888888889,0.7838988944896701,0.21878807691164676,0.21878807691164676,0.08915950640196627,0.21639759417537194,-0.21878807691164676,-0.08915950640196627,0.48872180451127817,adult,sex,25,proxy_soft,1.0,0.901123396727112,0.11168831168831167,100.0,random,0.7469213675213675,0.18,100.0,0.24436585534983707,-0.24436585534983707,-0.10588477672612441,0.21948051948051947,0.03314272321268248,0.0092592592592593,-0.21948051948051947,-0.005865802346826765,-0.03314272321268248,
0.8963290135191527,0.8388888888888889,0.7838988944896701,0.2276243969607814,0.2276243969607814,0.0875967422021933,0.21639759417537194,-0.2276243969607814,-0.0875967422021933,0.48120300751879697,adult,sex,25,proxy_soft,3.0,0.9007332572918363,0.11168831168831167,100.0,random,0.7469213675213675,0.18,100.0,0.24436585534983707,-0.24436585534983707,-0.10588477672612441,0.21948051948051947,0.03314272321268248,0.0092592592592593,-0.21948051948051947,-0.005865802346826765,-0.03314272321268248,
0.8939556272396685,0.8411111111111111,0.786879599393261,0.22405816913826065,0.22405816913826065,0.08832849441981225,0.21766381766381768,-0.22405816913826065,-0.08832849441981225,0.48872180451127817,adult,sex,25,proxy_soft,10.0,0.8981000488838194,0.07532467532467532,100.0,random,0.7469213675213675,0.18,100.0,0.24436585534983707,-0.24436585534983707,-0.10588477672612441,0.21948051948051947,0.03314272321268248,0.0092592592592593,-0.21948051948051947,-0.005865802346826765,-0.03314272321268248,
0.8898675076670354,0.84,0.7853892469414656,0.212586802975819,0.212586802975819,0.0863998541112298,0.21386514719848052,-0.212586802975819,-0.0863998541112298,0.49624060150375937,adult,sex,25,proxy_soft,30.0,0.8936288088642661,0.04935064935064934,100.0,random,0.7469213675213675,0.18,100.0,0.24436585534983707,-0.24436585534983707,-0.10588477672612441,0.21948051948051947,0.03314272321268248,0.0092592592592593,-0.21948051948051947,-0.005865802346826765,-0.03314272321268248,
0.896652337203834,0.8433333333333334,0.7898603042968516,0.24700090146314407,0.24700090146314407,0.10937618123447984,0.23918961696739474,-0.24700090146314407,-0.10937618123447984,0.47368421052631576,adult,sex,25,proxy_confident,0.3,0.9013319676901231,0.21948051948051947,100.0,random,0.7469213675213675,0.18,100.0,0.24436585534983707,-0.24436585534983707,-0.10588477672612441,0.21948051948051947,0.03314272321268248,0.0092592592592593,-0.21948051948051947,-0.005865802346826765,-0.03314272321268248,
0.8966092825774485,0.8427777777777777,0.7891151280709541,0.24568337840649052,0.24568337840649052,0.10997462527996157,0.23918961696739474,-0.24568337840649052,-0.10997462527996157,0.47368421052631576,adult,sex,25,proxy_confident,1.0,0.9013263809678996,0.21948051948051947,100.0,random,0.7469213675213675,0.18,100.0,0.24436585534983707,-0.24436585534983707,-0.10588477672612441,0.21948051948051947,0.03314272321268248,0.0092592592592593,-0.21948051948051947,-0.005865802346826765,-0.03314272321268248,
0.8966121804849938,0.8427777777777777,0.7891151280709541,0.24568337840649052,0.24568337840649052,0.11153738947973457,0.24045584045584048,-0.24568337840649052,-0.11153738947973457,0.47368421052631576,adult,sex,25,proxy_confident,3.0,0.9013384855327172,0.21948051948051947,100.0,random,0.7469213675213675,0.18,100.0,0.24436585534983707,-0.24436585534983707,-0.10588477672612441,0.21948051948051947,0.03314272321268248,0.0092592592592593,-0.21948051948051947,-0.005865802346826765,-0.03314272321268248,
0.8966142504189547,0.8427777777777777,0.7891151280709541,0.24568337840649052,0.24568337840649052,0.11153738947973457,0.24045584045584048,-0.24568337840649052,-0.11153738947973457,0.47368421052631576,adult,sex,25,proxy_confident,10.0,0.9013468656160525,0.21948051948051947,100.0,random,0.7469213675213675,0.18,100.0,0.24436585534983707,-0.24436585534983707,-0.10588477672612441,0.21948051948051947,0.03314272321268248,0.0092592592592593,-0.21948051948051947,-0.005865802346826765,-0.03314272321268248,
0.8966059706831113,0.8427777777777777,0.7891151280709541,0.24568337840649052,0.24568337840649052,0.11153738947973457,0.24045584045584048,-0.24568337840649052,-0.11153738947973457,0.47368421052631576,adult,sex,25,proxy_confident,30.0,0.9013450033753112,0.21948051948051947,100.0,random,0.7469213675213675,0.18,100.0,0.24436585534983707,-0.24436585534983707,-0.10588477672612441,0.21948051948051947,0.03314272321268248,0.0092592592592593,-0.21948051948051947,-0.005865802346826765,-0.03314272321268248,
0.8910204608832158,0.8405555555555555,0.7861344231673633,0.15205008568852962,0.15205008568852962,0.09517799526438589,0.2125989237100348,-0.15205008568852962,-0.09517799526438589,0.5488721804511278,adult,sex,25,related_feats,0.3,0.8974138131706977,0.2777777777777778,100.0,random,0.7469213675213675,0.18,100.0,0.24436585534983707,-0.24436585534983707,-0.10588477672612441,0.21948051948051947,0.03314272321268248,0.0092592592592593,-0.21948051948051947,-0.005865802346826765,-0.03314272321268248,
0.8748517927284047,0.8305555555555556,0.7727212511012049,0.1106620305704974,0.1106620305704974,0.0403138916925925,0.15688509021842356,-0.1106620305704974,-0.0403138916925925,0.5639097744360902,adult,sex,25,related_feats,1.0,0.883577364463791,0.2407407407407407,100.0,random,0.7469213675213675,0.18,100.0,0.24436585534983707,-0.24436585534983707,-0.10588477672612441,0.21948051948051947,0.03314272321268248,0.0092592592592593,-0.21948051948051947,-0.005865802346826765,-0.03314272321268248,
0.8474835398851435,0.8105555555555556,0.745894906968888,0.05439488048183705,0.05439488048183705,0.014974951336746242,0.11763216207660648,-0.05439488048183705,-0.014974951336746242,0.5714285714285714,adult,sex,25,related_feats,3.0,0.8599911543564794,0.2407407407407407,100.0,random,0.7469213675213675,0.18,100.0,0.24436585534983707,-0.24436585534983707,-0.10588477672612441,0.21948051948051947,0.03314272321268248,0.0092592592592593,-0.21948051948051947,-0.005865802346826765,-0.03314272321268248,
0.8103642421392188,0.7972222222222223,0.7280106775473436,0.040446967220422625,0.040446967220422625,0.012857024965562042,0.08597657486546378,-0.040446967220422625,0.012857024965562042,0.556390977443609,adult,sex,25,related_feats,10.0,0.828804208664075,0.2777777777777778,100.0,random,0.7469213675213675,0.18,100.0,0.24436585534983707,-0.24436585534983707,-0.10588477672612441,0.21948051948051947,0.03314272321268248,0.0092592592592593,-0.21948051948051947,-0.005865802346826765,-0.03314272321268248,
0.7876802498493088,0.7883333333333333,0.7160878579329806,0.06354819855964022,0.06354819855964022,0.02047232643535679,0.07837923393478949,-0.06354819855964022,0.02047232643535679,0.518796992481203,adult,sex,25,related_feats,30.0,0.8123913498917573,0.2407407407407407,100.0,random,0.7469213675213675,0.18,100.0,0.24436585534983707,-0.24436585534983707,-0.10588477672612441,0.21948051948051947,0.03314272321268248,0.0092592592592593,-0.21948051948051947,-0.005865802346826765,-0.03314272321268248,
0.8962768511833399,0.8383333333333334,0.7831537182637726,0.18212527365845443,0.18212527365845443,0.08819518624767506,0.21006647673314338,-0.18212527365845443,-0.08819518624767506,0.518796992481203,adult,sex,25,proxy_soft,0.3,0.9008086780418538,0.08431372549019608,200.0,random,0.9038031655587212,0.32,200.0,0.24436585534983707,-0.24436585534983707,-0.10588477672612441,0.11078431372549019,0.14600991569808075,-0.014705882352941124,-0.11078431372549019,-0.14600991569808075,-0.10927423952400629,
0.8948473547899929,0.8388888888888889,0.7838988944896701,0.14809751651856917,0.14809751651856917,0.0750946286040095,0.19487179487179487,-0.14809751651856917,-0.0750946286040095,0.5488721804511278,adult,sex,25,proxy_soft,1.0,0.8994380688563514,0.06764705882352941,200.0,random,0.9038031655587212,0.32,200.0,0.24436585534983707,-0.24436585534983707,-0.10588477672612441,0.11078431372549019,0.14600991569808075,-0.014705882352941124,-0.11078431372549019,-0.14600991569808075,-0.10927423952400629,
0.8905033913798014,0.8355555555555556,0.779427837134284,0.13135605812951356,0.13135605812951356,0.05680659408007839,0.17587844254510918,-0.13135605812951356,-0.05680659408007839,0.556390977443609,adult,sex,25,proxy_soft,3.0,0.8953206545776204,0.06764705882352941,200.0,random,0.9038031655587212,0.32,200.0,0.24436585534983707,-0.24436585534983707,-0.10588477672612441,0.11078431372549019,0.14600991569808075,-0.014705882352941124,-0.11078431372549019,-0.14600991569808075,-0.10927423952400629,
0.8785544905975321,0.8261111111111111,0.7667598412940234,0.10012184611726949,0.10012184611726949,0.024785509459397864,0.1404241848686293,-0.10012184611726949,-0.024785509459397864,0.5639097744360902,adult,sex,25,proxy_soft,10.0,0.8838594939360785,0.028431372549019604,200.0,random,0.9038031655587212,0.32,200.0,0.24436585534983707,-0.24436585534983707,-0.10588477672612441,0.11078431372549019,0.14600991569808075,-0.014705882352941124,-0.11078431372549019,-0.14600991569808075,-0.10927423952400629,
0.8711909075252864,0.825,0.7652694888422279,0.07981415990569307,0.07981415990569307,0.007229227153085674,0.12269705603038936,-0.07981415990569307,-0.007229227153085674,0.5789473684210527,adult,sex,25,proxy_soft,30.0,0.8765669591936498,0.044117647058823484,200.0,random,0.9038031655587212,0.32,200.0,0.24436585534983707,-0.24436585534983707,-0.10588477672612441,0.11078431372549019,0.14600991569808075,-0.014705882352941124,-0.11078431372549019,-0.14600991569808075,-0.10927423952400629,
0.8956773983082844,0.8383333333333334,0.7831537182637726,0.18212527365845443,0.18212527365845443,0.089757950447448,0.21133270022158912,-0.18212527365845443,-0.089757950447448,0.518796992481203,adult,sex,25,proxy_confident,0.3,0.8997397518564213,0.10098039215686275,200.0,random,0.9038031655587212,0.32,200.0,0.24436585534983707,-0.24436585534983707,-0.10588477672612441,0.11078431372549019,0.14600991569808075,-0.014705882352941124,-0.11078431372549019,-0.14600991569808075,-0.10927423952400629,
0.8919171562750461,0.8366666666666667,0.7809181895860795,0.16050006439022457,0.16050006439022457,0.08217669738525543,0.20120291231402343,-0.16050006439022457,-0.08217669738525543,0.5338345864661654,adult,sex,25,proxy_confident,1.0,0.8958653599944133,0.09411764705882353,200.0,random,0.9038031655587212,0.32,200.0,0.24436585534983707,-0.24436585534983707,-0.10588477672612441,0.11078431372549019,0.14600991569808075,-0.014705882352941124,-0.11078431372549019,-0.14600991569808075,-0.10927423952400629,
0.8879826258023064,0.835,0.7786826609083864,0.14771117517112942,0.14771117517112942,0.06990715172374393,0.18854067742956632,-0.14771117517112942,-0.06990715172374393,0.5413533834586466,adult,sex,25,proxy_confident,3.0,0.8918689913638587,0.06078431372549019,200.0,random,0.9038031655587212,0.32,200.0,0.24436585534983707,-0.24436585534983707,-0.10588477672612441,0.11078431372549019,0.14600991569808075,-0.014705882352941124,-0.11078431372549019,-0.14600991569808075,-0.10927423952400629,
0.8857831139755317,0.8338888888888889,0.777192308456591,0.1362398090086877,0.1362398090086877,0.05703916201675066,0.17587844254510918,-0.1362398090086877,-0.05703916201675066,0.5488721804511278,adult,sex,25,proxy_confident,10.0,0.8896743406503876,0.03431372549019608,200.0,random,0.9038031655587212,0.32,200.0,0.24436585534983707,-0.24436585534983707,-0.10588477672612441,0.11078431372549019,0.14600991569808075,-0.014705882352941124,-0.11078431372549019,-0.14600991569808075,-0.10927423952400629,
0.8850760245345134,0.8327777777777777,0.7757019560047955,0.14244108294451552,0.14244108294451552,0.05667328590794117,0.17587844254510918,-0.14244108294451552,-0.05667328590794117,0.5413533834586466,adult,sex,25,proxy_confident,30.0,0.8889936916594894,0.03431372549019608,200.0,random,0.9038031655587212,0.32,200.0,0.24436585534983707,-0.24436585534983707,-0.10588477672612441,0.11078431372549019,0.14600991569808075,-0.014705882352941124,-0.11078431372549019,-0.14600991569808075,-0.10927423952400629,
0.8858319644170071,0.8355555555555556,0.779427837134284,0.045867244681667585,0.025320217539897216,0.045867244681667585,0.1518201962646407,-0.025320217539897216,-0.045867244681667585,0.6466165413533834,adult,sex,25,related_feats,0.3,0.8916585581601063,0.32352941176470584,200.0,random,0.9038031655587212,0.32,200.0,0.24436585534983707,-0.24436585534983707,-0.10588477672612441,0.11078431372549019,0.14600991569808075,-0.014705882352941124,-0.11078431372549019,-0.14600991569808075,-0.10927423952400629,
0.873262911420074,0.8294444444444444,0.7712308986494094,0.01966378396584345,0.01966378396584345,0.0196320809867344,0.12649572649572646,-0.01966378396584345,-0.0196320809867344,0.6390977443609023,adult,sex,25,related_feats,1.0,0.8811303801298912,0.38235294117647056,200.0,random,0.9038031655587212,0.32,200.0,0.24436585534983707,-0.24436585534983707,-0.10588477672612441,0.11078431372549019,0.14600991569808075,-0.014705882352941124,-0.11078431372549019,-0.14600991569808075,-0.10927423952400629,
0.848316067324188,0.8155555555555556,0.7526014930019673,0.02207098774604488,0.02207098774604488,0.009588954927410534,0.11130104463437795,-0.02207098774604488,-0.009588954927410534,0.6090225563909775,adult,sex,25,related_feats,3.0,0.8631085453572009,0.38235294117647056,200.0,random,0.9038031655587212,0.32,200.0,0.24436585534983707,-0.24436585534983707,-0.10588477672612441,0.11078431372549019,0.14600991569808075,-0.014705882352941124,-0.11078431372549019,-0.14600991569808075,-0.10927423952400629,
0.8092154287909599,0.795,0.7250299726437527,0.017504234895539317,0.017504234895539317,0.004212191984543173,0.08850902184235515,-0.017504234895539317,0.004212191984543173,0.5714285714285714,adult,sex,25,related_feats,10.0,0.835037128424777,0.4411764705882353,200.0,random,0.9038031655587212,0.32,200.0,0.24436585534983707,-0.24436585534983707,-0.10588477672612441,0.11078431372549019,0.14600991569808075,-0.014705882352941124,-0.11078431372549019,-0.14600991569808075,-0.10927423952400629,
0.7878181074510999,0.7827777777777778,0.7086360956740035,0.017613414380085235,0.011481272350837513,0.017613414380085235,0.06698322253877809,0.011481272350837513,0.017613414380085235,0.5599472990777339,adult,sex,25,related_feats,30.0,0.8169743243557811,0.19117647058823528,200.0,random,0.9038031655587212,0.32,200.0,0.24436585534983707,-0.24436585534983707,-0.10588477672612441,0.11078431372549019,0.14600991569808075,-0.014705882352941124,-0.11078431372549019,-0.14600991569808075,-0.10927423952400629,
0.8962640175927828,0.8372222222222222,0.781663365811977,0.17949022754514743,0.17949022754514743,0.08626654593909261,0.20753402975625196,-0.17949022754514743,-0.08626654593909261,0.518796992481203,adult,sex,25,proxy_soft,0.3,0.9005116506436369,0.2857142857142857,400.0,random,0.9191251028806585,0.33,400.0,0.24436585534983707,-0.24436585534983707,-0.10588477672612441,0.27380952380952384,0.1667576816754005,0.27380952380952384,-0.0741584852734923,-0.1667576816754005,-0.09917103228760261,
0.8948370051201886,0.84,0.7853892469414656,0.11538728243533736,0.11538728243533736,0.07233497631327304,0.18854067742956632,-0.11538728243533736,-0.07233497631327304,0.5789473684210527,adult,sex,25,proxy_soft,1.0,0.8989315393747528,0.29761904761904767,400.0,random,0.9191251028806585,0.33,400.0,0.24436585534983707,-0.24436585534983707,-0.10588477672612441,0.27380952380952384,0.1667576816754005,0.27380952380952384,-0.0741584852734923,-0.1667576816754005,-0.09917103228760261,
0.8912870683773705,0.8383333333333334,0.7831537182637726,0.06162819485153452,0.058416792970568676,0.06162819485153452,0.1708135485913264,-0.058416792970568676,-0.06162819485153452,0.6240601503759399,adult,sex,25,proxy_soft,3.0,0.8954621848739496,0.30952380952380953,400.0,random,0.9191251028806585,0.33,400.0,0.24436585534983707,-0.24436585534983707,-0.10588477672612441,0.27380952380952384,0.1667576816754005,0.27380952380952384,-0.0741584852734923,-0.1667576816754005,-0.09917103228760261,
0.8800303535116015,0.8266666666666667,0.767505017519921,0.08376672907565352,0.08376672907565352,0.022624301214143133,0.13662551440329218,-0.08376672907565352,-0.022624301214143133,0.5789473684210527,adult,sex,25,proxy_soft,10.0,0.8847626806955469,0.3214285714285714,400.0,random,0.9191251028806585,0.33,400.0,0.24436585534983707,-0.24436585534983707,-0.10588477672612441,0.27380952380952384,0.1667576816754005,0.27380952380952384,-0.0741584852734923,-0.1667576816754005,-0.09917103228760261,
0.8721505289095257,0.8222222222222222,0.7615436077127394,0.07322654462242562,0.07322654462242562,0.0039703905814025275,0.11763216207660648,-0.07322654462242562,-0.0039703905814025275,0.5789473684210527,adult,sex,25,proxy_soft,30.0,0.8772401592215833,0.33333333333333337,400.0,random,0.9191251028806585,0.33,400.0,0.24436585534983707,-0.24436585534983707,-0.10588477672612441,0.27380952380952384,0.1667576816754005,0.27380952380952384,-0.0741584852734923,-0.1667576816754005,-0.09917103228760261,
0.8959684310231767,0.8405555555555555,0.7861344231673633,0.21390432603247256,0.21390432603247256,0.0936152310646129,0.22019626464070913,-0.21390432603247256,-0.0936152310646129,0.49624060150375937,adult,sex,25,proxy_confident,0.3,0.9000442282176028,0.2857142857142857,400.0,random,0.9191251028806585,0.33,400.0,0.24436585534983707,-0.24436585534983707,-0.10588477672612441,0.27380952380952384,0.1667576816754005,0.27380952380952384,-0.0741584852734923,-0.1667576816754005,-0.09917103228760261,
0.8936265077398969,0.8411111111111111,0.786879599393261,0.2063855290399913,0.2063855290399913,0.09301678701913117,0.21893004115226336,-0.2063855290399913,-0.09301678701913117,0.5037593984962406,adult,sex,25,proxy_confident,1.0,0.8967201284946111,0.30952380952380953,400.0,random,0.9191251028806585,0.33,400.0,0.24436585534983707,-0.24436585534983707,-0.10588477672612441,0.27380952380952384,0.1667576816754005,0.27380952380952384,-0.0741584852734923,-0.1667576816754005,-0.09917103228760261,
0.8902090467705719,0.8383333333333334,0.7831537182637726,0.19096159370758914,0.19096159370758914,0.08350689364835612,0.20753402975625196,-0.19096159370758914,-0.08350689364835612,0.5112781954887218,adult,sex,25,proxy_confident,3.0,0.8927600735585093,0.30952380952380953,400.0,random,0.9191251028806585,0.33,400.0,0.24436585534983707,-0.24436585534983707,-0.10588477672612441,0.27380952380952384,0.1667576816754005,0.27380952380952384,-0.0741584852734923,-0.1667576816754005,-0.09917103228760261,
0.888169333845573,0.8372222222222222,0.781663365811977,0.18832654759428213,0.18832654759428213,0.07688996074045476,0.20120291231402343,-0.18832654759428213,-0.07688996074045476,0.5112781954887218,adult,sex,25,proxy_confident,10.0,0.8904862776135386,0.30952380952380953,400.0,random,0.9191251028806585,0.33,400.0,0.24436585534983707,-0.24436585534983707,-0.10588477672612441,0.27380952380952384,0.1667576816754005,0.27380952380952384,-0.0741584852734923,-0.1667576816754005,-0.09917103228760261,
0.8874460989196601,0.8361111111111111,0.7801730133601817,0.18569150148097524,0.18569150148097524,0.07496132043187233,0.198670465337132,-0.18569150148097524,-0.07496132043187233,0.5112781954887218,adult,sex,25,proxy_confident,30.0,0.8897059987429876,0.30952380952380953,400.0,random,0.9191251028806585,0.33,400.0,0.24436585534983707,-0.24436585534983707,-0.10588477672612441,0.27380952380952384,0.1667576816754005,0.27380952380952384,-0.0741584852734923,-0.1667576816754005,-0.09917103228760261,
0.8858319644170071,0.8355555555555556,0.779427837134284,0.045867244681667585,0.025320217539897216,0.045867244681667585,0.1518201962646407,-0.025320217539897216,-0.045867244681667585,0.6466165413533834,adult,sex,25,related_feats,0.3,0.8916585581601063,0.30952380952380953,400.0,random,0.9191251028806585,0.33,400.0,0.24436585534983707,-0.24436585534983707,-0.10588477672612441,0.27380952380952384,0.1667576816754005,0.27380952380952384,-0.0741584852734923,-0.1667576816754005,-0.09917103228760261,
0.873262911420074,0.8294444444444444,0.7712308986494094,0.01966378396584345,0.01966378396584345,0.0196320809867344,0.12649572649572646,-0.01966378396584345,-0.0196320809867344,0.6390977443609023,adult,sex,25,related_feats,1.0,0.8811303801298912,0.3214285714285714,400.0,random,0.9191251028806585,0.33,400.0,0.24436585534983707,-0.24436585534983707,-0.10588477672612441,0.27380952380952384,0.1667576816754005,0.27380952380952384,-0.0741584852734923,-0.1667576816754005,-0.09917103228760261,
0.848316067324188,0.8155555555555556,0.7526014930019673,0.02207098774604488,0.02207098774604488,0.009588954927410534,0.11130104463437795,-0.02207098774604488,-0.009588954927410534,0.6090225563909775,adult,sex,25,related_feats,3.0,0.8631085453572009,0.3571428571428571,400.0,random,0.9191251028806585,0.33,400.0,0.24436585534983707,-0.24436585534983707,-0.10588477672612441,0.27380952380952384,0.1667576816754005,0.27380952380952384,-0.0741584852734923,-0.1667576816754005,-0.09917103228760261,
0.8092154287909599,0.795,0.7250299726437527,0.017504234895539317,0.017504234895539317,0.004212191984543173,0.08850902184235515,-0.017504234895539317,0.004212191984543173,0.5714285714285714,adult,sex,25,related_feats,10.0,0.835037128424777,0.38095238095238093,400.0,random,0.9191251028806585,0.33,400.0,0.24436585534983707,-0.24436585534983707,-0.10588477672612441,0.27380952380952384,0.1667576816754005,0.27380952380952384,-0.0741584852734923,-0.1667576816754005,-0.09917103228760261,
0.7878181074510999,0.7827777777777778,0.7086360956740035,0.017613414380085235,0.011481272350837513,0.017613414380085235,0.06698322253877809,0.011481272350837513,0.017613414380085235,0.5599472990777339,adult,sex,25,related_feats,30.0,0.8169743243557811,0.27976190476190477,400.0,random,0.9191251028806585,0.33,400.0,0.24436585534983707,-0.24436585534983707,-0.10588477672612441,0.27380952380952384,0.1667576816754005,0.27380952380952384,-0.0741584852734923,-0.1667576816754005,-0.09917103228760261,
0.897072947784674,0.8394444444444444,0.784644070715568,0.19359663982089614,0.19359663982089614,0.0885610623564845,0.2125989237100348,-0.19359663982089614,-0.0885610623564845,0.5112781954887218,adult,sex,25,proxy_soft,0.3,0.9009520705789242,0.9090909090909091,25.0,strat_y,0.8442938271604937,0.375,24.0,0.24436585534983707,-0.24436585534983707,-0.10588477672612441,0.9090909090909091,0.11649261347400552,-0.9090909090909091,0.0,-0.10819389748220642,-0.11649261347400552,
0.8958872896119122,0.8388888888888889,0.7838988944896701,0.13042487642029976,0.13042487642029976,0.07196910020446358,0.189806900918012,-0.13042487642029976,-0.07196910020446358,0.5639097744360902,adult,sex,25,proxy_soft,1.0,0.8991941153192579,0.9090909090909091,25.0,strat_y,0.8442938271604937,0.375,24.0,0.24436585534983707,-0.24436585534983707,-0.10588477672612441,0.9090909090909091,0.11649261347400552,-0.9090909090909091,0.0,-0.10819389748220642,-0.11649261347400552,
0.8924197362407351,0.8372222222222222,0.781663365811977,0.0999633471029352,0.0999633471029352,0.05813679034317909,0.1733459955682178,-0.0999633471029352,-0.05813679034317909,0.5864661654135338,adult,sex,25,proxy_soft,3.0,0.8958029749295839,0.8181818181818182,25.0,strat_y,0.8442938271604937,0.375,24.0,0.24436585534983707,-0.24436585534983707,-0.10588477672612441,0.9090909090909091,0.11649261347400552,-0.9090909090909091,0.0,-0.10819389748220642,-0.11649261347400552,
0.8757166111372383,0.8272222222222222,0.7682501937458188,0.08508425213230708,0.08508425213230708,0.039216263366164086,0.150553972776195,-0.08508425213230708,-0.039216263366164086,0.5789473684210527,adult,sex,25,proxy_soft,10.0,0.8825307851672526,0.8181818181818182,25.0,strat_y,0.8442938271604937,0.375,24.0,0.24436585534983707,-0.24436585534983707,-0.10588477672612441,0.9090909090909091,0.11649261347400552,-0.9090909090909091,0.0,-0.10819389748220642,-0.11649261347400552,
0.8568967715654,0.8155555555555556,0.7526014930019673,0.10159786818825722,0.10159786818825722,0.020528304325821325,0.13156062044950934,-0.10159786818825722,-0.020528304325821325,0.5413533834586466,adult,sex,25,proxy_soft,30.0,0.8673237272748435,0.7272727272727273,25.0,strat_y,0.8442938271604937,0.375,24.0,0.24436585534983707,-0.24436585534983707,-0.10588477672612441,0.9090909090909091,0.11649261347400552,-0.9090909090909091,0.0,-0.10819389748220642,-0.11649261347400552,
0.896835319365971,0.84,0.7853892469414656,0.212586802975819,0.212586802975819,0.09108814671054873,0.21766381766381768,-0.212586802975819,-0.09108814671054873,0.49624060150375937,adult,sex,25,proxy_soft,0.3,0.901397146116064,0.2727272727272727,50.0,strat_y,0.8460112060778727,0.24,50.0,0.24436585534983707,-0.24436585534983707,-0.10588477672612441,0.2727272727272727,0.09159868370237134,0.2727272727272727,-0.0763888888888889,-0.09159868370237134,-0.07806344494588635,
0.8963352233210352,0.8394444444444444,0.784644070715568,0.21126927991916555,0.21126927991916555,0.08543553395693856,0.2125989237100348,-0.21126927991916555,-0.08543553395693856,0.49624060150375937,adult,sex,25,proxy_soft,1.0,0.9010461137363532,0.2727272727272727,50.0,strat_y,0.8460112060778727,0.24,50.0,0.24436585534983707,-0.24436585534983707,-0.10588477672612441,0.2727272727272727,0.09159868370237134,0.2727272727272727,-0.0763888888888889,-0.09159868370237134,-0.07806344494588635,
0.8943460167846806,0.8405555555555555,0.7861344231673633,0.18739536588506833,0.18739536588506833,0.08892693846529401,0.2125989237100348,-0.18739536588506833,-0.08892693846529401,0.518796992481203,adult,sex,25,proxy_soft,3.0,0.8994762447915454,0.31818181818181823,50.0,strat_y,0.8460112060778727,0.24,50.0,0.24436585534983707,-0.24436585534983707,-0.10588477672612441,0.2727272727272727,0.09159868370237134,0.2727272727272727,-0.0763888888888889,-0.09159868370237134,-0.07806344494588635,
0.885225473766485,0.8355555555555556,0.779427837134284,0.1932102984734564,0.1932102984734564,0.07868529287689999,0.20246913580246917,-0.1932102984734564,-0.07868529287689999,0.5037593984962406,adult,sex,25,proxy_soft,10.0,0.8926809283270096,0.31818181818181823,50.0,strat_y,0.8460112060778727,0.24,50.0,0.24436585534983707,-0.24436585534983707,-0.10588477672612441,0.2727272727272727,0.09159868370237134,0.2727272727272727,-0.0763888888888889,-0.09159868370237134,-0.07806344494588635,
0.8794838909459433,0.8316666666666667,0.7742116035530002,0.17515131702774722,0.17515131702774722,0.08131163699549926,0.19993668882557775,-0.17515131702774722,-0.08131163699549926,0.5112781954887218,adult,sex,25,proxy_soft,30.0,0.8882134127889382,0.36363636363636365,50.0,strat_y,0.8460112060778727,0.24,50.0,0.24436585534983707,-0.24436585534983707,-0.10588477672612441,0.2727272727272727,0.09159868370237134,0.2727272727272727,-0.0763888888888889,-0.09159868370237134,-0.07806344494588635,
0.8965409747567414,0.8383333333333334,0.7831537182637726,0.18212527365845443,0.18212527365845443,0.08663242204790206,0.2088002532446977,-0.18212527365845443,-0.08663242204790206,0.518796992481203,adult,sex,25,proxy_soft,0.3,0.9012528224586234,0.0892857142857143,100.0,strat_y,0.8873157961380185,0.27,100.0,0.24436585534983707,-0.24436585534983707,-0.10588477672612441,0.0892857142857143,0.19648300947492436,-0.0892857142857143,-0.05602716468590832,-0.19648300947492436,-0.09098035427339334,
0.8951470812275206,0.8394444444444444,0.784644070715568,0.15825135962435732,0.15825135962435732,0.07137065615898182,0.19360557138334913,-0.15825135962435732,-0.07137065615898182,0.5413533834586466,adult,sex,25,proxy_soft,1.0,0.900398985078796,0.06547619047619047,100.0,strat_y,0.8873157961380185,0.27,100.0,0.24436585534983707,-0.24436585534983707,-0.10588477672612441,0.0892857142857143,0.19648300947492436,-0.0892857142857143,-0.05602716468590832,-0.19648300947492436,-0.09098035427339334,
0.8931375893383499,0.8383333333333334,0.7831537182637726,0.1025983932162422,0.1025983932162422,0.06006543065176154,0.17587844254510918,-0.1025983932162422,-0.06006543065176154,0.5864661654135338,adult,sex,25,proxy_soft,3.0,0.899259293745199,0.059523809523809534,100.0,strat_y,0.8873157961380185,0.27,100.0,0.24436585534983707,-0.24436585534983707,-0.10588477672612441,0.0892857142857143,0.19648300947492436,-0.0892857142857143,-0.05602716468590832,-0.19648300947492436,-0.09098035427339334,
0.8896923912539494,0.8388888888888889,0.7838988944896701,0.10391591627289576,0.10391591627289576,0.05790422240650682,0.1746122190566635,-0.10391591627289576,-0.05790422240650682,0.5864661654135338,adult,sex,25,proxy_soft,10.0,0.8969752554761518,0.059523809523809534,100.0,strat_y,0.8873157961380185,0.27,100.0,0.24436585534983707,-0.24436585534983707,-0.10588477672612441,0.0892857142857143,0.19648300947492436,-0.0892857142857143,-0.05602716468590832,-0.19648300947492436,-0.09098035427339334,
0.8866649058428441,0.8383333333333334,0.7831537182637726,0.1114347132653769,0.1114347132653769,0.055377138052442626,0.1733459955682178,-0.1114347132653769,-0.055377138052442626,0.5789473684210527,adult,sex,25,proxy_soft,30.0,0.8947759491608277,0.059523809523809534,100.0,strat_y,0.8873157961380185,0.27,100.0,0.24436585534983707,-0.24436585534983707,-0.10588477672612441,0.0892857142857143,0.19648300947492436,-0.0892857142857143,-0.05602716468590832,-0.19648300947492436,-0.09098035427339334,
0.8964561074643475,0.8377777777777777,0.7824085420378749,0.1896440706509357,0.1896440706509357,0.08879363029315679,0.21133270022158912,-0.1896440706509357,-0.08879363029315679,0.5112781954887218,adult,sex,25,proxy_soft,0.3,0.9008226448474128,0.12189995796553174,200.0,strat_y,0.8915332067109846,0.27,200.0,0.24436585534983707,-0.24436585534983707,-0.10588477672612441,0.1546868432114334,0.10945240327934735,-0.1215686274509804,-0.1546868432114334,-0.10312884086294016,-0.10945240327934735,
0.895103198627551,0.8377777777777777,0.7824085420378749,0.14546247040526217,0.14546247040526217,0.077854280894746,0.19613801836024056,-0.14546247040526217,-0.077854280894746,0.5488721804511278,adult,sex,25,proxy_soft,1.0,0.8995749435508276,0.12189995796553174,200.0,strat_y,0.8915332067109846,0.27,200.0,0.24436585534983707,-0.24436585534983707,-0.10588477672612441,0.1546868432114334,0.10945240327934735,-0.1215686274509804,-0.1546868432114334,-0.10312884086294016,-0.10945240327934735,
0.8903961688006307,0.8361111111111111,0.7801730133601817,0.1150009410878976,0.1150009410878976,0.06558473523323446,0.18094333649889205,-0.1150009410878976,-0.06558473523323446,0.5714285714285714,adult,sex,25,proxy_soft,3.0,0.8953504504294794,0.12189995796553174,200.0,strat_y,0.8915332067109846,0.27,200.0,0.24436585534983707,-0.24436585534983707,-0.10588477672612441,0.1546868432114334,0.10945240327934735,-0.1215686274509804,-0.1546868432114334,-0.10312884086294016,-0.10945240327934735,
0.8732078511767161,0.8238888888888889,0.7637791363904326,0.06834279374325147,0.06834279374325147,0.020928228842232957,0.13156062044950934,-0.06834279374325147,-0.020928228842232957,0.5864661654135338,adult,sex,25,proxy_soft,10.0,0.8788351684163971,0.08701134930643126,200.0,strat_y,0.8915332067109846,0.27,200.0,0.24436585534983707,-0.24436585534983707,-0.10588477672612441,0.1546868432114334,0.10945240327934735,-0.1215686274509804,-0.1546868432114334,-0.10312884086294016,-0.10945240327934735,
0.8619718356505555,0.8166666666666667,0.7540918454537627,0.07772395415416011,0.07772395415416011,0.005266538436901086,0.1163659385881608,-0.07772395415416011,-0.005266538436901086,0.5639097744360902,adult,sex,25,proxy_soft,30.0,0.8677902185805071,0.07058823529411773,200.0,strat_y,0.8915332067109846,0.27,200.0,0.24436585534983707,-0.24436585534983707,-0.10588477672612441,0.1546868432114334,0.10945240327934735,-0.1215686274509804,-0.1546868432114334,-0.10312884086294016,-0.10945240327934735,
0.8963323254134901,0.8388888888888889,0.7838988944896701,0.18344279671510788,0.18344279671510788,0.08603397800242032,0.2088002532446977,-0.18344279671510788,-0.08603397800242032,0.518796992481203,adult,sex,25,proxy_soft,0.3,0.9004827859121488,0.11709428782599515,400.0,strat_y,0.9169484647040202,0.2475,400.0,0.24436585534983707,-0.24436585534983707,-0.10588477672612441,0.1741573033707865,0.1479831452882704,-0.1741573033707865,-0.13335445042762115,-0.1479831452882704,-0.09068981351116379,
0.8951619847520386,0.84,0.7853892469414656,0.10655096238620265,0.10655096238620265,0.07546050471281901,0.189806900918012,-0.10655096238620265,-0.07546050471281901,0.5864661654135338,adult,sex,25,proxy_soft,1.0,0.8992406713377872,0.10896420652518213,400.0,strat_y,0.9169484647040202,0.2475,400.0,0.24436585534983707,-0.24436585534983707,-0.10588477672612441,0.1741573033707865,0.1479831452882704,-0.1741573033707865,-0.13335445042762115,-0.1479831452882704,-0.09068981351116379,
0.8924309138841234,0.8388888888888889,0.7838988944896701,0.06857063607635694,0.06857063607635694,0.0641552792055987,0.1746122190566635,-0.06857063607635694,-0.0641552792055987,0.6165413533834586,adult,sex,25,proxy_soft,3.0,0.8966856770408995,0.10083412522436912,400.0,strat_y,0.9169484647040202,0.2475,400.0,0.24436585534983707,-0.24436585534983707,-0.10588477672612441,0.1741573033707865,0.1479831452882704,-0.1741573033707865,-0.13335445042762115,-0.1479831452882704,-0.09068981351116379,
0.8847883037139582,0.8333333333333334,0.7764471322306934,0.09074068570636085,0.09074068570636085,0.04357272826427566,0.15815131370686925,-0.09074068570636085,-0.04357272826427566,0.5864661654135338,adult,sex,25,proxy_soft,10.0,0.8895532950022115,0.10083412522436912,400.0,strat_y,0.9169484647040202,0.2475,400.0,0.24436585534983707,-0.24436585534983707,-0.10588477672612441,0.1741573033707865,0.1479831452882704,-0.1741573033707865,-0.13335445042762115,-0.1479831452882704,-0.09068981351116379,
0.8787068377370488,0.8261111111111111,0.7667598412940234,0.09128552606813478,0.09128552606813478,0.02634827365917082,0.1404241848686293,-0.09128552606813478,-0.02634827365917082,0.5714285714285714,adult,sex,25,proxy_soft,30.0,0.8841676947787425,0.08784711223735614,400.0,strat_y,0.9169484647040202,0.2475,400.0,0.24436585534983707,-0.24436585534983707,-0.10588477672612441,0.1741573033707865,0.1479831452882704,-0.1741573033707865,-0.13335445042762115,-0.1479831452882704,-0.09068981351116379,
0.8952741751727151,0.84,0.7853892469414656,0.212586802975819,0.212586802975819,0.09890196770941356,0.22399493510604623,-0.212586802975819,-0.09890196770941356,0.49624060150375937,adult,sex,25,proxy_soft,0.3,0.8975385833003561,0.25,25.0,random_mnar,0.7667464387464388,0.08,,,,,,,,,,,
0.8918848653052573,0.84,0.7853892469414656,0.15956888268101088,0.15956888268101088,0.08171156151191089,0.20246913580246917,-0.15956888268101088,-0.08171156151191089,0.5413533834586466,adult,sex,25,proxy_soft,1.0,0.8935887706883308,0.25,25.0,random_mnar,0.7667464387464388,0.08,,,,,,,,,,,
0.8891132237317102,0.8361111111111111,0.7801730133601817,0.14150990123530172,0.14150990123530172,0.06871026363278043,0.18727445394112058,-0.14150990123530172,-0.06871026363278043,0.5488721804511278,adult,sex,25,proxy_soft,3.0,0.8906892618543263,0.25,25.0,random_mnar,0.7667464387464388,0.08,,,,,,,,,,,
0.887350881957462,0.835,0.7786826609083864,0.1212022150237253,0.1212022150237253,0.06209333072487906,0.17841088952200063,-0.1212022150237253,-0.06209333072487906,0.5639097744360902,adult,sex,25,proxy_soft,10.0,0.8889722758909658,0.25,25.0,random_mnar,0.7667464387464388,0.08,,,,,,,,,,,
0.8867050625616839,0.8344444444444444,0.7779374846824887,0.11988469196707185,0.11988469196707185,0.06112901057058784,0.17714466603355494,-0.11988469196707185,-0.06112901057058784,0.5639097744360902,adult,sex,25,proxy_soft,30.0,0.8883111804278498,0.25,25.0,random_mnar,0.7667464387464388,0.08,,,,,,,,,,,
0.8961129124136424,0.8377777777777777,0.7824085420378749,0.19848039070007029,0.19848039070007029,0.0997329796915676,0.2214624881291548,-0.19848039070007029,-0.0997329796915676,0.5037593984962406,adult,sex,25,proxy_soft,0.3,0.9014381154123698,0.18181818181818182,50.0,random_mnar,0.770379297245964,0.06,,,,,,,,,,,
0.8944519974034749,0.8405555555555555,0.7861344231673633,0.14321376563939492,0.14321376563939492,0.09048970266506697,0.20753402975625196,-0.14321376563939492,-0.09048970266506697,0.556390977443609,adult,sex,25,proxy_soft,1.0,0.9005107195232663,0.18181818181818182,50.0,random_mnar,0.770379297245964,0.06,,,,,,,,,,,
0.8932154188552768,0.8394444444444444,0.784644070715568,0.14057871952608803,0.14057871952608803,0.08699829815671156,0.20373535929091485,-0.14057871952608803,-0.08699829815671156,0.556390977443609,adult,sex,25,proxy_soft,3.0,0.8997518564212389,0.18181818181818182,50.0,random_mnar,0.770379297245964,0.06,,,,,,,,,,,
0.8925609057368634,0.8394444444444444,0.784644070715568,0.12290607942781862,0.12290607942781862,0.08543553395693856,0.19993668882557775,-0.12290607942781862,-0.08543553395693856,0.5714285714285714,adult,sex,25,proxy_soft,10.0,0.899423170930422,0.18181818181818182,50.0,random_mnar,0.770379297245964,0.06,,,,,,,,,,,
0.8922549694974531,0.8388888888888889,0.7838988944896701,0.12158855637116506,0.12158855637116506,0.08447121380264735,0.198670465337132,-0.12158855637116506,-0.08447121380264735,0.5714285714285714,adult,sex,25,proxy_soft,30.0,0.8993077120044695,0.18181818181818182,50.0,random_mnar,0.770379297245964,0.06,,,,,,,,,,,
0.8966842141868305,0.84,0.7853892469414656,0.22142312302495376,0.22142312302495376,0.0973392035096406,0.22399493510604623,-0.22142312302495376,-0.0973392035096406,0.48872180451127817,adult,sex,25,proxy_soft,0.3,0.9009325170511417,0.2727272727272727,100.0,random_mnar,0.8419243431465653,0.12,,,,,,,,,,,
0.8961274019513682,0.8383333333333334,0.7831537182637726,0.20863423380585855,0.20863423380585855,0.091320714647221,0.21639759417537194,-0.20863423380585855,-0.091320714647221,0.49624060150375937,adult,sex,25,proxy_soft,1.0,0.9000498149398263,0.2727272727272727,100.0,random_mnar,0.8419243431465653,0.12,,,,,,,,,,,
0.8943220055507348,0.84,0.7853892469414656,0.2037504829266843,0.2037504829266843,0.08952538251077574,0.21513137068692625,-0.2037504829266843,-0.08952538251077574,0.5037593984962406,adult,sex,25,proxy_soft,3.0,0.8974631625503388,0.2727272727272727,100.0,random_mnar,0.8419243431465653,0.12,,,,,,,,,,,
0.8906470447966829,0.8366666666666667,0.7809181895860795,0.19584534458676328,0.19584534458676328,0.08686498998457434,0.21006647673314338,-0.19584534458676328,-0.08686498998457434,0.5037593984962406,adult,sex,25,proxy_soft,10.0,0.8932181847808375,0.2272727272727273,100.0,random_mnar,0.8419243431465653,0.12,,,,,,,,,,,
0.8887033768074664,0.8355555555555556,0.779427837134284,0.18437397842432168,0.18437397842432168,0.08337358547621893,0.20500158277936054,-0.18437397842432168,-0.08337358547621893,0.5112781954887218,adult,sex,25,proxy_soft,30.0,0.891179962289625,0.2272727272727273,100.0,random_mnar,0.8419243431465653,0.12,,,,,,,,,,,
0.8967115373151137,0.8383333333333334,0.7831537182637726,0.2174705538549932,0.2174705538549932,0.09600900724653989,0.2214624881291548,-0.2174705538549932,-0.09600900724653989,0.48872180451127817,adult,sex,25,proxy_soft,0.3,0.9011001187178471,0.6923076923076923,200.0,random_mnar,0.8778801519468185,0.15,,,,,,,,,,,
0.895966775076008,0.8388888888888889,0.7838988944896701,0.18344279671510788,0.18344279671510788,0.09072227060173924,0.2125989237100348,-0.18344279671510788,-0.09072227060173924,0.518796992481203,adult,sex,25,proxy_soft,1.0,0.9005777601899485,0.3397435897435898,200.0,random_mnar,0.8778801519468185,0.15,,,,,,,,,,,
0.8926693702764107,0.8422222222222222,0.7883699518450563,0.16483897490762478,0.16483897490762478,0.08400607792930281,0.20626780626780628,-0.16483897490762478,-0.08400607792930281,0.5413533834586466,adult,sex,25,proxy_soft,3.0,0.8981512605042017,0.358974358974359,200.0,random_mnar,0.8778801519468185,0.15,,,,,,,,,,,
0.8826840088493818,0.8355555555555556,0.779427837134284,0.13135605812951356,0.13135605812951356,0.06618317927871623,0.18347578347578347,-0.13135605812951356,-0.06618317927871623,0.556390977443609,adult,sex,25,proxy_soft,10.0,0.8902609464838566,0.358974358974359,200.0,random_mnar,0.8778801519468185,0.15,,,,,,,,,,,
0.8769560875929814,0.8277777777777777,0.7689953699717165,0.13058337543463405,0.13058337543463405,0.044868876119774206,0.1619499841722064,-0.13058337543463405,-0.044868876119774206,0.5413533834586466,adult,sex,25,proxy_soft,30.0,0.8852775902604808,0.358974358974359,200.0,random_mnar,0.8778801519468185,0.15,,,,,,,,,,,
0.8966958058170111,0.8388888888888889,0.7838988944896701,0.21878807691164676,0.21878807691164676,0.0985360916006041,0.22399493510604623,-0.21878807691164676,-0.0985360916006041,0.48872180451127817,adult,sex,25,proxy_soft,0.3,0.901075909588212,0.1870370370370371,400.0,random_mnar,0.9096990819879709,0.1475,,,,,,,,,,,
0.8960748256287631,0.8383333333333334,0.7831537182637726,0.20863423380585855,0.20863423380585855,0.09444624304676694,0.21893004115226336,-0.20863423380585855,-0.09444624304676694,0.49624060150375937,adult,sex,25,proxy_soft,1.0,0.9003505668195256,0.1870370370370371,400.0,random_mnar,0.9096990819879709,0.1475,,,,,,,,,,,
0.8935271509097773,0.8383333333333334,0.7831537182637726,0.19096159370758914,0.19096159370758914,0.091320714647221,0.21386514719848052,-0.19096159370758914,-0.091320714647221,0.5112781954887218,adult,sex,25,proxy_soft,3.0,0.8978663376708025,0.1777777777777778,400.0,random_mnar,0.9096990819879709,0.1475,,,,,,,,,,,
0.8876323929761345,0.8355555555555556,0.779427837134284,0.15786501827691757,0.15786501827691757,0.07087147187803515,0.19107312440645777,-0.15786501827691757,-0.07087147187803515,0.5338345864661654,adult,sex,25,proxy_soft,10.0,0.8925142577806746,0.1777777777777778,400.0,random_mnar,0.9096990819879709,0.1475,,,,,,,,,,,
0.8843333322293685,0.8355555555555556,0.779427837134284,0.14019237817864816,0.14019237817864816,0.06305765087917028,0.1822095599873378,-0.14019237817864816,-0.06305765087917028,0.5488721804511278,adult,sex,25,proxy_soft,30.0,0.8894927721781233,0.1777777777777778,400.0,random_mnar,0.9096990819879709,0.1475,,,,,,,,,,,
0.8941911857244107,0.8438888888888889,0.7906054805227495,0.2571547445689323,0.2571547445689323,0.10565220878945214,0.23792339347894906,-0.2571547445689323,-0.10565220878945214,0.46616541353383456,adult,sex,25,jtt,1.0,0.8992574315044578,,,,,,,,,,,,,,,,1.5
0.8923841333766087,0.8422222222222222,0.7883699518450563,0.2532021753989717,0.2532021753989717,0.11057306932544333,0.24045584045584048,-0.2532021753989717,-0.11057306932544333,0.46616541353383456,adult,sex,25,jtt,2.0,0.8978635443096907,,,,,,,,,,,,,,,,2.0
0.8876539202893271,0.8388888888888889,0.7838988944896701,0.2276243969607814,0.2276243969607814,0.1204147903974257,0.24298828743273188,-0.2276243969607814,-0.1204147903974257,0.48120300751879697,adult,sex,25,jtt,3.0,0.8937228520216952,,,,,,,,,,,,,,,,3.0
0.8690580475720504,0.8205555555555556,0.7593080790350464,0.21949141628775504,0.21949141628775504,0.14797726489718824,0.25438429882874325,-0.21949141628775504,-0.14797726489718824,0.45112781954887216,adult,sex,25,jtt,4.0,0.875529691100817,,,,,,,,,,,,,,,,5.0
0.8970141616601864,0.8422222222222222,0.7883699518450563,0.23552953530070242,0.23552953530070242,0.10119648412680551,0.23032605254827476,-0.23552953530070242,-0.10119648412680551,0.48120300751879697,adult,sex,25,cvar,1.0,0.9016857934309457,,,,,,,,,,,,,,,,0.5
0.8942893005941539,0.84,0.7853892469414656,0.23909576312322306,0.23909576312322306,0.1020274961089595,0.23032605254827476,-0.23909576312322306,-0.1020274961089595,0.47368421052631576,adult,sex,25,cvar,2.0,0.8996447775786215,,,,,,,,,,,,,,,,0.2
0.8931752621364368,0.84,0.7853892469414656,0.23909576312322306,0.23909576312322306,0.10515302450850544,0.23285849952516618,-0.23909576312322306,-0.10515302450850544,0.47368421052631576,adult,sex,25,cvar,3.0,0.8990553783840406,,,,,,,,,,,,,,,,0.1
0.8952122841472865,0.8388888888888889,0.7838988944896701,0.2276243969607814,0.2276243969607814,0.104787148399696,0.23032605254827476,-0.2276243969607814,-0.104787148399696,0.48120300751879697,adult,sex,25,arl,1.0,0.9000977676389116,,,,,,,,,,,,,,,,0.05
0.8951168601916926,0.8394444444444444,0.784644070715568,0.2377782400665696,0.2377782400665696,0.1057514685539872,0.23285849952516618,-0.2377782400665696,-0.1057514685539872,0.47368421052631576,adult,sex,25,arl,2.0,0.8998067925231035,,,,,,,,,,,,,,,,0.2
0.8942437620470155,0.8394444444444444,0.784644070715568,0.22894192001743496,0.22894192001743496,0.1120025253530791,0.2366571699905033,-0.22894192001743496,-0.1120025253530791,0.48120300751879697,adult,sex,25,arl,3.0,0.899454829023022,,,,,,,,,,,,,,,,0.5
0.8936397553172465,0.84,0.7853892469414656,0.1949141628775496,0.1949141628775496,0.09108814671054873,0.21513137068692625,-0.1949141628775496,-0.09108814671054873,0.5112781954887218,adult,sex,25,cluster_rw,1.0,0.8988663609488116,,,,,,,,,,,,,,,,0.25
0.8864272774241411,0.8333333333333334,0.7764471322306934,0.13492228595203426,0.13492228595203426,0.0748280122597351,0.189806900918012,-0.13492228595203426,-0.0748280122597351,0.5488721804511278,adult,sex,25,cluster_rw,2.0,0.892562676039945,,,,,,,,,,,,,,,,0.5
0.8497513595326256,0.8105555555555556,0.745894906968888,0.021226008135838123,0.010213280236163524,0.021226008135838123,0.1163659385881608,-0.010213280236163524,-0.021226008135838123,0.6090225563909775,adult,sex,25,cluster_rw,3.0,0.8586382364580181,,,,,,,,,,,,,,,,1.0
0.905416230600579,0.8494444444444444,0.7980572427817262,0.1680223285486444,0.1680223285486444,0.09185394733576982,0.2174465196656109,-0.1680223285486444,-0.09185394733576982,0.553030303030303,adult,sex,26,erm,0.0,0.8934612071975604,,,,,,,,,,,,,,,,
0.9052680233289838,0.8494444444444444,0.7980572427817262,0.1413476874003189,0.1413476874003189,0.07778906953781306,0.2022450955173745,-0.1413476874003189,-0.07778906953781306,0.5757575757575758,adult,sex,26,oracle,0.3,0.8929695756418911,,,,,,,,,,,,,,,,
0.9051595587894363,0.8511111111111112,0.8002927714594193,0.10972886762360445,0.10972886762360445,0.07443097320159486,0.19591116878894266,-0.10972886762360445,-0.07443097320159486,0.6060606060606061,adult,sex,26,oracle,1.0,0.8920784934472403,,,,,,,,,,,,,,,,
0.9021130299858913,0.8488888888888889,0.7973120665558286,0.08668261562998403,0.08668261562998403,0.06901092838465697,0.18704367136913808,-0.08668261562998403,-0.06901092838465697,0.6212121212121212,adult,sex,26,oracle,3.0,0.8869787471775412,,,,,,,,,,,,,,,,
0.8915567807724663,0.8411111111111111,0.786879599393261,0.06826156299840513,0.06826156299840513,0.02738069062866634,0.14650654030717433,-0.06826156299840513,-0.02738069062866634,0.6212121212121212,adult,sex,26,oracle,10.0,0.873641378989269,,,,,,,,,,,,,,,,
0.884249085917163,0.8372222222222222,0.781663365811977,0.05015948963317385,0.05015948963317385,0.012816628549762912,0.13003833081325156,-0.05015948963317385,-0.012816628549762912,0.6287878787878788,adult,sex,26,oracle,30.0,0.8660201587560231,,,,,,,,,,,,,,,,
0.9047695832312166,0.8494444444444444,0.7980572427817262,0.1146730462519936,0.1146730462519936,0.07466354113826712,0.19591116878894266,-0.1146730462519936,-0.07466354113826712,0.5984848484848485,adult,sex,26,proxy_soft,0.3,0.8916371423915828,0.8571428571428571,25.0,random,0.8363052352404217,0.32,25.0,0.1680223285486444,-0.1680223285486444,-0.09185394733576982,0.8571428571428571,0.25060909795031444,-0.8571428571428571,-0.05714285714285716,-0.25060909795031444,-0.12534325125780268,
0.9010478419696498,0.8472222222222222,0.7950765378781356,0.052053090123826556,0.029385964912280738,0.052053090123826556,0.16424153514678347,-0.029385964912280738,-0.052053090123826556,0.6666666666666666,adult,sex,26,proxy_soft,1.0,0.8872366675201936,0.8571428571428571,25.0,random,0.8363052352404217,0.32,25.0,0.1680223285486444,-0.1680223285486444,-0.09185394733576982,0.8571428571428571,0.25060909795031444,-0.8571428571428571,-0.05714285714285716,-0.25060909795031444,-0.12534325125780268,
0.8932802077882508,0.8427777777777777,0.7891151280709541,0.03027365109154001,0.025598086124401953,0.03027365109154001,0.13637225754168342,0.025598086124401953,-0.03027365109154001,0.6789473684210526,adult,sex,26,proxy_soft,3.0,0.8786163551293094,0.8571428571428571,25.0,random,0.8363052352404217,0.32,25.0,0.1680223285486444,-0.1680223285486444,-0.09185394733576982,0.8571428571428571,0.25060909795031444,-0.8571428571428571,-0.05714285714285716,-0.25060909795031444,-0.12534325125780268,
0.8823505424882925,0.8294444444444444,0.7712308986494094,0.039393939393939426,0.039393939393939426,0.008497674609179107,0.09583512647971962,0.039393939393939426,0.008497674609179107,0.65,adult,sex,26,proxy_soft,10.0,0.8671328475988734,0.8571428571428571,25.0,random,0.8363052352404217,0.32,25.0,0.1680223285486444,-0.1680223285486444,-0.09185394733576982,0.8571428571428571,0.25060909795031444,-0.8571428571428571,-0.05714285714285716,-0.25060909795031444,-0.12534325125780268,
0.8756733495174571,0.8222222222222222,0.7615436077127394,0.03871610845295048,0.03871610845295048,0.022596600814737994,0.08063370233148323,0.03871610845295048,0.022596600814737994,0.6355263157894737,adult,sex,26,proxy_soft,30.0,0.8602751460695081,0.8571428571428571,25.0,random,0.8363052352404217,0.32,25.0,0.1680223285486444,-0.1680223285486444,-0.09185394733576982,0.8571428571428571,0.25060909795031444,-0.8571428571428571,-0.05714285714285716,-0.25060909795031444,-0.12534325125780268,
0.8948521156381027,0.8394444444444444,0.784644070715568,0.06431419457735243,0.06431419457735243,0.03230155116465752,0.14904011099854705,-0.06431419457735243,-0.03230155116465752,0.6212121212121212,adult,sex,26,proxy_confident,0.3,0.8800633161851998,0.8571428571428571,25.0,random,0.8363052352404217,0.32,25.0,0.1680223285486444,-0.1680223285486444,-0.09185394733576982,0.8571428571428571,0.25060909795031444,-0.8571428571428571,-0.05714285714285716,-0.25060909795031444,-0.12534325125780268,
0.8880747378635632,0.8327777777777777,0.7757019560047955,0.0574162679425837,0.0574162679425837,0.0004137747161141875,0.11863726270207425,-0.0574162679425837,-0.0004137747161141875,0.6136363636363636,adult,sex,26,proxy_confident,1.0,0.8733173491003049,0.8571428571428571,25.0,random,0.8363052352404217,0.32,25.0,0.1680223285486444,-0.1680223285486444,-0.09185394733576982,0.8571428571428571,0.25060909795031444,-0.8571428571428571,-0.05714285714285716,-0.25060909795031444,-0.12534325125780268,
0.8847168909923097,0.8294444444444444,0.7712308986494094,0.04952153110047841,0.04952153110047841,0.0069349104094061365,0.1097697652822697,-0.04952153110047841,0.0069349104094061365,0.6136363636363636,adult,sex,26,proxy_confident,3.0,0.8699904560162015,0.8571428571428571,25.0,random,0.8363052352404217,0.32,25.0,0.1680223285486444,-0.1680223285486444,-0.09185394733576982,0.8571428571428571,0.25060909795031444,-0.8571428571428571,-0.05714285714285716,-0.25060909795031444,-0.12534325125780268,
0.8830050556067058,0.8283333333333334,0.7697405461976141,0.037998405103668254,0.037998405103668254,0.008863550717988583,0.10596940924521062,-0.037998405103668254,0.008863550717988583,0.6212121212121212,adult,sex,26,proxy_confident,10.0,0.8682446053213531,0.8571428571428571,25.0,random,0.8363052352404217,0.32,25.0,0.1680223285486444,-0.1680223285486444,-0.09185394733576982,0.8571428571428571,0.25060909795031444,-0.8571428571428571,-0.05714285714285716,-0.25060909795031444,-0.12534325125780268,
0.8824105705731565,0.8288888888888889,0.7704857224235119,0.039314194577352524,0.039314194577352524,0.0110247589632433,0.10470262389952423,-0.039314194577352524,0.0110247589632433,0.6212121212121212,adult,sex,26,proxy_confident,30.0,0.8676263413952838,0.8571428571428571,25.0,random,0.8363052352404217,0.32,25.0,0.1680223285486444,-0.1680223285486444,-0.09185394733576982,0.8571428571428571,0.25060909795031444,-0.8571428571428571,-0.05714285714285716,-0.25060909795031444,-0.12534325125780268,
0.8954706119055977,0.8411111111111111,0.786879599393261,0.03206898322798525,0.014912280701754432,0.03206898322798525,0.14270618427011525,-0.014912280701754432,-0.03206898322798525,0.6666666666666666,adult,sex,26,related_feats,0.3,0.8796517609814007,0.8571428571428571,25.0,random,0.8363052352404217,0.32,25.0,0.1680223285486444,-0.1680223285486444,-0.09185394733576982,0.8571428571428571,0.25060909795031444,-0.8571428571428571,-0.05714285714285716,-0.25060909795031444,-0.12534325125780268,
0.8818930870829497,0.8372222222222222,0.781663365811977,0.020630449548627763,0.012081339712918582,0.020630449548627763,0.12750476012187884,0.012081339712918582,-0.020630449548627763,0.6697368421052632,adult,sex,26,related_feats,1.0,0.8651551479317487,0.8571428571428571,25.0,random,0.8363052352404217,0.32,25.0,0.1680223285486444,-0.1680223285486444,-0.09185394733576982,0.8571428571428571,0.25060909795031444,-0.8571428571428571,-0.05714285714285716,-0.25060909795031444,-0.12534325125780268,
0.8550174785223652,0.8183333333333334,0.7563273741314558,0.021251993620414633,0.021251993620414633,0.009722263099547726,0.10723619459089695,0.021251993620414633,-0.009722263099547726,0.6302631578947369,adult,sex,26,related_feats,3.0,0.8361041923694685,0.8571428571428571,25.0,random,0.8363052352404217,0.32,25.0,0.1680223285486444,-0.1680223285486444,-0.09185394733576982,0.8571428571428571,0.25060909795031444,-0.8571428571428571,-0.05714285714285716,-0.25060909795031444,-0.12534325125780268,
0.8161163816229609,0.7977777777777778,0.7287558537732411,0.018979266347687318,0.018979266347687318,0.008767176411724892,0.08696762905991509,-0.018979266347687318,0.008767176411724892,0.5757575757575758,adult,sex,26,related_feats,10.0,0.7942009823319911,0.7142857142857143,25.0,random,0.8363052352404217,0.32,25.0,0.1680223285486444,-0.1680223285486444,-0.09185394733576982,0.8571428571428571,0.25060909795031444,-0.8571428571428571,-0.05714285714285716,-0.25060909795031444,-0.12534325125780268,
0.795313131329858,0.785,0.7116168005775945,0.016881662162466282,0.0023923444976077235,0.016881662162466282,0.07049941956599229,0.0023923444976077235,0.016881662162466282,0.5657894736842105,adult,sex,26,related_feats,30.0,0.773554319234619,0.7142857142857143,25.0,random,0.8363052352404217,0.32,25.0,0.1680223285486444,-0.1680223285486444,-0.09185394733576982,0.8571428571428571,0.25060909795031444,-0.8571428571428571,-0.05714285714285716,-0.25060909795031444,-0.12534325125780268,
0.9051570748686834,0.8488888888888889,0.7973120665558286,0.14892344497607646,0.14892344497607646,0.07995027778306779,0.2047786662087472,-0.14892344497607646,-0.07995027778306779,0.5681818181818182,adult,sex,26,proxy_soft,0.3,0.8930096138178263,0.45454545454545453,50.0,random,0.8646983220287512,0.34,50.0,0.1680223285486444,-0.1680223285486444,-0.09185394733576982,0.45454545454545453,0.09875314331338048,-0.45454545454545453,-0.11931818181818182,-0.09875314331338048,-0.08818870125370128,
0.9047861427029034,0.8483333333333334,0.7965668903299309,0.13871610845295046,0.13871610845295046,0.07898595762877655,0.2022450955173745,-0.13871610845295046,-0.07898595762877655,0.5757575757575758,adult,sex,26,proxy_soft,1.0,0.8920952536139108,0.45454545454545453,50.0,random,0.8646983220287512,0.34,50.0,0.1680223285486444,-0.1680223285486444,-0.09185394733576982,0.45454545454545453,0.09875314331338048,-0.45454545454545453,-0.11931818181818182,-0.09875314331338048,-0.08818870125370128,
0.9017897063012104,0.8488888888888889,0.7973120665558286,0.12224880382775116,0.12224880382775116,0.07995027778306779,0.2009783101716881,-0.12224880382775116,-0.07995027778306779,0.5909090909090909,adult,sex,26,proxy_soft,3.0,0.8879973928629623,0.45454545454545453,50.0,random,0.8646983220287512,0.34,50.0,0.1680223285486444,-0.1680223285486444,-0.09185394733576982,0.45454545454545453,0.09875314331338048,-0.45454545454545453,-0.11931818181818182,-0.09875314331338048,-0.08818870125370128,
0.889205749779759,0.8416666666666667,0.7876247756191586,0.10514354066985643,0.10514354066985643,0.06272582317796294,0.18070974464070627,-0.10514354066985643,-0.06272582317796294,0.5909090909090909,adult,sex,26,proxy_soft,10.0,0.8745231499802137,0.45454545454545453,50.0,random,0.8646983220287512,0.34,50.0,0.1680223285486444,-0.1680223285486444,-0.09185394733576982,0.45454545454545453,0.09875314331338048,-0.45454545454545453,-0.11931818181818182,-0.09875314331338048,-0.08818870125370128,
0.881698927277424,0.835,0.7786826609083864,0.10713716108452942,0.10713716108452942,0.06053056652510608,0.17564260325796077,-0.10713716108452942,-0.06053056652510608,0.5757575757575758,adult,sex,26,proxy_soft,30.0,0.8669894550618031,0.45454545454545453,50.0,random,0.8646983220287512,0.34,50.0,0.1680223285486444,-0.1680223285486444,-0.09185394733576982,0.45454545454545453,0.09875314331338048,-0.45454545454545453,-0.11931818181818182,-0.09875314331338048,-0.08818870125370128,
0.9051603867630209,0.8494444444444444,0.7980572427817262,0.15913078149920257,0.15913078149920257,0.08560289053667791,0.2111125929371791,-0.15913078149920257,-0.08560289053667791,0.5606060606060606,adult,sex,26,proxy_confident,0.3,0.892398798854722,0.45454545454545453,50.0,random,0.8646983220287512,0.34,50.0,0.1680223285486444,-0.1680223285486444,-0.09185394733576982,0.45454545454545453,0.09875314331338048,-0.45454545454545453,-0.11931818181818182,-0.09875314331338048,-0.08818870125370128,
0.9012275122374497,0.8488888888888889,0.7973120665558286,0.11335725677830943,0.11335725677830943,0.08307580618261373,0.2022450955173745,-0.11335725677830943,-0.08307580618261373,0.5984848484848485,adult,sex,26,proxy_confident,1.0,0.8870672036127469,0.45454545454545453,50.0,random,0.8646983220287512,0.34,50.0,0.1680223285486444,-0.1680223285486444,-0.09185394733576982,0.45454545454545453,0.09875314331338048,-0.45454545454545453,-0.11931818181818182,-0.09875314331338048,-0.08818870125370128,
0.8903338637884097,0.8416666666666667,0.7876247756191586,0.07846889952153113,0.07846889952153113,0.06585135157750888,0.17944295929501988,-0.07846889952153113,-0.06585135157750888,0.6136363636363636,adult,sex,26,proxy_confident,3.0,0.8757224330175284,0.45454545454545453,50.0,random,0.8646983220287512,0.34,50.0,0.1680223285486444,-0.1680223285486444,-0.09185394733576982,0.45454545454545453,0.09875314331338048,-0.45454545454545453,-0.11931818181818182,-0.09875314331338048,-0.08818870125370128,
0.8841571808493022,0.8338888888888889,0.777192308456591,0.11339712918660283,0.11339712918660283,0.05860192621652362,0.17437581791227438,-0.11339712918660283,-0.05860192621652362,0.5681818181818182,adult,sex,26,proxy_confident,10.0,0.8699774203310132,0.45454545454545453,50.0,random,0.8646983220287512,0.34,50.0,0.1680223285486444,-0.1680223285486444,-0.09185394733576982,0.45454545454545453,0.09875314331338048,-0.45454545454545453,-0.11931818181818182,-0.09875314331338048,-0.08818870125370128,
0.8822416639619529,0.8327777777777777,0.7757019560047955,0.11965709728867624,0.11965709728867624,0.05354775750839523,0.1705754618752153,-0.11965709728867624,-0.05354775750839523,0.5606060606060606,adult,sex,26,proxy_confident,30.0,0.8680090318675948,0.45454545454545453,50.0,random,0.8646983220287512,0.34,50.0,0.1680223285486444,-0.1680223285486444,-0.09185394733576982,0.45454545454545453,0.09875314331338048,-0.45454545454545453,-0.11931818181818182,-0.09875314331338048,-0.08818870125370128,
0.8887445684932868,0.8411111111111111,0.786879599393261,0.06176150302367171,0.002870813397129135,0.06176150302367171,0.16424153514678347,0.002870813397129135,-0.06176150302367171,0.6789473684210526,adult,sex,26,related_feats,0.3,0.8704643962848297,0.45454545454545453,50.0,random,0.8646983220287512,0.34,50.0,0.1680223285486444,-0.1680223285486444,-0.09185394733576982,0.45454545454545453,0.09875314331338048,-0.45454545454545453,-0.11931818181818182,-0.09875314331338048,-0.08818870125370128,
0.8709261629716966,0.8322222222222222,0.774956779778898,0.049457908954558066,0.0061403508771928905,0.049457908954558066,0.14904011099854705,0.0061403508771928905,-0.049457908954558066,0.6605263157894737,adult,sex,26,related_feats,1.0,0.8513699108452245,0.45454545454545453,50.0,random,0.8646983220287512,0.34,50.0,0.1680223285486444,-0.1680223285486444,-0.09185394733576982,0.45454545454545453,0.09875314331338048,-0.45454545454545453,-0.11931818181818182,-0.09875314331338048,-0.08818870125370128,
0.8471281322240695,0.8183333333333334,0.7563273741314558,0.01597331989863962,0.012360446570972905,0.01597331989863962,0.11357012131932881,0.012360446570972905,-0.01597331989863962,0.631578947368421,adult,sex,26,related_feats,3.0,0.8265136525524337,0.45454545454545453,50.0,random,0.8646983220287512,0.34,50.0,0.1680223285486444,-0.1680223285486444,-0.09185394733576982,0.45454545454545453,0.09875314331338048,-0.45454545454545453,-0.11931818181818182,-0.09875314331338048,-0.08818870125370128,
0.8166545644527756,0.7972222222222223,0.7280106775473436,0.028484666963291785,0.026794258373205704,0.028484666963291785,0.06416549283756048,0.026794258373205704,0.028484666963291785,0.5868421052631579,adult,sex,26,related_feats,10.0,0.7945082520542843,0.45454545454545453,50.0,random,0.8646983220287512,0.34,50.0,0.1680223285486444,-0.1680223285486444,-0.09185394733576982,0.45454545454545453,0.09875314331338048,-0.45454545454545453,-0.11931818181818182,-0.09875314331338048,-0.08818870125370128,
0.8008460648071484,0.7872222222222223,0.7145975054811851,0.05678177913894464,0.006020733652312593,0.05678177913894464,0.0388297859238331,0.006020733652312593,0.05678177913894464,0.5697368421052632,adult,sex,26,related_feats,30.0,0.7783011708838661,0.45454545454545453,50.0,random,0.8646983220287512,0.34,50.0,0.1680223285486444,-0.1680223285486444,-0.09185394733576982,0.45454545454545453,0.09875314331338048,-0.45454545454545453,-0.11931818181818182,-0.09875314331338048,-0.08818870125370128,
0.9044797924767009,0.8494444444444444,0.7980572427817262,0.12356459330143532,0.12356459330143532,0.07153801273872118,0.1946443834432563,-0.12356459330143532,-0.07153801273872118,0.5909090909090909,adult,sex,26,proxy_soft,0.3,0.8920905980120579,0.15909090909090906,100.0,random,0.8984600990505973,0.32,100.0,0.1680223285486444,-0.1680223285486444,-0.09185394733576982,0.20454545454545459,0.17405938264460674,-0.20454545454545459,-0.05124223602484472,-0.17405938264460674,-0.07932669005445875,
0.9034208142623418,0.8494444444444444,0.7980572427817262,0.07910685805422646,0.07910685805422646,0.0652869559396293,0.183243315332079,-0.07910685805422646,-0.0652869559396293,0.6287878787878788,adult,sex,26,proxy_soft,1.0,0.8905905630950441,0.15909090909090906,100.0,random,0.8984600990505973,0.32,100.0,0.1680223285486444,-0.1680223285486444,-0.09185394733576982,0.20454545454545459,0.17405938264460674,-0.20454545454545459,-0.05124223602484472,-0.17405938264460674,-0.07932669005445875,
0.9012403458280067,0.8461111111111111,0.7935861854263402,0.06232057416267944,0.06232057416267944,0.05793827081410896,0.17310903256658805,-0.06232057416267944,-0.05793827081410896,0.6363636363636364,adult,sex,26,proxy_soft,3.0,0.8877692683721687,0.15909090909090906,100.0,random,0.8984600990505973,0.32,100.0,0.1680223285486444,-0.1680223285486444,-0.09185394733576982,0.20454545454545459,0.17405938264460674,-0.20454545454545459,-0.05124223602484472,-0.17405938264460674,-0.07932669005445875,
0.8960891081730928,0.845,0.7920958329745448,0.059688995215311014,0.059688995215311014,0.03881922430802383,0.15664082307266528,-0.059688995215311014,-0.03881922430802383,0.6363636363636364,adult,sex,26,proxy_soft,10.0,0.8815940780744431,0.15909090909090906,100.0,random,0.8984600990505973,0.32,100.0,0.1680223285486444,-0.1680223285486444,-0.09185394733576982,0.20454545454545459,0.17405938264460674,-0.20454545454545459,-0.05124223602484472,-0.17405938264460674,-0.07932669005445875,
0.8930351276072889,0.8438888888888889,0.7906054805227495,0.06594896331738442,0.06594896331738442,0.03220229140012246,0.15157368168991978,-0.06594896331738442,-0.03220229140012246,0.6287878787878788,adult,sex,26,proxy_soft,30.0,0.8781042389254871,0.15909090909090906,100.0,random,0.8984600990505973,0.32,100.0,0.1680223285486444,-0.1680223285486444,-0.09185394733576982,0.20454545454545459,0.17405938264460674,-0.20454545454545459,-0.05124223602484472,-0.17405938264460674,-0.07932669005445875,
0.9025597217346377,0.8477777777777777,0.7958217141040331,0.07515948963317387,0.07515948963317387,0.06239399547675563,0.17944295929501988,-0.07515948963317387,-0.06239399547675563,0.6287878787878788,adult,sex,26,proxy_confident,0.3,0.8902926045764568,0.15909090909090906,100.0,random,0.8984600990505973,0.32,100.0,0.1680223285486444,-0.1680223285486444,-0.09185394733576982,0.20454545454545459,0.17405938264460674,-0.20454545454545459,-0.05124223602484472,-0.17405938264460674,-0.07932669005445875,
0.9004740562757086,0.8461111111111111,0.7935861854263402,0.05637550661433599,0.053429027113237604,0.05637550661433599,0.1705754618752153,-0.053429027113237604,-0.05637550661433599,0.6439393939393939,adult,sex,26,proxy_confident,1.0,0.887110035149794,0.15909090909090906,100.0,random,0.8984600990505973,0.32,100.0,0.1680223285486444,-0.1680223285486444,-0.09185394733576982,0.20454545454545459,0.17405938264460674,-0.20454545454545459,-0.05124223602484472,-0.17405938264460674,-0.07932669005445875,
0.8981404127282724,0.8444444444444444,0.7913506567486471,0.058373205741626855,0.058373205741626855,0.047231489352370426,0.16297474980109708,-0.058373205741626855,-0.047231489352370426,0.6363636363636364,adult,sex,26,proxy_confident,3.0,0.8842198375194954,0.15909090909090906,100.0,random,0.8984600990505973,0.32,100.0,0.1680223285486444,-0.1680223285486444,-0.09185394733576982,0.20454545454545459,0.17405938264460674,-0.20454545454545459,-0.05124223602484472,-0.17405938264460674,-0.07932669005445875,
0.8969568244894714,0.845,0.7920958329745448,0.059688995215311014,0.059688995215311014,0.04663304530688868,0.16297474980109708,-0.059688995215311014,-0.04663304530688868,0.6363636363636364,adult,sex,26,proxy_confident,10.0,0.8827896366302752,0.15909090909090906,100.0,random,0.8984600990505973,0.32,100.0,0.1680223285486444,-0.1680223285486444,-0.09185394733576982,0.20454545454545459,0.17405938264460674,-0.20454545454545459,-0.05124223602484472,-0.17405938264460674,-0.07932669005445875,
0.896572644746342,0.845,0.7920958329745448,0.06858054226475274,0.06858054226475274,0.04663304530688868,0.16424153514678347,-0.06858054226475274,-0.04663304530688868,0.6287878787878788,adult,sex,26,proxy_confident,30.0,0.8823054540375708,0.15909090909090906,100.0,random,0.8984600990505973,0.32,100.0,0.1680223285486444,-0.1680223285486444,-0.09185394733576982,0.20454545454545459,0.17405938264460674,-0.20454545454545459,-0.05124223602484472,-0.17405938264460674,-0.07932669005445875,
0.8965548433142789,0.8438888888888889,0.7906054805227495,0.06594896331738442,0.06594896331738442,0.05408099019694407,0.16930867652952897,-0.06594896331738442,-0.05408099019694407,0.6287878787878788,adult,sex,26,related_feats,0.3,0.880564258944575,0.15909090909090906,100.0,random,0.8984600990505973,0.32,100.0,0.1680223285486444,-0.1680223285486444,-0.09185394733576982,0.20454545454545459,0.17405938264460674,-0.20454545454545459,-0.05124223602484472,-0.17405938264460674,-0.07932669005445875,
0.8823563383033827,0.8394444444444444,0.784644070715568,0.021362201766246716,0.019856459330143572,0.021362201766246716,0.13383868685031064,-0.019856459330143572,-0.021362201766246716,0.6590909090909091,adult,sex,26,related_feats,1.0,0.8657296492004003,0.6590909090909091,100.0,random,0.8984600990505973,0.32,100.0,0.1680223285486444,-0.1680223285486444,-0.09185394733576982,0.20454545454545459,0.17405938264460674,-0.20454545454545459,-0.05124223602484472,-0.17405938264460674,-0.07932669005445875,
0.8517796878208397,0.8133333333333334,0.7496207880983765,0.011363636363636354,0.011363636363636354,0.004168910110472643,0.10470262389952423,-0.011363636363636354,-0.004168910110472643,0.6136363636363636,adult,sex,26,related_feats,3.0,0.8346497823506133,0.5227272727272727,100.0,random,0.8984600990505973,0.32,100.0,0.1680223285486444,-0.1680223285486444,-0.09185394733576982,0.20454545454545459,0.17405938264460674,-0.20454545454545459,-0.05124223602484472,-0.17405938264460674,-0.07932669005445875,
0.8196948834544382,0.8005555555555556,0.7324817349027297,0.030512567036409283,0.016666666666666607,0.030512567036409283,0.07049941956599229,-0.016666666666666607,0.030512567036409283,0.5833333333333334,adult,sex,26,related_feats,10.0,0.8013827137503201,0.4772727272727273,100.0,random,0.8984600990505973,0.32,100.0,0.1680223285486444,-0.1680223285486444,-0.09185394733576982,0.20454545454545459,0.17405938264460674,-0.20454545454545459,-0.05124223602484472,-0.17405938264460674,-0.07932669005445875,
0.806024211603553,0.7905555555555556,0.7190685628365712,0.03849374461501351,0.010765550239234423,0.03849374461501351,0.057831566109128596,-0.010765550239234423,0.03849374461501351,0.5681818181818182,adult,sex,26,related_feats,30.0,0.7871244675155382,0.43181818181818177,100.0,random,0.8984600990505973,0.32,100.0,0.1680223285486444,-0.1680223285486444,-0.09185394733576982,0.20454545454545459,0.17405938264460674,-0.20454545454545459,-0.05124223602484472,-0.17405938264460674,-0.07932669005445875,
0.9054220264156692,0.85,0.798802419007624,0.14266347687400316,0.14266347687400316,0.0771906254923313,0.2022450955173745,-0.14266347687400316,-0.0771906254923313,0.5757575757575758,adult,sex,26,proxy_soft,0.3,0.8929649200400381,0.06657608695652174,200.0,random,0.89334958647901,0.355,200.0,0.1680223285486444,-0.1680223285486444,-0.09185394733576982,0.06657608695652174,0.17657061899228776,-0.050193050193050204,-0.06657608695652174,-0.17657061899228776,-0.08774745548777052,
0.9053404710176125,0.8505555555555555,0.7995475952335217,0.10841307814992018,0.10841307814992018,0.0750294172470766,0.19591116878894266,-0.10841307814992018,-0.0750294172470766,0.6060606060606061,adult,sex,26,proxy_soft,1.0,0.892225610465793,0.06657608695652174,200.0,random,0.89334958647901,0.355,200.0,0.1680223285486444,-0.1680223285486444,-0.09185394733576982,0.06657608695652174,0.17657061899228776,-0.050193050193050204,-0.06657608695652174,-0.17657061899228776,-0.08774745548777052,
0.9036700343112253,0.8522222222222222,0.8017831239112146,0.10346889952153104,0.10346889952153104,0.06854579251131243,0.1908440274061972,-0.10346889952153104,-0.06854579251131243,0.6136363636363636,adult,sex,26,proxy_soft,3.0,0.888834470076119,0.07744565217391304,200.0,random,0.89334958647901,0.355,200.0,0.1680223285486444,-0.1680223285486444,-0.09185394733576982,0.06657608695652174,0.17657061899228776,-0.050193050193050204,-0.06657608695652174,-0.17657061899228776,-0.08774745548777052,
0.8960307360353976,0.8461111111111111,0.7935861854263402,0.07121212121212117,0.07121212121212117,0.043873393016152215,0.16297474980109708,-0.07121212121212117,-0.043873393016152215,0.6287878787878788,adult,sex,26,proxy_soft,10.0,0.8787262273330385,0.07269021739130435,200.0,random,0.89334958647901,0.355,200.0,0.1680223285486444,-0.1680223285486444,-0.09185394733576982,0.06657608695652174,0.17657061899228776,-0.050193050193050204,-0.06657608695652174,-0.17657061899228776,-0.08774745548777052,
0.8902862553073106,0.8438888888888889,0.7906054805227495,0.06594896331738442,0.06594896331738442,0.03532781979966841,0.15410725238129255,-0.06594896331738442,-0.03532781979966841,0.6287878787878788,adult,sex,26,proxy_soft,30.0,0.8721664843222608,0.14671814671814676,200.0,random,0.89334958647901,0.355,200.0,0.1680223285486444,-0.1680223285486444,-0.09185394733576982,0.06657608695652174,0.17657061899228776,-0.050193050193050204,-0.06657608695652174,-0.17657061899228776,-0.08774745548777052,
0.9057420382060132,0.8511111111111112,0.8002927714594193,0.16307814992025527,0.16307814992025527,0.08380755840023268,0.2111125929371791,-0.16307814992025527,-0.08380755840023268,0.5606060606060606,adult,sex,26,proxy_confident,0.3,0.8932852254475196,0.06657608695652174,200.0,random,0.89334958647901,0.355,200.0,0.1680223285486444,-0.1680223285486444,-0.09185394733576982,0.06657608695652174,0.17657061899228776,-0.050193050193050204,-0.06657608695652174,-0.17657061899228776,-0.08774745548777052,
0.9038675060110882,0.8488888888888889,0.7973120665558286,0.1578149920255184,0.1578149920255184,0.07995027778306779,0.2060454515544336,-0.1578149920255184,-0.07995027778306779,0.5606060606060606,adult,sex,26,proxy_confident,1.0,0.8904034079005563,0.05095108695652174,200.0,random,0.89334958647901,0.355,200.0,0.1680223285486444,-0.1680223285486444,-0.09185394733576982,0.06657608695652174,0.17657061899228776,-0.050193050193050204,-0.06657608695652174,-0.17657061899228776,-0.08774745548777052,
0.9016758599333647,0.8466666666666667,0.7943313616522378,0.18811802232854868,0.18811802232854868,0.07296746876635694,0.20351188086306088,-0.18811802232854868,-0.07296746876635694,0.5303030303030303,adult,sex,26,proxy_confident,3.0,0.8875104169091459,0.05095108695652174,200.0,random,0.89334958647901,0.355,200.0,0.1680223285486444,-0.1680223285486444,-0.09185394733576982,0.06657608695652174,0.17657061899228776,-0.050193050193050204,-0.06657608695652174,-0.17657061899228776,-0.08774745548777052,
0.9004558408568533,0.8461111111111111,0.7935861854263402,0.18680223285486441,0.18680223285486441,0.06887762021251978,0.19971152482600177,-0.18680223285486441,-0.06887762021251978,0.5303030303030303,adult,sex,26,proxy_confident,10.0,0.8860522824088083,0.05095108695652174,200.0,random,0.89334958647901,0.355,200.0,0.1680223285486444,-0.1680223285486444,-0.09185394733576982,0.06657608695652174,0.17657061899228776,-0.050193050193050204,-0.06657608695652174,-0.17657061899228776,-0.08774745548777052,
0.9000762149684377,0.8461111111111111,0.7935861854263402,0.17791068580542269,0.17791068580542269,0.06731485601274678,0.19717795413462902,-0.17791068580542269,-0.06731485601274678,0.5378787878787878,adult,sex,26,proxy_confident,30.0,0.8855820666216623,0.05095108695652174,200.0,random,0.89334958647901,0.355,200.0,0.1680223285486444,-0.1680223285486444,-0.09185394733576982,0.06657608695652174,0.17657061899228776,-0.050193050193050204,-0.06657608695652174,-0.17657061899228776,-0.08774745548777052,
0.8957417732544661,0.8427777777777777,0.7891151280709541,0.03339917949108595,0.009968102073365293,0.03339917949108595,0.14397296961580158,-0.009968102073365293,-0.03339917949108595,0.6742424242424242,adult,sex,26,related_feats,0.3,0.8799944132777765,0.11969111969111967,200.0,random,0.89334958647901,0.355,200.0,0.1680223285486444,-0.1680223285486444,-0.09185394733576982,0.06657608695652174,0.17657061899228776,-0.050193050193050204,-0.06657608695652174,-0.17657061899228776,-0.08774745548777052,
0.8837626514363686,0.8394444444444444,0.784644070715568,0.015709728867623673,0.015709728867623673,0.00886008816806294,0.11863726270207425,0.015709728867623673,-0.00886008816806294,0.6736842105263158,adult,sex,26,related_feats,1.0,0.8669894550618031,0.11969111969111967,200.0,random,0.89334958647901,0.355,200.0,0.1680223285486444,-0.1680223285486444,-0.09185394733576982,0.06657608695652174,0.17657061899228776,-0.050193050193050204,-0.06657608695652174,-0.17657061899228776,-0.08774745548777052,
0.8585810768293248,0.8216666666666667,0.7607984314868419,0.013357256778309345,0.013357256778309345,0.0045688346268842744,0.10596940924521062,0.013357256778309345,-0.0045688346268842744,0.6381578947368421,adult,sex,26,related_feats,3.0,0.8400037244814823,0.17374517374517373,200.0,random,0.89334958647901,0.355,200.0,0.1680223285486444,-0.1680223285486444,-0.09185394733576982,0.06657608695652174,0.17657061899228776,-0.050193050193050204,-0.06657608695652174,-0.17657061899228776,-0.08774745548777052,
0.8182653870610912,0.8011111111111111,0.7332269111286273,0.017046133283934284,0.008692185007974529,0.017046133283934284,0.07810013164011051,0.008692185007974529,0.017046133283934284,0.5973684210526315,adult,sex,26,related_feats,10.0,0.7971768430363836,0.17374517374517373,200.0,random,0.89334958647901,0.355,200.0,0.1680223285486444,-0.1680223285486444,-0.09185394733576982,0.06657608695652174,0.17657061899228776,-0.050193050193050204,-0.06657608695652174,-0.17657061899228776,-0.08774745548777052,
0.7968221131873008,0.7858333333333334,0.712922514920084,0.02216839880726698,0.00023923444976070574,0.02216839880726698,0.06711041688146305,-0.00023923444976070574,0.02216839880726698,0.5681818181818182,adult,sex,26,related_feats,30.0,0.7759780255592542,0.20077220077220082,200.0,random,0.89334958647901,0.355,200.0,0.1680223285486444,-0.1680223285486444,-0.09185394733576982,0.06657608695652174,0.17657061899228776,-0.050193050193050204,-0.06657608695652174,-0.17657061899228776,-0.08774745548777052,
0.9048867414933993,0.8505555555555555,0.7995475952335217,0.11730462519936202,0.11730462519936202,0.07190388884753066,0.1946443834432563,-0.11730462519936202,-0.07190388884753066,0.5984848484848485,adult,sex,26,proxy_soft,0.3,0.8923894876510161,0.1506024096385542,400.0,random,0.9252620924176025,0.3675,400.0,0.1680223285486444,-0.1680223285486444,-0.09185394733576982,0.1506024096385542,0.16323762289165267,-0.1506024096385542,-0.13887660327288812,-0.16323762289165267,-0.0995812820252967,
0.9041895877353929,0.8505555555555555,0.7995475952335217,0.09062998405103673,0.09062998405103673,0.0687783604479847,0.18831045671482446,-0.09062998405103673,-0.0687783604479847,0.6212121212121212,adult,sex,26,proxy_soft,1.0,0.8911659954840662,0.1506024096385542,400.0,random,0.9252620924176025,0.3675,400.0,0.1680223285486444,-0.1680223285486444,-0.09185394733576982,0.1506024096385542,0.16323762289165267,-0.1506024096385542,-0.13887660327288812,-0.16323762289165267,-0.0995812820252967,
0.9009816040829034,0.85,0.798802419007624,0.05843745509505564,0.05374800637958532,0.05843745509505564,0.17437581791227438,-0.05374800637958532,-0.05843745509505564,0.6515151515151515,adult,sex,26,proxy_soft,3.0,0.886269233455155,0.0791738382099828,400.0,random,0.9252620924176025,0.3675,400.0,0.1680223285486444,-0.1680223285486444,-0.09185394733576982,0.1506024096385542,0.16323762289165267,-0.1506024096385542,-0.13887660327288812,-0.16323762289165267,-0.0995812820252967,
0.8892769555080114,0.8388888888888889,0.7838988944896701,0.05410685805422644,0.05410685805422644,0.025086174211274417,0.14143939892442886,-0.05410685805422644,-0.025086174211274417,0.6287878787878788,adult,sex,26,proxy_soft,10.0,0.873096673572476,0.040447504302925985,400.0,random,0.9252620924176025,0.3675,400.0,0.1680223285486444,-0.1680223285486444,-0.09185394733576982,0.1506024096385542,0.16323762289165267,-0.1506024096385542,-0.13887660327288812,-0.16323762289165267,-0.0995812820252967,
0.881328409098436,0.8322222222222222,0.774956779778898,0.03831738437001597,0.03831738437001597,0.0010122187615959344,0.11610369201070153,-0.03831738437001597,-0.0010122187615959344,0.6287878787878788,adult,sex,26,proxy_soft,30.0,0.8647147279964617,0.030981067125645523,400.0,random,0.9252620924176025,0.3675,400.0,0.1680223285486444,-0.1680223285486444,-0.09185394733576982,0.1506024096385542,0.16323762289165267,-0.1506024096385542,-0.13887660327288812,-0.16323762289165267,-0.0995812820252967,
0.9052481519629597,0.8505555555555555,0.7995475952335217,0.161762360446571,0.161762360446571,0.08753153084526036,0.2136461636285518,-0.161762360446571,-0.08753153084526036,0.5606060606060606,adult,sex,26,proxy_confident,0.3,0.8927302777066505,0.1506024096385542,400.0,random,0.9252620924176025,0.3675,400.0,0.1680223285486444,-0.1680223285486444,-0.09185394733576982,0.1506024096385542,0.16323762289165267,-0.1506024096385542,-0.13887660327288812,-0.16323762289165267,-0.0995812820252967,
0.9031848417908076,0.85,0.798802419007624,0.16044657097288684,0.16044657097288684,0.0787533896921043,0.2060454515544336,-0.16044657097288684,-0.0787533896921043,0.5606060606060606,adult,sex,26,proxy_confident,1.0,0.8898894294559929,0.20998278829604128,400.0,random,0.9252620924176025,0.3675,400.0,0.1680223285486444,-0.1680223285486444,-0.09185394733576982,0.1506024096385542,0.16323762289165267,-0.1506024096385542,-0.13887660327288812,-0.16323762289165267,-0.0995812820252967,
0.9013508803015149,0.8477777777777777,0.7958217141040331,0.18185805422647527,0.18185805422647527,0.07645887327471235,0.2060454515544336,-0.18185805422647527,-0.07645887327471235,0.5378787878787878,adult,sex,26,proxy_confident,3.0,0.8875094857887754,0.197934595524957,400.0,random,0.9252620924176025,0.3675,400.0,0.1680223285486444,-0.1680223285486444,-0.09185394733576982,0.1506024096385542,0.16323762289165267,-0.1506024096385542,-0.13887660327288812,-0.16323762289165267,-0.0995812820252967,
0.9003651777493691,0.8455555555555555,0.7928410092004425,0.19437799043062198,0.19437799043062198,0.07260159265754745,0.20351188086306088,-0.19437799043062198,-0.07260159265754745,0.5227272727272727,adult,sex,26,proxy_confident,10.0,0.8864200749551898,0.197934595524957,400.0,random,0.9252620924176025,0.3675,400.0,0.1680223285486444,-0.1680223285486444,-0.09185394733576982,0.1506024096385542,0.16323762289165267,-0.1506024096385542,-0.13887660327288812,-0.16323762289165267,-0.0995812820252967,
0.899996729504342,0.8455555555555555,0.7928410092004425,0.19437799043062198,0.19437799043062198,0.07260159265754745,0.20351188086306088,-0.19437799043062198,-0.07260159265754745,0.5227272727272727,adult,sex,26,proxy_confident,30.0,0.8861034940291906,0.197934595524957,400.0,random,0.9252620924176025,0.3675,400.0,0.1680223285486444,-0.1680223285486444,-0.09185394733576982,0.1506024096385542,0.16323762289165267,-0.1506024096385542,-0.13887660327288812,-0.16323762289165267,-0.0995812820252967,
0.8957417732544661,0.8427777777777777,0.7891151280709541,0.03339917949108595,0.009968102073365293,0.03339917949108595,0.14397296961580158,-0.009968102073365293,-0.03339917949108595,0.6742424242424242,adult,sex,26,related_feats,0.3,0.8799944132777765,0.07573149741824448,400.0,random,0.9252620924176025,0.3675,400.0,0.1680223285486444,-0.1680223285486444,-0.09185394733576982,0.1506024096385542,0.16323762289165267,-0.1506024096385542,-0.13887660327288812,-0.16323762289165267,-0.0995812820252967,
0.8837626514363686,0.8394444444444444,0.784644070715568,0.015709728867623673,0.015709728867623673,0.00886008816806294,0.11863726270207425,0.015709728867623673,-0.00886008816806294,0.6736842105263158,adult,sex,26,related_feats,1.0,0.8669894550618031,0.03958691910499146,400.0,random,0.9252620924176025,0.3675,400.0,0.1680223285486444,-0.1680223285486444,-0.09185394733576982,0.1506024096385542,0.16323762289165267,-0.1506024096385542,-0.13887660327288812,-0.16323762289165267,-0.0995812820252967,
0.8585810768293247,0.8216666666666667,0.7607984314868419,0.013357256778309345,0.013357256778309345,0.0045688346268842744,0.10596940924521062,0.013357256778309345,-0.0045688346268842744,0.6381578947368421,adult,sex,26,related_feats,3.0,0.8400037244814823,0.040447504302925985,400.0,random,0.9252620924176025,0.3675,400.0,0.1680223285486444,-0.1680223285486444,-0.09185394733576982,0.1506024096385542,0.16323762289165267,-0.1506024096385542,-0.13887660327288812,-0.16323762289165267,-0.0995812820252967,
0.8182703549025973,0.8011111111111111,0.7332269111286273,0.017046133283934284,0.008692185007974529,0.017046133283934284,0.07810013164011051,0.008692185007974529,0.017046133283934284,0.5973684210526315,adult,sex,26,related_feats,10.0,0.7971973276845365,0.03533834586466164,400.0,random,0.9252620924176025,0.3675,400.0,0.1680223285486444,-0.1680223285486444,-0.09185394733576982,0.1506024096385542,0.16323762289165267,-0.1506024096385542,-0.13887660327288812,-0.16323762289165267,-0.0995812820252967,
0.7968130054778733,0.785,0.7116168005775945,0.02156995476178522,0.0023923444976077235,0.02156995476178522,0.0666990635289332,0.0023923444976077235,0.02156995476178522,0.5657894736842105,adult,sex,26,related_feats,30.0,0.7759519541888777,0.03533834586466164,400.0,random,0.9252620924176025,0.3675,400.0,0.1680223285486444,-0.1680223285486444,-0.09185394733576982,0.1506024096385542,0.16323762289165267,-0.1506024096385542,-0.13887660327288812,-0.16323762289165267,-0.0995812820252967,
0.9034688367302329,0.8505555555555555,0.7995475952335217,0.08173843700159489,0.08173843700159489,0.060964539449119844,0.18070974464070627,-0.08173843700159489,-0.060964539449119844,0.6287878787878788,adult,sex,26,proxy_soft,0.3,0.8908326543913966,0.6363636363636364,25.0,strat_y,0.8253534768030631,0.3333333333333333,24.0,0.1680223285486444,-0.1680223285486444,-0.09185394733576982,0.6363636363636364,0.20751744727056343,-0.6363636363636364,0.14285714285714285,-0.20751744727056343,-0.11977259452252725,
0.90002695054017,0.8461111111111111,0.7935861854263402,0.053429027113237604,0.053429027113237604,0.046998921415698156,0.16297474980109708,-0.053429027113237604,-0.046998921415698156,0.6439393939393939,adult,sex,26,proxy_soft,1.0,0.8864703554552015,0.6363636363636364,25.0,strat_y,0.8253534768030631,0.3333333333333333,24.0,0.1680223285486444,-0.1680223285486444,-0.09185394733576982,0.6363636363636364,0.20751744727056343,-0.6363636363636364,0.14285714285714285,-0.20751744727056343,-0.11977259452252725,
0.8946376704797611,0.8433333333333334,0.7898603042968516,0.028112442846285293,0.011283891547049452,0.028112442846285293,0.14017261357874247,-0.011283891547049452,-0.028112442846285293,0.6742424242424242,adult,sex,26,proxy_soft,3.0,0.8795679601480481,0.6363636363636364,25.0,strat_y,0.8253534768030631,0.3333333333333333,24.0,0.1680223285486444,-0.1680223285486444,-0.09185394733576982,0.6363636363636364,0.20751744727056343,-0.6363636363636364,0.14285714285714285,-0.20751744727056343,-0.11977259452252725,
0.883423182266793,0.8372222222222222,0.781663365811977,0.05653907496012767,0.05653907496012767,0.011253864349989942,0.11357012131932881,0.05653907496012767,-0.011253864349989942,0.6631578947368421,adult,sex,26,proxy_soft,10.0,0.8663376708023929,0.6363636363636364,25.0,strat_y,0.8253534768030631,0.3333333333333333,24.0,0.1680223285486444,-0.1680223285486444,-0.09185394733576982,0.6363636363636364,0.20751744727056343,-0.6363636363636364,0.14285714285714285,-0.20751744727056343,-0.11977259452252725,
0.8732689142285605,0.8255555555555556,0.7660146650681257,0.06638755980861244,0.06638755980861244,0.017570132506014732,0.11103655062795603,0.06638755980861244,-0.017570132506014732,0.6381578947368421,adult,sex,26,proxy_soft,30.0,0.8553606927535559,0.36363636363636365,25.0,strat_y,0.8253534768030631,0.3333333333333333,24.0,0.1680223285486444,-0.1680223285486444,-0.09185394733576982,0.6363636363636364,0.20751744727056343,-0.6363636363636364,0.14285714285714285,-0.20751744727056343,-0.11977259452252725,
0.9054224404024614,0.8477777777777777,0.7958217141040331,0.1374003189792663,0.1374003189792663,0.07802163747448534,0.2009783101716881,-0.1374003189792663,-0.07802163747448534,0.5757575757575758,adult,sex,26,proxy_soft,0.3,0.8925952652529157,0.41666666666666663,50.0,strat_y,0.8637728320133718,0.18,50.0,0.1680223285486444,-0.1680223285486444,-0.09185394733576982,0.41666666666666663,0.10570358585206074,0.41666666666666663,0.0,-0.10570358585206074,-0.08345733196099518,
0.9048792897311404,0.8494444444444444,0.7980572427817262,0.1146730462519936,0.1146730462519936,0.07622630533804009,0.19717795413462902,-0.1146730462519936,-0.07622630533804009,0.5984848484848485,adult,sex,26,proxy_soft,1.0,0.8914667473637655,0.41666666666666663,50.0,strat_y,0.8637728320133718,0.18,50.0,0.1680223285486444,-0.1680223285486444,-0.09185394733576982,0.41666666666666663,0.10570358585206074,0.41666666666666663,0.0,-0.10570358585206074,-0.08345733196099518,
0.902054657848196,0.8511111111111112,0.8002927714594193,0.10972886762360445,0.10972886762360445,0.06974268060227592,0.19211081275188358,-0.10972886762360445,-0.06974268060227592,0.6060606060606061,adult,sex,26,proxy_soft,3.0,0.8877273679554925,0.375,50.0,strat_y,0.8637728320133718,0.18,50.0,0.1680223285486444,-0.1680223285486444,-0.09185394733576982,0.41666666666666663,0.10570358585206074,0.41666666666666663,0.0,-0.10570358585206074,-0.08345733196099518,
0.8944679358949731,0.8461111111111111,0.7935861854263402,0.1067783094098883,0.1067783094098883,0.045436157215925185,0.16930867652952897,-0.1067783094098883,-0.045436157215925185,0.5984848484848485,adult,sex,26,proxy_soft,10.0,0.879458087944319,0.375,50.0,strat_y,0.8637728320133718,0.18,50.0,0.1680223285486444,-0.1680223285486444,-0.09185394733576982,0.41666666666666663,0.10570358585206074,0.41666666666666663,0.0,-0.10570358585206074,-0.08345733196099518,
0.8903413155506685,0.8427777777777777,0.7891151280709541,0.11666666666666659,0.11666666666666659,0.03496194369085892,0.16044117910972436,-0.11666666666666659,-0.03496194369085892,0.5833333333333334,adult,sex,26,proxy_soft,30.0,0.8751144114155357,0.375,50.0,strat_y,0.8637728320133718,0.18,50.0,0.1680223285486444,-0.1680223285486444,-0.09185394733576982,0.41666666666666663,0.10570358585206074,0.41666666666666663,0.0,-0.10570358585206074,-0.08345733196099518,
0.905171150419617,0.8483333333333334,0.7965668903299309,0.13871610845295046,0.13871610845295046,0.07742319342900358,0.2009783101716881,-0.13871610845295046,-0.07742319342900358,0.5757575757575758,adult,sex,26,proxy_soft,0.3,0.8931036569752555,0.19047619047619047,100.0,strat_y,0.8514166984931766,0.29,100.0,0.1680223285486444,-0.1680223285486444,-0.09185394733576982,0.19047619047619047,0.17163210456364775,-0.19047619047619047,-0.10344827586206896,-0.17163210456364775,-0.08104309583511606,
0.9047637874161263,0.85,0.798802419007624,0.12488038277511959,0.12488038277511959,0.07250233289301242,0.19591116878894266,-0.12488038277511959,-0.07250233289301242,0.5909090909090909,adult,sex,26,proxy_soft,1.0,0.8924835308084453,0.06896551724137931,100.0,strat_y,0.8514166984931766,0.29,100.0,0.1680223285486444,-0.1680223285486444,-0.09185394733576982,0.19047619047619047,0.17163210456364775,-0.19047619047619047,-0.10344827586206896,-0.17163210456364775,-0.08104309583511606,
0.902695509402468,0.8505555555555555,0.7995475952335217,0.10841307814992018,0.10841307814992018,0.0687783604479847,0.1908440274061972,-0.10841307814992018,-0.0687783604479847,0.6060606060606061,adult,sex,26,proxy_soft,3.0,0.8899937149374986,0.06896551724137931,100.0,strat_y,0.8514166984931766,0.29,100.0,0.1680223285486444,-0.1680223285486444,-0.09185394733576982,0.19047619047619047,0.17163210456364775,-0.19047619047619047,-0.10344827586206896,-0.17163210456364775,-0.08104309583511606,
0.8932802077882507,0.8433333333333334,0.7898603042968516,0.10019936204146729,0.10019936204146729,0.03592626384515016,0.15917439376403797,-0.10019936204146729,-0.03592626384515016,0.5984848484848485,adult,sex,26,proxy_soft,10.0,0.8808929444353919,0.034482758620689655,100.0,strat_y,0.8514166984931766,0.29,100.0,0.1680223285486444,-0.1680223285486444,-0.09185394733576982,0.19047619047619047,0.17163210456364775,-0.19047619047619047,-0.10344827586206896,-0.17163210456364775,-0.08104309583511606,
0.8865955630551562,0.8377777777777777,0.7824085420378749,0.07814992025518341,0.07814992025518341,0.02628306230223791,0.14523975496148797,-0.07814992025518341,-0.02628306230223791,0.6060606060606061,adult,sex,26,proxy_soft,30.0,0.8744672827579785,0.034482758620689655,100.0,strat_y,0.8514166984931766,0.29,100.0,0.1680223285486444,-0.1680223285486444,-0.09185394733576982,0.19047619047619047,0.17163210456364775,-0.19047619047619047,-0.10344827586206896,-0.17163210456364775,-0.08104309583511606,
0.9051993015214843,0.8488888888888889,0.7973120665558286,0.14003189792663473,0.14003189792663473,0.07526198518374885,0.19971152482600177,-0.14003189792663473,-0.07526198518374885,0.5757575757575758,adult,sex,26,proxy_soft,0.3,0.8927610046788798,0.16319444444444445,200.0,strat_y,0.8951489183185122,0.255,200.0,0.1680223285486444,-0.1680223285486444,-0.09185394733576982,0.17881944444444445,0.1601755521835705,-0.14901960784313728,-0.17881944444444445,-0.1601755521835705,-0.0853166923588396,
0.9049351779480828,0.8488888888888889,0.7973120665558286,0.11335725677830943,0.11335725677830943,0.07369922098397591,0.1946443834432563,-0.11335725677830943,-0.07369922098397591,0.5984848484848485,adult,sex,26,proxy_soft,1.0,0.8919974859749995,0.14756944444444445,200.0,strat_y,0.8951489183185122,0.255,200.0,0.1680223285486444,-0.1680223285486444,-0.09185394733576982,0.17881944444444445,0.1601755521835705,-0.14901960784313728,-0.17881944444444445,-0.1601755521835705,-0.0853166923588396,
0.9033508504944658,0.85,0.798802419007624,0.08931419457735246,0.08931419457735246,0.06468851189414754,0.18451010067776535,-0.08931419457735246,-0.06468851189414754,0.6212121212121212,adult,sex,26,proxy_soft,3.0,0.8897963174189343,0.13194444444444445,200.0,strat_y,0.8951489183185122,0.255,200.0,0.1680223285486444,-0.1680223285486444,-0.09185394733576982,0.17881944444444445,0.1601755521835705,-0.14901960784313728,-0.17881944444444445,-0.1601755521835705,-0.0853166923588396,
0.8947962274211604,0.8472222222222222,0.7950765378781356,0.0738437001594896,0.0738437001594896,0.0551786185233725,0.17310903256658805,-0.0738437001594896,-0.0551786185233725,0.6287878787878788,adult,sex,26,proxy_soft,10.0,0.8799497194999885,0.08854166666666667,200.0,strat_y,0.8951489183185122,0.255,200.0,0.1680223285486444,-0.1680223285486444,-0.09185394733576982,0.17881944444444445,0.1601755521835705,-0.14901960784313728,-0.17881944444444445,-0.1601755521835705,-0.0853166923588396,
0.8882684836822966,0.8438888888888889,0.7906054805227495,0.06594896331738442,0.06594896331738442,0.04157887659876029,0.15917439376403797,-0.06594896331738442,-0.04157887659876029,0.6287878787878788,adult,sex,26,proxy_soft,30.0,0.8726162154612538,0.08627450980392148,200.0,strat_y,0.8951489183185122,0.255,200.0,0.1680223285486444,-0.1680223285486444,-0.09185394733576982,0.17881944444444445,0.1601755521835705,-0.14901960784313728,-0.17881944444444445,-0.1601755521835705,-0.0853166923588396,
0.9052299365441044,0.8488888888888889,0.7973120665558286,0.14003189792663473,0.14003189792663473,0.07682474938352185,0.2009783101716881,-0.14003189792663473,-0.07682474938352185,0.5757575757575758,adult,sex,26,proxy_soft,0.3,0.8927870760492562,0.11733333333333332,400.0,strat_y,0.9066216525674279,0.2675,400.0,0.1680223285486444,-0.1680223285486444,-0.09185394733576982,0.11733333333333332,0.1357297920754541,-0.10565476190476186,-0.11733333333333332,-0.1357297920754541,-0.09533676784094092,
0.905051094249889,0.8505555555555555,0.7995475952335217,0.10841307814992018,0.10841307814992018,0.0750294172470766,0.19591116878894266,-0.10841307814992018,-0.0750294172470766,0.6060606060606061,adult,sex,26,proxy_soft,1.0,0.8918326776694057,0.096,400.0,strat_y,0.9066216525674279,0.2675,400.0,0.1680223285486444,-0.1680223285486444,-0.09185394733576982,0.11733333333333332,0.1357297920754541,-0.10565476190476186,-0.11733333333333332,-0.1357297920754541,-0.09533676784094092,
0.9025675874836889,0.8494444444444444,0.7980572427817262,0.0879984051036683,0.0879984051036683,0.06684972013940225,0.18577688602345171,-0.0879984051036683,-0.06684972013940225,0.6212121212121212,adult,sex,26,proxy_soft,3.0,0.8882925580204382,0.058666666666666666,400.0,strat_y,0.9066216525674279,0.2675,400.0,0.1680223285486444,-0.1680223285486444,-0.09185394733576982,0.11733333333333332,0.1357297920754541,-0.10565476190476186,-0.11733333333333332,-0.1357297920754541,-0.09533676784094092,
0.8920403173457154,0.8411111111111111,0.786879599393261,0.059370015948963295,0.059370015948963295,0.03206898322798525,0.14904011099854705,-0.059370015948963295,-0.03206898322798525,0.6287878787878788,adult,sex,26,proxy_soft,10.0,0.8745315300635489,0.0625,400.0,strat_y,0.9066216525674279,0.2675,400.0,0.1680223285486444,-0.1680223285486444,-0.09185394733576982,0.11733333333333332,0.1357297920754541,-0.10565476190476186,-0.11733333333333332,-0.1357297920754541,-0.09533676784094092,
0.884154282941757,0.8355555555555556,0.779427837134284,0.06399521531100483,0.06399521531100483,0.020863017485300034,0.13763904288736975,-0.06399521531100483,-0.020863017485300034,0.6136363636363636,adult,sex,26,proxy_soft,30.0,0.8659810517004586,0.0625,400.0,strat_y,0.9066216525674279,0.2675,400.0,0.1680223285486444,-0.1680223285486444,-0.09185394733576982,0.11733333333333332,0.1357297920754541,-0.10565476190476186,-0.11733333333333332,-0.1357297920754541,-0.09533676784094092,
0.9054232683760457,0.8466666666666667,0.7943313616522378,0.17033492822966512,0.17033492822966512,0.08859511076408666,0.2136461636285518,-0.17033492822966512,-0.08859511076408666,0.5454545454545454,adult,sex,26,proxy_soft,0.3,0.8933485416327196,0.11764705882352941,25.0,random_mnar,0.7722618578487338,0.08,,,,,,,,,,,
0.9043274453371839,0.8472222222222222,0.7950765378781356,0.14497607655502387,0.14497607655502387,0.08643390251883194,0.20857902224580632,-0.14497607655502387,-0.08643390251883194,0.5681818181818182,adult,sex,26,proxy_soft,1.0,0.8921054959379875,0.058823529411764705,25.0,random_mnar,0.7722618578487338,0.08,,,,,,,,,,,
0.9018174434162853,0.8472222222222222,0.7950765378781356,0.1271929824561403,0.1271929824561403,0.07862008151996708,0.19971152482600177,-0.1271929824561403,-0.07862008151996708,0.5833333333333334,adult,sex,26,proxy_soft,3.0,0.8897478991596638,0.058823529411764705,25.0,random_mnar,0.7722618578487338,0.08,,,,,,,,,,,
0.8957860698412279,0.8422222222222222,0.7883699518450563,0.12424242424242415,0.12424242424242415,0.0683784359315731,0.18831045671482446,-0.12424242424242415,-0.0683784359315731,0.5757575757575758,adult,sex,26,proxy_soft,10.0,0.8827281826858168,0.4411764705882353,25.0,random_mnar,0.7722618578487338,0.08,,,,,,,,,,,
0.8920585327645706,0.8416666666666667,0.7876247756191586,0.14070972886762367,0.14070972886762367,0.06585135157750888,0.18831045671482446,-0.14070972886762367,-0.06585135157750888,0.5606060606060606,adult,sex,26,proxy_soft,30.0,0.8780763053143694,0.38235294117647056,25.0,random_mnar,0.7722618578487338,0.08,,,,,,,,,,,
0.9062918126660088,0.8511111111111112,0.8002927714594193,0.15418660287081332,0.15418660287081332,0.0884958509995516,0.2136461636285518,-0.15418660287081332,-0.0884958509995516,0.5681818181818182,adult,sex,26,proxy_soft,0.3,0.8933559905956843,0.21428571428571427,50.0,random_mnar,0.8184926222204443,0.2,,,,,,,,,,,
0.9062607636565964,0.85,0.798802419007624,0.1515550239234449,0.1515550239234449,0.08969273909051509,0.2136461636285518,-0.1515550239234449,-0.08969273909051509,0.5681818181818182,adult,sex,26,proxy_soft,1.0,0.8928494611140856,0.21428571428571427,50.0,random_mnar,0.8184926222204443,0.2,,,,,,,,,,,
0.9033264252737281,0.8516666666666667,0.8010379476853171,0.11993620414673045,0.11993620414673045,0.08164635015497797,0.20351188086306088,-0.11993620414673045,-0.08164635015497797,0.5984848484848485,adult,sex,26,proxy_soft,3.0,0.8901417630764216,0.17857142857142858,50.0,random_mnar,0.8184926222204443,0.2,,,,,,,,,,,
0.8947622805042028,0.8427777777777777,0.7891151280709541,0.09888357256778302,0.09888357256778302,0.06309169928677243,0.18070974464070627,-0.09888357256778302,-0.06309169928677243,0.5984848484848485,adult,sex,26,proxy_soft,10.0,0.8824935403524291,0.8333333333333334,50.0,random_mnar,0.8184926222204443,0.2,,,,,,,,,,,
0.8894711153135371,0.8405555555555555,0.7861344231673633,0.09362041467304627,0.09362041467304627,0.046732305071423744,0.16550832049246986,-0.09362041467304627,-0.046732305071423744,0.5984848484848485,adult,sex,26,proxy_soft,30.0,0.8778193160920879,0.8333333333333334,50.0,random_mnar,0.8184926222204443,0.2,,,,,,,,,,,
0.90506848169516,0.8461111111111111,0.7935861854263402,0.12456140350877187,0.12456140350877187,0.07512867701161166,0.19591116878894266,-0.12456140350877187,-0.07512867701161166,0.5833333333333334,adult,sex,26,proxy_soft,0.3,0.8929798179659675,0.41666666666666663,100.0,random_mnar,0.8401071370837937,0.16,,,,,,,,,,,
0.9041788240787965,0.8461111111111111,0.7935861854263402,0.1067783094098883,0.1067783094098883,0.06731485601274678,0.18704367136913808,-0.1067783094098883,-0.06731485601274678,0.5984848484848485,adult,sex,26,proxy_soft,1.0,0.8917926394934703,0.41666666666666663,100.0,random_mnar,0.8401071370837937,0.16,,,,,,,,,,,
0.9031571046757323,0.8483333333333334,0.7965668903299309,0.07647527910685803,0.07647527910685803,0.06179555143127387,0.17944295929501988,-0.07647527910685803,-0.06179555143127387,0.6287878787878788,adult,sex,26,proxy_soft,3.0,0.8904117879838918,0.41666666666666663,100.0,random_mnar,0.8401071370837937,0.16,,,,,,,,,,,
0.9015769170900372,0.845,0.7920958329745448,0.09525518341307815,0.09525518341307815,0.051321337906207604,0.17184224722090166,-0.09525518341307815,-0.051321337906207604,0.6060606060606061,adult,sex,26,proxy_soft,10.0,0.888211550548197,0.41666666666666663,100.0,random_mnar,0.8401071370837937,0.16,,,,,,,,,,,
0.900189647349491,0.8461111111111111,0.7935861854263402,0.1067783094098883,0.1067783094098883,0.043873393016152215,0.16804189118384258,-0.1067783094098883,-0.043873393016152215,0.5984848484848485,adult,sex,26,proxy_soft,30.0,0.8862226774366255,0.41666666666666663,100.0,random_mnar,0.8401071370837937,0.16,,,,,,,,,,,
0.9053177017440437,0.8477777777777777,0.7958217141040331,0.15518341307814998,0.15518341307814998,0.07958440167425829,0.2047786662087472,-0.15518341307814998,-0.07958440167425829,0.5606060606060606,adult,sex,26,proxy_soft,0.3,0.893004027095603,0.10483870967741936,200.0,random_mnar,0.89531006573878,0.12,,,,,,,,,,,
0.9053826976704136,0.8494444444444444,0.7980572427817262,0.13245614035087716,0.13245614035087716,0.07778906953781306,0.2009783101716881,-0.13245614035087716,-0.07778906953781306,0.5833333333333334,adult,sex,26,proxy_soft,1.0,0.8926231988640331,0.0967741935483871,200.0,random_mnar,0.89531006573878,0.12,,,,,,,,,,,
0.9051020146253255,0.8483333333333334,0.7965668903299309,0.12982456140350873,0.12982456140350873,0.07898595762877655,0.2009783101716881,-0.12982456140350873,-0.07898595762877655,0.5833333333333334,adult,sex,26,proxy_soft,3.0,0.8916902162527061,0.3076923076923077,200.0,random_mnar,0.89531006573878,0.12,,,,,,,,,,,
0.9010267286432494,0.8488888888888889,0.7973120665558286,0.1044657097288676,0.1044657097288676,0.06119710738579212,0.183243315332079,-0.1044657097288676,-0.06119710738579212,0.6060606060606061,adult,sex,26,proxy_soft,10.0,0.8875728019739751,0.3076923076923077,200.0,random_mnar,0.89531006573878,0.12,,,,,,,,,,,
0.8989054603201939,0.8472222222222222,0.7950765378781356,0.0738437001594896,0.0738437001594896,0.05830414692291844,0.17564260325796077,-0.0738437001594896,-0.05830414692291844,0.6287878787878788,adult,sex,26,proxy_soft,30.0,0.8848055122325938,0.3076923076923077,200.0,random_mnar,0.89531006573878,0.12,,,,,,,,,,,
0.9053251535063026,0.8483333333333334,0.7965668903299309,0.16539074960127598,0.16539074960127598,0.08367425022809546,0.20984580759149268,-0.16539074960127598,-0.08367425022809546,0.553030303030303,adult,sex,26,proxy_soft,0.3,0.8930868968085849,0.11518505707367693,400.0,random_mnar,0.8792943160785757,0.1475,,,,,,,,,,,
0.9052812709063329,0.8494444444444444,0.7980572427817262,0.15023923444976073,0.15023923444976073,0.08091459793735901,0.2060454515544336,-0.15023923444976073,-0.08091459793735901,0.5681818181818182,adult,sex,26,proxy_soft,1.0,0.8926557880770035,0.10671048080249049,400.0,random_mnar,0.8792943160785757,0.1475,,,,,,,,,,,
0.9035458382735757,0.8483333333333334,0.7965668903299309,0.120933014354067,0.120933014354067,0.08211148602832251,0.2022450955173745,-0.120933014354067,-0.08211148602832251,0.5909090909090909,adult,sex,26,proxy_soft,3.0,0.8898968784189576,0.10671048080249049,400.0,random_mnar,0.8792943160785757,0.1475,,,,,,,,,,,
0.8952126981340787,0.8444444444444444,0.7913506567486471,0.12061403508771928,0.12061403508771928,0.05504531035123529,0.1781761739493335,-0.12061403508771928,-0.05504531035123529,0.5833333333333334,adult,sex,26,proxy_soft,10.0,0.8808175236853744,0.07619047619047625,400.0,random_mnar,0.8792943160785757,0.1475,,,,,,,,,,,
0.8906348321863139,0.8422222222222222,0.7883699518450563,0.12424242424242415,0.12424242424242415,0.03556038773634067,0.16170796445541075,-0.12424242424242415,-0.03556038773634067,0.5757575757575758,adult,sex,26,proxy_soft,30.0,0.8756228031378755,0.07619047619047625,400.0,random_mnar,0.8792943160785757,0.1475,,,,,,,,,,,
0.9037938163620828,0.8483333333333334,0.7965668903299309,0.1476076555023923,0.1476076555023923,0.09617636382627925,0.2174465196656109,-0.1476076555023923,-0.09617636382627925,0.5681818181818182,adult,sex,26,jtt,1.0,0.8896994809003935,,,,,,,,,,,,,,,,1.5
0.9014982595995258,0.8455555555555555,0.7928410092004425,0.14992025518341312,0.14992025518341312,0.10541964085277987,0.2237804463940427,-0.14992025518341312,-0.10541964085277987,0.5606060606060606,adult,sex,26,jtt,2.0,0.8876193579925045,,,,,,,,,,,,,,,,2.0
0.8948831646475149,0.8427777777777777,0.7891151280709541,0.1700159489633174,0.1700159489633174,0.11778844627882645,0.23518151450522,-0.1700159489633174,-0.11778844627882645,0.5378787878787878,adult,sex,26,jtt,3.0,0.88211364324123,,,,,,,,,,,,,,,,3.0
0.8668127902047414,0.81,0.7451497307429903,0.2346491228070175,0.2346491228070175,0.1671615227602063,0.2668511481473792,-0.2346491228070175,-0.1671615227602063,0.4166666666666667,adult,sex,26,jtt,4.0,0.8571307525780396,,,,,,,,,,,,,,,,5.0
0.9058716160719609,0.8494444444444444,0.7980572427817262,0.17691387559808613,0.17691387559808613,0.09029118313599685,0.2174465196656109,-0.17691387559808613,-0.09029118313599685,0.5454545454545454,adult,sex,26,cvar,1.0,0.8938923159291419,,,,,,,,,,,,,,,,0.5
0.9051674245384875,0.8477777777777777,0.7958217141040331,0.15518341307814998,0.15518341307814998,0.0905237510726691,0.2136461636285518,-0.15518341307814998,-0.0905237510726691,0.5606060606060606,adult,sex,26,cvar,2.0,0.8902404618357038,,,,,,,,,,,,,,,,0.2
0.9046424892860218,0.8477777777777777,0.7958217141040331,0.14629186602870803,0.14629186602870803,0.08739822267312317,0.20984580759149268,-0.14629186602870803,-0.08739822267312317,0.5681818181818182,adult,sex,26,cvar,3.0,0.8894992900207175,,,,,,,,,,,,,,,,0.1
0.9040951987467791,0.8494444444444444,0.7980572427817262,0.15913078149920257,0.15913078149920257,0.09185394733576982,0.21617973431992452,-0.15913078149920257,-0.09185394733576982,0.5606060606060606,adult,sex,26,arl,1.0,0.8924444237528806,,,,,,,,,,,,,,,,0.05
0.9049823724423895,0.8494444444444444,0.7980572427817262,0.17691387559808613,0.17691387559808613,0.09654223993508873,0.2225136610483564,-0.17691387559808613,-0.09654223993508873,0.5454545454545454,adult,sex,26,arl,2.0,0.8912674876044601,,,,,,,,,,,,,,,,0.2
0.9048958492028271,0.8505555555555555,0.7995475952335217,0.1884370015948964,0.1884370015948964,0.10315917284299012,0.2301143731224746,-0.1884370015948964,-0.10315917284299012,0.5378787878787878,adult,sex,26,arl,3.0,0.8910123606229196,,,,,,,,,,,,,,,,0.5
0.905166182578111,0.8494444444444444,0.7980572427817262,0.1146730462519936,0.1146730462519936,0.09029118313599685,0.20857902224580632,-0.1146730462519936,-0.09029118313599685,0.5984848484848485,adult,sex,26,cluster_rw,1.0,0.8891417397984125,,,,,,,,,,,,,,,,0.25
0.8979810278132887,0.8455555555555555,0.7928410092004425,0.06635053585845557,0.06100478468899517,0.06635053585845557,0.17944295929501988,-0.06100478468899517,-0.06635053585845557,0.6363636363636364,adult,sex,26,cluster_rw,2.0,0.8805558788612398,,,,,,,,,,,,,,,,0.5
0.8534894532724828,0.8133333333333334,0.7496207880983765,0.059768740031897916,0.059768740031897916,0.005731674310245641,0.09583512647971962,0.059768740031897916,-0.005731674310245641,0.6144736842105263,adult,sex,26,cluster_rw,3.0,0.8347456877487838,,,,,,,,,,,,,,,,1.0
0.8986082178034192,0.8383333333333334,0.7831537182637726,0.1114347132653769,0.1114347132653769,0.091320714647221,0.20246913580246917,-0.1114347132653769,-0.091320714647221,0.5789473684210527,adult,sex,27,erm,0.0,0.8975464978235062,,,,,,,,,,,,,,,,
0.8980476796868272,0.8372222222222222,0.781663365811977,0.07345438695553108,0.07345438695553108,0.06751337554181691,0.17714466603355494,-0.07345438695553108,-0.06751337554181691,0.6090225563909775,adult,sex,27,oracle,0.3,0.8974664214716359,,,,,,,,,,,,,,,,
0.897501217121169,0.8366666666666667,0.7809181895860795,0.06186076278820679,0.036791583702338815,0.06186076278820679,0.16701487812598922,-0.036791583702338815,-0.06186076278820679,0.6390977443609023,adult,sex,27,oracle,1.0,0.8962643450732094,,,,,,,,,,,,,,,,
0.8956084695073887,0.8405555555555555,0.7861344231673633,0.05610889027006159,0.019505284951509272,0.05610889027006159,0.1619499841722064,-0.019505284951509272,-0.05610889027006159,0.6616541353383458,adult,sex,27,oracle,3.0,0.8922642519611723,,,,,,,,,,,,,,,,
0.8875485606507211,0.8305555555555556,0.7727212511012049,0.03113515012828516,0.03113515012828516,0.029374542294181696,0.13662551440329218,-0.03113515012828516,-0.029374542294181696,0.631578947368421,adult,sex,27,oracle,10.0,0.8815880257920342,,,,,,,,,,,,,,,,
0.8810348924627909,0.8266666666666667,0.767505017519921,0.030748808780845405,0.030748808780845405,0.01637324441505124,0.1239632795188351,-0.030748808780845405,-0.01637324441505124,0.6240601503759399,adult,sex,27,oracle,30.0,0.8739956702902768,,,,,,,,,,,,,,,,
0.8986152555788859,0.8388888888888889,0.7838988944896701,0.11275223632203035,0.11275223632203035,0.08915950640196627,0.20120291231402343,-0.11275223632203035,-0.08915950640196627,0.5789473684210527,adult,sex,27,proxy_soft,0.3,0.8972941642030774,0.08333333333333333,25.0,random,0.7869637226970561,0.32,25.0,0.1114347132653769,-0.1114347132653769,-0.091320714647221,0.08333333333333333,0.08921440553465541,,-0.08333333333333333,0.03339719054681778,-0.08921440553465541,
0.8987365537089904,0.8377777777777777,0.7824085420378749,0.11895351025785816,0.11895351025785816,0.08879363029315679,0.20120291231402343,-0.11895351025785816,-0.08879363029315679,0.5714285714285714,adult,sex,27,proxy_soft,1.0,0.8966470355455203,0.08333333333333333,25.0,random,0.7869637226970561,0.32,25.0,0.1114347132653769,-0.1114347132653769,-0.091320714647221,0.08333333333333333,0.08921440553465541,,-0.08333333333333333,0.03339719054681778,-0.08921440553465541,
0.8980928042471733,0.8405555555555555,0.7861344231673633,0.10786848544285621,0.10786848544285621,0.08267588166620213,0.19613801836024056,-0.10786848544285621,-0.08267588166620213,0.5864661654135338,adult,sex,27,proxy_soft,3.0,0.8939505109523035,0.08333333333333333,25.0,random,0.7869637226970561,0.32,25.0,0.1114347132653769,-0.1114347132653769,-0.091320714647221,0.08333333333333333,0.08921440553465541,,-0.08333333333333333,0.03339719054681778,-0.08921440553465541,
0.8919384765948428,0.8338888888888889,0.777192308456591,0.0920582087630143,0.0920582087630143,0.05547639781697768,0.16828110161443496,-0.0920582087630143,-0.05547639781697768,0.5864661654135338,adult,sex,27,proxy_soft,10.0,0.8848637072557556,0.08333333333333333,25.0,random,0.7869637226970561,0.32,25.0,0.1114347132653769,-0.1114347132653769,-0.091320714647221,0.08333333333333333,0.08921440553465541,,-0.08333333333333333,0.03339719054681778,-0.08921440553465541,
0.8856429794463838,0.8305555555555556,0.7727212511012049,0.08415307042309339,0.08415307042309339,0.04656494849168438,0.15815131370686925,-0.08415307042309339,-0.04656494849168438,0.5864661654135338,adult,sex,27,proxy_soft,30.0,0.8775879326799971,0.08333333333333333,25.0,random,0.7869637226970561,0.32,25.0,0.1114347132653769,-0.1114347132653769,-0.091320714647221,0.08333333333333333,0.08921440553465541,,-0.08333333333333333,0.03339719054681778,-0.08921440553465541,
0.8978340625020699,0.8394444444444444,0.784644070715568,0.08543553395693856,0.07872447918214509,0.08543553395693856,0.19360557138334913,-0.07872447918214509,-0.08543553395693856,0.6090225563909775,adult,sex,27,proxy_confident,0.3,0.8960203915361159,0.08333333333333333,25.0,random,0.7869637226970561,0.32,25.0,0.1114347132653769,-0.1114347132653769,-0.091320714647221,0.08333333333333333,0.08921440553465541,,-0.08333333333333333,0.03339719054681778,-0.08921440553465541,
0.8960021709467381,0.8411111111111111,0.786879599393261,0.07738914502140146,0.07384072830297095,0.07738914502140146,0.18727445394112058,-0.07384072830297095,-0.07738914502140146,0.6165413533834586,adult,sex,27,proxy_confident,1.0,0.8930445308317232,0.08333333333333333,25.0,random,0.7869637226970561,0.32,25.0,0.1114347132653769,-0.1114347132653769,-0.091320714647221,0.08333333333333333,0.08921440553465541,,-0.08333333333333333,0.03339719054681778,-0.08921440553465541,
0.8923354899285294,0.8361111111111111,0.7801730133601817,0.07965566089135889,0.07965566089135889,0.062459206833688524,0.1733459955682178,-0.07965566089135889,-0.062459206833688524,0.6015037593984962,adult,sex,27,proxy_confident,3.0,0.8879531646453593,0.08333333333333333,25.0,random,0.7869637226970561,0.32,25.0,0.1114347132653769,-0.1114347132653769,-0.091320714647221,0.08333333333333333,0.08921440553465541,,-0.08333333333333333,0.03339719054681778,-0.08921440553465541,
0.8894164690569712,0.8333333333333334,0.7764471322306934,0.09957700575549544,0.09957700575549544,0.05607484186245944,0.16954732510288065,-0.09957700575549544,-0.05607484186245944,0.5789473684210527,adult,sex,27,proxy_confident,10.0,0.8839605204962871,0.08333333333333333,25.0,random,0.7869637226970561,0.32,25.0,0.1114347132653769,-0.1114347132653769,-0.091320714647221,0.08333333333333333,0.08921440553465541,,-0.08333333333333333,0.03339719054681778,-0.08921440553465541,
0.888269311655881,0.8333333333333334,0.7764471322306934,0.09957700575549544,0.09957700575549544,0.05607484186245944,0.16954732510288065,-0.09957700575549544,-0.05607484186245944,0.5789473684210527,adult,sex,27,proxy_confident,30.0,0.8824092739588911,0.08333333333333333,25.0,random,0.7869637226970561,0.32,25.0,0.1114347132653769,-0.1114347132653769,-0.091320714647221,0.08333333333333333,0.08921440553465541,,-0.08333333333333333,0.03339719054681778,-0.08921440553465541,
0.8857108732802988,0.8283333333333334,0.7697405461976141,0.033331082675881654,0.018316542344002262,0.033331082675881654,0.13156062044950934,0.018316542344002262,-0.033331082675881654,0.6508563899868248,adult,sex,27,related_feats,0.3,0.8807062548010893,0.08333333333333333,25.0,random,0.7869637226970561,0.32,25.0,0.1114347132653769,-0.1114347132653769,-0.091320714647221,0.08333333333333333,0.08921440553465541,,-0.08333333333333333,0.03339719054681778,-0.08921440553465541,
0.8692366828728697,0.8183333333333334,0.7563273741314558,0.05086827741289979,0.05086827741289979,0.01128502729932071,0.10370370370370371,0.05086827741289979,-0.01128502729932071,0.6258234519104084,adult,sex,27,related_feats,1.0,0.8609897809539327,0.08333333333333333,25.0,random,0.7869637226970561,0.32,25.0,0.1114347132653769,-0.1114347132653769,-0.091320714647221,0.08333333333333333,0.08921440553465541,,-0.08333333333333333,0.03339719054681778,-0.08921440553465541,
0.8431840800551099,0.8061111111111111,0.7399334971617066,0.0356721844136032,0.0356721844136032,0.007260390102416442,0.09610636277302945,0.0356721844136032,-0.007260390102416442,0.6034255599472991,adult,sex,27,related_feats,3.0,0.8311818245303662,0.16666666666666669,25.0,random,0.7869637226970561,0.32,25.0,0.1114347132653769,-0.1114347132653769,-0.091320714647221,0.08333333333333333,0.08921440553465541,,-0.08333333333333333,0.03339719054681778,-0.08921440553465541,
0.8170159749223362,0.7927777777777778,0.7220492677401621,0.023111137527613512,0.023111137527613512,0.003381180002389156,0.0821779044001266,0.023111137527613512,0.003381180002389156,0.5783926218708827,adult,sex,27,related_feats,10.0,0.8046542051723737,0.16666666666666669,25.0,random,0.7869637226970561,0.32,25.0,0.1114347132653769,-0.1114347132653769,-0.091320714647221,0.08333333333333333,0.08921440553465541,,-0.08333333333333333,0.03339719054681778,-0.08921440553465541,
0.806119014578959,0.7872222222222223,0.7145975054811851,0.036286368094148425,0.036286368094148425,0.0020850321468905975,0.07837923393478949,0.036286368094148425,0.0020850321468905975,0.5652173913043478,adult,sex,27,related_feats,30.0,0.7947601201145278,0.16666666666666669,25.0,random,0.7869637226970561,0.32,25.0,0.1114347132653769,-0.1114347132653769,-0.091320714647221,0.08333333333333333,0.08921440553465541,,-0.08333333333333333,0.03339719054681778,-0.08921440553465541,
0.8985026511714169,0.8388888888888889,0.7838988944896701,0.09507959622376094,0.09507959622376094,0.07822015700355546,0.189806900918012,-0.09507959622376094,-0.07822015700355546,0.5939849624060151,adult,sex,27,proxy_soft,0.3,0.8976191252124119,0.4,50.0,random,0.8201340930674265,0.38,50.0,0.1114347132653769,-0.1114347132653769,-0.091320714647221,0.4,0.12370765482820623,0.4,-0.14285714285714285,-0.12370765482820623,-0.10494396293149816,
0.898307663392307,0.8372222222222222,0.781663365811977,0.09112702705380049,0.09112702705380049,0.07376443234090883,0.18474200696422916,-0.09112702705380049,-0.07376443234090883,0.5939849624060151,adult,sex,27,proxy_soft,1.0,0.8973444447030889,0.4,50.0,random,0.8201340930674265,0.38,50.0,0.1114347132653769,-0.1114347132653769,-0.091320714647221,0.4,0.12370765482820623,0.4,-0.14285714285714285,-0.12370765482820623,-0.10494396293149816,
0.8976634999436978,0.8405555555555555,0.7861344231673633,0.0813595252954521,0.0813595252954521,0.07642482486711023,0.18727445394112058,-0.0813595252954521,-0.07642482486711023,0.6090225563909775,adult,sex,27,proxy_soft,3.0,0.895426336739682,0.4,50.0,random,0.8201340930674265,0.38,50.0,0.1114347132653769,-0.1114347132653769,-0.091320714647221,0.4,0.12370765482820623,0.4,-0.14285714285714285,-0.12370765482820623,-0.10494396293149816,
0.8920999314437872,0.84,0.7853892469414656,0.09771464233706795,0.09771464233706795,0.07546050471281901,0.18854067742956632,-0.09771464233706795,-0.07546050471281901,0.5939849624060151,adult,sex,27,proxy_soft,10.0,0.8868153355525035,0.4,50.0,random,0.8201340930674265,0.38,50.0,0.1114347132653769,-0.1114347132653769,-0.091320714647221,0.4,0.12370765482820623,0.4,-0.14285714285714285,-0.12370765482820623,-0.10494396293149816,
0.8845012038735915,0.8311111111111111,0.7734664273271025,0.17383379397109378,0.17383379397109378,0.08191008104098102,0.19993668882557775,-0.17383379397109378,-0.08191008104098102,0.5112781954887218,adult,sex,27,proxy_soft,30.0,0.8779203426522966,0.26666666666666666,50.0,random,0.8201340930674265,0.38,50.0,0.1114347132653769,-0.1114347132653769,-0.091320714647221,0.4,0.12370765482820623,0.4,-0.14285714285714285,-0.12370765482820623,-0.10494396293149816,
0.8988255608693061,0.8388888888888889,0.7838988944896701,0.09507959622376094,0.09507959622376094,0.0813456854031014,0.19233934789490345,-0.09507959622376094,-0.0813456854031014,0.5939849624060151,adult,sex,27,proxy_confident,0.3,0.8978695965920995,0.4,50.0,random,0.8201340930674265,0.38,50.0,0.1114347132653769,-0.1114347132653769,-0.091320714647221,0.4,0.12370765482820623,0.4,-0.14285714285714285,-0.12370765482820623,-0.10494396293149816,
0.8984177838790233,0.84,0.7853892469414656,0.09771464233706795,0.09771464233706795,0.08483708991145683,0.19613801836024056,-0.09771464233706795,-0.08483708991145683,0.5939849624060151,adult,sex,27,proxy_confident,1.0,0.8966786936381201,0.4,50.0,random,0.8201340930674265,0.38,50.0,0.1114347132653769,-0.1114347132653769,-0.091320714647221,0.4,0.12370765482820623,0.4,-0.14285714285714285,-0.12370765482820623,-0.10494396293149816,
0.8947072202608448,0.8394444444444444,0.784644070715568,0.12290607942781862,0.12290607942781862,0.08543553395693856,0.19993668882557775,-0.12290607942781862,-0.08543553395693856,0.5714285714285714,adult,sex,27,proxy_confident,3.0,0.8914066900998626,0.4,50.0,random,0.8201340930674265,0.38,50.0,0.1114347132653769,-0.1114347132653769,-0.091320714647221,0.4,0.12370765482820623,0.4,-0.14285714285714285,-0.12370765482820623,-0.10494396293149816,
0.8906232405561333,0.8355555555555556,0.779427837134284,0.18437397842432168,0.18437397842432168,0.09275017067485675,0.2125989237100348,-0.18437397842432168,-0.09275017067485675,0.5112781954887218,adult,sex,27,proxy_confident,10.0,0.8868060243487976,0.09523809523809523,50.0,random,0.8201340930674265,0.38,50.0,0.1114347132653769,-0.1114347132653769,-0.091320714647221,0.4,0.12370765482820623,0.4,-0.14285714285714285,-0.12370765482820623,-0.10494396293149816,
0.8891767707043075,0.8344444444444444,0.7779374846824887,0.1994115724092841,0.1994115724092841,0.09238429456604727,0.21386514719848052,-0.1994115724092841,-0.09238429456604727,0.49624060150375937,adult,sex,27,proxy_confident,30.0,0.8851467678484137,0.09523809523809523,50.0,random,0.8201340930674265,0.38,50.0,0.1114347132653769,-0.1114347132653769,-0.091320714647221,0.4,0.12370765482820623,0.4,-0.14285714285714285,-0.12370765482820623,-0.10494396293149816,
0.8869267524888886,0.83,0.7719760748753072,0.05966550613534992,0.029817627071631714,0.05966550613534992,0.16068376068376067,-0.029817627071631714,-0.05966550613534992,0.631578947368421,adult,sex,27,related_feats,0.3,0.8798691775879328,0.30000000000000004,50.0,random,0.8201340930674265,0.38,50.0,0.1114347132653769,-0.1114347132653769,-0.091320714647221,0.4,0.12370765482820623,0.4,-0.14285714285714285,-0.12370765482820623,-0.10494396293149816,
0.8739453686469586,0.8261111111111111,0.7667598412940234,0.0325993304582627,0.011758645625922548,0.0325993304582627,0.13409306742640076,-0.011758645625922548,-0.0325993304582627,0.6390977443609023,adult,sex,27,related_feats,1.0,0.8639377080472077,0.30000000000000004,50.0,random,0.8201340930674265,0.38,50.0,0.1114347132653769,-0.1114347132653769,-0.091320714647221,0.4,0.12370765482820623,0.4,-0.14285714285714285,-0.12370765482820623,-0.10494396293149816,
0.8547488010942499,0.8122222222222222,0.7481304356465812,0.024118968598711807,0.005329529356989382,0.024118968598711807,0.11889838556505225,-0.005329529356989382,-0.024118968598711807,0.6165413533834586,adult,sex,27,related_feats,3.0,0.8421569403384623,0.125,50.0,random,0.8201340930674265,0.38,50.0,0.1114347132653769,-0.1114347132653769,-0.091320714647221,0.4,0.12370765482820623,0.4,-0.14285714285714285,-0.12370765482820623,-0.10494396293149816,
0.8288845622669254,0.8022222222222222,0.7347172635804227,0.025795714582899865,0.025795714582899865,0.01770055521988058,0.11130104463437795,-0.025795714582899865,-0.01770055521988058,0.5789473684210527,adult,sex,27,related_feats,10.0,0.8152028678507415,0.033333333333333326,50.0,random,0.8201340930674265,0.38,50.0,0.1114347132653769,-0.1114347132653769,-0.091320714647221,0.4,0.12370765482820623,0.4,-0.14285714285714285,-0.12370765482820623,-0.10494396293149816,
0.816059665432434,0.7938888888888889,0.7235396201919574,0.05021446897877102,0.05021446897877102,0.01417510230392302,0.10750237416904085,-0.05021446897877102,-0.01417510230392302,0.5413533834586466,adult,sex,27,related_feats,30.0,0.8017034847179869,0.033333333333333326,50.0,random,0.8201340930674265,0.38,50.0,0.1114347132653769,-0.1114347132653769,-0.091320714647221,0.4,0.12370765482820623,0.4,-0.14285714285714285,-0.12370765482820623,-0.10494396293149816,
0.8988036195693213,0.8383333333333334,0.7831537182637726,0.12027103331451161,0.12027103331451161,0.091320714647221,0.20373535929091485,-0.12027103331451161,-0.091320714647221,0.5714285714285714,adult,sex,27,proxy_soft,0.3,0.8972923019623362,0.054421768707483,100.0,random,0.8805898702120925,0.25,100.0,0.1114347132653769,-0.1114347132653769,-0.091320714647221,0.054421768707483,0.1075363509284981,-0.019230769230769273,-0.054421768707483,-0.04263755946414449,-0.1075363509284981,
0.8989224337786728,0.8377777777777777,0.7824085420378749,0.12778983030699276,0.12778983030699276,0.09817021549179461,0.21006647673314338,-0.12778983030699276,-0.09817021549179461,0.5639097744360902,adult,sex,27,proxy_soft,1.0,0.8963704927954561,0.06802721088435373,100.0,random,0.8805898702120925,0.25,100.0,0.1114347132653769,-0.1114347132653769,-0.091320714647221,0.054421768707483,0.1075363509284981,-0.019230769230769273,-0.054421768707483,-0.04263755946414449,-0.1075363509284981,
0.8969795937630406,0.8405555555555555,0.7861344231673633,0.14321376563939492,0.14321376563939492,0.0936152310646129,0.21006647673314338,-0.14321376563939492,-0.0936152310646129,0.556390977443609,adult,sex,27,proxy_soft,3.0,0.8913927232943037,0.047619047619047616,100.0,random,0.8805898702120925,0.25,100.0,0.1114347132653769,-0.1114347132653769,-0.091320714647221,0.054421768707483,0.1075363509284981,-0.019230769230769273,-0.054421768707483,-0.04263755946414449,-0.1075363509284981,
0.8868716922455306,0.8327777777777777,0.7757019560047955,0.18662268319018893,0.18662268319018893,0.07855198470476281,0.19993668882557775,-0.18662268319018893,-0.07855198470476281,0.5037593984962406,adult,sex,27,proxy_soft,10.0,0.8774240554947741,0.34615384615384615,100.0,random,0.8805898702120925,0.25,100.0,0.1114347132653769,-0.1114347132653769,-0.091320714647221,0.054421768707483,0.1075363509284981,-0.019230769230769273,-0.054421768707483,-0.04263755946414449,-0.1075363509284981,
0.8804399934424492,0.8311111111111111,0.7734664273271025,0.17383379397109378,0.17383379397109378,0.07878455264143507,0.19740424184868632,-0.17383379397109378,-0.07878455264143507,0.5112781954887218,adult,sex,27,proxy_soft,30.0,0.869743243557811,0.34615384615384615,100.0,random,0.8805898702120925,0.25,100.0,0.1114347132653769,-0.1114347132653769,-0.091320714647221,0.054421768707483,0.1075363509284981,-0.019230769230769273,-0.054421768707483,-0.04263755946414449,-0.1075363509284981,
0.8984107461035563,0.8377777777777777,0.7824085420378749,0.14546247040526217,0.14546247040526217,0.10129574389134055,0.21513137068692625,-0.14546247040526217,-0.10129574389134055,0.5488721804511278,adult,sex,27,proxy_confident,0.3,0.8958593077120044,0.06802721088435373,100.0,random,0.8805898702120925,0.25,100.0,0.1114347132653769,-0.1114347132653769,-0.091320714647221,0.054421768707483,0.1075363509284981,-0.019230769230769273,-0.054421768707483,-0.04263755946414449,-0.1075363509284981,
0.8955803184055217,0.8377777777777777,0.7824085420378749,0.18080775060180088,0.18080775060180088,0.10442127229088649,0.2227287116176005,-0.18080775060180088,-0.10442127229088649,0.518796992481203,adult,sex,27,proxy_confident,1.0,0.8907688726460112,0.047619047619047616,100.0,random,0.8805898702120925,0.25,100.0,0.1114347132653769,-0.1114347132653769,-0.091320714647221,0.054421768707483,0.1075363509284981,-0.019230769230769273,-0.054421768707483,-0.04263755946414449,-0.1075363509284981,
0.8910633085162051,0.8338888888888889,0.777192308456591,0.2422756495983041,0.2422756495983041,0.10548485220971279,0.23032605254827476,-0.2422756495983041,-0.10548485220971279,0.45864661654135336,adult,sex,27,proxy_confident,3.0,0.8850033753113434,0.2692307692307693,100.0,random,0.8805898702120925,0.25,100.0,0.1114347132653769,-0.1114347132653769,-0.091320714647221,0.054421768707483,0.1075363509284981,-0.019230769230769273,-0.054421768707483,-0.04263755946414449,-0.1075363509284981,
0.88909314537229,0.8327777777777777,0.7757019560047955,0.2573132435832665,0.2573132435832665,0.10511897610090333,0.23159227603672045,-0.2573132435832665,-0.10511897610090333,0.44360902255639095,adult,sex,27,proxy_confident,10.0,0.8823133685607207,0.5192307692307693,100.0,random,0.8805898702120925,0.25,100.0,0.1114347132653769,-0.1114347132653769,-0.091320714647221,0.054421768707483,0.1075363509284981,-0.019230769230769273,-0.054421768707483,-0.04263755946414449,-0.1075363509284981,
0.8883984755350366,0.8316666666666667,0.7742116035530002,0.26351451751909416,0.26351451751909416,0.10475309999209384,0.23159227603672045,-0.26351451751909416,-0.10475309999209384,0.43609022556390975,adult,sex,27,proxy_confident,30.0,0.8814027328382877,0.5192307692307693,100.0,random,0.8805898702120925,0.25,100.0,0.1114347132653769,-0.1114347132653769,-0.091320714647221,0.054421768707483,0.1075363509284981,-0.019230769230769273,-0.054421768707483,-0.04263755946414449,-0.1075363509284981,
0.8934366947956891,0.8366666666666667,0.7809181895860795,0.07436287638639057,0.07213686389887763,0.07436287638639057,0.1822095599873378,-0.07213686389887763,-0.07436287638639057,0.6090225563909775,adult,sex,27,related_feats,0.3,0.8874922600619196,0.23076923076923073,100.0,random,0.8805898702120925,0.25,100.0,0.1114347132653769,-0.1114347132653769,-0.091320714647221,0.054421768707483,0.1075363509284981,-0.019230769230769273,-0.054421768707483,-0.04263755946414449,-0.1075363509284981,
0.8817332881811738,0.8255555555555556,0.7660146650681257,0.0425743597023823,0.0281137626675384,0.0425743597023823,0.14422285533396648,-0.0281137626675384,-0.0425743597023823,0.6240601503759399,adult,sex,27,related_feats,1.0,0.8741213715403058,0.1923076923076923,100.0,random,0.8805898702120925,0.25,100.0,0.1114347132653769,-0.1114347132653769,-0.091320714647221,0.054421768707483,0.1075363509284981,-0.019230769230769273,-0.054421768707483,-0.04263755946414449,-0.1075363509284981,
0.8643855856422756,0.8161111111111111,0.7533466692278649,0.03222483085183314,0.03222483085183314,0.02774368127920443,0.1277619499841722,-0.03222483085183314,-0.02774368127920443,0.6015037593984962,adult,sex,27,related_feats,3.0,0.8552494238692707,0.2692307692307693,100.0,random,0.8805898702120925,0.25,100.0,0.1114347132653769,-0.1114347132653769,-0.091320714647221,0.054421768707483,0.1075363509284981,-0.019230769230769273,-0.054421768707483,-0.04263755946414449,-0.1075363509284981,
0.8397728288876672,0.8022222222222222,0.7347172635804227,0.022388847819199503,0.008123074484630566,0.022388847819199503,0.1125672681228237,-0.008123074484630566,-0.022388847819199503,0.5939849624060151,adult,sex,27,related_feats,10.0,0.829212504946577,0.23076923076923073,100.0,random,0.8805898702120925,0.25,100.0,0.1114347132653769,-0.1114347132653769,-0.091320714647221,0.054421768707483,0.1075363509284981,-0.019230769230769273,-0.054421768707483,-0.04263755946414449,-0.1075363509284981,
0.8211964135496221,0.7938888888888889,0.7235396201919574,0.006361281305058142,0.006032868733097496,0.006361281305058142,0.09484013928458374,-0.006032868733097496,-0.006361281305058142,0.5789473684210527,adult,sex,27,related_feats,30.0,0.8099047929421077,0.1923076923076923,100.0,random,0.8805898702120925,0.25,100.0,0.1114347132653769,-0.1114347132653769,-0.091320714647221,0.054421768707483,0.1075363509284981,-0.019230769230769273,-0.054421768707483,-0.04263755946414449,-0.1075363509284981,
0.8977293238436521,0.8366666666666667,0.7809181895860795,0.06811181958729867,0.054464223800608225,0.06811181958729867,0.1746122190566635,-0.054464223800608225,-0.06811181958729867,0.6240601503759399,adult,sex,27,proxy_soft,0.3,0.8972224679345422,0.08684719535783367,200.0,random,0.9078892687559355,0.315,200.0,0.1114347132653769,-0.1114347132653769,-0.091320714647221,0.13384912959381046,0.14971780161430692,-0.09593023255813948,-0.13384912959381046,-0.14971780161430692,-0.11757219131908721,
0.8967999234952408,0.8361111111111111,0.7801730133601817,0.059333678434142584,0.017801420547415958,0.059333678434142584,0.1619499841722064,-0.017801420547415958,-0.059333678434142584,0.6541353383458647,adult,sex,27,proxy_soft,1.0,0.8959980446472218,0.20058139534883723,200.0,random,0.9078892687559355,0.315,200.0,0.1114347132653769,-0.1114347132653769,-0.091320714647221,0.13384912959381046,0.14971780161430692,-0.09593023255813948,-0.13384912959381046,-0.14971780161430692,-0.11757219131908721,
0.8956076415338045,0.8388888888888889,0.7838988944896701,0.048527637207868984,0.0067163957324140044,0.048527637207868984,0.15308641975308646,-0.0067163957324140044,-0.048527637207868984,0.6691729323308271,adult,sex,27,proxy_soft,3.0,0.8935696827207338,0.20058139534883723,200.0,random,0.9078892687559355,0.315,200.0,0.1114347132653769,-0.1114347132653769,-0.091320714647221,0.13384912959381046,0.14971780161430692,-0.09593023255813948,-0.13384912959381046,-0.14971780161430692,-0.11757219131908721,
0.8922833275927164,0.8361111111111111,0.7801730133601817,0.04526880063618585,0.017801420547415958,0.04526880063618585,0.150553972776195,-0.017801420547415958,-0.04526880063618585,0.6541353383458647,adult,sex,27,proxy_soft,10.0,0.8876235480341722,0.09883720930232553,200.0,random,0.9078892687559355,0.315,200.0,0.1114347132653769,-0.1114347132653769,-0.091320714647221,0.13384912959381046,0.14971780161430692,-0.09593023255813948,-0.13384912959381046,-0.14971780161430692,-0.11757219131908721,
0.8889991703704686,0.8344444444444444,0.7779374846824887,0.03612478337422027,0.02268517142659021,0.03612478337422027,0.14295663184552074,-0.02268517142659021,-0.03612478337422027,0.6466165413533834,adult,sex,27,proxy_soft,30.0,0.8832379710887125,0.09883720930232553,200.0,random,0.9078892687559355,0.315,200.0,0.1114347132653769,-0.1114347132653769,-0.091320714647221,0.13384912959381046,0.14971780161430692,-0.09593023255813948,-0.13384912959381046,-0.14971780161430692,-0.11757219131908721,
0.8988185230938391,0.8383333333333334,0.7831537182637726,0.0937620731671075,0.0937620731671075,0.08038136524881018,0.19107312440645777,-0.0937620731671075,-0.08038136524881018,0.5939849624060151,adult,sex,27,proxy_confident,0.3,0.8964822272399264,0.13384912959381046,200.0,random,0.9078892687559355,0.315,200.0,0.1114347132653769,-0.1114347132653769,-0.091320714647221,0.13384912959381046,0.14971780161430692,-0.09593023255813948,-0.13384912959381046,-0.14971780161430692,-0.11757219131908721,
0.8977284958700678,0.8411111111111111,0.786879599393261,0.09151336840124025,0.09151336840124025,0.07270085242208252,0.1860082304526749,-0.09151336840124025,-0.07270085242208252,0.6015037593984962,adult,sex,27,proxy_confident,1.0,0.8924970320538187,0.09748549323017408,200.0,random,0.9078892687559355,0.315,200.0,0.1114347132653769,-0.1114347132653769,-0.091320714647221,0.13384912959381046,0.14971780161430692,-0.09593023255813948,-0.13384912959381046,-0.14971780161430692,-0.11757219131908721,
0.8946753432778481,0.8388888888888889,0.7838988944896701,0.10391591627289576,0.10391591627289576,0.06728080760514464,0.1822095599873378,-0.10391591627289576,-0.06728080760514464,0.5864661654135338,adult,sex,27,proxy_confident,3.0,0.8874857422193254,0.07267441860465118,200.0,random,0.9078892687559355,0.315,200.0,0.1114347132653769,-0.1114347132653769,-0.091320714647221,0.13384912959381046,0.14971780161430692,-0.09593023255813948,-0.13384912959381046,-0.14971780161430692,-0.11757219131908721,
0.8929121735300156,0.8377777777777777,0.7824085420378749,0.08360823006131934,0.08360823006131934,0.062226638897016254,0.1746122190566635,-0.08360823006131934,-0.062226638897016254,0.6015037593984962,adult,sex,27,proxy_confident,10.0,0.8850778649409904,0.07267441860465118,200.0,random,0.9078892687559355,0.315,200.0,0.1114347132653769,-0.1114347132653769,-0.091320714647221,0.13384912959381046,0.14971780161430692,-0.09593023255813948,-0.13384912959381046,-0.14971780161430692,-0.11757219131908721,
0.892314790588921,0.8372222222222222,0.781663365811977,0.09112702705380049,0.09112702705380049,0.06126231874272503,0.1746122190566635,-0.09112702705380049,-0.06126231874272503,0.5939849624060151,adult,sex,27,proxy_confident,30.0,0.8842342698852395,0.19767441860465118,200.0,random,0.9078892687559355,0.315,200.0,0.1114347132653769,-0.1114347132653769,-0.091320714647221,0.13384912959381046,0.14971780161430692,-0.09593023255813948,-0.13384912959381046,-0.14971780161430692,-0.11757219131908721,
0.8891958140967471,0.835,0.7786826609083864,0.07702061477805189,0.07702061477805189,0.07303268012328987,0.18094333649889205,-0.07702061477805189,-0.07303268012328987,0.6015037593984962,adult,sex,27,related_feats,0.3,0.8803971228380549,0.19767441860465118,200.0,random,0.9078892687559355,0.315,200.0,0.1114347132653769,-0.1114347132653769,-0.091320714647221,0.13384912959381046,0.14971780161430692,-0.09593023255813948,-0.13384912959381046,-0.14971780161430692,-0.11757219131908721,
0.874569660729544,0.8305555555555556,0.7727212511012049,0.04880779022655457,0.04880779022655457,0.04812771269145737,0.15435264324153214,-0.04880779022655457,-0.04812771269145737,0.6165413533834586,adult,sex,27,related_feats,1.0,0.8624116017598176,0.17441860465116277,200.0,random,0.9078892687559355,0.315,200.0,0.1114347132653769,-0.1114347132653769,-0.091320714647221,0.13384912959381046,0.14971780161430692,-0.09593023255813948,-0.13384912959381046,-0.14971780161430692,-0.11757219131908721,
0.855662883931351,0.8155555555555556,0.7526014930019673,0.033030417924005115,0.02207098774604488,0.033030417924005115,0.13029439696106365,-0.02207098774604488,-0.033030417924005115,0.6090225563909775,adult,sex,27,related_feats,3.0,0.8417975278754161,0.15116279069767447,200.0,random,0.9078892687559355,0.315,200.0,0.1114347132653769,-0.1114347132653769,-0.091320714647221,0.13384912959381046,0.14971780161430692,-0.09593023255813948,-0.13384912959381046,-0.14971780161430692,-0.11757219131908721,
0.8270762679587471,0.7983333333333333,0.7295010299991389,0.08726361357940304,0.08726361357940304,0.028140720337344702,0.12649572649572646,-0.08726361357940304,-0.028140720337344702,0.518796992481203,adult,sex,27,related_feats,10.0,0.8134747084429339,0.27616279069767447,200.0,random,0.9078892687559355,0.315,200.0,0.1114347132653769,-0.1114347132653769,-0.091320714647221,0.13384912959381046,0.14971780161430692,-0.09593023255813948,-0.13384912959381046,-0.14971780161430692,-0.11757219131908721,
0.808722991501679,0.7883333333333333,0.7160878579329806,0.09005715870704434,0.09005715870704434,0.021722306958513432,0.1163659385881608,-0.09005715870704434,-0.021722306958513432,0.49624060150375937,adult,sex,27,related_feats,30.0,0.796167042994483,0.27616279069767447,200.0,random,0.9078892687559355,0.315,200.0,0.1114347132653769,-0.1114347132653769,-0.091320714647221,0.13384912959381046,0.14971780161430692,-0.09593023255813948,-0.13384912959381046,-0.14971780161430692,-0.11757219131908721,
0.898154488279206,0.8372222222222222,0.781663365811977,0.07345438695553108,0.07345438695553108,0.0690761397415899,0.17841088952200063,-0.07345438695553108,-0.0690761397415899,0.6090225563909775,adult,sex,27,proxy_soft,0.3,0.8974012430456948,0.13510973260021616,400.0,random,0.9115267489711935,0.3525,400.0,0.1114347132653769,-0.1114347132653769,-0.091320714647221,0.1432398139010292,0.14982450617145482,-0.11886304909560719,-0.1432398139010292,-0.14982450617145482,-0.13920618414060554,
0.8975450997211385,0.8377777777777777,0.7824085420378749,0.0606638746972433,0.02175398971737641,0.0606638746972433,0.16448243114909783,-0.02175398971737641,-0.0606638746972433,0.6541353383458647,adult,sex,27,proxy_soft,1.0,0.8962410670639448,0.12697965129940317,400.0,random,0.9115267489711935,0.3525,400.0,0.1114347132653769,-0.1114347132653769,-0.091320714647221,0.1432398139010292,0.14982450617145482,-0.11886304909560719,-0.1432398139010292,-0.14982450617145482,-0.13920618414060554,
0.8953898844811256,0.8388888888888889,0.7838988944896701,0.054778694006960865,0.0067163957324140044,0.054778694006960865,0.15815131370686925,-0.0067163957324140044,-0.054778694006960865,0.6691729323308271,adult,sex,27,proxy_soft,3.0,0.8918843548499732,0.11071948869777715,400.0,random,0.9115267489711935,0.3525,400.0,0.1114347132653769,-0.1114347132653769,-0.091320714647221,0.1432398139010292,0.14982450617145482,-0.11886304909560719,-0.1432398139010292,-0.14982450617145482,-0.13920618414060554,
0.8823857313656266,0.8294444444444444,0.7712308986494094,0.05500906416238227,0.05500906416238227,0.030571430385145204,0.1404241848686293,-0.05500906416238227,-0.030571430385145204,0.6090225563909775,adult,sex,27,proxy_soft,10.0,0.8766102562908821,0.08397951031533436,400.0,random,0.9115267489711935,0.3525,400.0,0.1114347132653769,-0.1114347132653769,-0.091320714647221,0.1432398139010292,0.14982450617145482,-0.11886304909560719,-0.1432398139010292,-0.14982450617145482,-0.13920618414060554,
0.872286523570752,0.8222222222222222,0.7615436077127394,0.04671758447502161,0.04671758447502161,0.018035268379359287,0.12522950300728078,-0.04671758447502161,-0.018035268379359287,0.6015037593984962,adult,sex,27,proxy_soft,30.0,0.8659610326124909,0.12790697674418605,400.0,random,0.9115267489711935,0.3525,400.0,0.1114347132653769,-0.1114347132653769,-0.091320714647221,0.1432398139010292,0.14982450617145482,-0.11886304909560719,-0.1432398139010292,-0.14982450617145482,-0.13920618414060554,
0.8986852193467619,0.8377777777777777,0.7824085420378749,0.11895351025785816,0.11895351025785816,0.08879363029315679,0.20120291231402343,-0.11895351025785816,-0.08879363029315679,0.5714285714285714,adult,sex,27,proxy_confident,0.3,0.8971051467678484,0.1408900794210254,400.0,random,0.9115267489711935,0.3525,400.0,0.1114347132653769,-0.1114347132653769,-0.091320714647221,0.1432398139010292,0.14982450617145482,-0.11886304909560719,-0.1432398139010292,-0.14982450617145482,-0.13920618414060554,
0.8954706119055977,0.8361111111111111,0.7801730133601817,0.132673581186167,0.132673581186167,0.08902619822982905,0.20246913580246917,-0.132673581186167,-0.08902619822982905,0.556390977443609,adult,sex,27,proxy_confident,1.0,0.8937782536837449,0.16279069767441856,400.0,random,0.9115267489711935,0.3525,400.0,0.1114347132653769,-0.1114347132653769,-0.091320714647221,0.1432398139010292,0.14982450617145482,-0.11886304909560719,-0.1432398139010292,-0.14982450617145482,-0.13920618414060554,
0.8922804296851712,0.8333333333333334,0.7764471322306934,0.15259492605030356,0.15259492605030356,0.08264183325859997,0.198670465337132,-0.15259492605030356,-0.08264183325859997,0.5338345864661654,adult,sex,27,proxy_confident,3.0,0.8909318187108638,0.20671834625323005,400.0,random,0.9115267489711935,0.3525,400.0,0.1114347132653769,-0.1114347132653769,-0.091320714647221,0.1432398139010292,0.14982450617145482,-0.11886304909560719,-0.1432398139010292,-0.14982450617145482,-0.13920618414060554,
0.8909287628087514,0.8344444444444444,0.7779374846824887,0.14639365211447597,0.14639365211447597,0.08457047356718242,0.19993668882557775,-0.14639365211447597,-0.08457047356718242,0.5413533834586466,adult,sex,27,proxy_confident,10.0,0.8894997555809028,0.15116279069767447,400.0,random,0.9115267489711935,0.3525,400.0,0.1114347132653769,-0.1114347132653769,-0.091320714647221,0.1432398139010292,0.14982450617145482,-0.11886304909560719,-0.1432398139010292,-0.14982450617145482,-0.13920618414060554,
0.8904791731524596,0.8344444444444444,0.7779374846824887,0.14639365211447597,0.14639365211447597,0.08457047356718242,0.19993668882557775,-0.14639365211447597,-0.08457047356718242,0.5413533834586466,adult,sex,27,proxy_confident,30.0,0.8889690169696687,0.15116279069767447,400.0,random,0.9115267489711935,0.3525,400.0,0.1114347132653769,-0.1114347132653769,-0.091320714647221,0.1432398139010292,0.14982450617145482,-0.11886304909560719,-0.1432398139010292,-0.14982450617145482,-0.13920618414060554,
0.8846121523338919,0.8272222222222222,0.7682501937458188,0.05171837696434785,0.04973897193576826,0.05171837696434785,0.15561886672997782,-0.04973897193576826,-0.05171837696434785,0.6090225563909775,adult,sex,27,related_feats,0.3,0.8771940687632395,0.06428873537290286,400.0,random,0.9115267489711935,0.3525,400.0,0.1114347132653769,-0.1114347132653769,-0.091320714647221,0.1432398139010292,0.14982450617145482,-0.11886304909560719,-0.1432398139010292,-0.14982450617145482,-0.13920618414060554,
0.8662928227937817,0.8161111111111111,0.7533466692278649,0.03222483085183314,0.03222483085183314,0.02461815287965849,0.12522950300728078,-0.03222483085183314,-0.02461815287965849,0.6015037593984962,adult,sex,27,related_feats,1.0,0.8557475732675341,0.07693030687532308,400.0,random,0.9115267489711935,0.3525,400.0,0.1114347132653769,-0.1114347132653769,-0.091320714647221,0.1432398139010292,0.14982450617145482,-0.11886304909560719,-0.1432398139010292,-0.14982450617145482,-0.13920618414060554,
0.8413997969808771,0.805,0.7384431447099112,0.01002004239315292,0.002961950330371388,0.01002004239315292,0.10243748021525798,0.002961950330371388,-0.01002004239315292,0.6060606060606061,adult,sex,27,related_feats,3.0,0.8284834376964082,0.06645049109450632,400.0,random,0.9115267489711935,0.3525,400.0,0.1114347132653769,-0.1114347132653769,-0.091320714647221,0.1432398139010292,0.14982450617145482,-0.11886304909560719,-0.1432398139010292,-0.14982450617145482,-0.13920618414060554,
0.8165639013452914,0.7958333333333333,0.7263356869862424,0.006369679138557904,0.006369679138557904,0.003247871830251964,0.08638809749920862,0.006369679138557904,0.003247871830251964,0.5876152832674572,adult,sex,27,related_feats,10.0,0.8038152657184758,0.1253229974160207,400.0,random,0.9115267489711935,0.3525,400.0,0.1114347132653769,-0.1114347132653769,-0.091320714647221,0.1432398139010292,0.14982450617145482,-0.11886304909560719,-0.1432398139010292,-0.14982450617145482,-0.13920618414060554,
0.8050190516721756,0.7877777777777778,0.7153426817070828,0.026132524988360273,0.026132524988360273,0.005809004591918271,0.0771130104463438,0.026132524988360273,0.005809004591918271,0.5678524374176548,adult,sex,27,related_feats,30.0,0.7932787076049257,0.1253229974160207,400.0,random,0.9115267489711935,0.3525,400.0,0.1114347132653769,-0.1114347132653769,-0.091320714647221,0.1432398139010292,0.14982450617145482,-0.11886304909560719,-0.1432398139010292,-0.14982450617145482,-0.13920618414060554,
0.8976059557795869,0.8377777777777777,0.7824085420378749,0.08360823006131934,0.08360823006131934,0.07316598829542707,0.18347578347578347,-0.08360823006131934,-0.07316598829542707,0.6015037593984962,adult,sex,27,proxy_soft,0.3,0.8959598687120278,0.17142857142857143,25.0,strat_y,0.8443706869262425,0.5,24.0,0.1114347132653769,-0.1114347132653769,-0.091320714647221,0.05714285714285716,0.19112977286706645,0.02857142857142858,-0.05714285714285716,-0.13027483652919936,-0.19112977286706645,
0.894850459690934,0.8366666666666667,0.7809181895860795,0.06029799858843381,0.036791583702338815,0.06029799858843381,0.16574865463754354,-0.036791583702338815,-0.06029799858843381,0.6390977443609023,adult,sex,27,proxy_soft,1.0,0.8919960892944435,0.3714285714285715,25.0,strat_y,0.8443706869262425,0.5,24.0,0.1114347132653769,-0.1114347132653769,-0.091320714647221,0.05714285714285716,0.19112977286706645,0.02857142857142858,-0.05714285714285716,-0.13027483652919936,-0.19112977286706645,
0.888624926310351,0.8355555555555556,0.779427837134284,0.055243829880305406,0.042992857638166626,0.055243829880305406,0.1619499841722064,-0.042992857638166626,-0.055243829880305406,0.631578947368421,adult,sex,27,proxy_soft,3.0,0.8823189552829442,0.5142857142857143,25.0,strat_y,0.8443706869262425,0.5,24.0,0.1114347132653769,-0.1114347132653769,-0.091320714647221,0.05714285714285716,0.19112977286706645,0.02857142857142858,-0.05714285714285716,-0.13027483652919936,-0.19112977286706645,
0.8661793904127283,0.8211111111111111,0.7600532552609441,0.07942781855825343,0.07942781855825343,0.05986402566442005,0.1632162076606521,-0.07942781855825343,-0.05986402566442005,0.5714285714285714,adult,sex,27,proxy_soft,10.0,0.8547373076654484,0.5142857142857143,25.0,strat_y,0.8443706869262425,0.5,24.0,0.1114347132653769,-0.1114347132653769,-0.091320714647221,0.05714285714285716,0.19112977286706645,0.02857142857142858,-0.05714285714285716,-0.13027483652919936,-0.19112977286706645,
0.8466859943300369,0.8077777777777778,0.7421690258393997,0.17151574588645524,0.17151574588645524,0.06016180495802524,0.16954732510288065,-0.17151574588645524,-0.06016180495802524,0.46616541353383456,adult,sex,27,proxy_soft,30.0,0.8335319723457251,0.5142857142857143,25.0,strat_y,0.8443706869262425,0.5,24.0,0.1114347132653769,-0.1114347132653769,-0.091320714647221,0.05714285714285716,0.19112977286706645,0.02857142857142858,-0.05714285714285716,-0.13027483652919936,-0.19112977286706645,
0.8980816266037848,0.8361111111111111,0.7801730133601817,0.07965566089135889,0.07965566089135889,0.07496132043187233,0.18347578347578347,-0.07965566089135889,-0.07496132043187233,0.6015037593984962,adult,sex,27,proxy_soft,0.3,0.897481319397565,0.29999999999999993,50.0,strat_y,0.8662499525166191,0.3,50.0,0.1114347132653769,-0.1114347132653769,-0.091320714647221,0.29999999999999993,0.11969848355607315,-0.29999999999999993,0.03333333333333334,-0.11969848355607315,-0.09476288115917482,
0.8972962936590471,0.8355555555555556,0.779427837134284,0.06305765087917028,0.060665497736436036,0.06305765087917028,0.1708135485913264,-0.060665497736436036,-0.06305765087917028,0.6165413533834586,adult,sex,27,proxy_soft,1.0,0.8969235782955841,0.29999999999999993,50.0,strat_y,0.8662499525166191,0.3,50.0,0.1114347132653769,-0.1114347132653769,-0.091320714647221,0.29999999999999993,0.11969848355607315,-0.29999999999999993,0.03333333333333334,-0.11969848355607315,-0.09476288115917482,
0.8965858923236913,0.8366666666666667,0.7809181895860795,0.06029799858843381,0.054464223800608225,0.06029799858843381,0.16828110161443496,-0.054464223800608225,-0.06029799858843381,0.6240601503759399,adult,sex,27,proxy_soft,3.0,0.8958714122768222,0.25,50.0,strat_y,0.8662499525166191,0.3,50.0,0.1114347132653769,-0.1114347132653769,-0.091320714647221,0.29999999999999993,0.11969848355607315,-0.29999999999999993,0.03333333333333334,-0.11969848355607315,-0.09476288115917482,
0.895060764981354,0.84,0.7853892469414656,0.0629583911146352,0.035860401993125124,0.0629583911146352,0.16954732510288065,-0.035860401993125124,-0.0629583911146352,0.6466165413533834,adult,sex,27,proxy_soft,10.0,0.8936032030540748,0.20000000000000007,50.0,strat_y,0.8662499525166191,0.3,50.0,0.1114347132653769,-0.1114347132653769,-0.091320714647221,0.29999999999999993,0.11969848355607315,-0.29999999999999993,0.03333333333333334,-0.11969848355607315,-0.09476288115917482,
0.8932417070165793,0.8411111111111111,0.786879599393261,0.060198738823898756,0.029659128057297424,0.060198738823898756,0.16701487812598922,-0.029659128057297424,-0.060198738823898756,0.6541353383458647,adult,sex,27,proxy_soft,30.0,0.8914187946646803,0.25,50.0,strat_y,0.8662499525166191,0.3,50.0,0.1114347132653769,-0.1114347132653769,-0.091320714647221,0.29999999999999993,0.11969848355607315,-0.29999999999999993,0.03333333333333334,-0.11969848355607315,-0.09476288115917482,
0.897864283537898,0.8366666666666667,0.7809181895860795,0.08097318394801234,0.08097318394801234,0.06811181958729867,0.17841088952200063,-0.08097318394801234,-0.06811181958729867,0.6015037593984962,adult,sex,27,proxy_soft,0.3,0.8973965874438418,0.13157894736842102,100.0,strat_y,0.8799104146881924,0.31,100.0,0.1114347132653769,-0.1114347132653769,-0.091320714647221,0.15280135823429541,0.15502000791643133,-0.13157894736842102,-0.15280135823429541,-0.15502000791643133,-0.12627174364736726,
0.896650060276477,0.8383333333333334,0.7831537182637726,0.05850266645198858,0.03190783282316467,0.05850266645198858,0.16448243114909783,-0.03190783282316467,-0.05850266645198858,0.6466165413533834,adult,sex,27,proxy_soft,1.0,0.8959971135268513,0.100169779286927,100.0,strat_y,0.8799104146881924,0.31,100.0,0.1114347132653769,-0.1114347132653769,-0.091320714647221,0.15280135823429541,0.15502000791643133,-0.13157894736842102,-0.15280135823429541,-0.15502000791643133,-0.12627174364736726,
0.8947477909664769,0.8377777777777777,0.7824085420378749,0.05597558209792436,0.012917669668241816,0.05597558209792436,0.15941753719531498,-0.012917669668241816,-0.05597558209792436,0.6616541353383458,adult,sex,27,proxy_soft,3.0,0.8930342885076468,0.06140350877192979,100.0,strat_y,0.8799104146881924,0.31,100.0,0.1114347132653769,-0.1114347132653769,-0.091320714647221,0.15280135823429541,0.15502000791643133,-0.13157894736842102,-0.15280135823429541,-0.15502000791643133,-0.12627174364736726,
0.889178012664684,0.84,0.7853892469414656,0.06139562691486225,0.035860401993125124,0.06139562691486225,0.16828110161443496,-0.035860401993125124,-0.06139562691486225,0.6466165413533834,adult,sex,27,proxy_soft,10.0,0.8844428408482506,0.06791171477079797,100.0,strat_y,0.8799104146881924,0.31,100.0,0.1114347132653769,-0.1114347132653769,-0.091320714647221,0.15280135823429541,0.15502000791643133,-0.13157894736842102,-0.15280135823429541,-0.15502000791643133,-0.12627174364736726,
0.8841493151002511,0.8366666666666667,0.7809181895860795,0.07213686389887763,0.07213686389887763,0.05717247018888785,0.16828110161443496,-0.07213686389887763,-0.05717247018888785,0.6090225563909775,adult,sex,27,proxy_soft,30.0,0.8776177285318562,0.06791171477079797,100.0,strat_y,0.8799104146881924,0.31,100.0,0.1114347132653769,-0.1114347132653769,-0.091320714647221,0.15280135823429541,0.15502000791643133,-0.13157894736842102,-0.15280135823429541,-0.15502000791643133,-0.12627174364736726,
0.8982683346470515,0.8377777777777777,0.7824085420378749,0.07477191001218464,0.07477191001218464,0.06847769569610813,0.17841088952200063,-0.07477191001218464,-0.06847769569610813,0.6090225563909775,adult,sex,27,proxy_soft,0.3,0.897674992434647,0.08243297318927571,200.0,strat_y,0.9068937638493195,0.315,200.0,0.1114347132653769,-0.1114347132653769,-0.091320714647221,0.17045454545454541,0.17241367754092585,-0.17045454545454541,-0.10204081632653061,-0.17241367754092585,-0.12787821766387567,
0.8979690221963159,0.8388888888888889,0.7838988944896701,0.06102975080605276,0.024389035830683414,0.06102975080605276,0.16574865463754354,-0.024389035830683414,-0.06102975080605276,0.6541353383458647,adult,sex,27,proxy_soft,1.0,0.8968956446844666,0.07575757575757569,200.0,strat_y,0.9068937638493195,0.315,200.0,0.1114347132653769,-0.1114347132653769,-0.091320714647221,0.17045454545454541,0.17241367754092585,-0.17045454545454541,-0.10204081632653061,-0.17241367754092585,-0.12787821766387567,
0.8963867646766599,0.8422222222222222,0.7883699518450563,0.05431355813361634,0.014621534072335018,0.05431355813361634,0.16068376068376067,-0.014621534072335018,-0.05431355813361634,0.6691729323308271,adult,sex,27,proxy_soft,3.0,0.8932577573965875,0.007575757575757569,200.0,strat_y,0.9068937638493195,0.315,200.0,0.1114347132653769,-0.1114347132653769,-0.091320714647221,0.17045454545454541,0.17241367754092585,-0.17045454545454541,-0.10204081632653061,-0.17241367754092585,-0.12787821766387567,
0.8866034288042075,0.8288888888888889,0.7704857224235119,0.04485522105659412,0.04485522105659412,0.035858167029945875,0.14295663184552074,-0.04485522105659412,-0.035858167029945875,0.6165413533834586,adult,sex,27,proxy_soft,10.0,0.88189901999581,0.06439393939393934,200.0,strat_y,0.9068937638493195,0.315,200.0,0.1114347132653769,-0.1114347132653769,-0.091320714647221,0.17045454545454541,0.17241367754092585,-0.17045454545454541,-0.10204081632653061,-0.17241367754092585,-0.12787821766387567,
0.8794551188638878,0.8277777777777777,0.7689953699717165,0.05105649499242171,0.05105649499242171,0.02142741312317964,0.13156062044950934,-0.05105649499242171,-0.02142741312317964,0.6090225563909775,adult,sex,27,proxy_soft,30.0,0.8740254661421356,0.06439393939393934,200.0,strat_y,0.9068937638493195,0.315,200.0,0.1114347132653769,-0.1114347132653769,-0.091320714647221,0.17045454545454541,0.17241367754092585,-0.17045454545454541,-0.10204081632653061,-0.17241367754092585,-0.12787821766387567,
0.8982020967603049,0.8377777777777777,0.7824085420378749,0.07477191001218464,0.07477191001218464,0.06847769569610813,0.17841088952200063,-0.07477191001218464,-0.06847769569610813,0.6090225563909775,adult,sex,27,proxy_soft,0.3,0.8973602737493888,0.12425844029770253,400.0,strat_y,0.9074778727445394,0.255,400.0,0.1114347132653769,-0.1114347132653769,-0.091320714647221,0.12425844029770253,0.15643006013787353,0.02298850574712652,-0.12425844029770253,-0.15643006013787353,-0.134067652219721,
0.8978063253869948,0.8372222222222222,0.781663365811977,0.06126231874272503,0.05578174685726167,0.06126231874272503,0.16954732510288065,-0.05578174685726167,-0.06126231874272503,0.6240601503759399,adult,sex,27,proxy_soft,1.0,0.8960976745268745,0.11055981016071623,400.0,strat_y,0.9074778727445394,0.255,400.0,0.1114347132653769,-0.1114347132653769,-0.091320714647221,0.12425844029770253,0.15643006013787353,0.02298850574712652,-0.12425844029770253,-0.15643006013787353,-0.134067652219721,
0.8956378625696325,0.8388888888888889,0.7838988944896701,0.05321592980718791,0.024389035830683414,0.05321592980718791,0.15941753719531498,-0.024389035830683414,-0.05321592980718791,0.6541353383458647,adult,sex,27,proxy_soft,3.0,0.8912856444516865,0.15567654769106676,400.0,strat_y,0.9074778727445394,0.255,400.0,0.1114347132653769,-0.1114347132653769,-0.091320714647221,0.12425844029770253,0.15643006013787353,0.02298850574712652,-0.12425844029770253,-0.15643006013787353,-0.134067652219721,
0.8851718624768996,0.8283333333333334,0.7697405461976141,0.07004665814734468,0.07004665814734468,0.025517261677016803,0.13789173789173786,-0.07004665814734468,-0.025517261677016803,0.5939849624060151,adult,sex,27,proxy_soft,10.0,0.8778868223189553,0.1101028433151845,400.0,strat_y,0.9074778727445394,0.255,400.0,0.1114347132653769,-0.1114347132653769,-0.091320714647221,0.12425844029770253,0.15643006013787353,0.02298850574712652,-0.12425844029770253,-0.15643006013787353,-0.134067652219721,
0.8778492640970783,0.8272222222222222,0.7682501937458188,0.058575291984902966,0.058575291984902966,0.014212036169796521,0.12649572649572646,-0.058575291984902966,-0.014212036169796521,0.6015037593984962,adult,sex,27,proxy_soft,30.0,0.8699415721967457,0.04113732607380516,400.0,strat_y,0.9074778727445394,0.255,400.0,0.1114347132653769,-0.1114347132653769,-0.091320714647221,0.12425844029770253,0.15643006013787353,0.02298850574712652,-0.12425844029770253,-0.15643006013787353,-0.134067652219721,
0.8985560554676064,0.8383333333333334,0.7831537182637726,0.1114347132653769,0.1114347132653769,0.089757950447448,0.20120291231402343,-0.1114347132653769,-0.089757950447448,0.5789473684210527,adult,sex,27,proxy_soft,0.3,0.8974198654531065,0.058823529411764705,25.0,random_mnar,0.6422229819563152,0.12,,,,,,,,,,,
0.8983602397149121,0.8388888888888889,0.7838988944896701,0.11275223632203035,0.11275223632203035,0.08915950640196627,0.20120291231402343,-0.11275223632203035,-0.08915950640196627,0.5789473684210527,adult,sex,27,proxy_soft,1.0,0.8970353127400544,0.058823529411764705,25.0,random_mnar,0.6422229819563152,0.12,,,,,,,,,,,
0.897416349828775,0.8372222222222222,0.781663365811977,0.1087996671520699,0.1087996671520699,0.08314101753954665,0.19487179487179487,-0.1087996671520699,-0.08314101753954665,0.5789473684210527,adult,sex,27,proxy_soft,3.0,0.89486673339696,0.058823529411764705,25.0,random_mnar,0.6422229819563152,0.12,,,,,,,,,,,
0.8915232478423007,0.8316666666666667,0.7742116035530002,0.09562443658553499,0.09562443658553499,0.06880952339731548,0.17841088952200063,-0.09562443658553499,-0.06880952339731548,0.5789473684210527,adult,sex,27,proxy_soft,10.0,0.8855061803114597,0.058823529411764705,25.0,random_mnar,0.6422229819563152,0.12,,,,,,,,,,,
0.8862908687761226,0.8277777777777777,0.7689953699717165,0.09523809523809523,0.09523809523809523,0.06362204651704989,0.17207977207977207,-0.09523809523809523,-0.06362204651704989,0.5714285714285714,adult,sex,27,proxy_soft,30.0,0.8792490514211224,0.058823529411764705,25.0,random_mnar,0.6422229819563152,0.12,,,,,,,,,,,
0.8984210957733605,0.8394444444444444,0.784644070715568,0.1052334393295492,0.1052334393295492,0.08231000555739262,0.19487179487179487,-0.1052334393295492,-0.08231000555739262,0.5864661654135338,adult,sex,27,proxy_soft,0.3,0.8970827998789545,0.30303030303030304,50.0,random_mnar,0.8073292181069959,0.28,,,,,,,,,,,
0.8978212289115128,0.8394444444444444,0.784644070715568,0.0875607992312798,0.0875607992312798,0.08231000555739262,0.19233934789490345,-0.0875607992312798,-0.08231000555739262,0.6015037593984962,adult,sex,27,proxy_soft,1.0,0.8959058637305338,0.30303030303030304,50.0,random_mnar,0.8073292181069959,0.28,,,,,,,,,,,
0.8961611418749296,0.8383333333333334,0.7831537182637726,0.1025983932162422,0.1025983932162422,0.08350689364835612,0.19487179487179487,-0.1025983932162422,-0.08350689364835612,0.5864661654135338,adult,sex,27,proxy_soft,3.0,0.892750296794618,0.16,50.0,random_mnar,0.8073292181069959,0.28,,,,,,,,,,,
0.8900382772188038,0.8344444444444444,0.7779374846824887,0.09337573181966774,0.09337573181966774,0.08769600196672836,0.19487179487179487,-0.09337573181966774,-0.08769600196672836,0.5864661654135338,adult,sex,27,proxy_soft,10.0,0.884347866570451,0.36363636363636365,50.0,random_mnar,0.8073292181069959,0.28,,,,,,,,,,,
0.885127565890138,0.8316666666666667,0.7742116035530002,0.08912545799436412,0.08678811653640028,0.08912545799436412,0.19360557138334913,-0.08678811653640028,-0.08912545799436412,0.5864661654135338,adult,sex,27,proxy_soft,30.0,0.8786661700691357,0.36363636363636365,50.0,random_mnar,0.8073292181069959,0.28,,,,,,,,,,,
0.8983420242960568,0.8377777777777777,0.7824085420378749,0.09244455011045394,0.09244455011045394,0.077854280894746,0.18854067742956632,-0.09244455011045394,-0.077854280894746,0.5939849624060151,adult,sex,27,proxy_soft,0.3,0.897544635582765,0.20833333333333337,100.0,random_mnar,0.7908741373852485,0.13,,,,,,,,,,,
0.8980952881679264,0.8377777777777777,0.7824085420378749,0.077854280894746,0.07477191001218464,0.077854280894746,0.1860082304526749,-0.07477191001218464,-0.077854280894746,0.6090225563909775,adult,sex,27,proxy_soft,1.0,0.8970902488419191,0.25,100.0,random_mnar,0.7908741373852485,0.13,,,,,,,,,,,
0.8965304180935412,0.8388888888888889,0.7838988944896701,0.08624327617462635,0.08624327617462635,0.0766573928037825,0.18727445394112058,-0.08624327617462635,-0.0766573928037825,0.6015037593984962,adult,sex,27,proxy_soft,3.0,0.8946479201098723,0.25,100.0,random_mnar,0.7908741373852485,0.13,,,,,,,,,,,
0.8922108799040875,0.8372222222222222,0.781663365811977,0.0999633471029352,0.0999633471029352,0.07220166814113584,0.18474200696422916,-0.0999633471029352,-0.07220166814113584,0.5864661654135338,adult,sex,27,proxy_soft,10.0,0.8892585954049209,0.25,100.0,random_mnar,0.7908741373852485,0.13,,,,,,,,,,,
0.8895191377814282,0.8344444444444444,0.7779374846824887,0.09337573181966774,0.09337573181966774,0.06581730316990676,0.17714466603355494,-0.09337573181966774,-0.06581730316990676,0.5864661654135338,adult,sex,27,proxy_soft,30.0,0.8860983728671525,0.25,100.0,random_mnar,0.7908741373852485,0.13,,,,,,,,,,,
0.8973790910174801,0.8355555555555556,0.779427837134284,0.07087147187803515,0.06950181778557063,0.07087147187803515,0.17841088952200063,-0.06950181778557063,-0.07087147187803515,0.6090225563909775,adult,sex,27,proxy_soft,0.3,0.8970250704159781,0.07959866220735787,200.0,random_mnar,0.8711985438429883,0.145,,,,,,,,,,,
0.895964498148651,0.8344444444444444,0.7779374846824887,0.05956624637081484,0.049194131573994215,0.05956624637081484,0.16574865463754354,-0.049194131573994215,-0.05956624637081484,0.6240601503759399,adult,sex,27,proxy_soft,1.0,0.8956349077026933,0.06220735785953177,200.0,random_mnar,0.8711985438429883,0.145,,,,,,,,,,,
0.8941872528498852,0.8355555555555556,0.779427837134284,0.05680659408007839,0.042992857638166626,0.05680659408007839,0.1632162076606521,-0.042992857638166626,-0.05680659408007839,0.631578947368421,adult,sex,27,proxy_soft,3.0,0.8932214437021346,0.05351170568561872,200.0,random_mnar,0.8711985438429883,0.145,,,,,,,,,,,
0.8912024080783728,0.8344444444444444,0.7779374846824887,0.05803045162312903,0.05803045162312903,0.05018966117217702,0.15941753719531498,-0.05803045162312903,-0.05018966117217702,0.6165413533834586,adult,sex,27,proxy_soft,10.0,0.8893628808864267,0.044816053511705686,200.0,random_mnar,0.8711985438429883,0.145,,,,,,,,,,,
0.8887482943744163,0.8322222222222222,0.774956779778898,0.06159667944564973,0.06159667944564973,0.049457908954558066,0.15815131370686925,-0.06159667944564973,-0.049457908954558066,0.6090225563909775,adult,sex,27,proxy_soft,30.0,0.8868544426080682,0.05351170568561872,200.0,random_mnar,0.8711985438429883,0.145,,,,,,,,,,,
0.8986318150505727,0.8377777777777777,0.7824085420378749,0.10128087015958875,0.10128087015958875,0.0825425734940649,0.19360557138334913,-0.10128087015958875,-0.0825425734940649,0.5864661654135338,adult,sex,27,proxy_soft,0.3,0.8975464978235062,0.18686868686868685,400.0,random_mnar,0.8978921810699589,0.1375,,,,,,,,,,,
0.8987866461108426,0.8372222222222222,0.781663365811977,0.09112702705380049,0.09112702705380049,0.08470378173931961,0.19360557138334913,-0.09112702705380049,-0.08470378173931961,0.5939849624060151,adult,sex,27,proxy_soft,1.0,0.8971470471845249,0.18686868686868685,400.0,random_mnar,0.8978921810699589,0.1375,,,,,,,,,,,
0.8981184714282877,0.84,0.7853892469414656,0.12422360248447206,0.12422360248447206,0.08483708991145683,0.19993668882557775,-0.12422360248447206,-0.08483708991145683,0.5714285714285714,adult,sex,27,proxy_soft,3.0,0.895052957471077,0.19696969696969702,400.0,random_mnar,0.8978921810699589,0.1375,,,,,,,,,,,
0.893243362963748,0.8344444444444444,0.7779374846824887,0.10221205186880244,0.10221205186880244,0.07675665256831755,0.18727445394112058,-0.10221205186880244,-0.07675665256831755,0.5789473684210527,adult,sex,27,proxy_soft,10.0,0.8895509672012849,0.05303030303030298,400.0,random_mnar,0.8978921810699589,0.1375,,,,,,,,,,,
0.8903719505732889,0.8338888888888889,0.777192308456591,0.10089452881214889,0.10089452881214889,0.07110403981470742,0.1822095599873378,-0.10089452881214889,-0.07110403981470742,0.5789473684210527,adult,sex,27,proxy_soft,30.0,0.8862426965245932,0.05303030303030298,400.0,random_mnar,0.8978921810699589,0.1375,,,,,,,,,,,
0.8967970255876957,0.8388888888888889,0.7838988944896701,0.13042487642029976,0.13042487642029976,0.0875967422021933,0.20246913580246917,-0.13042487642029976,-0.0875967422021933,0.5639097744360902,adult,sex,27,jtt,1.0,0.8955250354989641,,,,,,,,,,,,,,,,1.5
0.895273140205735,0.8383333333333334,0.7831537182637726,0.14677999346191561,0.14677999346191561,0.091320714647221,0.20753402975625196,-0.14677999346191561,-0.091320714647221,0.5488721804511278,adult,sex,27,jtt,2.0,0.8941907400079145,,,,,,,,,,,,,,,,2.0
0.8910653784501659,0.8377777777777777,0.7824085420378749,0.15429879045439687,0.15429879045439687,0.09660745129202165,0.2125989237100348,-0.15429879045439687,-0.09660745129202165,0.5413533834586466,adult,sex,27,jtt,3.0,0.8902157871458833,,,,,,,,,,,,,,,,3.0
0.8749641901424777,0.8222222222222222,0.7615436077127394,0.19693502531031143,0.19693502531031143,0.13211705496278625,0.23918961696739474,-0.19693502531031143,-0.13211705496278625,0.47368421052631576,adult,sex,27,jtt,4.0,0.873419306780884,,,,,,,,,,,,,,,,5.0
0.8990325542653888,0.8383333333333334,0.7831537182637726,0.12027103331451161,0.12027103331451161,0.08819518624767506,0.20120291231402343,-0.12027103331451161,-0.08819518624767506,0.5714285714285714,adult,sex,27,cvar,1.0,0.8973230289345655,,,,,,,,,,,,,,,,0.5
0.8970590792271363,0.8388888888888889,0.7838988944896701,0.11275223632203035,0.11275223632203035,0.08603397800242032,0.198670465337132,-0.11275223632203035,-0.08603397800242032,0.5789473684210527,adult,sex,27,cvar,2.0,0.895399334248935,,,,,,,,,,,,,,,,0.2
0.8962137181975347,0.8383333333333334,0.7831537182637726,0.1114347132653769,0.1114347132653769,0.08350689364835612,0.19613801836024056,-0.1114347132653769,-0.08350689364835612,0.5789473684210527,adult,sex,27,cvar,3.0,0.8944430736283433,,,,,,,,,,,,,,,,0.1
0.8966165273463116,0.8366666666666667,0.7809181895860795,0.13399110424282057,0.13399110424282057,0.09155328258389325,0.20500158277936054,-0.13399110424282057,-0.09155328258389325,0.556390977443609,adult,sex,27,arl,1.0,0.8953555715915176,,,,,,,,,,,,,,,,0.05
0.8975778046777194,0.8372222222222222,0.781663365811977,0.13530862729947402,0.13530862729947402,0.09251760273818449,0.20626780626780628,-0.13530862729947402,-0.09251760273818449,0.556390977443609,adult,sex,27,arl,2.0,0.8972252612956542,,,,,,,,,,,,,,,,0.2
0.898137100833935,0.8366666666666667,0.7809181895860795,0.13399110424282057,0.13399110424282057,0.08842775418434731,0.20246913580246917,-0.13399110424282057,-0.08842775418434731,0.556390977443609,adult,sex,27,arl,3.0,0.8972848529993716,,,,,,,,,,,,,,,,0.5
0.8962108202899896,0.8388888888888889,0.7838988944896701,0.08447121380264735,0.059734316027222234,0.08447121380264735,0.189806900918012,-0.059734316027222234,-0.08447121380264735,0.6240601503759399,adult,sex,27,cluster_rw,1.0,0.8930882934891409,,,,,,,,,,,,,,,,0.25
0.8895352832663227,0.8333333333333334,0.7764471322306934,0.07170248386018915,0.011213805264148502,0.07170248386018915,0.16954732510288065,-0.011213805264148502,-0.07170248386018915,0.6541353383458647,adult,sex,27,cluster_rw,2.0,0.8845424707279033,,,,,,,,,,,,,,,,0.5
0.8522648803412576,0.8127777777777778,0.7488756118724788,0.04637086788116529,0.04637086788116529,0.02508328875300303,0.1125672681228237,0.04637086788116529,-0.02508328875300303,0.6152832674571805,adult,sex,27,cluster_rw,3.0,0.8429781885053191,,,,,,,,,,,,,,,,1.0
0.8944770536012354,0.8352777777777778,0.7790335371239013,0.1216165413533834,0.1216165413533834,0.10065250405649645,0.21006647673314338,-0.1216165413533834,-0.10065250405649645,0.5639097744360902,adult,sex,28,erm,0.0,0.8986400986987594,,,,,,,,,,,,,,,,
0.8929303191799619,0.8330555555555555,0.7760550701987423,0.07334838519681948,0.06334586466165415,0.07334838519681948,0.17841088952200063,-0.06334586466165415,-0.07334838519681948,0.6090225563909775,adult,sex,28,oracle,0.3,0.8984492190227892,,,,,,,,,,,,,,,,
0.890878072733335,0.8341666666666666,0.7775443036613219,0.05651955491139227,0.022368421052631593,0.05651955491139227,0.15308641975308646,0.022368421052631593,-0.05651955491139227,0.6618421052631579,adult,sex,28,oracle,1.0,0.8971726529947159,,,,,,,,,,,,,,,,
0.8876220292377897,0.8325,0.7753104534674526,0.06165413533834585,0.06165413533834585,0.04581098170101454,0.13789173789173786,0.06165413533834585,-0.04581098170101454,0.6526315789473685,adult,sex,28,oracle,3.0,0.894247072790335,,,,,,,,,,,,,,,,
0.8796281549514323,0.8230555555555555,0.7626519690355269,0.10169172932330828,0.10169172932330828,0.023165048880060518,0.10876859765748653,0.10169172932330828,-0.023165048880060518,0.6276315789473684,adult,sex,28,oracle,10.0,0.8876379803999161,,,,,,,,,,,,,,,,
0.8730089258862284,0.8169444444444445,0.7544611849913397,0.11616541353383458,0.11616541353383458,0.0031787918858522113,0.08724279835390947,0.11616541353383458,-0.0031787918858522113,0.6131578947368421,adult,sex,28,oracle,30.0,0.8819842175097186,,,,,,,,,,,,,,,,
0.8944543014233348,0.8352777777777778,0.7790335371239013,0.1216165413533834,0.1216165413533834,0.10065250405649645,0.21006647673314338,-0.1216165413533834,-0.10065250405649645,0.5639097744360902,adult,sex,28,proxy_soft,0.3,0.898723899532112,0.1875,25.0,random,0.7016849002849002,0.2,25.0,0.1216165413533834,-0.1216165413533834,-0.10065250405649645,0.1875,0.014606687520805184,0.0,-0.1875,0.014606687520805184,-0.0002840569701284823,
0.8944493373117929,0.8358333333333333,0.779778153855191,0.12293233082706767,0.12293233082706767,0.10005370166128688,0.21006647673314338,-0.12293233082706767,-0.10005370166128688,0.5639097744360902,adult,sex,28,proxy_soft,1.0,0.8989138480877116,0.1875,25.0,random,0.7016849002849002,0.2,25.0,0.1216165413533834,-0.1216165413533834,-0.10065250405649645,0.1875,0.014606687520805184,0.0,-0.1875,0.014606687520805184,-0.0002840569701284823,
0.8943848038617479,0.8347222222222223,0.7782889203926115,0.12030075187969924,0.12030075187969924,0.10125130645170605,0.21006647673314338,-0.12030075187969924,-0.10125130645170605,0.5639097744360902,adult,sex,28,proxy_soft,3.0,0.8994641402267278,0.1875,25.0,random,0.7016849002849002,0.2,25.0,0.1216165413533834,-0.1216165413533834,-0.10065250405649645,0.1875,0.014606687520805184,0.0,-0.1875,0.014606687520805184,-0.0002840569701284823,
0.8939504441018289,0.8341666666666666,0.7775443036613219,0.11015037593984967,0.11015037593984967,0.10341323139641641,0.21006647673314338,-0.11015037593984967,-0.10341323139641641,0.5714285714285714,adult,sex,28,proxy_soft,10.0,0.9003040108009963,0.1875,25.0,random,0.7016849002849002,0.2,25.0,0.1216165413533834,-0.1216165413533834,-0.10065250405649645,0.1875,0.014606687520805184,0.0,-0.1875,0.014606687520805184,-0.0002840569701284823,
0.8934126653514529,0.8330555555555555,0.7760550701987423,0.1061739587363364,0.09868421052631582,0.1061739587363364,0.21006647673314338,-0.09868421052631582,-0.1061739587363364,0.5789473684210527,adult,sex,28,proxy_soft,30.0,0.9003785004306433,0.1875,25.0,random,0.7016849002849002,0.2,25.0,0.1216165413533834,-0.1216165413533834,-0.10065250405649645,0.1875,0.014606687520805184,0.0,-0.1875,0.014606687520805184,-0.0002840569701284823,
0.8946272179753787,0.8347222222222223,0.7782889203926115,0.12913533834586466,0.12913533834586466,0.10281442900120684,0.2125989237100348,-0.12913533834586466,-0.10281442900120684,0.556390977443609,adult,sex,28,proxy_confident,0.3,0.898391489559813,0.1875,25.0,random,0.7016849002849002,0.2,25.0,0.1216165413533834,-0.1216165413533834,-0.10065250405649645,0.1875,0.014606687520805184,0.0,-0.1875,0.014606687520805184,-0.0002840569701284823,
0.8946392145782718,0.8347222222222223,0.7782889203926115,0.12913533834586466,0.12913533834586466,0.10281442900120684,0.2125989237100348,-0.12913533834586466,-0.10281442900120684,0.556390977443609,adult,sex,28,proxy_confident,1.0,0.8983784538746247,0.1875,25.0,random,0.7016849002849002,0.2,25.0,0.1216165413533834,-0.1216165413533834,-0.10065250405649645,0.1875,0.014606687520805184,0.0,-0.1875,0.014606687520805184,-0.0002840569701284823,
0.8946400419301954,0.8347222222222223,0.7782889203926115,0.12913533834586466,0.12913533834586466,0.10281442900120684,0.2125989237100348,-0.12913533834586466,-0.10281442900120684,0.556390977443609,adult,sex,28,proxy_confident,3.0,0.8983765916338835,0.1875,25.0,random,0.7016849002849002,0.2,25.0,0.1216165413533834,-0.1216165413533834,-0.10065250405649645,0.1875,0.014606687520805184,0.0,-0.1875,0.014606687520805184,-0.0002840569701284823,
0.894636318846539,0.8347222222222223,0.7782889203926115,0.12913533834586466,0.12913533834586466,0.10281442900120684,0.2125989237100348,-0.12913533834586466,-0.10281442900120684,0.556390977443609,adult,sex,28,proxy_confident,10.0,0.8983672804301776,0.1875,25.0,random,0.7016849002849002,0.2,25.0,0.1216165413533834,-0.1216165413533834,-0.10065250405649645,0.1875,0.014606687520805184,0.0,-0.1875,0.014606687520805184,-0.0002840569701284823,
0.8946400419301955,0.8347222222222223,0.7782889203926115,0.12913533834586466,0.12913533834586466,0.10281442900120684,0.2125989237100348,-0.12913533834586466,-0.10281442900120684,0.556390977443609,adult,sex,28,proxy_confident,30.0,0.8983747293931423,0.1875,25.0,random,0.7016849002849002,0.2,25.0,0.1216165413533834,-0.1216165413533834,-0.10065250405649645,0.1875,0.014606687520805184,0.0,-0.1875,0.014606687520805184,-0.0002840569701284823,
0.8884055315094911,0.8341666666666666,0.7775443036613219,0.07527702550540193,0.03947368421052633,0.07527702550540193,0.17714466603355494,-0.03947368421052633,-0.07527702550540193,0.631578947368421,adult,sex,28,related_feats,0.3,0.8922302660676459,0.1875,25.0,random,0.7016849002849002,0.2,25.0,0.1216165413533834,-0.1216165413533834,-0.10065250405649645,0.1875,0.014606687520805184,0.0,-0.1875,0.014606687520805184,-0.0002840569701284823,
0.8724566684771884,0.8230555555555555,0.7626519690355269,0.04035939692456936,0.004323308270676618,0.04035939692456936,0.13789173789173786,-0.004323308270676618,-0.04035939692456936,0.6390977443609023,adult,sex,28,related_feats,1.0,0.877652645545753,0.125,25.0,random,0.7016849002849002,0.2,25.0,0.1216165413533834,-0.1216165413533834,-0.10065250405649645,0.1875,0.014606687520805184,0.0,-0.1875,0.014606687520805184,-0.0002840569701284823,
0.8420560357184372,0.8052777777777778,0.738824233634255,0.046616541353383445,0.046616541353383445,0.014190519635752616,0.09990503323836655,0.046616541353383445,-0.014190519635752616,0.6,adult,sex,28,related_feats,3.0,0.8508279987895435,0.125,25.0,random,0.7016849002849002,0.2,25.0,0.1216165413533834,-0.1216165413533834,-0.10065250405649645,0.1875,0.014606687520805184,0.0,-0.1875,0.014606687520805184,-0.0002840569701284823,
0.7992856643491161,0.7875,0.7149964982329832,0.05338345864661653,0.05338345864661653,0.002599622356059317,0.07584678695789807,0.05338345864661653,0.002599622356059317,0.5631578947368421,adult,sex,28,related_feats,10.0,0.8118438511138528,0.1875,25.0,random,0.7016849002849002,0.2,25.0,0.1216165413533834,-0.1216165413533834,-0.10065250405649645,0.1875,0.014606687520805184,0.0,-0.1875,0.014606687520805184,-0.0002840569701284823,
0.7745780401770368,0.7730555555555556,0.6956364632194496,0.0345864661654135,0.0345864661654135,0.0026619855756183086,0.07078189300411519,0.0345864661654135,0.0026619855756183086,0.5368421052631579,adult,sex,28,related_feats,30.0,0.7884038269047231,0.1875,25.0,random,0.7016849002849002,0.2,25.0,0.1216165413533834,-0.1216165413533834,-0.10065250405649645,0.1875,0.014606687520805184,0.0,-0.1875,0.014606687520805184,-0.0002840569701284823,
0.8942553232856957,0.8347222222222223,0.7782889203926115,0.12913533834586466,0.12913533834586466,0.10281442900120684,0.2125989237100348,-0.12913533834586466,-0.10281442900120684,0.556390977443609,adult,sex,28,proxy_soft,0.3,0.897959449707861,0.15,50.0,random,0.8322731244064577,0.36,50.0,0.1216165413533834,-0.1216165413533834,-0.10065250405649645,0.15,0.10619689881551775,0.08333333333333326,-0.15,0.023035913505142558,-0.10619689881551775,
0.8934275576860786,0.8347222222222223,0.7782889203926115,0.12913533834586466,0.12913533834586466,0.10437755155070763,0.21386514719848052,-0.12913533834586466,-0.10437755155070763,0.556390977443609,adult,sex,28,proxy_soft,1.0,0.8964854861612234,0.15,50.0,random,0.8322731244064577,0.36,50.0,0.1216165413533834,-0.1216165413533834,-0.10065250405649645,0.15,0.10619689881551775,0.08333333333333326,-0.15,0.023035913505142558,-0.10619689881551775,
0.8876054821993165,0.8330555555555555,0.7760550701987423,0.13402255639097738,0.13402255639097738,0.10461083618683557,0.21386514719848052,-0.13402255639097738,-0.10461083618683557,0.5488721804511278,adult,sex,28,proxy_soft,3.0,0.8904350659931562,0.15,50.0,random,0.8322731244064577,0.36,50.0,0.1216165413533834,-0.1216165413533834,-0.10065250405649645,0.15,0.10619689881551775,0.08333333333333326,-0.15,0.023035913505142558,-0.10619689881551775,
0.8638596546384865,0.8158333333333333,0.7529719515287602,0.2080827067669173,0.2080827067669173,0.11066873004232614,0.22019626464070913,-0.2080827067669173,-0.11066873004232614,0.45112781954887216,adult,sex,28,proxy_soft,10.0,0.8667687795339744,0.1,50.0,random,0.8322731244064577,0.36,50.0,0.1216165413533834,-0.1216165413533834,-0.10065250405649645,0.15,0.10619689881551775,0.08333333333333326,-0.15,0.023035913505142558,-0.10619689881551775,
0.8509835766506394,0.8097222222222222,0.744781167484573,0.2201127819548872,0.2201127819548872,0.11100306619162831,0.21893004115226336,-0.2201127819548872,-0.11100306619162831,0.42857142857142855,adult,sex,28,proxy_soft,30.0,0.8533019856141902,0.1,50.0,random,0.8322731244064577,0.36,50.0,0.1216165413533834,-0.1216165413533834,-0.10065250405649645,0.15,0.10619689881551775,0.08333333333333326,-0.15,0.023035913505142558,-0.10619689881551775,
0.8927094162163459,0.8330555555555555,0.7760550701987423,0.16052631578947374,0.16052631578947374,0.11086332638483881,0.2227287116176005,-0.16052631578947374,-0.11086332638483881,0.5263157894736842,adult,sex,28,proxy_confident,0.3,0.8952554761516796,0.15,50.0,random,0.8322731244064577,0.36,50.0,0.1216165413533834,-0.1216165413533834,-0.10065250405649645,0.15,0.10619689881551775,0.08333333333333326,-0.15,0.023035913505142558,-0.10619689881551775,
0.8835580765887948,0.8269444444444445,0.7678642861545552,0.17255639097744357,0.17255639097744357,0.1143239076331426,0.22399493510604623,-0.17255639097744357,-0.1143239076331426,0.5037593984962406,adult,sex,28,proxy_confident,1.0,0.8856956633068739,0.15,50.0,random,0.8322731244064577,0.36,50.0,0.1216165413533834,-0.1216165413533834,-0.10065250405649645,0.15,0.10619689881551775,0.08333333333333326,-0.15,0.023035913505142558,-0.10619689881551775,
0.8652901461144865,0.8175,0.7552058017226294,0.2385338345864662,0.2385338345864662,0.12450354835170546,0.2366571699905033,-0.2385338345864662,-0.12450354835170546,0.42857142857142855,adult,sex,28,proxy_confident,3.0,0.8645946134686562,0.1,50.0,random,0.8322731244064577,0.36,50.0,0.1216165413533834,-0.1216165413533834,-0.10065250405649645,0.15,0.10619689881551775,0.08333333333333326,-0.15,0.023035913505142558,-0.10619689881551775,
0.8582481402162947,0.8141666666666667,0.750738101334891,0.24830827067669176,0.24830827067669176,0.12809636272296296,0.23918961696739474,-0.24830827067669176,-0.12809636272296296,0.41353383458646614,adult,sex,28,proxy_confident,10.0,0.8576531111059382,0.1,50.0,random,0.8322731244064577,0.36,50.0,0.1216165413533834,-0.1216165413533834,-0.10065250405649645,0.15,0.10619689881551775,0.08333333333333326,-0.15,0.023035913505142558,-0.10619689881551775,
0.8559476881925712,0.8125,0.7485042511410217,0.2355263157894737,0.2355263157894737,0.12676652480959005,0.2353909465020576,-0.2355263157894737,-0.12676652480959005,0.42105263157894735,adult,sex,28,proxy_confident,30.0,0.8552629251146443,0.1,50.0,random,0.8322731244064577,0.36,50.0,0.1216165413533834,-0.1216165413533834,-0.10065250405649645,0.15,0.10619689881551775,0.08333333333333326,-0.15,0.023035913505142558,-0.10619689881551775,
0.8764089286164898,0.8258333333333333,0.7663750526919757,0.06862783593853758,0.024436090225563922,0.06862783593853758,0.15815131370686925,0.024436090225563922,-0.06862783593853758,0.6447368421052632,adult,sex,28,related_feats,0.3,0.8866686840941365,0.16666666666666663,50.0,random,0.8322731244064577,0.36,50.0,0.1216165413533834,-0.1216165413533834,-0.10065250405649645,0.15,0.10619689881551775,0.08333333333333326,-0.15,0.023035913505142558,-0.10619689881551775,
0.8532956116012942,0.8141666666666667,0.750738101334891,0.05619272544592589,0.052067669172932374,0.05619272544592589,0.13789173789173786,0.052067669172932374,-0.05619272544592589,0.6171052631578947,adult,sex,28,related_feats,1.0,0.8701236062291954,0.08333333333333326,50.0,random,0.8322731244064577,0.36,50.0,0.1216165413533834,-0.1216165413533834,-0.10065250405649645,0.15,0.10619689881551775,0.08333333333333326,-0.15,0.023035913505142558,-0.10619689881551775,
0.81075317568694,0.7919444444444445,0.7209534320833011,0.07819548872180448,0.07819548872180448,0.019183041823777697,0.09230769230769231,0.07819548872180448,-0.019183041823777697,0.5684210526315789,adult,sex,28,related_feats,3.0,0.8363164878139622,0.08333333333333326,50.0,random,0.8322731244064577,0.36,50.0,0.1216165413533834,-0.1216165413533834,-0.10065250405649645,0.15,0.10619689881551775,0.08333333333333326,-0.15,0.023035913505142558,-0.10619689881551775,
0.7676572413356605,0.7636111111111111,0.6829779787875241,0.06578947368421051,0.06578947368421051,0.008113570352063476,0.056853434631212424,0.06578947368421051,0.008113570352063476,0.5131578947368421,adult,sex,28,related_feats,10.0,0.8026071370376404,0.16666666666666663,50.0,random,0.8322731244064577,0.36,50.0,0.1216165413533834,-0.1216165413533834,-0.10065250405649645,0.15,0.10619689881551775,0.08333333333333326,-0.15,0.023035913505142558,-0.10619689881551775,
0.7420142958138889,0.7458333333333333,0.6591502433862522,0.05488721804511282,0.05488721804511282,0.035845570190381065,0.026464070908515352,0.05488721804511282,0.035845570190381065,0.4789473684210526,adult,sex,28,related_feats,30.0,0.7817118648013222,0.08333333333333337,50.0,random,0.8322731244064577,0.36,50.0,0.1216165413533834,-0.1216165413533834,-0.10065250405649645,0.15,0.10619689881551775,0.08333333333333326,-0.15,0.023035913505142558,-0.10619689881551775,
0.8930444937454262,0.8330555555555555,0.7760550701987423,0.07178526264731866,0.045676691729323315,0.07178526264731866,0.1746122190566635,-0.045676691729323315,-0.07178526264731866,0.6240601503759399,adult,sex,28,proxy_soft,0.3,0.8982816173560837,0.03076923076923077,100.0,random,0.8681148464704018,0.27,100.0,0.1216165413533834,-0.1216165413533834,-0.10065250405649645,0.07930367504835589,0.16265599006157416,0.03076923076923077,-0.07930367504835589,-0.16265599006157416,-0.10457188205302782,
0.891043543118066,0.8330555555555555,0.7760550701987423,0.057717159701811405,0.016165413533834494,0.057717159701811405,0.15435264324153214,0.016165413533834494,-0.057717159701811405,0.6605263157894737,adult,sex,28,proxy_soft,1.0,0.8966977816057171,0.03076923076923077,100.0,random,0.8681148464704018,0.27,100.0,0.1216165413533834,-0.1216165413533834,-0.10065250405649645,0.07930367504835589,0.16265599006157416,0.03076923076923077,-0.07930367504835589,-0.16265599006157416,-0.10457188205302782,
0.8890289411839655,0.8319444444444445,0.7745658367361627,0.04797290664572494,0.045300751879699286,0.04797290664572494,0.14169040835707505,0.045300751879699286,-0.04797290664572494,0.6539473684210526,adult,sex,28,proxy_soft,3.0,0.8939174561791476,0.06923076923076932,100.0,random,0.8681148464704018,0.27,100.0,0.1216165413533834,-0.1216165413533834,-0.10065250405649645,0.07930367504835589,0.16265599006157416,0.03076923076923077,-0.07930367504835589,-0.16265599006157416,-0.10457188205302782,
0.8852868284332727,0.8241666666666667,0.7641412024981064,0.03721804511278193,0.03721804511278193,0.03447242448564779,0.1277619499841722,0.03721804511278193,-0.03447242448564779,0.6394736842105263,adult,sex,28,proxy_soft,10.0,0.8892739588910358,0.3076923076923077,100.0,random,0.8681148464704018,0.27,100.0,0.1216165413533834,-0.1216165413533834,-0.10065250405649645,0.07930367504835589,0.16265599006157416,0.03076923076923077,-0.07930367504835589,-0.16265599006157416,-0.10457188205302782,
0.8815993209095411,0.8247222222222222,0.7648858192293961,0.03590225563909766,0.03590225563909766,0.029184254441935814,0.1239632795188351,0.03590225563909766,-0.029184254441935814,0.6407894736842106,adult,sex,28,proxy_soft,30.0,0.8848716217789054,0.3076923076923077,100.0,random,0.8681148464704018,0.27,100.0,0.1216165413533834,-0.1216165413533834,-0.10065250405649645,0.07930367504835589,0.16265599006157416,0.03076923076923077,-0.07930367504835589,-0.16265599006157416,-0.10457188205302782,
0.8911076628921494,0.8325,0.7753104534674526,0.061442207196022613,0.03552631578947374,0.061442207196022613,0.16448243114909783,-0.03552631578947374,-0.061442207196022613,0.631578947368421,adult,sex,28,proxy_confident,0.3,0.8981345003375312,0.03076923076923077,100.0,random,0.8681148464704018,0.27,100.0,0.1216165413533834,-0.1216165413533834,-0.10065250405649645,0.07930367504835589,0.16265599006157416,0.03076923076923077,-0.07930367504835589,-0.16265599006157416,-0.10457188205302782,
0.8901388337895489,0.8325,0.7753104534674526,0.05675283954752018,0.0001879699248120703,0.05675283954752018,0.15561886672997782,-0.0001879699248120703,-0.05675283954752018,0.6616541353383458,adult,sex,28,proxy_confident,1.0,0.8977015293652085,0.03076923076923077,100.0,random,0.8681148464704018,0.27,100.0,0.1216165413533834,-0.1216165413533834,-0.10065250405649645,0.07930367504835589,0.16265599006157416,0.03076923076923077,-0.07930367504835589,-0.16265599006157416,-0.10457188205302782,
0.889740463838309,0.8313888888888888,0.7738212200048731,0.05326107668943694,0.002443609022556359,0.05326107668943694,0.1518201962646407,0.002443609022556359,-0.05326107668943694,0.6592105263157895,adult,sex,28,proxy_confident,3.0,0.8975879326799971,0.03076923076923077,100.0,random,0.8681148464704018,0.27,100.0,0.1216165413533834,-0.1216165413533834,-0.10065250405649645,0.07930367504835589,0.16265599006157416,0.03076923076923077,-0.07930367504835589,-0.16265599006157416,-0.10457188205302782,
0.8894951539929452,0.8297222222222222,0.771587369811004,0.048804993677062466,0.002443609022556359,0.048804993677062466,0.14802152579930358,-0.002443609022556359,-0.048804993677062466,0.6541353383458647,adult,sex,28,proxy_confident,10.0,0.8974585069484857,0.03076923076923077,100.0,random,0.8681148464704018,0.27,100.0,0.1216165413533834,-0.1216165413533834,-0.10065250405649645,0.07930367504835589,0.16265599006157416,0.03076923076923077,-0.07930367504835589,-0.16265599006157416,-0.10457188205302782,
0.8893743606120916,0.8291666666666667,0.7708427530797141,0.04784067352277124,0.0011278195488721998,0.04784067352277124,0.14675530231085784,-0.0011278195488721998,-0.04784067352277124,0.6541353383458647,adult,sex,28,proxy_confident,30.0,0.8974072953281036,0.03076923076923077,100.0,random,0.8681148464704018,0.27,100.0,0.1216165413533834,-0.1216165413533834,-0.10065250405649645,0.07930367504835589,0.16265599006157416,0.03076923076923077,-0.07930367504835589,-0.16265599006157416,-0.10457188205302782,
0.8807943074878245,0.8280555555555555,0.7693535196171346,0.04747515576368959,0.025000000000000022,0.04747515576368959,0.14928774928774927,-0.025000000000000022,-0.04747515576368959,0.631578947368421,adult,sex,28,related_feats,0.3,0.8870225098349589,0.10769230769230775,100.0,random,0.8681148464704018,0.27,100.0,0.1216165413533834,-0.1216165413533834,-0.10065250405649645,0.07930367504835589,0.16265599006157416,0.03076923076923077,-0.07930367504835589,-0.16265599006157416,-0.10457188205302782,
0.8665212457768854,0.8202777777777778,0.7589288853790781,0.021469693207606014,0.019924812030075234,0.021469693207606014,0.11763216207660648,0.019924812030075234,-0.021469693207606014,0.6342105263157894,adult,sex,28,related_feats,1.0,0.8750697176377477,0.10769230769230775,100.0,random,0.8681148464704018,0.27,100.0,0.1216165413533834,-0.1216165413533834,-0.10065250405649645,0.07930367504835589,0.16265599006157416,0.03076923076923077,-0.07930367504835589,-0.16265599006157416,-0.10457188205302782,
0.8399988251602684,0.8030555555555555,0.7358457667090961,0.03421052631578947,0.03421052631578947,0.0009545037215828722,0.08977524533080089,0.03421052631578947,-0.0009545037215828722,0.5973684210526315,adult,sex,28,related_feats,3.0,0.8525812984473568,0.3076923076923077,100.0,random,0.8681148464704018,0.27,100.0,0.1216165413533834,-0.1216165413533834,-0.10065250405649645,0.07930367504835589,0.16265599006157416,0.03076923076923077,-0.07930367504835589,-0.16265599006157416,-0.10457188205302782,
0.812718550181583,0.7902777777777777,0.718719581889432,0.0379699248120301,0.0379699248120301,0.030603595124120114,0.056853434631212424,0.0379699248120301,0.030603595124120114,0.5710526315789474,adult,sex,28,related_feats,10.0,0.827632859237878,0.34615384615384615,100.0,random,0.8681148464704018,0.27,100.0,0.1216165413533834,-0.1216165413533834,-0.10065250405649645,0.07930367504835589,0.16265599006157416,0.03076923076923077,-0.07930367504835589,-0.16265599006157416,-0.10457188205302782,
0.8012340781293243,0.7847222222222222,0.7112734145765344,0.05996240601503755,0.05996240601503755,0.03399430646902915,0.047989870212092445,0.05996240601503755,0.03399430646902915,0.5565789473684211,adult,sex,28,related_feats,30.0,0.8174072953281036,0.34615384615384615,100.0,random,0.8681148464704018,0.27,100.0,0.1216165413533834,-0.1216165413533834,-0.10065250405649645,0.07930367504835589,0.16265599006157416,0.03076923076923077,-0.07930367504835589,-0.16265599006157416,-0.10457188205302782,
0.8928992934828248,0.8336111111111111,0.7767996869300322,0.0758758279006115,0.046992481203007475,0.0758758279006115,0.17841088952200063,-0.046992481203007475,-0.0758758279006115,0.6240601503759399,adult,sex,28,proxy_soft,0.3,0.898456667985754,0.1447811447811448,200.0,random,0.895342576764799,0.315,200.0,0.1216165413533834,-0.1216165413533834,-0.10065250405649645,0.2134502923976609,0.12255709562074175,-0.2134502923976609,-0.1750841750841751,-0.118912621118621,-0.12255709562074175,
0.8904743249945912,0.8341666666666666,0.7775443036613219,0.05651955491139227,0.0046992481203007586,0.05651955491139227,0.15561886672997782,0.0046992481203007586,-0.05651955491139227,0.6644736842105263,adult,sex,28,proxy_soft,1.0,0.8968672455131637,0.11616161616161616,200.0,random,0.895342576764799,0.315,200.0,0.1216165413533834,-0.1216165413533834,-0.10065250405649645,0.2134502923976609,0.12255709562074175,-0.2134502923976609,-0.1750841750841751,-0.118912621118621,-0.12255709562074175,
0.8866569232188457,0.8308333333333333,0.7730766032735834,0.047932330827067715,0.047932330827067715,0.04604426633714248,0.1391579613801836,0.047932330827067715,-0.04604426633714248,0.6513157894736842,adult,sex,28,proxy_soft,3.0,0.8935021764938663,0.09764309764309764,200.0,random,0.895342576764799,0.315,200.0,0.1216165413533834,-0.1216165413533834,-0.10065250405649645,0.2134502923976609,0.12255709562074175,-0.2134502923976609,-0.1750841750841751,-0.118912621118621,-0.12255709562074175,
0.8749751277327951,0.8197222222222222,0.7581842686477884,0.047744360902255645,0.047744360902255645,0.026757863251317987,0.11763216207660648,0.047744360902255645,-0.026757863251317987,0.6289473684210526,adult,sex,28,proxy_soft,10.0,0.8846248748807002,0.07744107744107745,200.0,random,0.895342576764799,0.315,200.0,0.1216165413533834,-0.1216165413533834,-0.10065250405649645,0.2134502923976609,0.12255709562074175,-0.2134502923976609,-0.1750841750841751,-0.118912621118621,-0.12255709562074175,
0.8636238593402447,0.8141666666666667,0.750738101334891,0.03439849624060154,0.03439849624060154,0.012425294059903336,0.1049699271921494,0.03439849624060154,-0.012425294059903336,0.6197368421052631,adult,sex,28,proxy_soft,30.0,0.8751246537396121,0.06140350877192979,200.0,random,0.895342576764799,0.315,200.0,0.1216165413533834,-0.1216165413533834,-0.10065250405649645,0.2134502923976609,0.12255709562074175,-0.2134502923976609,-0.1750841750841751,-0.118912621118621,-0.12255709562074175,
0.8933200019360035,0.8336111111111111,0.7767996869300322,0.09307017594512038,0.09116541353383467,0.09307017594512038,0.198670465337132,-0.09116541353383467,-0.09307017594512038,0.5864661654135338,adult,sex,28,proxy_confident,0.3,0.8983058264857188,0.23976608187134507,200.0,random,0.895342576764799,0.315,200.0,0.1216165413533834,-0.1216165413533834,-0.10065250405649645,0.2134502923976609,0.12255709562074175,-0.2134502923976609,-0.1750841750841751,-0.118912621118621,-0.12255709562074175,
0.8908408418967705,0.8313888888888888,0.7738212200048731,0.08590225563909781,0.08590225563909781,0.08296040512995223,0.18854067742956632,-0.08590225563909781,-0.08296040512995223,0.5864661654135338,adult,sex,28,proxy_confident,1.0,0.8965506645871645,0.23976608187134507,200.0,random,0.895342576764799,0.315,200.0,0.1216165413533834,-0.1216165413533834,-0.10065250405649645,0.2134502923976609,0.12255709562074175,-0.2134502923976609,-0.1750841750841751,-0.118912621118621,-0.12255709562074175,
0.8874995811530887,0.8302777777777778,0.7723319865422936,0.10977443609022552,0.10977443609022552,0.07790551972236817,0.18727445394112058,-0.10977443609022552,-0.07790551972236817,0.5639097744360902,adult,sex,28,proxy_confident,3.0,0.8937563723550362,0.1871345029239766,200.0,random,0.895342576764799,0.315,200.0,0.1216165413533834,-0.1216165413533834,-0.10065250405649645,0.2134502923976609,0.12255709562074175,-0.2134502923976609,-0.1750841750841751,-0.118912621118621,-0.12255709562074175,
0.885480428783408,0.8275,0.7686089028858448,0.1473684210526316,0.1473684210526316,0.07308391895091206,0.18727445394112058,-0.1473684210526316,-0.07308391895091206,0.5263157894736842,adult,sex,28,proxy_confident,10.0,0.8920831490490932,0.16081871345029242,200.0,random,0.895342576764799,0.315,200.0,0.1216165413533834,-0.1216165413533834,-0.10065250405649645,0.2134502923976609,0.12255709562074175,-0.2134502923976609,-0.1750841750841751,-0.118912621118621,-0.12255709562074175,
0.8848148241608272,0.8275,0.7686089028858448,0.1473684210526316,0.1473684210526316,0.07621016404991367,0.189806900918012,-0.1473684210526316,-0.07621016404991367,0.5263157894736842,adult,sex,28,proxy_confident,30.0,0.8914816452896946,0.1871345029239766,200.0,random,0.895342576764799,0.315,200.0,0.1216165413533834,-0.1216165413533834,-0.10065250405649645,0.2134502923976609,0.12255709562074175,-0.2134502923976609,-0.1750841750841751,-0.118912621118621,-0.12255709562074175,
0.8794990880513421,0.8286111111111111,0.7700981363484244,0.050002598467481604,0.017481203007518764,0.050002598467481604,0.150553972776195,-0.017481203007518764,-0.050002598467481604,0.6390977443609023,adult,sex,28,related_feats,0.3,0.8862543355292254,0.10233918128654973,200.0,random,0.895342576764799,0.315,200.0,0.1216165413533834,-0.1216165413533834,-0.10065250405649645,0.2134502923976609,0.12255709562074175,-0.2134502923976609,-0.1750841750841751,-0.118912621118621,-0.12255709562074175,
0.8643374503743974,0.8180555555555555,0.7559504184539192,0.016353383458646564,0.016353383458646564,0.0160492900409403,0.1125672681228237,0.016353383458646564,-0.0160492900409403,0.6302631578947369,adult,sex,28,related_feats,1.0,0.8730678088409879,0.049707602339181256,200.0,random,0.895342576764799,0.315,200.0,0.1216165413533834,-0.1216165413533834,-0.10065250405649645,0.2134502923976609,0.12255709562074175,-0.2134502923976609,-0.1750841750841751,-0.118912621118621,-0.12255709562074175,
0.8413920857997039,0.8047222222222222,0.7380796169029652,0.03026315789473677,0.03026315789473677,0.0008419034640458622,0.08977524533080089,0.03026315789473677,0.0008419034640458622,0.6013157894736842,adult,sex,28,related_feats,3.0,0.8538746246421007,0.049707602339181256,200.0,random,0.895342576764799,0.315,200.0,0.1216165413533834,-0.1216165413533834,-0.10065250405649645,0.2134502923976609,0.12255709562074175,-0.2134502923976609,-0.1750841750841751,-0.118912621118621,-0.12255709562074175,
0.8113968554835438,0.7891666666666667,0.7172303484268524,0.04060150375939853,0.04060150375939853,0.029405990333700976,0.056853434631212424,0.04060150375939853,0.029405990333700976,0.5684210526315789,adult,sex,28,related_feats,10.0,0.8266505272469098,0.16081871345029242,200.0,random,0.895342576764799,0.315,200.0,0.1216165413533834,-0.1216165413533834,-0.10065250405649645,0.2134502923976609,0.12255709562074175,-0.2134502923976609,-0.1750841750841751,-0.118912621118621,-0.12255709562074175,
0.7906282538199872,0.7813888888888889,0.7068057141887959,0.041353383458646586,0.041353383458646586,0.027275246998770042,0.054320987654321,0.041353383458646586,0.027275246998770042,0.5526315789473685,adult,sex,28,related_feats,30.0,0.809354035242906,0.13450292397660824,200.0,random,0.895342576764799,0.315,200.0,0.1216165413533834,-0.1216165413533834,-0.10065250405649645,0.2134502923976609,0.12255709562074175,-0.2134502923976609,-0.1750841750841751,-0.118912621118621,-0.12255709562074175,
0.89260847928166,0.8330555555555555,0.7760550701987423,0.07022214009781787,0.045676691729323315,0.07022214009781787,0.1733459955682178,-0.045676691729323315,-0.07022214009781787,0.6240601503759399,adult,sex,28,proxy_soft,0.3,0.8978868223189552,0.12125162972620601,400.0,random,0.9080598923710034,0.335,400.0,0.1216165413533834,-0.1216165413533834,-0.10065250405649645,0.15239750832971172,0.1648569430943151,-0.0832782551222736,-0.15239750832971172,-0.1648569430943151,-0.10856641216124471,
0.8901289055664652,0.8358333333333333,0.779778153855191,0.05159690262676189,0.03609022556390984,0.05159690262676189,0.14802152579930358,0.03609022556390984,-0.05159690262676189,0.6631578947368421,adult,sex,28,proxy_soft,1.0,0.8959100537722013,0.11566424322538005,400.0,random,0.9080598923710034,0.335,400.0,0.1216165413533834,-0.1216165413533834,-0.10065250405649645,0.15239750832971172,0.1648569430943151,-0.0832782551222736,-0.15239750832971172,-0.1648569430943151,-0.10856641216124471,
0.8872066985721148,0.8330555555555555,0.7760550701987423,0.06033834586466169,0.06033834586466169,0.040522811657302565,0.13409306742640076,0.06033834586466169,-0.040522811657302565,0.6539473684210526,adult,sex,28,proxy_soft,3.0,0.8929230196233618,0.11566424322538005,400.0,random,0.9080598923710034,0.335,400.0,0.1216165413533834,-0.1216165413533834,-0.10065250405649645,0.15239750832971172,0.1648569430943151,-0.0832782551222736,-0.15239750832971172,-0.1648569430943151,-0.10856641216124471,
0.8826057945246677,0.8247222222222222,0.7648858192293961,0.08007518796992485,0.08007518796992485,0.030747376991436606,0.11889838556505225,0.08007518796992485,-0.030747376991436606,0.6342105263157894,adult,sex,28,proxy_soft,10.0,0.8881910659000443,0.12690019828155974,400.0,random,0.9080598923710034,0.335,400.0,0.1216165413533834,-0.1216165413533834,-0.10065250405649645,0.15239750832971172,0.1648569430943151,-0.0832782551222736,-0.15239750832971172,-0.1648569430943151,-0.10856641216124471,
0.8783730620832473,0.8169444444444445,0.7544611849913397,0.0719924812030075,0.0719924812030075,0.02037313993036108,0.10750237416904085,0.0719924812030075,-0.02037313993036108,0.6197368421052631,adult,sex,28,proxy_soft,30.0,0.8841863171861543,0.12690019828155974,400.0,random,0.9080598923710034,0.335,400.0,0.1216165413533834,-0.1216165413533834,-0.10065250405649645,0.15239750832971172,0.1648569430943151,-0.0832782551222736,-0.15239750832971172,-0.1648569430943151,-0.10856641216124471,
0.8942544959337722,0.8330555555555555,0.7760550701987423,0.09868421052631582,0.09868421052631582,0.08741648814232673,0.19487179487179487,-0.09868421052631582,-0.08741648814232673,0.5789473684210527,adult,sex,28,proxy_confident,0.3,0.8987378663376709,0.14385049978270317,400.0,random,0.9080598923710034,0.335,400.0,0.1216165413533834,-0.1216165413533834,-0.10065250405649645,0.15239750832971172,0.1648569430943151,-0.0832782551222736,-0.15239750832971172,-0.1648569430943151,-0.10856641216124471,
0.8941295657933002,0.8336111111111111,0.7767996869300322,0.08681768574711714,0.055827067669173,0.08681768574711714,0.18854067742956632,-0.055827067669173,-0.08681768574711714,0.6165413533834586,adult,sex,28,proxy_confident,1.0,0.8990777252729345,0.13820078226857888,400.0,random,0.9080598923710034,0.335,400.0,0.1216165413533834,-0.1216165413533834,-0.10065250405649645,0.15239750832971172,0.1648569430943151,-0.0832782551222736,-0.15239750832971172,-0.1648569430943151,-0.10856641216124471,
0.8926026878181943,0.8352777777777778,0.7790335371239013,0.0865844011109892,0.06860902255639101,0.0865844011109892,0.19107312440645777,-0.06860902255639101,-0.0865844011109892,0.6090225563909775,adult,sex,28,proxy_confident,3.0,0.8977881235596732,0.13820078226857888,400.0,random,0.9080598923710034,0.335,400.0,0.1216165413533834,-0.1216165413533834,-0.10065250405649645,0.15239750832971172,0.1648569430943151,-0.0832782551222736,-0.15239750832971172,-0.1648569430943151,-0.10856641216124471,
0.8915949731751823,0.8358333333333333,0.779778153855191,0.08285935361677801,0.06109022556390986,0.08285935361677801,0.18727445394112058,-0.06109022556390986,-0.08285935361677801,0.6165413533834586,adult,sex,28,proxy_confident,10.0,0.8966633301520055,0.1325510647544546,400.0,random,0.9080598923710034,0.335,400.0,0.1216165413533834,-0.1216165413533834,-0.10065250405649645,0.15239750832971172,0.1648569430943151,-0.0832782551222736,-0.15239750832971172,-0.1648569430943151,-0.10856641216124471,
0.8912470716912853,0.8347222222222223,0.7782889203926115,0.07780446820919396,0.05845864661654143,0.07780446820919396,0.1822095599873378,-0.05845864661654143,-0.07780446820919396,0.6165413533834586,adult,sex,28,proxy_confident,30.0,0.8963216089760003,0.1325510647544546,400.0,random,0.9080598923710034,0.335,400.0,0.1216165413533834,-0.1216165413533834,-0.10065250405649645,0.15239750832971172,0.1648569430943151,-0.0832782551222736,-0.15239750832971172,-0.1648569430943151,-0.10856641216124471,
0.880260251821105,0.8291666666666667,0.7708427530797141,0.04315130587426881,0.0011278195488721998,0.04315130587426881,0.14295663184552074,-0.0011278195488721998,-0.04315130587426881,0.6541353383458647,adult,sex,28,related_feats,0.3,0.8860299355199143,0.13813615333773954,400.0,random,0.9080598923710034,0.335,400.0,0.1216165413533834,-0.1216165413533834,-0.10065250405649645,0.15239750832971172,0.1648569430943151,-0.0832782551222736,-0.15239750832971172,-0.1648569430943151,-0.10856641216124471,
0.8668273659886379,0.8197222222222222,0.7581842686477884,0.01581600540481236,0.012406015037593976,0.01581600540481236,0.11383349161126938,0.012406015037593976,-0.01581600540481236,0.6342105263157894,adult,sex,28,related_feats,1.0,0.8755092064526642,0.19431592861863844,400.0,random,0.9080598923710034,0.335,400.0,0.1216165413533834,-0.1216165413533834,-0.10065250405649645,0.15239750832971172,0.1648569430943151,-0.0832782551222736,-0.15239750832971172,-0.1648569430943151,-0.10856641216124471,
0.8403363847451197,0.8030555555555555,0.7358457667090961,0.043045112781954886,0.043045112781954886,0.0006086188279179339,0.08724279835390947,0.043045112781954886,0.0006086188279179339,0.5960526315789474,adult,sex,28,related_feats,3.0,0.8530701366419144,0.14672835426305353,400.0,random,0.9080598923710034,0.335,400.0,0.1216165413533834,-0.1216165413533834,-0.10065250405649645,0.15239750832971172,0.1648569430943151,-0.0832782551222736,-0.15239750832971172,-0.1648569430943151,-0.10856641216124471,
0.8123718897255716,0.7875,0.7149964982329832,0.0357142857142857,0.0357142857142857,0.03229895079657466,0.054320987654321,0.0357142857142857,0.03229895079657466,0.5657894736842105,adult,sex,28,related_feats,10.0,0.8270276309969972,0.11037673496364842,400.0,random,0.9080598923710034,0.335,400.0,0.1216165413533834,-0.1216165413533834,-0.10065250405649645,0.15239750832971172,0.1648569430943151,-0.0832782551222736,-0.15239750832971172,-0.1648569430943151,-0.10856641216124471,
0.8008282620107713,0.7797222222222222,0.7045718639949267,0.05413533834586459,0.05413533834586459,0.03642069765964695,0.04419119974675528,0.05413533834586459,0.03642069765964695,0.5473684210526316,adult,sex,28,related_feats,30.0,0.8163579226704532,0.11037673496364842,400.0,random,0.9080598923710034,0.335,400.0,0.1216165413533834,-0.1216165413533834,-0.10065250405649645,0.15239750832971172,0.1648569430943151,-0.0832782551222736,-0.15239750832971172,-0.1648569430943151,-0.10856641216124471,
0.8936455649179619,0.8358333333333333,0.779778153855191,0.10526315789473684,0.10526315789473684,0.09536433401278445,0.20373535929091485,-0.10526315789473684,-0.09536433401278445,0.5789473684210527,adult,sex,28,proxy_soft,0.3,0.8984035941246304,0.2,25.0,strat_y,0.7185965811965811,0.08333333333333333,24.0,0.1216165413533834,-0.1216165413533834,-0.10065250405649645,0.2,0.13341741085818704,,-0.2,-0.13341741085818704,-0.07941876300745038,
0.8925133338104396,0.8352777777777778,0.7790335371239013,0.10394736842105257,0.10394736842105257,0.09283689130899242,0.20120291231402343,-0.10394736842105257,-0.09283689130899242,0.5789473684210527,adult,sex,28,proxy_soft,1.0,0.8976689401522381,0.2,25.0,strat_y,0.7185965811965811,0.08333333333333333,24.0,0.1216165413533834,-0.1216165413533834,-0.10065250405649645,0.2,0.13341741085818704,,-0.2,-0.13341741085818704,-0.07941876300745038,
0.8916156569732735,0.8352777777777778,0.7790335371239013,0.09511278195488726,0.09511278195488726,0.08814752366049003,0.19613801836024056,-0.09511278195488726,-0.08814752366049003,0.5864661654135338,adult,sex,28,proxy_soft,3.0,0.8969054214483577,0.2,25.0,strat_y,0.7185965811965811,0.08333333333333333,24.0,0.1216165413533834,-0.1216165413533834,-0.10065250405649645,0.2,0.13341741085818704,,-0.2,-0.13341741085818704,-0.07941876300745038,
0.890878072733335,0.8336111111111111,0.7767996869300322,0.09116541353383467,0.09116541353383467,0.08525456319761635,0.19233934789490345,-0.09116541353383467,-0.08525456319761635,0.5864661654135338,adult,sex,28,proxy_soft,10.0,0.8963206778556297,0.2,25.0,strat_y,0.7185965811965811,0.08333333333333333,24.0,0.1216165413533834,-0.1216165413533834,-0.10065250405649645,0.2,0.13341741085818704,,-0.2,-0.13341741085818704,-0.07941876300745038,
0.8904424719455304,0.8330555555555555,0.7760550701987423,0.09868421052631582,0.09868421052631582,0.07960087539482269,0.18854067742956632,-0.09868421052631582,-0.07960087539482269,0.5789473684210527,adult,sex,28,proxy_soft,30.0,0.8960068902907423,0.2,25.0,strat_y,0.7185965811965811,0.08333333333333333,24.0,0.1216165413533834,-0.1216165413533834,-0.10065250405649645,0.2,0.13341741085818704,,-0.2,-0.13341741085818704,-0.07941876300745038,
0.8941539726750479,0.8358333333333333,0.779778153855191,0.11409774436090225,0.11409774436090225,0.09692745656228527,0.20626780626780628,-0.11409774436090225,-0.09692745656228527,0.5714285714285714,adult,sex,28,proxy_soft,0.3,0.8990693451895994,0.34848484848484845,50.0,strat_y,0.7319446660335549,0.2,50.0,0.1216165413533834,-0.1216165413533834,-0.10065250405649645,0.34848484848484845,0.084019616703621,-0.34848484848484845,-0.16666666666666666,-0.035024127498836766,-0.084019616703621,
0.8935971648304281,0.8358333333333333,0.779778153855191,0.10526315789473684,0.10526315789473684,0.10005370166128688,0.20753402975625196,-0.10526315789473684,-0.10005370166128688,0.5789473684210527,adult,sex,28,proxy_soft,1.0,0.8995777369119392,0.34848484848484845,50.0,strat_y,0.7319446660335549,0.2,50.0,0.1216165413533834,-0.1216165413533834,-0.10065250405649645,0.34848484848484845,0.084019616703621,-0.34848484848484845,-0.16666666666666666,-0.035024127498836766,-0.084019616703621,
0.8905872585321701,0.8341666666666666,0.7775443036613219,0.1278195488721805,0.1278195488721805,0.098723863747914,0.2088002532446977,-0.1278195488721805,-0.098723863747914,0.556390977443609,adult,sex,28,proxy_soft,3.0,0.8998961800786797,0.34848484848484845,50.0,strat_y,0.7319446660335549,0.2,50.0,0.1216165413533834,-0.1216165413533834,-0.10065250405649645,0.34848484848484845,0.084019616703621,-0.34848484848484845,-0.16666666666666666,-0.035024127498836766,-0.084019616703621,
0.8819389488742015,0.8275,0.7686089028858448,0.19154135338345862,0.19154135338345862,0.08871514444592013,0.20626780626780628,-0.19154135338345862,-0.08871514444592013,0.48872180451127817,adult,sex,28,proxy_soft,10.0,0.8927544868362858,0.16666666666666666,50.0,strat_y,0.7319446660335549,0.2,50.0,0.1216165413533834,-0.1216165413533834,-0.10065250405649645,0.34848484848484845,0.084019616703621,-0.34848484848484845,-0.16666666666666666,-0.035024127498836766,-0.084019616703621,
0.8774265714825857,0.8213888888888888,0.7604181188416577,0.19473684210526315,0.19473684210526315,0.07810762274871666,0.19487179487179487,-0.19473684210526315,-0.07810762274871666,0.47368421052631576,adult,sex,28,proxy_soft,30.0,0.8885299937149376,0.16666666666666666,50.0,strat_y,0.7319446660335549,0.2,50.0,0.1216165413533834,-0.1216165413533834,-0.10065250405649645,0.34848484848484845,0.084019616703621,-0.34848484848484845,-0.16666666666666666,-0.035024127498836766,-0.084019616703621,
0.8929526576819006,0.8313888888888888,0.7738212200048731,0.07514479238244821,0.05939849624060145,0.07514479238244821,0.17841088952200063,-0.05939849624060145,-0.07514479238244821,0.6090225563909775,adult,sex,28,proxy_soft,0.3,0.8989417816988291,0.13793103448275862,100.0,strat_y,0.8778994618550173,0.28,100.0,0.1216165413533834,-0.1216165413533834,-0.10065250405649645,0.13793103448275862,0.13668836693197872,-0.006644518272425182,-0.13793103448275862,-0.13668836693197872,-0.11253567639361031,
0.8908573889352436,0.8325,0.7753104534674526,0.061442207196022613,0.0001879699248120703,0.061442207196022613,0.15941753719531498,-0.0001879699248120703,-0.061442207196022613,0.6616541353383458,adult,sex,28,proxy_soft,1.0,0.8980711841523312,0.10344827586206896,100.0,strat_y,0.8778994618550173,0.28,100.0,0.1216165413533834,-0.1216165413533834,-0.10065250405649645,0.13793103448275862,0.13668836693197872,-0.006644518272425182,-0.13793103448275862,-0.13668836693197872,-0.11253567639361031,
0.8869622160786744,0.8280555555555555,0.7693535196171346,0.05216452341219201,0.02800751879699248,0.05216452341219201,0.14548907882241216,0.02800751879699248,-0.05216452341219201,0.6486842105263158,adult,sex,28,proxy_soft,3.0,0.8957713168369841,0.10344827586206896,100.0,strat_y,0.8778994618550173,0.28,100.0,0.1216165413533834,-0.1216165413533834,-0.10065250405649645,0.13793103448275862,0.13668836693197872,-0.006644518272425182,-0.13793103448275862,-0.13668836693197872,-0.11253567639361031,
0.8723371161242203,0.8180555555555555,0.7559504184539192,0.025187969924812093,0.025187969924812093,0.009796799842937076,0.10623615068059514,0.025187969924812093,-0.009796799842937076,0.6289473684210526,adult,sex,28,proxy_soft,10.0,0.8835270839637794,0.32558139534883723,100.0,strat_y,0.8778994618550173,0.28,100.0,0.1216165413533834,-0.1216165413533834,-0.10065250405649645,0.13793103448275862,0.13668836693197872,-0.006644518272425182,-0.13793103448275862,-0.13668836693197872,-0.11253567639361031,
0.8610462444220967,0.8097222222222222,0.744781167484573,0.009586466165413587,0.009586466165413587,2.1365177071130947e-05,0.09610636277302945,0.009586466165413587,-2.1365177071130947e-05,0.6144736842105263,adult,sex,28,proxy_soft,30.0,0.8743387881468376,0.32558139534883723,100.0,strat_y,0.8778994618550173,0.28,100.0,0.1216165413533834,-0.1216165413533834,-0.10065250405649645,0.13793103448275862,0.13668836693197872,-0.006644518272425182,-0.13793103448275862,-0.13668836693197872,-0.11253567639361031,
0.8928852285001228,0.8336111111111111,0.7767996869300322,0.07274958280160988,0.06466165413533831,0.07274958280160988,0.17841088952200063,-0.06466165413533831,-0.07274958280160988,0.6090225563909775,adult,sex,28,proxy_soft,0.3,0.8987332107358179,0.13956639566395657,200.0,strat_y,0.9040072174738841,0.325,200.0,0.1216165413533834,-0.1216165413533834,-0.10065250405649645,0.20731707317073167,0.13065227650270705,-0.20731707317073167,-0.12725812926535526,-0.13065227650270705,-0.11206841076357202,
0.8907862366698092,0.8358333333333333,0.779778153855191,0.05941251537426595,0.009586466165413476,0.05941251537426595,0.15815131370686925,0.009586466165413476,-0.05941251537426595,0.6671052631578948,adult,sex,28,proxy_soft,1.0,0.8973374613003097,0.10598153352067442,200.0,strat_y,0.9040072174738841,0.325,200.0,0.1216165413533834,-0.1216165413533834,-0.10065250405649645,0.20731707317073167,0.13065227650270705,-0.20731707317073167,-0.12725812926535526,-0.13065227650270705,-0.11206841076357202,
0.8873361791481666,0.8336111111111111,0.7767996869300322,0.050187969924812004,0.050187969924812004,0.04617649946009621,0.1404241848686293,0.050187969924812004,-0.04617649946009621,0.656578947368421,adult,sex,28,proxy_soft,3.0,0.8938262063828302,0.08711360899237254,200.0,strat_y,0.9040072174738841,0.325,200.0,0.1216165413533834,-0.1216165413533834,-0.10065250405649645,0.20731707317073167,0.13065227650270705,-0.20731707317073167,-0.12725812926535526,-0.13065227650270705,-0.11206841076357202,
0.877598660682706,0.8241666666666667,0.7641412024981064,0.0725563909774436,0.0725563909774436,0.02509368918864298,0.11509971509971512,0.0725563909774436,-0.02509368918864298,0.6342105263157894,adult,sex,28,proxy_soft,10.0,0.8841434856491073,0.08470493777599357,200.0,strat_y,0.9040072174738841,0.325,200.0,0.1216165413533834,-0.1216165413533834,-0.10065250405649645,0.20731707317073167,0.13065227650270705,-0.20731707317073167,-0.12725812926535526,-0.13065227650270705,-0.11206841076357202,
0.8696209197588599,0.8186111111111111,0.756695035185209,0.05921052631578949,0.05921052631578949,0.013887365096229898,0.1049699271921494,0.05921052631578949,-0.013887365096229898,0.625,adult,sex,28,proxy_soft,30.0,0.8763136944528505,0.06342834203131271,200.0,strat_y,0.9040072174738841,0.325,200.0,0.1216165413533834,-0.1216165413533834,-0.10065250405649645,0.20731707317073167,0.13065227650270705,-0.20731707317073167,-0.12725812926535526,-0.13065227650270705,-0.11206841076357202,
0.8927462333769486,0.8330555555555555,0.7760550701987423,0.07178526264731866,0.05451127819548873,0.07178526264731866,0.17587844254510918,-0.05451127819548873,-0.07178526264731866,0.6165413533834586,adult,sex,28,proxy_soft,0.3,0.8985041551246539,0.12784835652349258,400.0,strat_y,0.9141130737575183,0.235,400.0,0.1216165413533834,-0.1216165413533834,-0.10065250405649645,0.23714458560193585,0.14139596609779692,-0.23714458560193585,-0.06438746438746437,-0.14139596609779692,-0.1001076718080335,
0.8905119695071176,0.8341666666666666,0.7775443036613219,0.05808267746089306,0.013533834586466176,0.05808267746089306,0.15561886672997782,0.013533834586466176,-0.05808267746089306,0.6631578947368421,adult,sex,28,proxy_soft,1.0,0.8971987243650923,0.04216524216524216,400.0,strat_y,0.9141130737575183,0.235,400.0,0.1216165413533834,-0.1216165413533834,-0.10065250405649645,0.23714458560193585,0.14139596609779692,-0.23714458560193585,-0.06438746438746437,-0.14139596609779692,-0.1001076718080335,
0.8877349627753686,0.8313888888888888,0.7738212200048731,0.04544546394193291,0.02894736842105261,0.04544546394193291,0.14169040835707505,0.02894736842105261,-0.04544546394193291,0.6552631578947369,adult,sex,28,proxy_soft,3.0,0.8948439209478805,0.04216524216524216,400.0,strat_y,0.9141130737575183,0.235,400.0,0.1216165413533834,-0.1216165413533834,-0.10065250405649645,0.23714458560193585,0.14139596609779692,-0.23714458560193585,-0.06438746438746437,-0.14139596609779692,-0.1001076718080335,
0.8825243003601877,0.8269444444444445,0.7678642861545552,0.06597744360902247,0.06597744360902247,0.03616778015810229,0.12649572649572646,0.06597744360902247,-0.03616778015810229,0.6407894736842106,adult,sex,28,proxy_soft,10.0,0.8900607556041807,0.06795724944545278,400.0,strat_y,0.9141130737575183,0.235,400.0,0.1216165413533834,-0.1216165413533834,-0.10065250405649645,0.23714458560193585,0.14139596609779692,-0.23714458560193585,-0.06438746438746437,-0.14139596609779692,-0.1001076718080335,
0.8776979429135446,0.8202777777777778,0.7589288853790781,0.06409774436090221,0.06409774436090221,0.021469693207606014,0.11130104463437795,0.06409774436090221,-0.021469693207606014,0.6276315789473684,adult,sex,28,proxy_soft,30.0,0.8854591587327452,0.04957264957264956,400.0,strat_y,0.9141130737575183,0.235,400.0,0.1216165413533834,-0.1216165413533834,-0.10065250405649645,0.23714458560193585,0.14139596609779692,-0.23714458560193585,-0.06438746438746437,-0.14139596609779692,-0.1001076718080335,
0.8935032603870932,0.8369444444444445,0.7812673873177706,0.10789473684210527,0.10789473684210527,0.09416672922236531,0.20373535929091485,-0.10789473684210527,-0.09416672922236531,0.5789473684210527,adult,sex,28,proxy_soft,0.3,0.8984939128005772,0.2,25.0,random_mnar,0.7498040519151631,0.12,,,,,,,,,,,
0.8921133091553524,0.8380555555555556,0.7827566207803501,0.09285714285714286,0.09285714285714286,0.08515351168444213,0.19487179487179487,-0.09285714285714286,-0.08515351168444213,0.5939849624060151,adult,sex,28,proxy_soft,1.0,0.8977424986615145,0.2,25.0,random_mnar,0.7498040519151631,0.12,,,,,,,,,,,
0.8907088792649474,0.8363888888888888,0.7805227705864809,0.08890977443609016,0.08890977443609016,0.0744449384740644,0.18474200696422916,-0.08890977443609016,-0.0744449384740644,0.5939849624060151,adult,sex,28,proxy_soft,3.0,0.896837449661305,0.2,25.0,random_mnar,0.7498040519151631,0.12,,,,,,,,,,,
0.8894351709784802,0.8341666666666666,0.7775443036613219,0.074812030075188,0.074812030075188,0.0705876578568995,0.17841088952200063,-0.074812030075188,-0.0705876578568995,0.6015037593984962,adult,sex,28,proxy_soft,10.0,0.8959314695407249,0.2,25.0,random_mnar,0.7498040519151631,0.12,,,,,,,,,,,
0.8887385406587625,0.8330555555555555,0.7760550701987423,0.07218045112781957,0.07218045112781957,0.06240652735031385,0.1708135485913264,-0.07218045112781957,-0.06240652735031385,0.6015037593984962,adult,sex,28,proxy_soft,30.0,0.8954370446239439,0.2,25.0,random_mnar,0.7498040519151631,0.12,,,,,,,,,,,
0.8932174102974701,0.8358333333333333,0.779778153855191,0.08754872126528043,0.07875939849624058,0.08754872126528043,0.19360557138334913,-0.07875939849624058,-0.08754872126528043,0.6015037593984962,adult,sex,28,proxy_soft,0.3,0.8961754230778184,0.07407407407407407,50.0,random_mnar,0.7653789173789175,0.14,,,,,,,,,,,
0.8897239167998359,0.8358333333333333,0.779778153855191,0.07191749577027237,0.04342105263157903,0.07191749577027237,0.17587844254510918,-0.04342105263157903,-0.07191749577027237,0.631578947368421,adult,sex,28,proxy_soft,1.0,0.8917544635582764,0.06878306878306878,50.0,random_mnar,0.7653789173789175,0.14,,,,,,,,,,,
0.8858767303548388,0.8325,0.7753104534674526,0.061442207196022613,0.03552631578947374,0.061442207196022613,0.16448243114909783,-0.03552631578947374,-0.061442207196022613,0.631578947368421,adult,sex,28,proxy_soft,3.0,0.8876510160851044,0.06878306878306878,50.0,random_mnar,0.7653789173789175,0.14,,,,,,,,,,,
0.8831597066375549,0.8291666666666667,0.7708427530797141,0.049403796072272035,0.045300751879699286,0.049403796072272035,0.15435264324153214,-0.045300751879699286,-0.049403796072272035,0.6165413533834586,adult,sex,28,proxy_soft,10.0,0.884881864102982,0.06878306878306878,50.0,random_mnar,0.7653789173789175,0.14,,,,,,,,,,,
0.8818309794481645,0.8280555555555555,0.7693535196171346,0.051503759398496274,0.051503759398496274,0.0459120332141888,0.1518201962646407,-0.051503759398496274,-0.0459120332141888,0.6090225563909775,adult,sex,28,proxy_soft,30.0,0.8834954258711796,0.06878306878306878,50.0,random_mnar,0.7653789173789175,0.14,,,,,,,,,,,
0.8944121064752286,0.8352777777777778,0.7790335371239013,0.1216165413533834,0.1216165413533834,0.10065250405649645,0.21006647673314338,-0.1216165413533834,-0.10065250405649645,0.5639097744360902,adult,sex,28,proxy_soft,0.3,0.8986661700691359,0.10476190476190478,100.0,random_mnar,0.6700307692307693,0.07,,,,,,,,,,,
0.8943810807780914,0.8352777777777778,0.7790335371239013,0.1216165413533834,0.1216165413533834,0.10065250405649645,0.21006647673314338,-0.1216165413533834,-0.10065250405649645,0.5639097744360902,adult,sex,28,proxy_soft,1.0,0.8987229684117415,0.10476190476190478,100.0,random_mnar,0.6700307692307693,0.07,,,,,,,,,,,
0.8943504687569162,0.8352777777777778,0.7790335371239013,0.1216165413533834,0.1216165413533834,0.10065250405649645,0.21006647673314338,-0.1216165413533834,-0.10065250405649645,0.5639097744360902,adult,sex,28,proxy_soft,3.0,0.8988663609488117,0.10476190476190478,100.0,random_mnar,0.6700307692307693,0.07,,,,,,,,,,,
0.8942731113520543,0.8347222222222223,0.7782889203926115,0.12030075187969924,0.12030075187969924,0.10125130645170605,0.21006647673314338,-0.12030075187969924,-0.10125130645170605,0.5639097744360902,adult,sex,28,proxy_soft,10.0,0.8991959775599991,0.10476190476190478,100.0,random_mnar,0.6700307692307693,0.07,,,,,,,,,,,
0.8941883077798797,0.8347222222222223,0.7782889203926115,0.12030075187969924,0.12030075187969924,0.10125130645170605,0.21006647673314338,-0.12030075187969924,-0.10125130645170605,0.5639097744360902,adult,sex,28,proxy_soft,30.0,0.8992937451989107,0.10476190476190478,100.0,random_mnar,0.6700307692307693,0.07,,,,,,,,,,,
0.893609575109283,0.8336111111111111,0.7767996869300322,0.09116541353383467,0.09116541353383467,0.0805651955491139,0.18854067742956632,-0.09116541353383467,-0.0805651955491139,0.5864661654135338,adult,sex,28,proxy_soft,0.3,0.8984697036709419,0.3137254901960785,200.0,random_mnar,0.8898641342196898,0.125,,,,,,,,,,,
0.8929671363405645,0.8336111111111111,0.7767996869300322,0.07349624060150384,0.07349624060150384,0.06806021515310748,0.17587844254510918,-0.07349624060150384,-0.06806021515310748,0.6015037593984962,adult,sex,28,proxy_soft,1.0,0.8979333783374847,0.05425219941348974,200.0,random_mnar,0.8898641342196898,0.125,,,,,,,,,,,
0.8922117640342673,0.8341666666666666,0.7775443036613219,0.06589829020839709,0.03063909774436091,0.06589829020839709,0.16828110161443496,-0.03063909774436091,-0.06589829020839709,0.6390977443609023,adult,sex,28,proxy_soft,3.0,0.8968923857631695,0.062316715542521994,200.0,random_mnar,0.8898641342196898,0.125,,,,,,,,,,,
0.8902422527800059,0.8330555555555555,0.7760550701987423,0.06084340480081302,0.019172932330827064,0.06084340480081302,0.1619499841722064,-0.019172932330827064,-0.06084340480081302,0.6466165413533834,adult,sex,28,proxy_soft,10.0,0.894386740845923,0.046187683284457465,200.0,random_mnar,0.8898641342196898,0.125,,,,,,,,,,,
0.8878040466609938,0.8308333333333333,0.7730766032735834,0.04917051143614411,0.003759398496240518,0.04917051143614411,0.14802152579930358,0.003759398496240518,-0.04917051143614411,0.6578947368421053,adult,sex,28,proxy_soft,30.0,0.8910635722433018,0.046187683284457465,200.0,random_mnar,0.8898641342196898,0.125,,,,,,,,,,,
0.8935624160496345,0.8330555555555555,0.7760550701987423,0.0898496240601504,0.0898496240601504,0.0811639979443235,0.18854067742956632,-0.0898496240601504,-0.0811639979443235,0.5864661654135338,adult,sex,28,proxy_soft,0.3,0.8986549966246886,0.11138101664417455,400.0,random_mnar,0.903935549224438,0.1375,,,,,,,,,,,
0.8925327765806456,0.8330555555555555,0.7760550701987423,0.06865901754831705,0.02800751879699248,0.06865901754831705,0.16954732510288065,-0.02800751879699248,-0.06865901754831705,0.6390977443609023,adult,sex,28,proxy_soft,1.0,0.8980320770967667,0.11836734693877549,400.0,random_mnar,0.903935549224438,0.1375,,,,,,,,,,,
0.8910261687276692,0.8325,0.7753104534674526,0.06300532974552342,0.02669172932330821,0.06300532974552342,0.16448243114909783,-0.02669172932330821,-0.06300532974552342,0.6390977443609023,adult,sex,28,proxy_soft,3.0,0.8963951674852767,0.10816326530612241,400.0,random_mnar,0.903935549224438,0.1375,,,,,,,,,,,
0.8875372256656149,0.8302777777777778,0.7723319865422936,0.05289555893035529,0.005075187969924788,0.05289555893035529,0.150553972776195,0.005075187969924788,-0.05289555893035529,0.656578947368421,adult,sex,28,proxy_soft,10.0,0.8928969482529854,0.10816326530612241,400.0,random_mnar,0.903935549224438,0.1375,,,,,,,,,,,
0.8846679691943786,0.8258333333333333,0.7663750526919757,0.04518099769602549,0.015601503759398505,0.04518099769602549,0.1404241848686293,0.015601503759398505,-0.04518099769602549,0.6460526315789473,adult,sex,28,proxy_soft,30.0,0.8902609464838567,0.11836734693877549,400.0,random_mnar,0.903935549224438,0.1375,,,,,,,,,,,
0.8934879543765056,0.8336111111111111,0.7767996869300322,0.10244891124212518,0.09999999999999998,0.10244891124212518,0.20753402975625196,-0.09999999999999998,-0.10244891124212518,0.5789473684210527,adult,sex,28,jtt,1.0,0.8971922065224982,,,,,,,,,,,,,,,,1.5
0.8923354531468539,0.8352777777777778,0.7790335371239013,0.1216165413533834,0.1216165413533834,0.10065250405649645,0.21006647673314338,-0.1216165413533834,-0.10065250405649645,0.5639097744360902,adult,sex,28,jtt,2.0,0.8961512139481832,,,,,,,,,,,,,,,,2.0
0.8889805410964315,0.8330555555555555,0.7760550701987423,0.12518796992481207,0.12518796992481207,0.10148459108783396,0.21006647673314338,-0.12518796992481207,-0.10148459108783396,0.556390977443609,adult,sex,28,jtt,3.0,0.8928718080029796,,,,,,,,,,,,,,,,3.0
0.8728798589861382,0.8205555555555556,0.7594887957934119,0.15808270676691727,0.15808270676691727,0.12307265892515837,0.2256726812282368,-0.15808270676691727,-0.12307265892515837,0.5037593984962406,adult,sex,28,jtt,4.0,0.8784608580274215,,,,,,,,,,,,,,,,5.0
0.893882601244089,0.8369444444444445,0.7812673873177706,0.10789473684210527,0.10789473684210527,0.0972929743213669,0.20626780626780628,-0.10789473684210527,-0.0972929743213669,0.5789473684210527,adult,sex,28,cvar,1.0,0.9000135012453736,,,,,,,,,,,,,,,,0.5
0.8933928089052852,0.8336111111111111,0.7767996869300322,0.0993226661431236,0.09116541353383467,0.0993226661431236,0.20373535929091485,-0.09116541353383467,-0.0993226661431236,0.5864661654135338,adult,sex,28,cvar,2.0,0.8970516073465399,,,,,,,,,,,,,,,,0.2
0.8926713580278577,0.8319444444444445,0.7745658367361627,0.11372180451127822,0.11372180451127822,0.09642970568024992,0.20373535929091485,-0.11372180451127822,-0.09642970568024992,0.5639097744360902,adult,sex,28,cvar,3.0,0.8960227193370424,,,,,,,,,,,,,,,,0.1
0.8922568547141065,0.8319444444444445,0.7745658367361627,0.10580844097725474,0.1048872180451128,0.10580844097725474,0.21006647673314338,-0.1048872180451128,-0.10580844097725474,0.5714285714285714,adult,sex,28,arl,1.0,0.8993365767359576,,,,,,,,,,,,,,,,0.05
0.8933051096013778,0.8308333333333333,0.7730766032735834,0.1110902255639098,0.1110902255639098,0.1070060457676739,0.21133270022158912,-0.1110902255639098,-0.1070060457676739,0.5639097744360902,adult,sex,28,arl,2.0,0.8963160222537768,,,,,,,,,,,,,,,,0.2
0.8929278371241909,0.8319444444444445,0.7745658367361627,0.10580844097725474,0.09605263157894739,0.10580844097725474,0.2088002532446977,-0.09605263157894739,-0.10580844097725474,0.5789473684210527,adult,sex,28,arl,3.0,0.8951474661886916,,,,,,,,,,,,,,,,0.5
0.8914249523548711,0.8319444444444445,0.7745658367361627,0.09486658313074911,0.043045112781954886,0.09486658313074911,0.19233934789490345,-0.043045112781954886,-0.09486658313074911,0.6240601503759399,adult,sex,28,cluster_rw,1.0,0.8978328173374612,,,,,,,,,,,,,,,,0.25
0.8833003564645763,0.8297222222222222,0.771587369811004,0.06912558682057293,0.02894736842105272,0.06912558682057293,0.16828110161443496,-0.02894736842105272,-0.06912558682057293,0.631578947368421,adult,sex,28,cluster_rw,2.0,0.8931530063548965,,,,,,,,,,,,,,,,0.5
0.8406611203751545,0.7980555555555555,0.7291442161274884,0.0725563909774436,0.0725563909774436,0.0016543576299666851,0.0821779044001266,0.0725563909774436,-0.0016543576299666851,0.5815789473684211,adult,sex,28,cluster_rw,3.0,0.8606876323936776,,,,,,,,,,,,,,,,1.0
0.90012538518403,0.8452777777777778,0.7924366382871169,0.10394216388823124,0.10112781954887218,0.10394216388823124,0.21513137068692625,-0.10112781954887218,-0.10394216388823124,0.6015037593984962,adult,sex,29,erm,0.0,0.8914225191461627,,,,,,,,,,,,,,,,
0.8997448032991485,0.8425,0.7887135546306681,0.08505246017126786,0.023872180451127822,0.08505246017126786,0.18727445394112058,-0.023872180451127822,-0.08505246017126786,0.6616541353383458,adult,sex,29,oracle,0.3,0.8907083498219233,,,,,,,,,,,,,,,,
0.8985103942290549,0.8436111111111111,0.7902027880932475,0.07447612008384388,0.017669172932330834,0.07447612008384388,0.1733459955682178,0.017669172932330834,-0.07447612008384388,0.6815789473684211,adult,sex,29,oracle,1.0,0.8893666053679089,,,,,,,,,,,,,,,,
0.8953168158037456,0.8408333333333333,0.7864797044367988,0.06809139676288696,0.050751879699248104,0.06809139676288696,0.1619499841722064,0.050751879699248104,-0.06809139676288696,0.6710526315789473,adult,sex,29,oracle,3.0,0.8866970832654392,,,,,,,,,,,,,,,,
0.88716036686439,0.8341666666666666,0.7775443036613219,0.06654135338345857,0.06654135338345857,0.04088832941638419,0.13409306742640076,0.06654135338345857,-0.04088832941638419,0.6552631578947369,adult,sex,29,oracle,10.0,0.8777667077911497,,,,,,,,,,,,,,,,
0.8811889543554081,0.8302777777777778,0.7723319865422936,0.05808270676691729,0.05808270676691729,0.015380617742335956,0.1125672681228237,0.05808270676691729,-0.015380617742335956,0.6486842105263158,adult,sex,29,oracle,30.0,0.8715049232989596,,,,,,,,,,,,,,,,
0.8986344970176032,0.8430555555555556,0.7894581713619577,0.09383239307306314,0.05169172932330823,0.09383239307306314,0.198670465337132,-0.05169172932330823,-0.09383239307306314,0.6390977443609023,adult,sex,29,proxy_soft,0.3,0.8889885704974511,0.0,25.0,random,0.8188822412155746,0.36,25.0,0.10394216388823124,-0.10112781954887218,-0.10394216388823124,0.0,0.31028705233976883,,0.0,-0.31028705233976883,-0.1511639385676236,
0.8919271549725298,0.8397222222222223,0.7849904709742193,0.07866773685031095,0.009210526315789447,0.07866773685031095,0.17587844254510918,0.009210526315789447,-0.07866773685031095,0.675,adult,sex,29,proxy_soft,1.0,0.8811885751530529,0.0,25.0,random,0.8188822412155746,0.36,25.0,0.10394216388823124,-0.10112781954887218,-0.10394216388823124,0.0,0.31028705233976883,,0.0,-0.31028705233976883,-0.1511639385676236,
0.8805465155866896,0.8313888888888888,0.7738212200048731,0.05545112781954886,0.05545112781954886,0.05326107668943694,0.14422285533396648,0.05545112781954886,-0.05326107668943694,0.6513157894736842,adult,sex,29,proxy_soft,3.0,0.8699871970949045,0.0,25.0,random,0.8188822412155746,0.36,25.0,0.10394216388823124,-0.10112781954887218,-0.10394216388823124,0.0,0.31028705233976883,,0.0,-0.31028705233976883,-0.1511639385676236,
0.8660724073583025,0.8191666666666667,0.7574396519164986,0.05789473684210533,0.05789473684210533,0.02423042054752597,0.11383349161126938,0.05789473684210533,-0.02423042054752597,0.6263157894736842,adult,sex,29,proxy_soft,10.0,0.8574785260364532,0.0,25.0,random,0.8188822412155746,0.36,25.0,0.10394216388823124,-0.10112781954887218,-0.10394216388823124,0.0,0.31028705233976883,,0.0,-0.31028705233976883,-0.1511639385676236,
0.8552994579603872,0.8108333333333333,0.7462704009471525,0.05112781954887213,0.05112781954887213,0.0027393621628488546,0.08850902184235515,0.05112781954887213,0.0027393621628488546,0.6105263157894737,adult,sex,29,proxy_soft,30.0,0.8492390418771386,0.0,25.0,random,0.8188822412155746,0.36,25.0,0.10394216388823124,-0.10112781954887218,-0.10394216388823124,0.0,0.31028705233976883,,0.0,-0.31028705233976883,-0.1511639385676236,
0.8904718429388202,0.8386111111111111,0.7835012375116398,0.08768095438823414,0.023496240601503793,0.08768095438823414,0.18727445394112058,-0.023496240601503793,-0.08768095438823414,0.6541353383458647,adult,sex,29,proxy_confident,0.3,0.882213738681068,0.0,25.0,random,0.8188822412155746,0.36,25.0,0.10394216388823124,-0.10112781954887218,-0.10394216388823124,0.0,0.31028705233976883,,0.0,-0.31028705233976883,-0.1511639385676236,
0.8837347162244953,0.8325,0.7753104534674526,0.06769469739402582,0.0001879699248120703,0.06769469739402582,0.16448243114909783,-0.0001879699248120703,-0.06769469739402582,0.6616541353383458,adult,sex,29,proxy_confident,1.0,0.8759370562629485,0.0,25.0,random,0.8188822412155746,0.36,25.0,0.10394216388823124,-0.10112781954887218,-0.10394216388823124,0.0,0.31028705233976883,,0.0,-0.31028705233976883,-0.1511639385676236,
0.8790535590404538,0.8319444444444445,0.7745658367361627,0.054225396843728166,0.02763157894736845,0.054225396843728166,0.14928774928774927,0.02763157894736845,-0.054225396843728166,0.656578947368421,adult,sex,29,proxy_confident,3.0,0.8719853814101818,0.1111111111111111,25.0,random,0.8188822412155746,0.36,25.0,0.10394216388823124,-0.10112781954887218,-0.10394216388823124,0.0,0.31028705233976883,,0.0,-0.31028705233976883,-0.1511639385676236,
0.8761586546595841,0.8291666666666667,0.7708427530797141,0.04784067352277124,0.03421052631578947,0.04784067352277124,0.14169040835707505,0.03421052631578947,-0.04784067352277124,0.65,adult,sex,29,proxy_confident,10.0,0.8699965082986103,0.1111111111111111,25.0,random,0.8188822412155746,0.36,25.0,0.10394216388823124,-0.10112781954887218,-0.10394216388823124,0.0,0.31028705233976883,,0.0,-0.31028705233976883,-0.1511639385676236,
0.875193962316602,0.8286111111111111,0.7700981363484244,0.04687635336848002,0.03552631578947374,0.04687635336848002,0.1404241848686293,0.03552631578947374,-0.04687635336848002,0.6486842105263158,adult,sex,29,proxy_confident,30.0,0.8693391373169767,0.1111111111111111,25.0,random,0.8188822412155746,0.36,25.0,0.10394216388823124,-0.10112781954887218,-0.10394216388823124,0.0,0.31028705233976883,,0.0,-0.31028705233976883,-0.1511639385676236,
0.8899878420634819,0.8380555555555556,0.7827566207803501,0.09266917293233079,0.09266917293233079,0.05389106069442599,0.14295663184552074,0.09266917293233079,-0.05389106069442599,0.6592105263157895,adult,sex,29,related_feats,0.3,0.8764026164482414,0.0,25.0,random,0.8188822412155746,0.36,25.0,0.10394216388823124,-0.10112781954887218,-0.10394216388823124,0.0,0.31028705233976883,,0.0,-0.31028705233976883,-0.1511639385676236,
0.8792806671434972,0.8336111111111111,0.7767996869300322,0.1031954887218045,0.1031954887218045,0.04930274455909782,0.1353592909148465,0.1031954887218045,-0.04930274455909782,0.6486842105263158,adult,sex,29,related_feats,1.0,0.8648734840196466,0.0,25.0,random,0.8188822412155746,0.36,25.0,0.10394216388823124,-0.10112781954887218,-0.10394216388823124,0.0,0.31028705233976883,,0.0,-0.31028705233976883,-0.1511639385676236,
0.8529675665635648,0.8211111111111111,0.7602334125247017,0.09680451127819545,0.09680451127819545,0.036502116307404464,0.11930990819879708,0.09680451127819545,-0.036502116307404464,0.625,adult,sex,29,related_feats,3.0,0.842744477292302,0.0,25.0,random,0.8188822412155746,0.36,25.0,0.10394216388823124,-0.10112781954887218,-0.10394216388823124,0.0,0.31028705233976883,,0.0,-0.31028705233976883,-0.1511639385676236,
0.8193936255016339,0.8047222222222222,0.7380796169029652,0.047932330827067604,0.047932330827067604,0.0007212190854549161,0.08850902184235515,0.047932330827067604,-0.0007212190854549161,0.5986842105263158,adult,sex,29,related_feats,10.0,0.8132344793873229,0.1111111111111111,25.0,random,0.8188822412155746,0.36,25.0,0.10394216388823124,-0.10112781954887218,-0.10394216388823124,0.0,0.31028705233976883,,0.0,-0.31028705233976883,-0.1511639385676236,
0.8038609204869297,0.7947222222222222,0.7246765157397499,0.045112781954887216,0.045112781954887216,0.011947176043284685,0.07331433998100664,0.045112781954887216,0.011947176043284685,0.5789473684210527,adult,sex,29,related_feats,30.0,0.7995805302730511,0.1111111111111111,25.0,random,0.8188822412155746,0.36,25.0,0.10394216388823124,-0.10112781954887218,-0.10394216388823124,0.0,0.31028705233976883,,0.0,-0.31028705233976883,-0.1511639385676236,
0.900449293462141,0.8447222222222223,0.791692021555827,0.0935991084369352,0.0379699248120301,0.0935991084369352,0.19740424184868632,-0.0379699248120301,-0.0935991084369352,0.6541353383458647,adult,sex,29,proxy_soft,0.3,0.8908982983775228,0.2777777777777778,50.0,random,0.8258528015194682,0.3,50.0,0.10394216388823124,-0.10112781954887218,-0.10394216388823124,0.2777777777777778,0.08467060152919004,-0.2777777777777778,-0.11538461538461539,-0.08467060152919004,-0.06845861857438763,
0.9001175253407552,0.8452777777777778,0.7924366382871169,0.0867478158437224,0.012781954887218117,0.0867478158437224,0.18854067742956632,-0.012781954887218117,-0.0867478158437224,0.6766917293233082,adult,sex,29,proxy_soft,1.0,0.8900053539421308,0.2777777777777778,50.0,random,0.8258528015194682,0.3,50.0,0.10394216388823124,-0.10112781954887218,-0.10394216388823124,0.2777777777777778,0.08467060152919004,-0.2777777777777778,-0.11538461538461539,-0.08467060152919004,-0.06845861857438763,
0.8991371133112237,0.8447222222222223,0.791692021555827,0.08265725059042955,0.0026315789473684292,0.08265725059042955,0.18347578347578347,-0.0026315789473684292,-0.08265725059042955,0.6842105263157895,adult,sex,29,proxy_soft,3.0,0.8887408924788751,0.2777777777777778,50.0,random,0.8258528015194682,0.3,50.0,0.10394216388823124,-0.10112781954887218,-0.10394216388823124,0.2777777777777778,0.08467060152919004,-0.2777777777777778,-0.11538461538461539,-0.08467060152919004,-0.06845861857438763,
0.8963927869804591,0.8458333333333333,0.7931812550184065,0.08458589089901201,0.0052631578947368585,0.08458589089901201,0.1860082304526749,-0.0052631578947368585,-0.08458589089901201,0.6842105263157895,adult,sex,29,proxy_soft,10.0,0.8854735910984892,0.2777777777777778,50.0,random,0.8258528015194682,0.3,50.0,0.10394216388823124,-0.10112781954887218,-0.10394216388823124,0.2777777777777778,0.08467060152919004,-0.2777777777777778,-0.11538461538461539,-0.08467060152919004,-0.06845861857438763,
0.8930010577694343,0.8425,0.7887135546306681,0.08348933762176708,0.006203007518796988,0.08348933762176708,0.18347578347578347,-0.006203007518796988,-0.08348933762176708,0.6766917293233082,adult,sex,29,proxy_soft,30.0,0.8815796457086991,0.2777777777777778,50.0,random,0.8258528015194682,0.3,50.0,0.10394216388823124,-0.10112781954887218,-0.10394216388823124,0.2777777777777778,0.08467060152919004,-0.2777777777777778,-0.11538461538461539,-0.08467060152919004,-0.06845861857438763,
0.899973979782001,0.8441666666666666,0.7909474048245372,0.10826601377765202,0.10733082706766917,0.10826601377765202,0.21893004115226336,-0.10733082706766917,-0.10826601377765202,0.5939849624060151,adult,sex,29,proxy_confident,0.3,0.8914662818035801,0.2777777777777778,50.0,random,0.8258528015194682,0.3,50.0,0.10394216388823124,-0.10112781954887218,-0.10394216388823124,0.2777777777777778,0.08467060152919004,-0.2777777777777778,-0.11538461538461539,-0.08467060152919004,-0.06845861857438763,
0.8995764371826848,0.8441666666666666,0.7909474048245372,0.10513976867865041,0.09849624060150375,0.10513976867865041,0.21513137068692625,-0.09849624060150375,-0.10513976867865041,0.6015037593984962,adult,sex,29,proxy_confident,1.0,0.8911897390535161,0.7777777777777778,50.0,random,0.8258528015194682,0.3,50.0,0.10394216388823124,-0.10112781954887218,-0.10394216388823124,0.2777777777777778,0.08467060152919004,-0.2777777777777778,-0.11538461538461539,-0.08467060152919004,-0.06845861857438763,
0.8988831162706616,0.8436111111111111,0.7902027880932475,0.10417544852435918,0.09718045112781959,0.10417544852435918,0.21386514719848052,-0.09718045112781959,-0.10417544852435918,0.6015037593984962,adult,sex,29,proxy_confident,3.0,0.8906878651737703,0.7777777777777778,50.0,random,0.8258528015194682,0.3,50.0,0.10394216388823124,-0.10112781954887218,-0.10394216388823124,0.2777777777777778,0.08467060152919004,-0.2777777777777778,-0.11538461538461539,-0.08467060152919004,-0.06845861857438763,
0.8980317711412202,0.8425,0.7887135546306681,0.10537305331477835,0.09454887218045116,0.10537305331477835,0.21386514719848052,-0.09454887218045116,-0.10537305331477835,0.6015037593984962,adult,sex,29,proxy_confident,10.0,0.890065876766219,0.7777777777777778,50.0,random,0.8258528015194682,0.3,50.0,0.10394216388823124,-0.10112781954887218,-0.10394216388823124,0.2777777777777778,0.08467060152919004,-0.2777777777777778,-0.11538461538461539,-0.08467060152919004,-0.06845861857438763,
0.8974939923908443,0.8419444444444445,0.7879689378993784,0.10597185570998792,0.093233082706767,0.10597185570998792,0.21386514719848052,-0.093233082706767,-0.10597185570998792,0.6015037593984962,adult,sex,29,proxy_confident,30.0,0.8896226634698201,0.7777777777777778,50.0,random,0.8258528015194682,0.3,50.0,0.10394216388823124,-0.10112781954887218,-0.10394216388823124,0.2777777777777778,0.08467060152919004,-0.2777777777777778,-0.11538461538461539,-0.08467060152919004,-0.06845861857438763,
0.8896486277747833,0.8408333333333333,0.7864797044367988,0.09466448010440065,0.006578947368421018,0.09466448010440065,0.189806900918012,0.006578947368421018,-0.09466448010440065,0.6776315789473685,adult,sex,29,related_feats,0.3,0.8763271956982238,0.2777777777777778,50.0,random,0.8258528015194682,0.3,50.0,0.10394216388823124,-0.10112781954887218,-0.10394216388823124,0.2777777777777778,0.08467060152919004,-0.2777777777777778,-0.11538461538461539,-0.08467060152919004,-0.06845861857438763,
0.8721650269241,0.8288888888888889,0.7706580467627581,0.07657568180899532,0.043045112781954886,0.07657568180899532,0.16362773029439698,0.043045112781954886,-0.07657568180899532,0.6486842105263158,adult,sex,29,related_feats,1.0,0.861149002537303,0.16666666666666663,50.0,random,0.8258528015194682,0.3,50.0,0.10394216388823124,-0.10112781954887218,-0.10394216388823124,0.2777777777777778,0.08467060152919004,-0.2777777777777778,-0.11538461538461539,-0.08467060152919004,-0.06845861857438763,
0.8315532167235953,0.8097222222222222,0.744781167484573,0.040662551464092075,0.008082706766917247,0.040662551464092075,0.13156062044950934,-0.008082706766917247,-0.040662551464092075,0.6090225563909775,adult,sex,29,related_feats,3.0,0.831006773900696,0.11538461538461539,50.0,random,0.8258528015194682,0.3,50.0,0.10394216388823124,-0.10112781954887218,-0.10394216388823124,0.2777777777777778,0.08467060152919004,-0.2777777777777778,-0.11538461538461539,-0.08467060152919004,-0.06845861857438763,
0.775782250901917,0.7847222222222222,0.7112734145765344,0.015789473684210575,0.015789473684210575,0.00664687981799178,0.08724279835390947,0.015789473684210575,-0.00664687981799178,0.5631578947368421,adult,sex,29,related_feats,10.0,0.7831369445285039,0.07692307692307693,50.0,random,0.8258528015194682,0.3,50.0,0.10394216388823124,-0.10112781954887218,-0.10394216388823124,0.2777777777777778,0.08467060152919004,-0.2777777777777778,-0.11538461538461539,-0.08467060152919004,-0.06845861857438763,
0.7426927243912862,0.7630555555555556,0.6822333620562343,0.022932330827067693,0.022932330827067693,0.009679580087654988,0.0771130104463438,0.022932330827067693,-0.009679580087654988,0.5184210526315789,adult,sex,29,related_feats,30.0,0.7501836634930981,0.07692307692307693,50.0,random,0.8258528015194682,0.3,50.0,0.10394216388823124,-0.10112781954887218,-0.10394216388823124,0.2777777777777778,0.08467060152919004,-0.2777777777777778,-0.11538461538461539,-0.08467060152919004,-0.06845861857438763,
0.8996227688904095,0.8430555555555556,0.7894581713619577,0.08757990287505991,0.025187969924812093,0.08757990287505991,0.189806900918012,-0.025187969924812093,-0.08757990287505991,0.6616541353383458,adult,sex,29,proxy_soft,0.3,0.8906180311459765,0.25,100.0,random,0.8974574865463755,0.32,100.0,0.10394216388823124,-0.10112781954887218,-0.10394216388823124,0.21666666666666667,0.1744630923074767,0.21666666666666667,-0.03383458646616541,-0.1744630923074767,-0.11017251309876025,
0.8980917541556853,0.8430555555555556,0.7894581713619577,0.07194867738005187,0.010150375939849576,0.07194867738005187,0.17207977207977207,0.010150375939849576,-0.07194867738005187,0.6815789473684211,adult,sex,29,proxy_soft,1.0,0.8890034684233804,0.25,100.0,random,0.8974574865463755,0.32,100.0,0.10394216388823124,-0.10112781954887218,-0.10394216388823124,0.21666666666666667,0.1744630923074767,0.21666666666666667,-0.03383458646616541,-0.1744630923074767,-0.11017251309876025,
0.8947629036908582,0.8408333333333333,0.7864797044367988,0.06496515166388535,0.024248120300751852,0.06496515166388535,0.1632162076606521,0.024248120300751852,-0.06496515166388535,0.675,adult,sex,29,proxy_soft,3.0,0.886377708978328,0.21666666666666667,100.0,random,0.8974574865463755,0.32,100.0,0.10394216388823124,-0.10112781954887218,-0.10394216388823124,0.21666666666666667,0.1744630923074767,0.21666666666666667,-0.03383458646616541,-0.1744630923074767,-0.11017251309876025,
0.8864442937744663,0.8341666666666666,0.7775443036613219,0.04088832941638419,0.0312030075187969,0.04088832941638419,0.1391579613801836,0.0312030075187969,-0.04088832941638419,0.6605263157894737,adult,sex,29,proxy_soft,10.0,0.8787062082450708,0.21666666666666667,100.0,random,0.8974574865463755,0.32,100.0,0.10394216388823124,-0.10112781954887218,-0.10394216388823124,0.21666666666666667,0.1744630923074767,0.21666666666666667,-0.03383458646616541,-0.1744630923074767,-0.11017251309876025,
0.8808849025234647,0.8313888888888888,0.7738212200048731,0.046616541353383445,0.046616541353383445,0.02668799334792324,0.1239632795188351,0.046616541353383445,-0.02668799334792324,0.6526315789473685,adult,sex,29,proxy_soft,30.0,0.8734602760771899,0.25,100.0,random,0.8974574865463755,0.32,100.0,0.10394216388823124,-0.10112781954887218,-0.10394216388823124,0.21666666666666667,0.1744630923074767,0.21666666666666667,-0.03383458646616541,-0.1744630923074767,-0.11017251309876025,
0.8986688321224348,0.8430555555555556,0.7894581713619577,0.08289053522655751,0.0013157894736842701,0.08289053522655751,0.1822095599873378,0.0013157894736842701,-0.08289053522655751,0.6828947368421052,adult,sex,29,proxy_confident,0.3,0.889800507460602,0.21666666666666667,100.0,random,0.8974574865463755,0.32,100.0,0.10394216388823124,-0.10112781954887218,-0.10394216388823124,0.21666666666666667,0.1744630923074767,0.21666666666666667,-0.03383458646616541,-0.1744630923074767,-0.11017251309876025,
0.8951695471613349,0.8425,0.7887135546306681,0.07254747977526144,0.0026315789473684292,0.07254747977526144,0.1733459955682178,0.0026315789473684292,-0.07254747977526144,0.6815789473684211,adult,sex,29,proxy_confident,1.0,0.887014595311809,0.18333333333333335,100.0,random,0.8974574865463755,0.32,100.0,0.10394216388823124,-0.10112781954887218,-0.10394216388823124,0.21666666666666667,0.1744630923074767,0.21666666666666667,-0.03383458646616541,-0.1744630923074767,-0.11017251309876025,
0.8904176513878208,0.8419444444444445,0.7879689378993784,0.06376754687346618,0.003947368421052699,0.06376754687346618,0.16574865463754354,0.003947368421052699,-0.06376754687346618,0.6802631578947368,adult,sex,29,proxy_confident,3.0,0.8827333038478549,0.21666666666666667,100.0,random,0.8974574865463755,0.32,100.0,0.10394216388823124,-0.10112781954887218,-0.10394216388823124,0.21666666666666667,0.1744630923074767,0.21666666666666667,-0.03383458646616541,-0.1744630923074767,-0.11017251309876025,
0.8877692978802001,0.8391666666666666,0.7842458542429296,0.055819701003008454,0.0016917293233081887,0.055819701003008454,0.15815131370686925,0.0016917293233081887,-0.055819701003008454,0.675,adult,sex,29,proxy_confident,10.0,0.8799585651435089,0.21666666666666667,100.0,random,0.8974574865463755,0.32,100.0,0.10394216388823124,-0.10112781954887218,-0.10394216388823124,0.21666666666666667,0.1744630923074767,0.21666666666666667,-0.03383458646616541,-0.1744630923074767,-0.11017251309876025,
0.8869051287959424,0.8391666666666666,0.7842458542429296,0.055819701003008454,0.0016917293233081887,0.055819701003008454,0.15815131370686925,0.0016917293233081887,-0.055819701003008454,0.675,adult,sex,29,proxy_confident,30.0,0.8790302381340348,0.21666666666666667,100.0,random,0.8974574865463755,0.32,100.0,0.10394216388823124,-0.10112781954887218,-0.10394216388823124,0.21666666666666667,0.1744630923074767,0.21666666666666667,-0.03383458646616541,-0.1744630923074767,-0.11017251309876025,
0.8895696156660742,0.8425,0.7887135546306681,0.06942123467625982,0.006203007518796988,0.06942123467625982,0.17207977207977207,-0.006203007518796988,-0.06942123467625982,0.6766917293233082,adult,sex,29,related_feats,0.3,0.8748867524849274,0.25,100.0,random,0.8974574865463755,0.32,100.0,0.10394216388823124,-0.10112781954887218,-0.10394216388823124,0.21666666666666667,0.1744630923074767,0.21666666666666667,-0.03383458646616541,-0.1744630923074767,-0.11017251309876025,
0.8754185883638742,0.8302777777777778,0.7723319865422936,0.04820619128185287,0.04041353383458646,0.04820619128185287,0.14169040835707505,0.04041353383458646,-0.04820619128185287,0.6513157894736842,adult,sex,29,related_feats,1.0,0.8597485974999418,0.06666666666666665,100.0,random,0.8974574865463755,0.32,100.0,0.10394216388823124,-0.10112781954887218,-0.10394216388823124,0.21666666666666667,0.1744630923074767,0.21666666666666667,-0.03383458646616541,-0.1744630923074767,-0.11017251309876025,
0.8477920666051393,0.8163888888888889,0.7537165682600498,0.02913533834586468,0.02913533834586468,0.02566130997407308,0.11763216207660648,0.02913533834586468,-0.02566130997407308,0.625,adult,sex,29,related_feats,3.0,0.8388635675877,0.08270676691729323,100.0,random,0.8974574865463755,0.32,100.0,0.10394216388823124,-0.10112781954887218,-0.10394216388823124,0.21666666666666667,0.1744630923074767,0.21666666666666667,-0.03383458646616541,-0.1744630923074767,-0.11017251309876025,
0.8132604656915773,0.8036111111111112,0.7365903834403857,0.015225563909774364,0.015225563909774364,0.0066081915243765,0.09737258626147519,0.015225563909774364,-0.0066081915243765,0.6013157894736842,adult,sex,29,related_feats,10.0,0.8144412113876021,0.05639097744360902,100.0,random,0.8974574865463755,0.32,100.0,0.10394216388823124,-0.10112781954887218,-0.10394216388823124,0.21666666666666667,0.1744630923074767,0.21666666666666667,-0.03383458646616541,-0.1744630923074767,-0.11017251309876025,
0.7964230266932688,0.7897222222222222,0.7179749651581421,0.013721804511278135,0.013721804511278135,0.0003054642883952574,0.08850902184235515,-0.013721804511278135,0.0003054642883952574,0.5639097744360902,adult,sex,29,related_feats,30.0,0.8016485486161224,0.033333333333333326,100.0,random,0.8974574865463755,0.32,100.0,0.10394216388823124,-0.10112781954887218,-0.10394216388823124,0.21666666666666667,0.1744630923074767,0.21666666666666667,-0.03383458646616541,-0.1744630923074767,-0.11017251309876025,
0.8992492194968791,0.8430555555555556,0.7894581713619577,0.0891430254245607,0.0340225563909774,0.0891430254245607,0.19233934789490345,-0.0340225563909774,-0.0891430254245607,0.6541353383458647,adult,sex,29,proxy_soft,0.3,0.8908973672571521,0.15592351665681056,200.0,random,0.8999394112060779,0.325,200.0,0.10394216388823124,-0.10112781954887218,-0.10394216388823124,0.18470333136211314,0.19835158147893128,-0.13586956521739135,-0.18470333136211314,-0.19835158147893128,-0.1278604314217344,
0.8972747441310757,0.8430555555555556,0.7894581713619577,0.07507492247905345,0.0013157894736842701,0.07507492247905345,0.17587844254510918,0.0013157894736842701,-0.07507492247905345,0.6828947368421052,adult,sex,29,proxy_soft,1.0,0.8895146535068321,0.15592351665681056,200.0,random,0.8999394112060779,0.325,200.0,0.10394216388823124,-0.10112781954887218,-0.10394216388823124,0.18470333136211314,0.19835158147893128,-0.13586956521739135,-0.18470333136211314,-0.19835158147893128,-0.1278604314217344,
0.8921021399043828,0.8386111111111111,0.7835012375116398,0.0720497288932261,0.011842105263157876,0.0720497288932261,0.16954732510288065,0.011842105263157876,-0.0720497288932261,0.6723684210526316,adult,sex,29,proxy_soft,3.0,0.8855462184873949,0.1622314212497536,200.0,random,0.8999394112060779,0.325,200.0,0.10394216388823124,-0.10112781954887218,-0.10394216388823124,0.18470333136211314,0.19835158147893128,-0.13586956521739135,-0.18470333136211314,-0.19835158147893128,-0.1278604314217344,
0.8773839628585175,0.8275,0.7686089028858448,0.03869522286189435,0.02932330827067664,0.03869522286189435,0.13409306742640076,0.02932330827067664,-0.03869522286189435,0.6473684210526316,adult,sex,29,proxy_soft,10.0,0.8725589515584626,0.15760869565217395,200.0,random,0.8999394112060779,0.325,200.0,0.10394216388823124,-0.10112781954887218,-0.10394216388823124,0.18470333136211314,0.19835158147893128,-0.13586956521739135,-0.18470333136211314,-0.19835158147893128,-0.1278604314217344,
0.8677014632959796,0.8269444444444445,0.7678642861545552,0.028352167410598275,0.021804511278195493,0.028352167410598275,0.12649572649572646,0.021804511278195493,-0.028352167410598275,0.6473684210526316,adult,sex,29,proxy_soft,30.0,0.8641202076398427,0.15760869565217395,200.0,random,0.8999394112060779,0.325,200.0,0.10394216388823124,-0.10112781954887218,-0.10394216388823124,0.18470333136211314,0.19835158147893128,-0.13586956521739135,-0.18470333136211314,-0.19835158147893128,-0.1278604314217344,
0.8989989455399733,0.8438888888888889,0.7907626985075812,0.08854422302935114,0.045488721804511356,0.08854422302935114,0.19401709401709402,-0.045488721804511356,-0.08854422302935114,0.6466165413533834,adult,sex,29,proxy_confident,0.3,0.8910761423683047,0.17346737630593337,200.0,random,0.8999394112060779,0.325,200.0,0.10394216388823124,-0.10112781954887218,-0.10394216388823124,0.18470333136211314,0.19835158147893128,-0.13586956521739135,-0.18470333136211314,-0.19835158147893128,-0.1278604314217344,
0.8958363928118009,0.8447222222222223,0.791692021555827,0.07953100549142794,0.046804511278195515,0.07953100549142794,0.18727445394112058,-0.046804511278195515,-0.07953100549142794,0.6466165413533834,adult,sex,29,proxy_confident,1.0,0.8886561605251518,0.1622314212497536,200.0,random,0.8999394112060779,0.325,200.0,0.10394216388823124,-0.10112781954887218,-0.10394216388823124,0.18470333136211314,0.19835158147893128,-0.13586956521739135,-0.18470333136211314,-0.19835158147893128,-0.1278604314217344,
0.8917678897272262,0.8386111111111111,0.7835012375116398,0.06892348379422447,0.05883458646616535,0.06892348379422447,0.17714466603355494,-0.05883458646616535,-0.06892348379422447,0.6240601503759399,adult,sex,29,proxy_confident,3.0,0.8848702250983496,0.17346737630593337,200.0,random,0.8999394112060779,0.325,200.0,0.10394216388823124,-0.10112781954887218,-0.10394216388823124,0.18470333136211314,0.19835158147893128,-0.13586956521739135,-0.18470333136211314,-0.19835158147893128,-0.1278604314217344,
0.889397112789992,0.8341666666666666,0.7775443036613219,0.074812030075188,0.074812030075188,0.06277204510939548,0.17207977207977207,-0.074812030075188,-0.06277204510939548,0.6015037593984962,adult,sex,29,proxy_confident,10.0,0.8824651411811264,0.17346737630593337,200.0,random,0.8999394112060779,0.325,200.0,0.10394216388823124,-0.10112781954887218,-0.10394216388823124,0.18470333136211314,0.19835158147893128,-0.13586956521739135,-0.18470333136211314,-0.19835158147893128,-0.1278604314217344,
0.888521360778803,0.8347222222222223,0.7782889203926115,0.07612781954887227,0.07612781954887227,0.06217324271418591,0.17207977207977207,-0.07612781954887227,-0.06217324271418591,0.6015037593984962,adult,sex,29,proxy_confident,30.0,0.8817137270420633,0.17346737630593337,200.0,random,0.8999394112060779,0.325,200.0,0.10394216388823124,-0.10112781954887218,-0.10394216388823124,0.18470333136211314,0.19835158147893128,-0.13586956521739135,-0.18470333136211314,-0.19835158147893128,-0.1278604314217344,
0.8890049479781793,0.8413888888888889,0.7872243211680886,0.07061883946667899,0.049436090225563833,0.07061883946667899,0.16448243114909783,0.049436090225563833,-0.07061883946667899,0.6723684210526316,adult,sex,29,related_feats,0.3,0.8750590097534859,0.0808200275970826,200.0,random,0.8999394112060779,0.325,200.0,0.10394216388823124,-0.10112781954887218,-0.10394216388823124,0.18470333136211314,0.19835158147893128,-0.13586956521739135,-0.18470333136211314,-0.19835158147893128,-0.1278604314217344,
0.8758881105805487,0.8319444444444445,0.7745658367361627,0.07180451127819543,0.07180451127819543,0.05891476449223057,0.14675530231085784,0.07180451127819543,-0.05891476449223057,0.65,adult,sex,29,related_feats,1.0,0.8617393328522545,0.05434782608695654,200.0,random,0.8999394112060779,0.325,200.0,0.10394216388823124,-0.10112781954887218,-0.10394216388823124,0.18470333136211314,0.19835158147893128,-0.13586956521739135,-0.18470333136211314,-0.19835158147893128,-0.1278604314217344,
0.8456814918478945,0.8169444444444445,0.7544611849913397,0.06315789473684208,0.06315789473684208,0.03444124287586833,0.12016460905349793,0.06315789473684208,-0.03444124287586833,0.6210526315789474,adult,sex,29,related_feats,3.0,0.8372182778928746,0.05434782608695654,200.0,random,0.8999394112060779,0.325,200.0,0.10394216388823124,-0.10112781954887218,-0.10394216388823124,0.18470333136211314,0.19835158147893128,-0.13586956521739135,-0.18470333136211314,-0.19835158147893128,-0.1278604314217344,
0.816520232270779,0.7997222222222222,0.7313780663213575,0.050939849624060174,0.050939849624060174,0.0014210729938387567,0.08597657486546378,0.050939849624060174,-0.0014210729938387567,0.5881578947368421,adult,sex,29,related_feats,10.0,0.813409530016993,0.048913043478260865,200.0,random,0.8999394112060779,0.325,200.0,0.10394216388823124,-0.10112781954887218,-0.10394216388823124,0.18470333136211314,0.19835158147893128,-0.13586956521739135,-0.18470333136211314,-0.19835158147893128,-0.1278604314217344,
0.805835395852733,0.7952777777777778,0.7254211324710396,0.05263157894736836,0.05263157894736836,0.01410910098799506,0.07078189300411519,0.05263157894736836,0.01410910098799506,0.5789473684210527,adult,sex,29,related_feats,30.0,0.8048748807002025,0.15217391304347827,200.0,random,0.8999394112060779,0.325,200.0,0.10394216388823124,-0.10112781954887218,-0.10394216388823124,0.18470333136211314,0.19835158147893128,-0.13586956521739135,-0.18470333136211314,-0.19835158147893128,-0.1278604314217344,
0.8997667281251254,0.8425,0.7887135546306681,0.08505246017126786,0.03270676691729324,0.08505246017126786,0.18854067742956632,-0.03270676691729324,-0.08505246017126786,0.6541353383458647,adult,sex,29,proxy_soft,0.3,0.8906990386182174,0.21084337349397586,400.0,random,0.909360873694207,0.315,400.0,0.10394216388823124,-0.10112781954887218,-0.10394216388823124,0.30636833046471607,0.19147404791080058,-0.30636833046471607,-0.14968212415856397,-0.19147404791080058,-0.10840668815881538,
0.8984458607790098,0.8447222222222223,0.791692021555827,0.07171539274392393,0.015037593984962405,0.07171539274392393,0.17207977207977207,0.015037593984962405,-0.07171539274392393,0.6842105263157895,adult,sex,29,proxy_soft,1.0,0.8892837356549268,0.1273666092943202,400.0,random,0.909360873694207,0.315,400.0,0.10394216388823124,-0.10112781954887218,-0.10394216388823124,0.30636833046471607,0.19147404791080058,-0.30636833046471607,-0.14968212415856397,-0.19147404791080058,-0.10840668815881538,
0.8957958525675418,0.8436111111111111,0.7902027880932475,0.06197113968783745,0.03533834586466167,0.06197113968783745,0.16068376068376067,0.03533834586466167,-0.06197113968783745,0.6789473684210526,adult,sex,29,proxy_soft,3.0,0.8869699015340207,0.21084337349397586,400.0,random,0.909360873694207,0.315,400.0,0.10394216388823124,-0.10112781954887218,-0.10394216388823124,0.30636833046471607,0.19147404791080058,-0.30636833046471607,-0.14968212415856397,-0.19147404791080058,-0.10840668815881538,
0.8891034028570944,0.8375,0.7820120040490603,0.046674250342131546,0.04097744360902256,0.046674250342131546,0.14422285533396648,0.04097744360902256,-0.046674250342131546,0.6657894736842105,adult,sex,29,proxy_soft,10.0,0.8801596871435555,0.18674698795180722,400.0,random,0.909360873694207,0.315,400.0,0.10394216388823124,-0.10112781954887218,-0.10394216388823124,0.30636833046471607,0.19147404791080058,-0.30636833046471607,-0.14968212415856397,-0.19147404791080058,-0.10840668815881538,
0.8840263577775838,0.8330555555555555,0.7760550701987423,0.05150375939849616,0.05150375939849616,0.032707198909798535,0.12902817347261789,0.05150375939849616,-0.032707198909798535,0.6552631578947369,adult,sex,29,proxy_soft,30.0,0.875146535068321,0.18674698795180722,400.0,random,0.909360873694207,0.315,400.0,0.10394216388823124,-0.10112781954887218,-0.10394216388823124,0.30636833046471607,0.19147404791080058,-0.30636833046471607,-0.14968212415856397,-0.19147404791080058,-0.10840668815881538,
0.900237905045647,0.8430555555555556,0.7894581713619577,0.09539551562256393,0.06052631578947376,0.09539551562256393,0.20120291231402343,-0.06052631578947376,-0.09539551562256393,0.631578947368421,adult,sex,29,proxy_confident,0.3,0.891496077655439,0.2349397590361446,400.0,random,0.909360873694207,0.315,400.0,0.10394216388823124,-0.10112781954887218,-0.10394216388823124,0.30636833046471607,0.19147404791080058,-0.30636833046471607,-0.14968212415856397,-0.19147404791080058,-0.10840668815881538,
0.8990113558188282,0.8447222222222223,0.791692021555827,0.08890974078843276,0.05563909774436093,0.08890974078843276,0.19613801836024056,-0.05563909774436093,-0.08890974078843276,0.6390977443609023,adult,sex,29,proxy_confident,1.0,0.8904131846644475,0.31841652323580033,400.0,random,0.909360873694207,0.315,400.0,0.10394216388823124,-0.10112781954887218,-0.10394216388823124,0.30636833046471607,0.19147404791080058,-0.30636833046471607,-0.14968212415856397,-0.19147404791080058,-0.10840668815881538,
0.8966037617209913,0.8430555555555556,0.7894581713619577,0.08289053522655751,0.06052631578947376,0.08289053522655751,0.19107312440645777,-0.06052631578947376,-0.08289053522655751,0.631578947368421,adult,sex,29,proxy_confident,3.0,0.888071416932424,0.31841652323580033,400.0,random,0.909360873694207,0.315,400.0,0.10394216388823124,-0.10112781954887218,-0.10394216388823124,0.30636833046471607,0.19147404791080058,-0.30636833046471607,-0.14968212415856397,-0.19147404791080058,-0.10840668815881538,
0.8954479510836448,0.8425,0.7887135546306681,0.07723684742376384,0.05921052631578949,0.07723684742376384,0.1860082304526749,-0.05921052631578949,-0.07723684742376384,0.631578947368421,adult,sex,29,proxy_confident,10.0,0.8868283712376916,0.31841652323580033,400.0,random,0.909360873694207,0.315,400.0,0.10394216388823124,-0.10112781954887218,-0.10394216388823124,0.30636833046471607,0.19147404791080058,-0.30636833046471607,-0.14968212415856397,-0.19147404791080058,-0.10840668815881538,
0.8950524768641377,0.8419444444444445,0.7879689378993784,0.0715831596209702,0.06672932330827064,0.0715831596209702,0.1822095599873378,-0.06672932330827064,-0.0715831596209702,0.6240601503759399,adult,sex,29,proxy_confident,30.0,0.8864158849135222,0.31841652323580033,400.0,random,0.909360873694207,0.315,400.0,0.10394216388823124,-0.10112781954887218,-0.10394216388823124,0.30636833046471607,0.19147404791080058,-0.30636833046471607,-0.14968212415856397,-0.19147404791080058,-0.10840668815881538,
0.8895696156660742,0.8425,0.7887135546306681,0.06942123467625982,0.006203007518796988,0.06942123467625982,0.17207977207977207,-0.006203007518796988,-0.06942123467625982,0.6766917293233082,adult,sex,29,related_feats,0.3,0.8748867524849274,0.3055077452667814,400.0,random,0.909360873694207,0.315,400.0,0.10394216388823124,-0.10112781954887218,-0.10394216388823124,0.30636833046471607,0.19147404791080058,-0.30636833046471607,-0.14968212415856397,-0.19147404791080058,-0.10840668815881538,
0.8754185883638742,0.8302777777777778,0.7723319865422936,0.04820619128185287,0.04041353383458646,0.04820619128185287,0.14169040835707505,0.04041353383458646,-0.04820619128185287,0.6513157894736842,adult,sex,29,related_feats,1.0,0.8597485974999418,0.2693631669535284,400.0,random,0.909360873694207,0.315,400.0,0.10394216388823124,-0.10112781954887218,-0.10394216388823124,0.30636833046471607,0.19147404791080058,-0.30636833046471607,-0.14968212415856397,-0.19147404791080058,-0.10840668815881538,
0.8477920666051393,0.8163888888888889,0.7537165682600498,0.02913533834586468,0.02913533834586468,0.02566130997407308,0.11763216207660648,0.02913533834586468,-0.02566130997407308,0.625,adult,sex,29,related_feats,3.0,0.8388635675877,0.20912220309810675,400.0,random,0.909360873694207,0.315,400.0,0.10394216388823124,-0.10112781954887218,-0.10394216388823124,0.30636833046471607,0.19147404791080058,-0.30636833046471607,-0.14968212415856397,-0.19147404791080058,-0.10840668815881538,
0.8132617067194627,0.8036111111111112,0.7365903834403857,0.015225563909774364,0.015225563909774364,0.0066081915243765,0.09737258626147519,0.015225563909774364,-0.0066081915243765,0.6013157894736842,adult,sex,29,related_feats,10.0,0.8144319001838963,0.14888123924268498,400.0,random,0.909360873694207,0.315,400.0,0.10394216388823124,-0.10112781954887218,-0.10394216388823124,0.30636833046471607,0.19147404791080058,-0.30636833046471607,-0.14968212415856397,-0.19147404791080058,-0.10840668815881538,
0.796403170247101,0.7891666666666667,0.7172303484268524,0.012406015037593976,0.012406015037593976,0.00029333810681433925,0.08850902184235515,-0.012406015037593976,-0.00029333810681433925,0.5639097744360902,adult,sex,29,related_feats,30.0,0.8016280639679696,0.16092943201376936,400.0,random,0.909360873694207,0.315,400.0,0.10394216388823124,-0.10112781954887218,-0.10394216388823124,0.30636833046471607,0.19147404791080058,-0.30636833046471607,-0.14968212415856397,-0.19147404791080058,-0.10840668815881538,
0.8986063670521989,0.8436111111111111,0.7902027880932475,0.08541797793034953,0.008834586466165417,0.08541797793034953,0.1860082304526749,-0.008834586466165417,-0.08541797793034953,0.6766917293233082,adult,sex,29,proxy_soft,0.3,0.890423426988524,0.7,25.0,strat_y,0.8678507122507122,0.25,24.0,0.10394216388823124,-0.10112781954887218,-0.10394216388823124,0.2,0.24727147320083687,0.2,-0.125,-0.24727147320083687,-0.10381190859012848,
0.8956700950751462,0.8430555555555556,0.7894581713619577,0.07194867738005187,0.018984962406015105,0.07194867738005187,0.1708135485913264,0.018984962406015105,-0.07194867738005187,0.6802631578947368,adult,sex,29,proxy_soft,1.0,0.8875816476174958,0.7,25.0,strat_y,0.8678507122507122,0.25,24.0,0.10394216388823124,-0.10112781954887218,-0.10394216388823124,0.2,0.24727147320083687,0.2,-0.125,-0.24727147320083687,-0.10381190859012848,
0.8920582902524292,0.8391666666666666,0.7842458542429296,0.07236842105263153,0.07236842105263153,0.06519843630001329,0.15561886672997782,0.07236842105263153,-0.06519843630001329,0.6644736842105263,adult,sex,29,proxy_soft,3.0,0.8840378034870459,0.7,25.0,strat_y,0.8678507122507122,0.25,24.0,0.10394216388823124,-0.10112781954887218,-0.10394216388823124,0.2,0.24727147320083687,0.2,-0.125,-0.24727147320083687,-0.10381190859012848,
0.8871115531008943,0.8369444444444445,0.7812673873177706,0.09530075187969922,0.09530075187969922,0.05352554293534434,0.14169040835707505,0.09530075187969922,-0.05352554293534434,0.656578947368421,adult,sex,29,proxy_soft,10.0,0.8790423426988525,0.7,25.0,strat_y,0.8678507122507122,0.25,24.0,0.10394216388823124,-0.10112781954887218,-0.10394216388823124,0.2,0.24727147320083687,0.2,-0.125,-0.24727147320083687,-0.10381190859012848,
0.8836325382619239,0.8330555555555555,0.7760550701987423,0.1221804511278195,0.1221804511278195,0.04521217930580497,0.12902817347261789,0.1221804511278195,-0.04521217930580497,0.6447368421052632,adult,sex,29,proxy_soft,30.0,0.8756605135128843,0.7,25.0,strat_y,0.8678507122507122,0.25,24.0,0.10394216388823124,-0.10112781954887218,-0.10394216388823124,0.2,0.24727147320083687,0.2,-0.125,-0.24727147320083687,-0.10381190859012848,
0.9002565204639292,0.8452777777777778,0.7924366382871169,0.08362157074472079,0.021616541353383423,0.08362157074472079,0.18727445394112058,-0.021616541353383423,-0.08362157074472079,0.6691729323308271,adult,sex,29,proxy_soft,0.3,0.8900444609976955,0.8695652173913043,50.0,strat_y,0.8490557138334915,0.3,50.0,0.10394216388823124,-0.10112781954887218,-0.10394216388823124,0.8695652173913043,0.25673342267945554,-0.8695652173913043,0.0,-0.25673342267945554,-0.12998975160848447,
0.8983767768933845,0.8469444444444445,0.794670488480986,0.0693201831630856,0.02744360902255638,0.0693201831630856,0.16954732510288065,0.02744360902255638,-0.0693201831630856,0.6868421052631579,adult,sex,29,proxy_soft,1.0,0.8870239065155148,0.8695652173913043,50.0,strat_y,0.8490557138334915,0.3,50.0,0.10394216388823124,-0.10112781954887218,-0.10394216388823124,0.8695652173913043,0.25673342267945554,-0.8695652173913043,0.0,-0.25673342267945554,-0.12998975160848447,
0.8950768837458855,0.8430555555555556,0.7894581713619577,0.08082706766917291,0.08082706766917291,0.07038555483055103,0.16068376068376067,0.08082706766917291,-0.07038555483055103,0.6710526315789473,adult,sex,29,proxy_soft,3.0,0.8824027561162969,0.8695652173913043,50.0,strat_y,0.8490557138334915,0.3,50.0,0.10394216388823124,-0.10112781954887218,-0.10394216388823124,0.8695652173913043,0.25673342267945554,-0.8695652173913043,0.0,-0.25673342267945554,-0.12998975160848447,
0.8870875598951083,0.8402777777777778,0.7857350877055089,0.08740601503759393,0.08740601503759393,0.07337956680659893,0.16068376068376067,0.08740601503759393,-0.07337956680659893,0.6644736842105263,adult,sex,29,proxy_soft,10.0,0.8720319374287111,0.8695652173913043,50.0,strat_y,0.8490557138334915,0.3,50.0,0.10394216388823124,-0.10112781954887218,-0.10394216388823124,0.8695652173913043,0.25673342267945554,-0.8695652173913043,0.0,-0.25673342267945554,-0.12998975160848447,
0.880188272203747,0.8380555555555556,0.7827566207803501,0.07499999999999996,0.07499999999999996,0.06326979599143084,0.15308641975308646,0.07499999999999996,-0.06326979599143084,0.6618421052631579,adult,sex,29,proxy_soft,30.0,0.8640643404176075,0.8695652173913043,50.0,strat_y,0.8490557138334915,0.3,50.0,0.10394216388823124,-0.10112781954887218,-0.10394216388823124,0.8695652173913043,0.25673342267945554,-0.8695652173913043,0.0,-0.25673342267945554,-0.12998975160848447,
0.8996463484202335,0.8430555555555556,0.7894581713619577,0.08757990287505991,0.0340225563909774,0.08757990287505991,0.19107312440645777,-0.0340225563909774,-0.08757990287505991,0.6541353383458647,adult,sex,29,proxy_soft,0.3,0.8906245489885705,0.537878787878788,100.0,strat_y,0.857005824628047,0.25,100.0,0.10394216388823124,-0.10112781954887218,-0.10394216388823124,0.537878787878788,0.11699068570008775,-0.537878787878788,-0.1935483870967742,-0.11699068570008775,-0.10421575537417575,
0.8981277439643642,0.8430555555555556,0.7894581713619577,0.07820116757805506,0.010150375939849576,0.07820116757805506,0.17714466603355494,0.010150375939849576,-0.07820116757805506,0.6815789473684211,adult,sex,29,proxy_soft,1.0,0.8890667846085802,0.37121212121212127,100.0,strat_y,0.857005824628047,0.25,100.0,0.10394216388823124,-0.10112781954887218,-0.10394216388823124,0.537878787878788,0.11699068570008775,-0.537878787878788,-0.1935483870967742,-0.11699068570008775,-0.10421575537417575,
0.8943417815617177,0.8397222222222223,0.7849904709742193,0.07710461430081016,0.018045112781954864,0.07710461430081016,0.1733459955682178,0.018045112781954864,-0.07710461430081016,0.6736842105263158,adult,sex,29,proxy_soft,3.0,0.8856160525151888,0.537878787878788,100.0,strat_y,0.857005824628047,0.25,100.0,0.10394216388823124,-0.10112781954887218,-0.10394216388823124,0.537878787878788,0.11699068570008775,-0.537878787878788,-0.1935483870967742,-0.11699068570008775,-0.10421575537417575,
0.8813796589738105,0.8336111111111111,0.7767996869300322,0.08212831809861473,0.011654135338345806,0.08212831809861473,0.17841088952200063,-0.011654135338345806,-0.08212831809861473,0.6541353383458647,adult,sex,29,proxy_soft,10.0,0.8745869317255988,0.537878787878788,100.0,strat_y,0.857005824628047,0.25,100.0,0.10394216388823124,-0.10112781954887218,-0.10394216388823124,0.537878787878788,0.11699068570008775,-0.537878787878788,-0.1935483870967742,-0.11699068570008775,-0.10421575537417575,
0.8714423350187871,0.8313888888888888,0.7738212200048731,0.08452352767945306,0.03289473684210531,0.08452352767945306,0.1822095599873378,-0.03289473684210531,-0.08452352767945306,0.631578947368421,adult,sex,29,proxy_soft,30.0,0.8659749994180498,0.5606060606060607,100.0,strat_y,0.857005824628047,0.25,100.0,0.10394216388823124,-0.10112781954887218,-0.10394216388823124,0.537878787878788,0.11699068570008775,-0.537878787878788,-0.1935483870967742,-0.11699068570008775,-0.10421575537417575,
0.8995962936288524,0.8430555555555556,0.7894581713619577,0.0860167803255591,0.016353383458646564,0.0860167803255591,0.18727445394112058,-0.016353383458646564,-0.0860167803255591,0.6691729323308271,adult,sex,29,proxy_soft,0.3,0.8902949323773831,0.1528239202657808,200.0,strat_y,0.8629777144666035,0.285,200.0,0.10394216388823124,-0.10112781954887218,-0.10394216388823124,0.1760797342192691,0.16135091513766997,-0.1760797342192691,-0.15789473684210525,-0.16135091513766997,-0.12827205209573733,
0.8978092134737571,0.8441666666666666,0.7909474048245372,0.0754404402381351,0.007518796992481147,0.0754404402381351,0.17587844254510918,0.007518796992481147,-0.0754404402381351,0.6842105263157895,adult,sex,29,proxy_soft,1.0,0.8883628576084174,0.12280701754385964,200.0,strat_y,0.8629777144666035,0.285,200.0,0.10394216388823124,-0.10112781954887218,-0.10394216388823124,0.1760797342192691,0.16135091513766997,-0.1760797342192691,-0.15789473684210525,-0.16135091513766997,-0.12827205209573733,
0.8933473045494842,0.8402777777777778,0.7857350877055089,0.06712707660859574,0.025563909774436122,0.06712707660859574,0.16448243114909783,0.025563909774436122,-0.06712707660859574,0.6736842105263158,adult,sex,29,proxy_soft,3.0,0.8840750483018691,0.14119601328903658,200.0,strat_y,0.8629777144666035,0.285,200.0,0.10394216388823124,-0.10112781954887218,-0.10394216388823124,0.1760797342192691,0.16135091513766997,-0.1760797342192691,-0.15789473684210525,-0.16135091513766997,-0.12827205209573733,
0.874975541408757,0.8302777777777778,0.7723319865422936,0.062274294227360125,0.013909774436090205,0.062274294227360125,0.15688509021842356,0.013909774436090205,-0.062274294227360125,0.6552631578947369,adult,sex,29,proxy_soft,10.0,0.8679675970111037,0.0938392492860057,200.0,strat_y,0.8629777144666035,0.285,200.0,0.10394216388823124,-0.10112781954887218,-0.10394216388823124,0.1760797342192691,0.16135091513766997,-0.1760797342192691,-0.15789473684210525,-0.16135091513766997,-0.12827205209573733,
0.8609171775220064,0.8225,0.7619073523042372,0.0519000571662846,0.023496240601503682,0.0519000571662846,0.14295663184552074,0.023496240601503682,-0.0519000571662846,0.6381578947368421,adult,sex,29,proxy_soft,30.0,0.8570427617030192,0.10631229235880396,200.0,strat_y,0.8629777144666035,0.285,200.0,0.10394216388823124,-0.10112781954887218,-0.10394216388823124,0.1760797342192691,0.16135091513766997,-0.1760797342192691,-0.15789473684210525,-0.16135091513766997,-0.12827205209573733,
0.8997915486828351,0.8430555555555556,0.7894581713619577,0.08757990287505991,0.0340225563909774,0.08757990287505991,0.19107312440645777,-0.0340225563909774,-0.08757990287505991,0.6541353383458647,adult,sex,29,proxy_soft,0.3,0.8906292045904234,0.1126126126126126,400.0,strat_y,0.9082050648939538,0.2625,400.0,0.10394216388823124,-0.10112781954887218,-0.10394216388823124,0.12054912054912054,0.17043651809141058,-0.06165298721129986,-0.12054912054912054,-0.17043651809141058,-0.11480676906603968,
0.8983693307260716,0.8436111111111111,0.7902027880932475,0.07447612008384388,0.017669172932330834,0.07447612008384388,0.1733459955682178,0.017669172932330834,-0.07447612008384388,0.6815789473684211,adult,sex,29,proxy_soft,1.0,0.8891422053585978,0.09116259116259115,400.0,strat_y,0.9082050648939538,0.2625,400.0,0.10394216388823124,-0.10112781954887218,-0.10394216388823124,0.12054912054912054,0.17043651809141058,-0.06165298721129986,-0.12054912054912054,-0.17043651809141058,-0.11480676906603968,
0.8952609695488988,0.8408333333333333,0.7864797044367988,0.060275784015382916,0.050751879699248104,0.060275784015382916,0.15561886672997782,0.050751879699248104,-0.060275784015382916,0.6710526315789473,adult,sex,29,proxy_soft,3.0,0.8862641122931167,0.0697125697125697,400.0,strat_y,0.9082050648939538,0.2625,400.0,0.10394216388823124,-0.10112781954887218,-0.10394216388823124,0.12054912054912054,0.17043651809141058,-0.06165298721129986,-0.12054912054912054,-0.17043651809141058,-0.11480676906603968,
0.886080258928058,0.8352777777777778,0.7790335371239013,0.047506337373469085,0.046240601503759304,0.047506337373469085,0.14295663184552074,0.046240601503759304,-0.047506337373469085,0.6605263157894737,adult,sex,29,proxy_soft,10.0,0.8770376405409809,0.05878984539034171,400.0,strat_y,0.9082050648939538,0.2625,400.0,0.10394216388823124,-0.10112781954887218,-0.10394216388823124,0.12054912054912054,0.17043651809141058,-0.06165298721129986,-0.12054912054912054,-0.17043651809141058,-0.11480676906603968,
0.8778261824617113,0.8302777777777778,0.7723319865422936,0.05808270676691729,0.05808270676691729,0.03257496578684482,0.12649572649572646,0.05808270676691729,-0.03257496578684482,0.6486842105263158,adult,sex,29,proxy_soft,30.0,0.869151982122489,0.06470700515365535,400.0,strat_y,0.9082050648939538,0.2625,400.0,0.10394216388823124,-0.10112781954887218,-0.10394216388823124,0.12054912054912054,0.17043651809141058,-0.06165298721129986,-0.12054912054912054,-0.17043651809141058,-0.11480676906603968,
0.9000794671522672,0.8441666666666666,0.7909474048245372,0.10045040103014799,0.08966165413533833,0.10045040103014799,0.21006647673314338,-0.08966165413533833,-0.10045040103014799,0.6090225563909775,adult,sex,29,proxy_soft,0.3,0.8913703764054097,0.8333333333333334,25.0,random_mnar,0.6952500158277937,0.2,,,,,,,,,,,
0.9000310670647333,0.8441666666666666,0.7909474048245372,0.10045040103014799,0.08082706766917291,0.10045040103014799,0.2088002532446977,-0.08082706766917291,-0.10045040103014799,0.6165413533834586,adult,sex,29,proxy_soft,1.0,0.891010032821993,0.8333333333333334,25.0,random_mnar,0.6952500158277937,0.2,,,,,,,,,,,
0.8996587586990884,0.8441666666666666,0.7909474048245372,0.09888727848064718,0.0719924812030075,0.09888727848064718,0.20626780626780628,-0.0719924812030075,-0.09888727848064718,0.6240601503759399,adult,sex,29,proxy_soft,3.0,0.88987685933099,0.8333333333333334,25.0,random_mnar,0.6952500158277937,0.2,,,,,,,,,,,
0.8968172185172943,0.8447222222222223,0.791692021555827,0.10297784373394002,0.07330827067669166,0.10297784373394002,0.21006647673314338,-0.07330827067669166,-0.10297784373394002,0.6240601503759399,adult,sex,29,proxy_soft,10.0,0.8863562932098047,0.8333333333333334,25.0,random_mnar,0.6952500158277937,0.2,,,,,,,,,,,
0.8942462224145356,0.8430555555555556,0.7894581713619577,0.10477425091956878,0.0870300751879699,0.10477425091956878,0.2125989237100348,-0.0870300751879699,-0.10477425091956878,0.6090225563909775,adult,sex,29,proxy_soft,30.0,0.8836942200702997,0.8333333333333334,25.0,random_mnar,0.6952500158277937,0.2,,,,,,,,,,,
0.8998726291713531,0.8447222222222223,0.791692021555827,0.0935991084369352,0.0379699248120301,0.0935991084369352,0.19740424184868632,-0.0379699248120301,-0.0935991084369352,0.6541353383458647,adult,sex,29,proxy_soft,0.3,0.8905454037570706,0.21052631578947367,50.0,random_mnar,0.8109669515669516,0.06,,,,,,,,,,,
0.8993133392709624,0.8441666666666666,0.7909474048245372,0.08638229808464075,0.018984962406014994,0.08638229808464075,0.18854067742956632,-0.018984962406014994,-0.08638229808464075,0.6691729323308271,adult,sex,29,proxy_soft,1.0,0.8896552526827906,0.21052631578947367,50.0,random_mnar,0.8109669515669516,0.06,,,,,,,,,,,
0.8989795027697673,0.8441666666666666,0.7909474048245372,0.08638229808464075,0.010150375939849687,0.08638229808464075,0.18727445394112058,-0.010150375939849687,-0.08638229808464075,0.6766917293233082,adult,sex,29,proxy_soft,3.0,0.8890751646919156,0.21052631578947367,50.0,random_mnar,0.8109669515669516,0.06,,,,,,,,,,,
0.8986423568608779,0.8447222222222223,0.791692021555827,0.08734661823893197,0.020300751879699264,0.08734661823893197,0.189806900918012,-0.020300751879699264,-0.08734661823893197,0.6691729323308271,adult,sex,29,proxy_soft,10.0,0.8885453572010521,0.21052631578947367,50.0,random_mnar,0.8109669515669516,0.06,,,,,,,,,,,
0.8985112215809785,0.8447222222222223,0.791692021555827,0.09047286333793358,0.020300751879699264,0.09047286333793358,0.19233934789490345,-0.020300751879699264,-0.09047286333793358,0.6691729323308271,adult,sex,29,proxy_soft,30.0,0.888238087478759,0.21052631578947367,50.0,random_mnar,0.8109669515669516,0.06,,,,,,,,,,,
0.8993323683652065,0.8436111111111111,0.7902027880932475,0.09323359067785354,0.0530075187969925,0.09323359067785354,0.198670465337132,-0.0530075187969925,-0.09323359067785354,0.6390977443609023,adult,sex,29,proxy_soft,0.3,0.8909597523219814,0.2528735632183908,100.0,random_mnar,0.834975561886673,0.22,,,,,,,,,,,
0.898051627587388,0.8430555555555556,0.7894581713619577,0.0860167803255591,0.04285714285714293,0.0860167803255591,0.19107312440645777,-0.04285714285714293,-0.0860167803255591,0.6466165413533834,adult,sex,29,proxy_soft,1.0,0.8901347796736423,0.2528735632183908,100.0,random_mnar,0.834975561886673,0.22,,,,,,,,,,,
0.8940269741547668,0.8425,0.7887135546306681,0.08348933762176708,0.04154135338345866,0.08348933762176708,0.18854067742956632,-0.04154135338345866,-0.08348933762176708,0.6466165413533834,adult,sex,29,proxy_soft,3.0,0.8875537140063782,0.2528735632183908,100.0,random_mnar,0.834975561886673,0.22,,,,,,,,,,,
0.8791623558184145,0.8347222222222223,0.7782889203926115,0.07155197801119072,0.0407894736842106,0.07155197801119072,0.1746122190566635,-0.0407894736842106,-0.07155197801119072,0.631578947368421,adult,sex,29,proxy_soft,10.0,0.8769454596242928,0.2528735632183908,100.0,random_mnar,0.834975561886673,0.22,,,,,,,,,,,
0.8692138626124216,0.8308333333333333,0.7730766032735834,0.061675491832150556,0.03157894736842104,0.061675491832150556,0.1632162076606521,-0.03157894736842104,-0.061675491832150556,0.631578947368421,adult,sex,29,proxy_soft,30.0,0.8690812169743243,0.21839080459770116,100.0,random_mnar,0.834975561886673,0.22,,,,,,,,,,,
0.8998833847463608,0.845,0.7922519319701609,0.09203598588743438,0.048120300751879785,0.09203598588743438,0.19781576448243116,-0.048120300751879785,-0.09203598588743438,0.6466165413533834,adult,sex,29,proxy_soft,0.3,0.8911338718312811,0.13241379310344828,200.0,random_mnar,0.8902445710667933,0.155,,,,,,,,,,,
0.8993778727210073,0.8436111111111111,0.7902027880932475,0.08385485538084872,0.044172932330827086,0.08385485538084872,0.189806900918012,-0.044172932330827086,-0.08385485538084872,0.6466165413533834,adult,sex,29,proxy_soft,1.0,0.8907120743034056,0.12379310344827585,200.0,random_mnar,0.8902445710667933,0.155,,,,,,,,,,,
0.898423522277071,0.8441666666666666,0.7909474048245372,0.08012980788663751,0.001315789473684159,0.08012980788663751,0.18094333649889205,-0.001315789473684159,-0.08012980788663751,0.6842105263157895,adult,sex,29,proxy_soft,3.0,0.8897027398216903,0.13241379310344828,200.0,random_mnar,0.8902445710667933,0.155,,,,,,,,,,,
0.8932968360821412,0.8405555555555555,0.7862949981198427,0.07806893445510138,0.015413533834586435,0.07806893445510138,0.17502374169040832,0.015413533834586435,-0.07806893445510138,0.6763157894736842,adult,sex,29,proxy_soft,10.0,0.8856058101911124,0.11517241379310345,200.0,random_mnar,0.8902445710667933,0.155,,,,,,,,,,,
0.8872964662558314,0.8386111111111111,0.7835012375116398,0.07361285144272689,0.011842105263157876,0.07361285144272689,0.1708135485913264,0.011842105263157876,-0.07361285144272689,0.6723684210526316,adult,sex,29,proxy_soft,30.0,0.8803766381899021,0.11517241379310345,200.0,random_mnar,0.8902445710667933,0.155,,,,,,,,,,,
0.9000662295214886,0.8436111111111111,0.7902027880932475,0.09479671322735436,0.06184210526315792,0.09479671322735436,0.20120291231402343,-0.06184210526315792,-0.09479671322735436,0.631578947368421,adult,sex,29,proxy_soft,0.3,0.8912726087664983,0.15406162464985995,400.0,random_mnar,0.9039984172206394,0.1325,,,,,,,,,,,
0.8998482222896054,0.8436111111111111,0.7902027880932475,0.09010734557885193,0.03533834586466167,0.09010734557885193,0.19360557138334913,-0.03533834586466167,-0.09010734557885193,0.6541353383458647,adult,sex,29,proxy_soft,1.0,0.891054726599781,0.15406162464985995,400.0,random_mnar,0.9039984172206394,0.1325,,,,,,,,,,,
0.8992529425805355,0.8441666666666666,0.7909474048245372,0.08638229808464075,0.03665413533834583,0.08638229808464075,0.19107312440645777,-0.03665413533834583,-0.08638229808464075,0.6541353383458647,adult,sex,29,proxy_soft,3.0,0.890542610395959,0.15406162464985995,400.0,random_mnar,0.9039984172206394,0.1325,,,,,,,,,,,
0.8971357490079016,0.8441666666666666,0.7909474048245372,0.08169293043613834,0.027819548872180522,0.08169293043613834,0.1860082304526749,-0.027819548872180522,-0.08169293043613834,0.6616541353383458,adult,sex,29,proxy_soft,10.0,0.8878786750157125,0.15406162464985995,400.0,random_mnar,0.9039984172206394,0.1325,,,,,,,,,,,
0.8957681362780994,0.8441666666666666,0.7909474048245372,0.0754404402381351,0.027819548872180522,0.0754404402381351,0.18094333649889205,-0.027819548872180522,-0.0754404402381351,0.6616541353383458,adult,sex,29,proxy_soft,30.0,0.8861961405060639,0.15406162464985995,400.0,random_mnar,0.9039984172206394,0.1325,,,,,,,,,,,
0.896986411985682,0.8419444444444445,0.7879689378993784,0.10597185570998792,0.07556390977443617,0.10597185570998792,0.21133270022158912,-0.07556390977443617,-0.10597185570998792,0.6165413533834586,adult,sex,29,jtt,1.0,0.8889634302474453,,,,,,,,,,,,,,,,1.5
0.8939326560354703,0.8408333333333333,0.7864797044367988,0.10716946050040708,0.08176691729323304,0.10716946050040708,0.2125989237100348,-0.08176691729323304,-0.10716946050040708,0.6090225563909775,adult,sex,29,jtt,2.0,0.8874922600619195,,,,,,,,,,,,,,,,2.0
0.886973385329644,0.8347222222222223,0.7786641244899892,0.1237338245399269,0.08627819548872173,0.1237338245399269,0.2235517568850902,-0.08627819548872173,-0.1237338245399269,0.5939849624060151,adult,sex,29,jtt,3.0,0.8831662748201774,,,,,,,,,,,,,,,,3.0
0.8610834752586614,0.8052777777777778,0.738824233634255,0.16112403928882832,0.12124060150375937,0.16112403928882832,0.24298828743273188,-0.12124060150375937,-0.16112403928882832,0.5037593984962406,adult,sex,29,jtt,4.0,0.8586694289904327,,,,,,,,,,,,,,,,5.0
0.9009994824913717,0.8458333333333333,0.7931812550184065,0.10646960659202329,0.09360902255639092,0.10646960659202329,0.21639759417537194,-0.09360902255639092,-0.10646960659202329,0.6090225563909775,adult,sex,29,cvar,1.0,0.8915640494424918,,,,,,,,,,,,,,,,0.5
0.8976921431765598,0.8425,0.7887135546306681,0.10380993076527756,0.07687969924812033,0.10380993076527756,0.21006647673314338,-0.07687969924812033,-0.10380993076527756,0.6165413533834586,adult,sex,29,cvar,2.0,0.8893135315067856,,,,,,,,,,,,,,,,0.2
0.896148304487019,0.8413888888888889,0.7872243211680886,0.10344441300619589,0.08308270676691731,0.10344441300619589,0.21006647673314338,-0.08308270676691731,-0.10344441300619589,0.6090225563909775,adult,sex,29,cvar,3.0,0.8883665820898996,,,,,,,,,,,,,,,,0.1
0.8975035069379664,0.8436111111111111,0.7902027880932475,0.1119910612718632,0.09718045112781959,0.1119910612718632,0.22019626464070913,-0.09718045112781959,-0.1119910612718632,0.6015037593984962,adult,sex,29,arl,1.0,0.8914830419702509,,,,,,,,,,,,,,,,0.05
0.898560449020436,0.8452777777777778,0.7924366382871169,0.10550528643773206,0.10112781954887218,0.10550528643773206,0.21639759417537194,-0.10112781954887218,-0.10550528643773206,0.6015037593984962,adult,sex,29,arl,2.0,0.8909355431923461,,,,,,,,,,,,,,,,0.2
0.8977765330727725,0.8436111111111111,0.7902027880932475,0.1073016936233608,0.1060150375939849,0.1073016936233608,0.21766381766381768,-0.1060150375939849,-0.1073016936233608,0.5939849624060151,adult,sex,29,arl,3.0,0.8904001489792593,,,,,,,,,,,,,,,,0.5
0.8993911103517859,0.8452777777777778,0.7924366382871169,0.09456342859122643,0.03045112781954895,0.09456342859122643,0.19740424184868632,-0.03045112781954895,-0.09456342859122643,0.6616541353383458,adult,sex,29,cluster_rw,1.0,0.8877259712749366,,,,,,,,,,,,,,,,0.25
0.8936890008939538,0.8430555555555556,0.7898333754593354,0.08036309252276547,0.008834586466165417,0.08036309252276547,0.17923393478949035,0.008834586466165417,-0.08036309252276547,0.6828947368421052,adult,sex,29,cluster_rw,2.0,0.87922949789334,,,,,,,,,,,,,,,,0.5
0.8551910748583884,0.8136111111111111,0.7499934846036012,0.09755639097744362,0.09755639097744362,0.03178156704912259,0.11130104463437795,0.09755639097744362,-0.03178156704912259,0.6092105263157894,adult,sex,29,cluster_rw,3.0,0.8347545333923042,,,,,,,,,,,,,,,,1.0
