auc,acc,bal_acc,eo_gap,tpr_gap,fpr_gap,dp_gap,tpr_signed,fpr_signed,worst_tpr,dataset,attr,seed,method,mu,pool_auc,nlab,proxy_auc,lab_tpr_s,lab_fpr_s,q_tpr_s,q_fpr_s,agree_cos,est_eo_lab
0.8986761116373344,0.8438888888888889,0.7906054805227495,0.08490198826038886,0.08490198826038886,0.0700553966658937,0.1335363602805463,-0.08490198826038886,-0.0700553966658937,0.6075949367088608,adult,race,0,erm,0.0,0.8976936148420587,,,,,,,,
0.8964343731577589,0.8405555555555555,0.7861344231673633,0.07752191445965095,0.07752191445965095,0.06989255623405735,0.13122923588039867,-0.07752191445965095,-0.06989255623405735,0.6075949367088608,adult,race,0,proxy_soft,0.3,0.8974533857864475,100.0,0.5636213131110819,0.40909090909090906,0.171875,0.19151211075538632,-0.026692852359289518,0.8596391803530992,0.40909090909090906
0.888807908472488,0.8327777777777777,0.7757019560047955,0.115854702850826,0.115854702850826,0.07602483831903327,0.14045773348098928,-0.115854702850826,-0.07602483831903327,0.5569620253164557,adult,race,0,proxy_soft,1.0,0.8921674154426315,100.0,0.5636213131110819,0.40909090909090906,0.171875,0.19151211075538632,-0.026692852359289518,0.8596391803530992,0.40909090909090906
0.8764723440263362,0.8238888888888889,0.7637791363904326,0.12395098634530655,0.12395098634530655,0.07466027672567058,0.13815060908084162,-0.12395098634530655,-0.07466027672567058,0.5316455696202531,adult,race,0,proxy_soft,3.0,0.881298447356782,100.0,0.5636213131110819,0.40909090909090906,0.171875,0.19151211075538632,-0.026692852359289518,0.8596391803530992,0.40909090909090906
0.8706632813586715,0.8188888888888889,0.7570725503573533,0.15454559608887225,0.15454559608887225,0.06743861276442246,0.135843484680694,-0.15454559608887225,-0.06743861276442246,0.4936708860759494,adult,race,0,proxy_soft,10.0,0.8764929351241881,100.0,0.5636213131110819,0.40909090909090906,0.171875,0.19151211075538632,-0.026692852359289518,0.8596391803530992,0.40909090909090906
0.8685531906790047,0.8172222222222222,0.7548370216796603,0.16474379933672756,0.16474379933672756,0.06596171188580557,0.135843484680694,-0.16474379933672756,-0.06596171188580557,0.4810126582278481,adult,race,0,proxy_soft,30.0,0.8745608603552225,100.0,0.5636213131110819,0.40909090909090906,0.171875,0.19151211075538632,-0.026692852359289518,0.8596391803530992,0.40909090909090906
0.8982869640526989,0.8416666666666667,0.7876247756191586,0.06622555461080622,0.03831721861522408,0.06622555461080622,0.12200073827980806,-0.03831721861522408,-0.06622555461080622,0.6455696202531646,adult,race,0,proxy_soft,0.3,0.8974803882771946,400.0,0.6549884885377459,-0.34848484848484845,-0.011143410852713184,-0.09215348637127241,-0.05811804327370283,0.8624543491897593,0.34848484848484845
0.8970251323101788,0.84,0.7853892469414656,0.05637576975599701,0.007037538729817605,0.05637576975599701,0.10585086747877448,0.007037538729817605,-0.05637576975599701,0.6765067650676507,adult,race,0,proxy_soft,1.0,0.8963053143695151,400.0,0.6549884885377459,-0.34848484848484845,-0.011143410852713184,-0.09215348637127241,-0.05811804327370283,0.8624543491897593,0.34848484848484845
0.8948036791834193,0.8383333333333334,0.7831537182637726,0.05210790755198269,0.024615815778410988,0.05210790755198269,0.0989294942783315,0.024615815778410988,-0.05210790755198269,0.6715867158671587,adult,race,0,proxy_soft,3.0,0.894021276100468,400.0,0.6549884885377459,-0.34848484848484845,-0.011143410852713184,-0.09215348637127241,-0.05811804327370283,0.8624543491897593,0.34848484848484845
0.8928181985281942,0.8405555555555555,0.7861344231673633,0.05035582695627529,0.033584006726143256,0.05035582695627529,0.09662236987818382,0.033584006726143256,-0.05035582695627529,0.6752767527675276,adult,race,0,proxy_soft,10.0,0.8922595963593194,400.0,0.6549884885377459,-0.34848484848484845,-0.011143410852713184,-0.09215348637127241,-0.05811804327370283,0.8624543491897593,0.34848484848484845
0.8917323111723443,0.84,0.7853892469414656,0.05079384710520214,0.03481401902626624,0.05079384710520214,0.09662236987818382,0.03481401902626624,-0.05079384710520214,0.6740467404674046,adult,race,0,proxy_soft,30.0,0.8914839730906212,400.0,0.6549884885377459,-0.34848484848484845,-0.011143410852713184,-0.09215348637127241,-0.05811804327370283,0.8624543491897593,0.34848484848484845
0.8986129786515291,0.8444444444444444,0.7913506567486471,0.10002024070873627,0.10002024070873627,0.06403545386617196,0.13122923588039867,-0.10002024070873627,-0.06403545386617196,0.5949367088607594,adult,race,1,erm,0.0,0.8983826439162922,,,,,,,,
0.8972965006524432,0.8427777777777777,0.7891151280709541,0.05139470768596532,0.04077724321547016,0.05139470768596532,0.11046511627906974,-0.04077724321547016,-0.05139470768596532,0.6455696202531646,adult,race,1,proxy_soft,0.3,0.8976498521846412,100.0,0.6241758951642672,-0.20833333333333337,-0.02698412698412697,-0.20003278050387102,-0.04234489299973229,0.9968174029328395,0.20833333333333337
0.8959982380722126,0.8411111111111111,0.786879599393261,0.04991780680734843,0.037087206315101096,0.04991780680734843,0.10815799187892211,-0.037087206315101096,-0.04991780680734843,0.6455696202531646,adult,race,1,proxy_soft,1.0,0.8968546753881608,100.0,0.6241758951642672,-0.20833333333333337,-0.02698412698412697,-0.20003278050387102,-0.04234489299973229,0.9968174029328395,0.20833333333333337
0.8952861807896882,0.8394444444444444,0.784644070715568,0.04285898327793666,0.03339716941473214,0.04285898327793666,0.10123661867847913,-0.03339716941473214,-0.04285898327793666,0.6455696202531646,adult,race,1,proxy_soft,3.0,0.8962028911287507,100.0,0.6241758951642672,-0.20833333333333337,-0.02698412698412697,-0.20003278050387102,-0.04234489299973229,0.9968174029328395,0.20833333333333337
0.8948510806711222,0.8388888888888889,0.7838988944896701,0.04608796475226096,0.03216715711460916,0.04608796475226096,0.1035437430786268,-0.03216715711460916,-0.04608796475226096,0.6455696202531646,adult,race,1,proxy_soft,10.0,0.8956572545915873,100.0,0.6241758951642672,-0.20833333333333337,-0.02698412698412697,-0.20003278050387102,-0.04234489299973229,0.9968174029328395,0.20833333333333337
0.894639947407118,0.8383333333333334,0.7831537182637726,0.04652598490118781,0.030937144814486173,0.04652598490118781,0.1035437430786268,-0.030937144814486173,-0.04652598490118781,0.6455696202531646,adult,race,1,proxy_soft,30.0,0.8952559417118647,100.0,0.6241758951642672,-0.20833333333333337,-0.02698412698412697,-0.20003278050387102,-0.04234489299973229,0.9968174029328395,0.20833333333333337
0.8986080108100231,0.8438888888888889,0.7906054805227495,0.09879022840861329,0.09879022840861329,0.06447347401509881,0.13122923588039867,-0.09879022840861329,-0.06447347401509881,0.5949367088607594,adult,race,1,proxy_soft,0.3,0.898499965082986,400.0,0.6400909007013658,0.28214731585518094,0.00605274535235624,-0.04138017278233419,-0.029591569136626306,-0.8257029979038123,0.28214731585518094
0.8985939352590896,0.8427777777777777,0.7891151280709541,0.09633020380836721,0.09633020380836721,0.06534951431295252,0.13122923588039867,-0.09633020380836721,-0.06534951431295252,0.5949367088607594,adult,race,1,proxy_soft,1.0,0.898698293721921,400.0,0.6400909007013658,0.28214731585518094,0.00605274535235624,-0.04138017278233419,-0.029591569136626306,-0.8257029979038123,0.28214731585518094
0.8983786621271634,0.8422222222222222,0.7883699518450563,0.09510019150824423,0.09510019150824423,0.06578753446187936,0.13122923588039867,-0.09510019150824423,-0.06578753446187936,0.5949367088607594,adult,race,1,proxy_soft,3.0,0.8994394655369073,400.0,0.6400909007013658,0.28214731585518094,0.00605274535235624,-0.04138017278233419,-0.029591569136626306,-0.8257029979038123,0.28214731585518094
0.8973813679448371,0.8405555555555555,0.7861344231673633,0.09141015460787527,0.09141015460787527,0.06431063358326247,0.128922111480251,-0.09141015460787527,-0.06431063358326247,0.5949367088607594,adult,race,1,proxy_soft,10.0,0.8991955119998138,400.0,0.6400909007013658,0.28214731585518094,0.00605274535235624,-0.04138017278233419,-0.029591569136626306,-0.8257029979038123,0.28214731585518094
0.8967198170509567,0.8427777777777777,0.7891151280709541,0.08244196366014289,0.08244196366014289,0.059767591662157636,0.1243078626799557,-0.08244196366014289,-0.059767591662157636,0.6075949367088608,adult,race,1,proxy_soft,30.0,0.8987197094904442,400.0,0.6400909007013658,0.28214731585518094,0.00605274535235624,-0.04138017278233419,-0.029591569136626306,-0.8257029979038123,0.28214731585518094
0.8975121877711613,0.8427777777777777,0.7891151280709541,0.04581278503517043,0.028663957525651207,0.04581278503517043,0.09431524547803619,0.028663957525651207,-0.04581278503517043,0.6801968019680197,adult,race,2,erm,0.0,0.8927270187853533,,,,,,,,
0.8974397400825325,0.8416666666666667,0.7876247756191586,0.04668882533302414,0.031123982125897176,0.04668882533302414,0.09431524547803619,0.031123982125897176,-0.04668882533302414,0.6777367773677737,adult,race,2,proxy_soft,0.3,0.8926199399427361,100.0,0.5768306267356793,0.5,-0.19672131147540983,0.007317558657386258,-0.054143278898284505,0.48746009630644976,0.5
0.89709323313749,0.8416666666666667,0.7876247756191586,0.0438978640076267,0.031123982125897176,0.0438978640076267,0.09200812107788853,0.031123982125897176,-0.0438978640076267,0.6777367773677737,adult,race,2,proxy_soft,1.0,0.8921944179333783,100.0,0.5768306267356793,0.5,-0.19672131147540983,0.007317558657386258,-0.054143278898284505,0.48746009630644976,0.5
0.8957866908214159,0.8416666666666667,0.7876247756191586,0.04110690268222926,0.031123982125897176,0.04110690268222926,0.08970099667774084,0.031123982125897176,-0.04110690268222926,0.6777367773677737,adult,race,2,proxy_soft,3.0,0.8912688842850159,100.0,0.5768306267356793,0.5,-0.19672131147540983,0.007317558657386258,-0.054143278898284505,0.48746009630644976,0.5
0.8929541931894205,0.8394444444444444,0.784644070715568,0.04844090592873154,0.02215579117816502,0.04844090592873154,0.09662236987818382,0.02215579117816502,-0.04844090592873154,0.6740467404674046,adult,race,2,proxy_soft,10.0,0.8890984427011801,100.0,0.5768306267356793,0.5,-0.19672131147540983,0.007317558657386258,-0.054143278898284505,0.48746009630644976,0.5
0.8908908830172683,0.8372222222222222,0.781663365811977,0.047402025199041506,0.040964080526881275,0.047402025199041506,0.09200812107788853,0.040964080526881275,-0.047402025199041506,0.6678966789667896,adult,race,2,proxy_soft,30.0,0.8875155380711842,100.0,0.5768306267356793,0.5,-0.19672131147540983,0.007317558657386258,-0.054143278898284505,0.48746009630644976,0.5
0.8968862397414072,0.8388888888888889,0.7838988944896701,0.051669887403055836,0.023385803478288003,0.051669887403055836,0.0989294942783315,0.023385803478288003,-0.051669887403055836,0.6728167281672817,adult,race,2,proxy_soft,0.3,0.8925780395260597,400.0,0.6592678622422885,-0.03921568627450989,-0.014082374318594784,-0.06821953132659508,-0.03876977072566584,0.9852389275007166,0.03921568627450989
0.8955834233064628,0.8372222222222222,0.781663365811977,0.0529839478498364,0.028477120214240093,0.0529839478498364,0.10815799187892211,-0.028477120214240093,-0.0529839478498364,0.6455696202531646,adult,race,2,proxy_soft,1.0,0.8925724528038362,400.0,0.6592678622422885,-0.03921568627450989,-0.014082374318594784,-0.06821953132659508,-0.03876977072566584,0.9852389275007166,0.03921568627450989
0.8925546959349808,0.8372222222222222,0.781663365811977,0.07014184065891294,0.07014184065891294,0.05577490917523382,0.11738648947951272,-0.07014184065891294,-0.05577490917523382,0.6075949367088608,adult,race,2,proxy_soft,3.0,0.8922977722945133,400.0,0.6592678622422885,-0.03921568627450989,-0.014082374318594784,-0.06821953132659508,-0.03876977072566584,0.9852389275007166,0.03921568627450989
0.8861925469129833,0.835,0.7786826609083864,0.09299827175486941,0.09299827175486941,0.05752698977094122,0.12200073827980806,-0.09299827175486941,-0.05752698977094122,0.5822784810126582,adult,race,2,proxy_soft,10.0,0.8877296957564189,400.0,0.6592678622422885,-0.03921568627450989,-0.014082374318594784,-0.06821953132659508,-0.03876977072566584,0.9852389275007166,0.03921568627450989
0.8818895681952164,0.8311111111111111,0.7734664273271025,0.08438818565400841,0.08438818565400841,0.046638324186441996,0.11046511627906974,-0.08438818565400841,-0.046638324186441996,0.5822784810126582,adult,race,2,proxy_soft,30.0,0.8841188109592868,400.0,0.6592678622422885,-0.03921568627450989,-0.014082374318594784,-0.06821953132659508,-0.03876977072566584,0.9852389275007166,0.03921568627450989
0.8920119592504521,0.84,0.7853892469414656,0.07312153770838165,0.04851542186307933,0.07312153770838165,0.128922111480251,-0.04851542186307933,-0.07312153770838165,0.6329113924050633,adult,race,3,erm,0.0,0.8995158174072952,,,,,,,,
0.8920819230183281,0.8405555555555555,0.7861344231673633,0.07268351755945479,0.04974543416320232,0.07268351755945479,0.128922111480251,-0.04974543416320232,-0.07268351755945479,0.6329113924050633,adult,race,3,proxy_soft,0.3,0.8994720547498778,100.0,0.5770692916503696,-0.6086956521739131,-0.05384615384615385,-0.07996936793165377,-0.03969839699966399,0.9314030412154145,0.6086956521739131
0.8921166979088699,0.8405555555555555,0.7861344231673633,0.07268351755945479,0.06363367431142664,0.07268351755945479,0.13122923588039867,-0.06363367431142664,-0.07268351755945479,0.620253164556962,adult,race,3,proxy_soft,1.0,0.8994180497683837,100.0,0.5770692916503696,-0.6086956521739131,-0.05384615384615385,-0.07996936793165377,-0.03969839699966399,0.9314030412154145,0.6086956521739131
0.8920856488994575,0.8388888888888889,0.7838988944896701,0.07120661668083791,0.05994363741105768,0.07120661668083791,0.128922111480251,-0.05994363741105768,-0.07120661668083791,0.620253164556962,adult,race,3,proxy_soft,3.0,0.8992523103424195,100.0,0.5770692916503696,-0.6086956521739131,-0.05384615384615385,-0.07996936793165377,-0.03969839699966399,0.9314030412154145,0.6086956521739131
0.8917544594657251,0.8388888888888889,0.7838988944896701,0.07383187755928189,0.07383187755928189,0.07120661668083791,0.13122923588039867,-0.07383187755928189,-0.07120661668083791,0.6075949367088608,adult,race,3,proxy_soft,10.0,0.8984841360366862,100.0,0.5770692916503696,-0.6086956521739131,-0.05384615384615385,-0.07996936793165377,-0.03969839699966399,0.9314030412154145,0.6086956521739131
0.8912556053811661,0.8391666666666666,0.7844594326062622,0.07506188985940487,0.07506188985940487,0.07120661668083791,0.13155223329641932,-0.07506188985940487,-0.07120661668083791,0.6075949367088608,adult,race,3,proxy_soft,30.0,0.8979496729439698,100.0,0.5770692916503696,-0.6086956521739131,-0.05384615384615385,-0.07996936793165377,-0.03969839699966399,0.9314030412154145,0.6086956521739131
0.8919540010995489,0.8391666666666666,0.7844594326062622,0.0628337327046456,0.04728540956295635,0.0628337327046456,0.12001661129568106,-0.04728540956295635,-0.0628337327046456,0.6329113924050633,adult,race,3,proxy_soft,0.3,0.8991061244442375,400.0,0.6326462949087046,-0.07499999999999996,-0.06850459482038429,-0.06755158221397994,-0.04953634269175214,0.9942347532625826,0.07499999999999996
0.8928556643328851,0.84,0.7853892469414656,0.061957692406791894,0.02073894156663092,0.061957692406791894,0.11507936507936509,-0.02073894156663092,-0.061957692406791894,0.6582278481012658,adult,race,3,proxy_soft,1.0,0.8987057426848856,400.0,0.6326462949087046,-0.07499999999999996,-0.06850459482038429,-0.06755158221397994,-0.04953634269175214,0.9942347532625826,0.07499999999999996
0.8929757205026131,0.8388888888888889,0.7838988944896701,0.05116228377473642,0.05116228377473642,0.0488789260776584,0.09200812107788853,0.05116228377473642,-0.0488789260776584,0.6703567035670357,adult,race,3,proxy_soft,3.0,0.8969449940641078,400.0,0.6326462949087046,-0.07499999999999996,-0.06850459482038429,-0.06755158221397994,-0.04953634269175214,0.9942347532625826,0.07499999999999996
0.891075521126574,0.8377777777777777,0.7824085420378749,0.0536223083749825,0.0536223083749825,0.04975496637551209,0.09200812107788853,0.0536223083749825,-0.04975496637551209,0.6678966789667896,adult,race,3,proxy_soft,10.0,0.8946684047580251,400.0,0.6326462949087046,-0.07499999999999996,-0.06850459482038429,-0.06755158221397994,-0.04953634269175214,0.9942347532625826,0.07499999999999996
0.8880919183154381,0.8366666666666667,0.7809181895860795,0.056082332975228466,0.056082332975228466,0.04784004534796836,0.08970099667774084,0.056082332975228466,-0.04784004534796836,0.6654366543665436,adult,race,3,proxy_soft,30.0,0.8918080029795851,400.0,0.6326462949087046,-0.07499999999999996,-0.06850459482038429,-0.06755158221397994,-0.04953634269175214,0.9942347532625826,0.07499999999999996
0.9001530095183844,0.84,0.7853892469414656,0.07647873947093897,0.07647873947093897,0.03683904047821494,0.0781653746770026,0.07647873947093897,-0.03683904047821494,0.6703567035670357,adult,race,4,erm,0.0,0.9002416257361671,,,,,,,,
0.8999004775751634,0.8411111111111111,0.786879599393261,0.074018714870693,0.074018714870693,0.033172038854963795,0.07585825027685492,0.074018714870693,-0.033172038854963795,0.6728167281672817,adult,race,4,proxy_soft,0.3,0.8996755045508508,100.0,0.5992549874744135,0.33333333333333337,-0.1044776119402985,0.11310666220082433,-0.040621880461678986,0.9991569325506744,0.33333333333333337
0.8994753131396097,0.8405555555555555,0.7861344231673633,0.07524872717081599,0.07524872717081599,0.03361005900389065,0.07585825027685492,0.07524872717081599,-0.03361005900389065,0.6715867158671587,adult,race,4,proxy_soft,1.0,0.8989157103284525,100.0,0.5992549874744135,0.33333333333333337,-0.1044776119402985,0.11310666220082433,-0.040621880461678986,0.9991569325506744,0.33333333333333337
0.8983434732498293,0.8405555555555555,0.7861344231673633,0.06136048702259178,0.06136048702259178,0.04477390430548041,0.08739387227759321,0.06136048702259178,-0.04477390430548041,0.6728167281672817,adult,race,4,proxy_soft,3.0,0.8971512372261924,100.0,0.5992549874744135,0.33333333333333337,-0.1044776119402985,0.11310666220082433,-0.040621880461678986,0.9991569325506744,0.33333333333333337
0.8954376999556206,0.8377777777777777,0.7824085420378749,0.0536223083749825,0.0536223083749825,0.044173043724717226,0.08739387227759321,0.0536223083749825,-0.044173043724717226,0.6678966789667896,adult,race,4,proxy_soft,10.0,0.893725645382807,100.0,0.5992549874744135,0.33333333333333337,-0.1044776119402985,0.11310666220082433,-0.040621880461678986,0.9991569325506744,0.33333333333333337
0.8936087063078338,0.8361111111111111,0.7801730133601817,0.045487104171497775,0.029535864978903037,0.045487104171497775,0.09200812107788853,0.029535864978903037,-0.045487104171497775,0.6666666666666666,adult,race,4,proxy_soft,30.0,0.8920067971787052,100.0,0.5992549874744135,0.33333333333333337,-0.1044776119402985,0.11310666220082433,-0.040621880461678986,0.9991569325506744,0.33333333333333337
0.899158199256811,0.8411111111111111,0.786879599393261,0.08790695501891732,0.08790695501891732,0.038753961505758674,0.0781653746770026,0.08790695501891732,-0.038753961505758674,0.6715867158671587,adult,race,4,proxy_soft,0.3,0.8993170232081752,400.0,0.6243645877965363,-0.5441767068273092,-0.033798195242001644,-0.11000688962518557,-0.04033541632026917,0.9584118327761497,0.5441767068273092
0.8976529432804975,0.8361111111111111,0.7801730133601817,0.11286530586824861,0.11286530586824861,0.031532297544510576,0.06662975267626431,0.11286530586824861,-0.031532297544510576,0.6592865928659286,adult,race,4,proxy_soft,1.0,0.8978458530226495,400.0,0.6243645877965363,-0.5441767068273092,-0.033798195242001644,-0.11000688962518557,-0.04033541632026917,0.9584118327761497,0.5441767068273092
0.8961923978777382,0.8355555555555556,0.779427837134284,0.1140953181683716,0.1140953181683716,0.02638839504264255,0.062015503875968964,0.1140953181683716,-0.02638839504264255,0.6580565805658056,adult,race,4,proxy_soft,3.0,0.8962741218371004,400.0,0.6243645877965363,-0.5441767068273092,-0.033798195242001644,-0.11000688962518557,-0.04033541632026917,0.9584118327761497,0.5441767068273092
0.8950435845294792,0.8338888888888889,0.777192308456591,0.10389711492051634,0.10389711492051634,0.01932957151323078,0.0574012550756737,0.10389711492051634,-0.01932957151323078,0.6555965559655597,adult,race,4,proxy_soft,10.0,0.8951549151516563,400.0,0.6243645877965363,-0.5441767068273092,-0.033798195242001644,-0.11000688962518557,-0.04033541632026917,0.9584118327761497,0.5441767068273092
0.8945703976260341,0.8344444444444444,0.7779374846824887,0.11655534276861756,0.11655534276861756,0.01889155136430394,0.05509413067552599,0.11655534276861756,-0.01889155136430394,0.6555965559655597,adult,race,4,proxy_soft,30.0,0.8946493167904281,400.0,0.6243645877965363,-0.5441767068273092,-0.033798195242001644,-0.11000688962518557,-0.04033541632026917,0.9584118327761497,0.5441767068273092
0.8979857886613984,0.8455555555555555,0.7928410092004425,0.05757749091752338,0.005262584271412352,0.05757749091752338,0.11046511627906974,-0.005262584271412352,-0.05757749091752338,0.6835443037974683,adult,race,5,erm,0.0,0.8982802206755277,,,,,,,,
0.8967467261924474,0.8438888888888889,0.7906054805227495,0.06168251268970137,0.057125507963940336,0.06168251268970137,0.12200073827980806,-0.057125507963940336,-0.06168251268970137,0.6329113924050633,adult,race,5,proxy_soft,0.3,0.897198258804907,100.0,0.5720121585455888,0.17647058823529416,0.03855721393034826,0.1570219978062133,0.014456090629674609,0.992407555833398,0.17647058823529416
0.8936906756926827,0.8405555555555555,0.7861344231673633,0.07752191445965095,0.07752191445965095,0.06710159490865993,0.128922111480251,-0.07752191445965095,-0.06710159490865993,0.6075949367088608,adult,race,5,proxy_soft,1.0,0.8938043250541213,100.0,0.5720121585455888,0.17647058823529416,0.03855721393034826,0.1570219978062133,0.014456090629674609,0.992407555833398,0.17647058823529416
0.8893972186711356,0.8333333333333334,0.7764471322306934,0.14486119544739762,0.14486119544739762,0.07279585684470898,0.14276485788113696,-0.14486119544739762,-0.07279585684470898,0.5316455696202531,adult,race,5,proxy_soft,3.0,0.888082590376871,100.0,0.5720121585455888,0.17647058823529416,0.03855721393034826,0.1570219978062133,0.014456090629674609,0.992407555833398,0.17647058823529416
0.884289035642607,0.83,0.7719760748753072,0.1513693617948838,0.1513693617948838,0.06984205508747521,0.14045773348098928,-0.1513693617948838,-0.06984205508747521,0.5189873417721519,adult,race,5,proxy_soft,10.0,0.8808217137270421,100.0,0.5720121585455888,0.17647058823529416,0.03855721393034826,0.1570219978062133,0.014456090629674609,0.992407555833398,0.17647058823529416
0.8823826264646852,0.8277777777777777,0.7689953699717165,0.0908963520014947,0.0908963520014947,0.06322125170699028,0.1243078626799557,-0.0908963520014947,-0.06322125170699028,0.569620253164557,adult,race,5,proxy_soft,30.0,0.8773700505132801,100.0,0.5720121585455888,0.17647058823529416,0.03855721393034826,0.1570219978062133,0.014456090629674609,0.992407555833398,0.17647058823529416
0.8981650449424062,0.8438888888888889,0.7906054805227495,0.053309628713509055,0.015460787519267605,0.053309628713509055,0.10815799187892211,-0.015460787519267605,-0.053309628713509055,0.6708860759493671,adult,race,5,proxy_soft,0.3,0.8981815219162458,400.0,0.6337559985234403,0.28431372549019607,-0.07147435897435898,-0.023100409859427073,-0.0845991498342066,-0.020268863255160415,0.28431372549019607
0.898244944393294,0.8422222222222222,0.7883699518450563,0.06020561181108449,0.01177075061889854,0.06020561181108449,0.11277224067921746,-0.01177075061889854,-0.06020561181108449,0.6708860759493671,adult,race,5,proxy_soft,1.0,0.8971116646104426,400.0,0.6337559985234403,0.28431372549019607,-0.07147435897435898,-0.023100409859427073,-0.0845991498342066,-0.020268863255160415,0.28431372549019607
0.8955767995177882,0.8394444444444444,0.784644070715568,0.02890417665094948,0.0082675510299407,0.02890417665094948,0.08277962347729786,0.0082675510299407,-0.02890417665094948,0.6752767527675276,adult,race,5,proxy_soft,3.0,0.892055680998161,400.0,0.6337559985234403,0.28431372549019607,-0.07147435897435898,-0.023100409859427073,-0.0845991498342066,-0.020268863255160415,0.28431372549019607
0.8893997025918885,0.8377777777777777,0.7824085420378749,0.01347246914534539,0.0019306522179145524,0.01347246914534539,0.07124400147655963,-0.0019306522179145524,-0.01347246914534539,0.6708860759493671,adult,race,5,proxy_soft,10.0,0.8837445005703113,400.0,0.6337559985234403,0.28431372549019607,-0.07147435897435898,-0.023100409859427073,-0.0845991498342066,-0.020268863255160415,0.28431372549019607
0.8843213266123958,0.8344444444444444,0.7779374846824887,0.036215298861849377,0.036215298861849377,0.007727706062714182,0.07124400147655963,-0.036215298861849377,-0.007727706062714182,0.6329113924050633,adult,race,5,proxy_soft,30.0,0.8770348471798692,400.0,0.6337559985234403,0.28431372549019607,-0.07147435897435898,-0.023100409859427073,-0.0845991498342066,-0.020268863255160415,0.28431372549019607
0.8978483450463997,0.8405555555555555,0.7861344231673633,0.06363367431142664,0.06363367431142664,0.047564865630877834,0.11046511627906974,-0.06363367431142664,-0.047564865630877834,0.620253164556962,adult,race,6,erm,0.0,0.9004632323843664,,,,,,,,
0.8978777381086434,0.8416666666666667,0.7876247756191586,0.06609369891167272,0.06609369891167272,0.04668882533302414,0.11046511627906974,-0.06609369891167272,-0.04668882533302414,0.620253164556962,adult,race,6,proxy_soft,0.3,0.9006624921436719,100.0,0.5664909389153803,-0.09565217391304348,-0.09836065573770492,-0.03873447430785648,-0.027031790319329174,0.9819929486379816,0.09836065573770492
0.8977030356823495,0.8416666666666667,0.7876247756191586,0.06609369891167272,0.06609369891167272,0.04668882533302414,0.11046511627906974,-0.06609369891167272,-0.04668882533302414,0.620253164556962,adult,race,6,proxy_soft,1.0,0.9007416373751715,100.0,0.5664909389153803,-0.09565217391304348,-0.09836065573770492,-0.03873447430785648,-0.027031790319329174,0.9819929486379816,0.09836065573770492
0.897363566512774,0.8433333333333334,0.7898603042968516,0.06978373581204167,0.06978373581204167,0.04537476488624359,0.11046511627906974,-0.06978373581204167,-0.04537476488624359,0.620253164556962,adult,race,6,proxy_soft,3.0,0.9005861402732838,100.0,0.5664909389153803,-0.09565217391304348,-0.09836065573770492,-0.03873447430785648,-0.027031790319329174,0.9819929486379816,0.09836065573770492
0.8969868385319035,0.8405555555555555,0.7861344231673633,0.04974543416320232,0.04974543416320232,0.047564865630877834,0.10815799187892211,-0.04974543416320232,-0.047564865630877834,0.6329113924050633,adult,race,6,proxy_soft,10.0,0.9005014083195605,100.0,0.5664909389153803,-0.09565217391304348,-0.09836065573770492,-0.03873447430785648,-0.027031790319329174,0.9819929486379816,0.09836065573770492
0.8965190334567565,0.8388888888888889,0.7838988944896701,0.0488789260776584,0.046055397262833364,0.0488789260776584,0.10815799187892211,-0.046055397262833364,-0.0488789260776584,0.6329113924050633,adult,race,6,proxy_soft,30.0,0.9004287809306549,100.0,0.5664909389153803,-0.09565217391304348,-0.09836065573770492,-0.03873447430785648,-0.027031790319329174,0.9819929486379816,0.09836065573770492
0.8976446635446542,0.8405555555555555,0.7861344231673633,0.06363367431142664,0.06363367431142664,0.04198294298008297,0.10585086747877448,-0.06363367431142664,-0.04198294298008297,0.620253164556962,adult,race,6,proxy_soft,0.3,0.9005153751251193,400.0,0.6476968201904756,-0.2496732026143791,-0.120625,-0.10979954635320222,-0.06643108241180004,0.9955813496105789,0.2496732026143791
0.8972219830298533,0.8416666666666667,0.7876247756191586,0.03831721861522408,0.03831721861522408,0.038315941356831834,0.0989294942783315,-0.03831721861522408,-0.038315941356831834,0.6455696202531646,adult,race,6,proxy_soft,1.0,0.9000367792546382,400.0,0.6476968201904756,-0.2496732026143791,-0.120625,-0.10979954635320222,-0.06643108241180004,0.9955813496105789,0.2496732026143791
0.8966697246491049,0.8422222222222222,0.7883699518450563,0.05343547106357138,0.05343547106357138,0.03787792120790498,0.10123661867847913,-0.05343547106357138,-0.03787792120790498,0.6329113924050633,adult,race,6,proxy_soft,3.0,0.898962266346982,400.0,0.6476968201904756,-0.2496732026143791,-0.120625,-0.10979954635320222,-0.06643108241180004,0.9955813496105789,0.2496732026143791
0.8941079743791854,0.8405555555555555,0.7861344231673633,0.06363367431142664,0.06363367431142664,0.03361005900389065,0.0989294942783315,-0.06363367431142664,-0.03361005900389065,0.620253164556962,adult,race,6,proxy_soft,10.0,0.895993854605554,400.0,0.6476968201904756,-0.2496732026143791,-0.120625,-0.10979954635320222,-0.06643108241180004,0.9955813496105789,0.2496732026143791
0.8915292506507871,0.8372222222222222,0.781663365811977,0.07014184065891294,0.07014184065891294,0.027865295921259442,0.09431524547803619,-0.07014184065891294,-0.027865295921259442,0.6075949367088608,adult,race,6,proxy_soft,30.0,0.8932228403826905,400.0,0.6476968201904756,-0.2496732026143791,-0.120625,-0.10979954635320222,-0.06643108241180004,0.9955813496105789,0.2496732026143791
0.899043110928589,0.8427777777777777,0.7891151280709541,0.07032867797032394,0.07032867797032394,0.05139470768596532,0.09200812107788853,0.07032867797032394,-0.05139470768596532,0.6765067650676507,adult,race,7,erm,0.0,0.9031797760655509,,,,,,,,
0.8986121506779448,0.8433333333333334,0.7898603042968516,0.06909866567020095,0.06909866567020095,0.04816572621164103,0.08970099667774084,0.06909866567020095,-0.04816572621164103,0.6777367773677737,adult,race,7,proxy_soft,0.3,0.9025326474079935,100.0,0.5393079780361758,-0.4444444444444445,0.07936507936507936,0.01752863308520547,-0.015435646967832506,-0.8549811285192309,0.4444444444444445
0.8979116850256008,0.8416666666666667,0.7876247756191586,0.05890046242234581,0.05890046242234581,0.04947978665842159,0.09200812107788853,0.05890046242234581,-0.04947978665842159,0.6752767527675276,adult,race,7,proxy_soft,1.0,0.9015717311855489,100.0,0.5393079780361758,-0.4444444444444445,0.07936507936507936,0.01752863308520547,-0.015435646967832506,-0.8549811285192309,0.4444444444444445
0.8966258420491353,0.8416666666666667,0.7876247756191586,0.04947978665842159,0.01723574197767297,0.04947978665842159,0.0989294942783315,0.01723574197767297,-0.04947978665842159,0.6789667896678967,adult,race,7,proxy_soft,3.0,0.9008696664261273,100.0,0.5393079780361758,-0.4444444444444445,0.07936507936507936,0.01752863308520547,-0.015435646967832506,-0.8549811285192309,0.4444444444444445
0.8931313795364674,0.8377777777777777,0.7824085420378749,0.04975496637551209,0.029707132514363077,0.04975496637551209,0.10585086747877448,-0.029707132514363077,-0.04975496637551209,0.6455696202531646,adult,race,7,proxy_soft,10.0,0.8981489327032752,100.0,0.5393079780361758,-0.4444444444444445,0.07936507936507936,0.01752863308520547,-0.015435646967832506,-0.8549811285192309,0.4444444444444445
0.8913466824754424,0.8372222222222222,0.781663365811977,0.050192986524438946,0.028477120214240093,0.050192986524438946,0.10585086747877448,-0.028477120214240093,-0.050192986524438946,0.6455696202531646,adult,race,7,proxy_soft,30.0,0.8968649177122372,100.0,0.5393079780361758,-0.4444444444444445,0.07936507936507936,0.01752863308520547,-0.015435646967832506,-0.8549811285192309,0.4444444444444445
0.8988427413211809,0.8413888888888889,0.7874401375098529,0.08667694271879434,0.08667694271879434,0.05549972945814331,0.09233111849390918,0.08667694271879434,-0.05549972945814331,0.6728167281672817,adult,race,7,proxy_soft,0.3,0.9031881561488863,400.0,0.6253615263935032,-0.17582417582417587,-0.052148518982060924,-0.0977991056102655,-0.04212081059500124,0.9930050426391166,0.17582417582417587
0.8984482119082473,0.8427777777777777,0.7891151280709541,0.09810515826677257,0.09810515826677257,0.054185669011362764,0.08970099667774084,0.09810515826677257,-0.054185669011362764,0.6740467404674046,adult,race,7,proxy_soft,1.0,0.9030978374729393,400.0,0.6253615263935032,-0.17582417582417587,-0.052148518982060924,-0.0977991056102655,-0.04212081059500124,0.9930050426391166,0.17582417582417587
0.8978562107954507,0.8433333333333334,0.7898603042968516,0.1107633861148738,0.1107633861148738,0.05653861018783335,0.08970099667774084,0.1107633861148738,-0.05653861018783335,0.6740467404674046,adult,race,7,proxy_soft,3.0,0.902745873972858,400.0,0.6253615263935032,-0.17582417582417587,-0.052148518982060924,-0.0977991056102655,-0.04212081059500124,0.9930050426391166,0.17582417582417587
0.8963728961191222,0.84,0.7853892469414656,0.11814345991561181,0.11814345991561181,0.053584808430599574,0.08508674787744558,0.11814345991561181,-0.053584808430599574,0.6666666666666666,adult,race,7,proxy_soft,10.0,0.9022523801764474,400.0,0.6253615263935032,-0.17582417582417587,-0.052148518982060924,-0.0977991056102655,-0.04212081059500124,0.9930050426391166,0.17582417582417587
0.8954401838763736,0.84,0.7853892469414656,0.11814345991561181,0.11814345991561181,0.05079384710520214,0.08277962347729786,0.11814345991561181,-0.05079384710520214,0.6666666666666666,adult,race,7,proxy_soft,30.0,0.9018790009078423,400.0,0.6253615263935032,-0.17582417582417587,-0.052148518982060924,-0.0977991056102655,-0.04212081059500124,0.9930050426391166,0.17582417582417587
0.9047066572388075,0.8461111111111111,0.7935861854263402,0.10371027760910523,0.10371027760910523,0.048766586792404205,0.1196936138796604,-0.10371027760910523,-0.048766586792404205,0.5949367088607594,adult,race,8,erm,0.0,0.8956577201517727,,,,,,,,
0.9041788240787967,0.8472222222222222,0.7950765378781356,0.10617030220935131,0.10617030220935131,0.04789054649455051,0.1196936138796604,-0.10617030220935131,-0.04789054649455051,0.5949367088607594,adult,race,8,proxy_soft,0.3,0.8949333085034569,100.0,0.5408947028423772,0.3529411764705882,-0.04577114427860696,-0.08055587525214214,-0.028854191922683126,-0.8902438059911552,0.3529411764705882
0.9035578438905485,0.8461111111111111,0.7935861854263402,0.10371027760910523,0.10371027760910523,0.05155754811780165,0.12200073827980806,-0.10371027760910523,-0.05155754811780165,0.5949367088607594,adult,race,8,proxy_soft,1.0,0.8941446495495705,100.0,0.5408947028423772,0.3529411764705882,-0.04577114427860696,-0.08055587525214214,-0.028854191922683126,-0.8902438059911552,0.3529411764705882
0.9029049867193039,0.8438888888888889,0.7906054805227495,0.1265667087050617,0.1265667087050617,0.053309628713509055,0.12661498708010338,-0.1265667087050617,-0.053309628713509055,0.569620253164557,adult,race,8,proxy_soft,3.0,0.8933010544938197,100.0,0.5408947028423772,0.3529411764705882,-0.04577114427860696,-0.08055587525214214,-0.028854191922683126,-0.8902438059911552,0.3529411764705882
0.9024657467328161,0.8444444444444444,0.7913506567486471,0.1277967210051847,0.1277967210051847,0.0528716085645822,0.12661498708010338,-0.1277967210051847,-0.0528716085645822,0.569620253164557,adult,race,8,proxy_soft,10.0,0.8921567075583697,100.0,0.5408947028423772,0.3529411764705882,-0.04577114427860696,-0.08055587525214214,-0.028854191922683126,-0.8902438059911552,0.3529411764705882
0.9016928333918435,0.8444444444444444,0.7913506567486471,0.1277967210051847,0.1277967210051847,0.05008064723918477,0.1243078626799557,-0.1277967210051847,-0.05008064723918477,0.569620253164557,adult,race,8,proxy_soft,30.0,0.8910402942340371,100.0,0.5408947028423772,0.3529411764705882,-0.04577114427860696,-0.08055587525214214,-0.028854191922683126,-0.8902438059911552,0.3529411764705882
0.9045696276106008,0.8466666666666667,0.7943313616522378,0.0910520497610039,0.0910520497610039,0.05391048929427224,0.12200073827980806,-0.0910520497610039,-0.05391048929427224,0.6075949367088608,adult,race,8,proxy_soft,0.3,0.8958690844758957,400.0,0.5890674603174604,0.2763440860215054,-0.02062256809338521,-0.006395505371853516,-0.02387744074398926,-0.18612414264929023,0.2763440860215054
0.9043278593239761,0.845,0.7920958329745448,0.10125025300885926,0.10125025300885926,0.055224549741052786,0.1243078626799557,-0.10125025300885926,-0.055224549741052786,0.5949367088607594,adult,race,8,proxy_soft,1.0,0.8959482297073954,400.0,0.5890674603174604,0.2763440860215054,-0.02062256809338521,-0.006395505371853516,-0.02387744074398926,-0.18612414264929023,0.2763440860215054
0.9037002553470534,0.8444444444444444,0.7913506567486471,0.10002024070873627,0.10002024070873627,0.05566256988997964,0.1243078626799557,-0.10002024070873627,-0.05566256988997964,0.5949367088607594,adult,race,8,proxy_soft,3.0,0.8956428222258432,400.0,0.5890674603174604,0.2763440860215054,-0.02062256809338521,-0.006395505371853516,-0.02387744074398926,-0.18612414264929023,0.2763440860215054
0.9013467404335932,0.8411111111111111,0.786879599393261,0.09264016690799826,0.09264016690799826,0.05829069078354075,0.1243078626799557,-0.09264016690799826,-0.05829069078354075,0.5949367088607594,adult,race,8,proxy_soft,10.0,0.8937982727717126,400.0,0.5890674603174604,0.2763440860215054,-0.02062256809338521,-0.006395505371853516,-0.02387744074398926,-0.18612414264929023,0.2763440860215054
0.8974043442118024,0.84,0.7853892469414656,0.06240366201130365,0.06240366201130365,0.03963000180361238,0.1035437430786268,-0.06240366201130365,-0.03963000180361238,0.620253164556962,adult,race,8,proxy_soft,30.0,0.8916669382434413,400.0,0.5890674603174604,0.2763440860215054,-0.02062256809338521,-0.006395505371853516,-0.02387744074398926,-0.18612414264929023,0.2763440860215054
0.8990722969974366,0.8444444444444444,0.7913506567486471,0.06663864106995498,0.06663864106995498,0.027752956636005258,0.07355112587670726,0.06663864106995498,-0.027752956636005258,0.6801968019680197,adult,race,9,erm,0.0,0.8983854372774039,,,,,,,,
0.8990983781653432,0.8461111111111111,0.7935861854263402,0.07683684431781035,0.07683684431781035,0.02364793486382727,0.06893687707641194,0.07683684431781035,-0.02364793486382727,0.6826568265682657,adult,race,9,proxy_soft,0.3,0.8980101957680581,100.0,0.6230398880406867,-0.1071428571428571,0.0858050847457627,-0.17632231365681816,-0.06244523391185216,0.5270863025329767,0.1071428571428571
0.898349890045108,0.8444444444444444,0.7913506567486471,0.0805268812181793,0.0805268812181793,0.02217103398521038,0.06662975267626431,0.0805268812181793,-0.02217103398521038,0.6789667896678967,adult,race,9,proxy_soft,1.0,0.8967839102399962,100.0,0.6230398880406867,-0.1071428571428571,0.0858050847457627,-0.17632231365681816,-0.06244523391185216,0.5270863025329767,0.1071428571428571
0.8971588500440482,0.8455555555555555,0.7928410092004425,0.09195509676615754,0.09195509676615754,0.021294993687356684,0.06432262827611665,0.09195509676615754,-0.021294993687356684,0.6801968019680197,adult,race,9,proxy_soft,3.0,0.8954533392304289,100.0,0.6230398880406867,-0.1071428571428571,0.0858050847457627,-0.17632231365681816,-0.06244523391185216,0.5270863025329767,0.1071428571428571
0.896174389452279,0.8438888888888889,0.7906054805227495,0.0956451336665265,0.0956451336665265,0.022609054134137233,0.06432262827611665,0.0956451336665265,-0.022609054134137233,0.6765067650676507,adult,race,9,proxy_soft,10.0,0.8944225889801903,100.0,0.6230398880406867,-0.1071428571428571,0.0858050847457627,-0.17632231365681816,-0.06244523391185216,0.5270863025329767,0.1071428571428571
0.8956142653224791,0.8444444444444444,0.7913506567486471,0.09441512136640351,0.09441512136640351,0.02217103398521038,0.06432262827611665,0.09441512136640351,-0.02217103398521038,0.6777367773677737,adult,race,9,proxy_soft,30.0,0.8939058171745153,100.0,0.6230398880406867,-0.1071428571428571,0.0858050847457627,-0.17632231365681816,-0.06244523391185216,0.5270863025329767,0.1071428571428571
0.8985490176921396,0.8433333333333334,0.7898603042968516,0.034210919584653846,0.027433945225528222,0.034210919584653846,0.08508674787744558,0.027433945225528222,-0.034210919584653846,0.6814268142681427,adult,race,9,proxy_soft,0.3,0.8981014455643753,400.0,0.6493010955537799,-0.36062717770034847,-0.10751128304319793,0.02664810335568346,-0.04834177801430786,-0.21243254615467025,0.36062717770034847
0.8977574749455193,0.8422222222222222,0.7883699518450563,0.03508695988250754,0.025658990767122858,0.03508695988250754,0.09431524547803619,-0.025658990767122858,-0.03508695988250754,0.6582278481012658,adult,race,9,proxy_soft,1.0,0.8975409111012826,400.0,0.6493010955537799,-0.36062717770034847,-0.10751128304319793,0.02664810335568346,-0.04834177801430786,-0.21243254615467025,0.36062717770034847
0.8951592938378894,0.8427777777777777,0.7891151280709541,0.029067017082785807,0.0008874772292026822,0.029067017082785807,0.08508674787744558,0.0008874772292026822,-0.029067017082785807,0.6826568265682657,adult,race,9,proxy_soft,3.0,0.8956674969156637,400.0,0.6493010955537799,-0.36062717770034847,-0.10751128304319793,0.02664810335568346,-0.04834177801430786,-0.21243254615467025,0.36062717770034847
0.8861534251611237,0.8338888888888889,0.777192308456591,0.07665000700639923,0.07665000700639923,0.02491149416402566,0.09200812107788853,-0.07665000700639923,-0.02491149416402566,0.5949367088607594,adult,race,9,proxy_soft,10.0,0.8862892525431226,400.0,0.6493010955537799,-0.36062717770034847,-0.10751128304319793,0.02664810335568346,-0.04834177801430786,-0.21243254615467025,0.36062717770034847
0.872894256181651,0.8266666666666667,0.767505017519921,0.17176576829059426,0.17176576829059426,0.01944191079848498,0.10123661867847913,-0.17176576829059426,-0.01944191079848498,0.4936708860759494,adult,race,9,proxy_soft,30.0,0.8731781466049023,400.0,0.6493010955537799,-0.36062717770034847,-0.10751128304319793,0.02664810335568346,-0.04834177801430786,-0.21243254615467025,0.36062717770034847
0.791419107208581,0.77,0.7263525947736474,0.12800417972831762,0.017785234899328817,0.12800417972831762,0.0638927847904005,0.017785234899328817,-0.12800417972831762,0.8322147651006712,german,sex,0,erm,0.0,0.6921428571428572,,,,,,,,
0.7928913192071086,0.77,0.7263525947736474,0.12800417972831762,0.017785234899328817,0.12800417972831762,0.0638927847904005,0.017785234899328817,-0.12800417972831762,0.8322147651006712,german,sex,0,proxy_soft,0.3,0.6922619047619047,100.0,0.5923889668069191,-0.08173076923076927,0.033816425120772986,0.013046512040938874,0.13877253554089242,0.29415239178520514,0.08173076923076927
0.792418108207582,0.7566666666666667,0.7105788947894212,0.06739811912225702,0.031208053691275106,0.06739811912225702,0.0327255726975223,0.031208053691275106,-0.06739811912225702,0.8187919463087249,german,sex,0,proxy_soft,1.0,0.6925,100.0,0.5923889668069191,-0.08173076923076927,0.033816425120772986,0.013046512040938874,0.13877253554089242,0.29415239178520514,0.08173076923076927
0.7939954782060046,0.7633333333333333,0.7184657447815344,0.09770114942528735,0.02449664429530196,0.09770114942528735,0.048309178743961345,0.02449664429530196,-0.09770114942528735,0.825503355704698,german,sex,0,proxy_soft,3.0,0.6933333333333334,100.0,0.5923889668069191,-0.08173076923076927,0.033816425120772986,0.013046512040938874,0.13877253554089242,0.29415239178520514,0.08173076923076927
0.7938903202061097,0.7633333333333333,0.7184657447815344,0.05015673981191221,0.02449664429530196,0.05015673981191221,0.0327255726975223,0.02449664429530196,-0.05015673981191221,0.825503355704698,german,sex,0,proxy_soft,10.0,0.6957142857142858,100.0,0.5923889668069191,-0.08173076923076927,0.033816425120772986,0.013046512040938874,0.13877253554089242,0.29415239178520514,0.08173076923076927
0.7925232662074767,0.77,0.7263525947736474,0.08045977011494254,0.017785234899328817,0.08045977011494254,0.048309178743961345,0.017785234899328817,-0.08045977011494254,0.8322147651006712,german,sex,0,proxy_soft,30.0,0.6963095238095237,100.0,0.5923889668069191,-0.08173076923076927,0.033816425120772986,0.013046512040938874,0.13877253554089242,0.29415239178520514,0.08173076923076927
0.7317945212682055,0.7233333333333334,0.6711446448288554,0.0881431767337808,0.0881431767337808,0.03657262277951934,0.04519245753467349,0.0881431767337808,0.03657262277951934,0.7785234899328859,german,sex,1,erm,0.0,0.788690476190476,,,,,,,,
0.7291655712708344,0.7233333333333334,0.6711446448288554,0.0881431767337808,0.0881431767337808,0.03657262277951934,0.04519245753467349,0.0881431767337808,0.03657262277951934,0.7785234899328859,german,sex,1,proxy_soft,0.3,0.7889285714285714,100.0,0.6153342683496961,-0.1384205856255546,-0.15897435897435896,-0.18375095812412523,-0.11939769787582843,0.9615566467388859,0.15897435897435896
0.7232241442767758,0.7166666666666667,0.6632577948367422,0.09485458612975395,0.09485458612975395,0.01933124346917453,0.04519245753467349,0.09485458612975395,0.01933124346917453,0.7718120805369127,german,sex,1,proxy_soft,1.0,0.7888095238095237,100.0,0.6153342683496961,-0.1384205856255546,-0.15897435897435896,-0.18375095812412523,-0.11939769787582843,0.9615566467388859,0.15897435897435896
0.7158630842841369,0.7033333333333334,0.6474840948525159,0.06152125279642062,0.06152125279642062,0.032392894461859945,0.029608851488234444,0.06152125279642062,0.032392894461859945,0.7718120805369127,german,sex,1,proxy_soft,3.0,0.7876190476190474,100.0,0.6153342683496961,-0.1384205856255546,-0.15897435897435896,-0.18375095812412523,-0.11939769787582843,0.9615566467388859,0.15897435897435896
0.7090803932909197,0.7033333333333334,0.6474840948525159,0.06269592476489033,0.06152125279642062,0.06269592476489033,0.0015583606046438714,0.06152125279642062,-0.06269592476489033,0.7718120805369127,german,sex,1,proxy_soft,10.0,0.7875,100.0,0.6153342683496961,-0.1384205856255546,-0.15897435897435896,-0.18375095812412523,-0.11939769787582843,0.9615566467388859,0.15897435897435896
0.7039802302960197,0.6966666666666667,0.6395972448604028,0.07993730407523508,0.06823266219239377,0.07993730407523508,0.0015583606046438714,0.06823266219239377,-0.07993730407523508,0.7651006711409396,german,sex,1,proxy_soft,30.0,0.7857142857142857,100.0,0.6153342683496961,-0.1384205856255546,-0.15897435897435896,-0.18375095812412523,-0.11939769787582843,0.9615566467388859,0.15897435897435896
0.7118145012881855,0.6833333333333333,0.6238235448761764,0.019331243469174475,0.011856823266219174,0.019331243469174475,0.0327255726975223,-0.011856823266219174,-0.019331243469174475,0.7666666666666667,german,sex,2,erm,0.0,0.7483333333333333,,,,,,,,
0.711499027288501,0.6833333333333333,0.6238235448761764,0.019331243469174475,0.011521252796420578,0.019331243469174475,0.01714196665108303,0.011521252796420578,-0.019331243469174475,0.7718120805369127,german,sex,2,proxy_soft,0.3,0.7471428571428572,100.0,0.6123422159887797,0.025210084033613467,-0.22459893048128343,0.013874004137828466,-0.11865082759661222,0.9999893012985136,0.22459893048128343
0.711499027288501,0.6833333333333333,0.6238235448761764,0.019331243469174475,0.011521252796420578,0.019331243469174475,0.01714196665108303,0.011521252796420578,-0.019331243469174475,0.7718120805369127,german,sex,2,proxy_soft,1.0,0.7482142857142857,100.0,0.6123422159887797,0.025210084033613467,-0.22459893048128343,0.013874004137828466,-0.11865082759661222,0.9999893012985136,0.22459893048128343
0.7108155002891844,0.6766666666666666,0.6159366948840634,0.03657262277951934,0.018232662192393723,0.03657262277951934,0.01714196665108303,0.018232662192393723,-0.03657262277951934,0.7651006711409396,german,sex,2,proxy_soft,3.0,0.7475,100.0,0.6123422159887797,0.025210084033613467,-0.22459893048128343,0.013874004137828466,-0.11865082759661222,0.9999893012985136,0.22459893048128343
0.7073978652926021,0.6833333333333333,0.6238235448761764,0.03489932885906044,0.03489932885906044,0.019331243469174475,0.0015583606046438714,0.03489932885906044,-0.019331243469174475,0.7651006711409396,german,sex,2,proxy_soft,10.0,0.7445238095238096,100.0,0.6123422159887797,0.025210084033613467,-0.22459893048128343,0.013874004137828466,-0.11865082759661222,0.9999893012985136,0.22459893048128343
0.7041905462958093,0.6766666666666666,0.6159366948840634,0.041610738255033586,0.041610738255033586,0.03657262277951934,0.0015583606046438714,0.041610738255033586,-0.03657262277951934,0.7583892617449665,german,sex,2,proxy_soft,30.0,0.7421428571428572,100.0,0.6123422159887797,0.025210084033613467,-0.22459893048128343,0.013874004137828466,-0.11865082759661222,0.9999893012985136,0.22459893048128343
0.7605820105820106,0.7533333333333333,0.7063492063492063,0.05603448275862066,0.010000000000000009,0.05603448275862066,0.05330267558528434,-0.010000000000000009,-0.05603448275862066,0.8166666666666667,german,sex,3,erm,0.0,0.7986904761904762,,,,,,,,
0.7600529100529101,0.7466666666666667,0.6984126984126984,0.07327586206896552,0.0033333333333332993,0.07327586206896552,0.05330267558528434,-0.0033333333333332993,-0.07327586206896552,0.8166666666666667,german,sex,3,proxy_soft,0.3,0.7945238095238095,100.0,0.6103346750149075,0.0922077922077923,0.16239316239316243,-0.0188675673953137,0.049858039027463996,0.6385515962865741,0.16239316239316243
0.7607407407407406,0.7466666666666667,0.6984126984126984,0.07327586206896552,0.020000000000000018,0.07327586206896552,0.0376254180602007,0.020000000000000018,-0.07327586206896552,0.8133333333333334,german,sex,3,proxy_soft,1.0,0.7900000000000001,100.0,0.6103346750149075,0.0922077922077923,0.16239316239316243,-0.0188675673953137,0.049858039027463996,0.6385515962865741,0.16239316239316243
0.7608994708994709,0.7466666666666667,0.6984126984126984,0.07327586206896552,0.0033333333333332993,0.07327586206896552,0.05330267558528434,-0.0033333333333332993,-0.07327586206896552,0.8166666666666667,german,sex,3,proxy_soft,3.0,0.786547619047619,100.0,0.6103346750149075,0.0922077922077923,0.16239316239316243,-0.0188675673953137,0.049858039027463996,0.6385515962865741,0.16239316239316243
0.7607936507936508,0.7466666666666667,0.6984126984126984,0.07327586206896552,0.0033333333333332993,0.07327586206896552,0.05330267558528434,-0.0033333333333332993,-0.07327586206896552,0.8166666666666667,german,sex,3,proxy_soft,10.0,0.7845238095238095,100.0,0.6103346750149075,0.0922077922077923,0.16239316239316243,-0.0188675673953137,0.049858039027463996,0.6385515962865741,0.16239316239316243
0.7607407407407407,0.7466666666666667,0.6984126984126984,0.07327586206896552,0.0033333333333332993,0.07327586206896552,0.05330267558528434,-0.0033333333333332993,-0.07327586206896552,0.8166666666666667,german,sex,3,proxy_soft,30.0,0.783452380952381,100.0,0.6103346750149075,0.0922077922077923,0.16239316239316243,-0.0188675673953137,0.049858039027463996,0.6385515962865741,0.16239316239316243
0.7727248522285531,0.7266666666666667,0.6757548325256936,0.17653508771929827,0.0659016393442623,0.17653508771929827,0.012311048776686873,-0.0659016393442623,0.17653508771929827,0.7540983606557377,german,sex,4,erm,0.0,0.8008333333333333,,,,,,,,
0.7736833697214973,0.7333333333333333,0.683742478300229,0.19407894736842107,0.072568306010929,0.19407894736842107,0.012311048776686873,-0.072568306010929,0.19407894736842107,0.7540983606557377,german,sex,4,proxy_soft,0.3,0.8004761904761905,100.0,0.5372978027115474,-0.006659267480577213,0.0,-0.0640635624388558,-0.16531480632262174,0.36134105106488673,0.006659267480577213
0.7741626284679697,0.7333333333333333,0.683742478300229,0.19407894736842107,0.072568306010929,0.19407894736842107,0.012311048776686873,-0.072568306010929,0.19407894736842107,0.7540983606557377,german,sex,4,proxy_soft,1.0,0.7988095238095239,100.0,0.5372978027115474,-0.006659267480577213,0.0,-0.0640635624388558,-0.16531480632262174,0.36134105106488673,0.006659267480577213
0.7745353852707813,0.7333333333333333,0.683742478300229,0.19407894736842107,0.072568306010929,0.19407894736842107,0.012311048776686873,-0.072568306010929,0.19407894736842107,0.7540983606557377,german,sex,4,proxy_soft,3.0,0.7988095238095237,100.0,0.5372978027115474,-0.006659267480577213,0.0,-0.0640635624388558,-0.16531480632262174,0.36134105106488673,0.006659267480577213
0.7741093774961394,0.7333333333333333,0.683742478300229,0.19407894736842107,0.04950819672131146,0.19407894736842107,0.0032725572697522853,-0.04950819672131146,0.19407894736842107,0.7704918032786885,german,sex,4,proxy_soft,10.0,0.7982142857142855,100.0,0.5372978027115474,-0.006659267480577213,0.0,-0.0640635624388558,-0.16531480632262174,0.36134105106488673,0.006659267480577213
0.7736833697214974,0.7333333333333333,0.683742478300229,0.19407894736842107,0.04950819672131146,0.19407894736842107,0.0032725572697522853,-0.04950819672131146,0.19407894736842107,0.7704918032786885,german,sex,4,proxy_soft,30.0,0.7976190476190476,100.0,0.5372978027115474,-0.006659267480577213,0.0,-0.0640635624388558,-0.16531480632262174,0.36134105106488673,0.006659267480577213
0.7220299270461685,0.6933333333333334,0.6358166036530166,0.13760964912280704,0.013551912568306013,0.13760964912280704,0.03443976936263049,0.013551912568306013,0.13760964912280704,0.7733333333333333,german,sex,5,erm,0.0,0.7707142857142857,,,,,,,,
0.7236274562010757,0.6933333333333334,0.6358166036530166,0.13760964912280704,0.03661202185792345,0.13760964912280704,0.05002337540906965,0.03661202185792345,0.13760964912280704,0.7666666666666667,german,sex,5,proxy_soft,0.3,0.7717857142857142,100.0,0.6367648433847592,0.11922663802363054,-0.39090909090909093,0.02652905262076477,-0.11739141686642673,0.997279380792609,0.39090909090909093
0.724159965919378,0.6933333333333334,0.6358166036530166,0.08881578947368424,0.03661202185792345,0.08881578947368424,0.03443976936263049,0.03661202185792345,0.08881578947368424,0.7666666666666667,german,sex,5,proxy_soft,1.0,0.7717857142857144,100.0,0.6367648433847592,0.11922663802363054,-0.39090909090909093,0.02652905262076477,-0.11739141686642673,0.997279380792609,0.39090909090909093
0.7255444911869641,0.68,0.619841312103946,0.05372807017543857,0.04994535519125687,0.05372807017543857,0.03443976936263049,0.04994535519125687,0.05372807017543857,0.7533333333333333,german,sex,5,proxy_soft,3.0,0.7742857142857142,100.0,0.6367648433847592,0.11922663802363054,-0.39090909090909093,0.02652905262076477,-0.11739141686642673,0.997279380792609,0.39090909090909093
0.7300708237925342,0.6866666666666666,0.6278289578784813,0.07127192982456143,0.04327868852459016,0.07127192982456143,0.03443976936263049,0.04327868852459016,0.07127192982456143,0.76,german,sex,5,proxy_soft,10.0,0.7785714285714285,100.0,0.6367648433847592,0.11922663802363054,-0.39090909090909093,0.02652905262076477,-0.11739141686642673,0.997279380792609,0.39090909090909093
0.7335321369614995,0.68,0.619841312103946,0.05372807017543857,0.04994535519125687,0.05372807017543857,0.03443976936263049,0.04994535519125687,0.05372807017543857,0.7533333333333333,german,sex,5,proxy_soft,30.0,0.7804761904761905,100.0,0.6367648433847592,0.11922663802363054,-0.39090909090909093,0.02652905262076477,-0.11739141686642673,0.997279380792609,0.39090909090909093
0.7361375661375662,0.7333333333333333,0.6825396825396826,0.17543859649122812,0.036666666666666625,0.17543859649122812,0.11064360292971798,-0.036666666666666625,-0.17543859649122812,0.7833333333333333,german,sex,6,erm,0.0,0.8222619047619049,,,,,,,,
0.7355026455026457,0.7266666666666667,0.6746031746031746,0.14513556618819778,0.030000000000000027,0.14513556618819778,0.09505999688327882,-0.030000000000000027,-0.14513556618819778,0.7833333333333333,german,sex,6,proxy_soft,0.3,0.8221428571428571,100.0,0.6276016830294531,-0.12208657047724758,-0.04999999999999999,-0.05108056126947724,-0.0362922213046844,0.9738885576863656,0.12208657047724758
0.732910052910053,0.72,0.6666666666666667,0.11483253588516751,0.023333333333333317,0.11483253588516751,0.048309178743961345,0.023333333333333317,-0.11483253588516751,0.7933333333333333,german,sex,6,proxy_soft,1.0,0.8195238095238095,100.0,0.6276016830294531,-0.12208657047724758,-0.04999999999999999,-0.05108056126947724,-0.0362922213046844,0.9738885576863656,0.12208657047724758
0.7291005291005291,0.7133333333333334,0.6587301587301586,0.08452950558213718,0.053333333333333344,0.08452950558213718,0.01714196665108303,0.053333333333333344,-0.08452950558213718,0.78,german,sex,6,proxy_soft,3.0,0.8178571428571428,100.0,0.6276016830294531,-0.12208657047724758,-0.04999999999999999,-0.05108056126947724,-0.0362922213046844,0.9738885576863656,0.12208657047724758
0.7275132275132274,0.7133333333333334,0.6587301587301586,0.053333333333333344,0.053333333333333344,0.011164274322169099,0.014025245441795287,0.053333333333333344,0.011164274322169099,0.78,german,sex,6,proxy_soft,10.0,0.8135714285714286,100.0,0.6276016830294531,-0.12208657047724758,-0.04999999999999999,-0.05108056126947724,-0.0362922213046844,0.9738885576863656,0.12208657047724758
0.724074074074074,0.7,0.6428571428571428,0.043333333333333335,0.043333333333333335,0.02392344497607657,0.0015583606046438714,0.043333333333333335,-0.02392344497607657,0.7733333333333333,german,sex,6,proxy_soft,30.0,0.8092857142857144,100.0,0.6276016830294531,-0.12208657047724758,-0.04999999999999999,-0.05108056126947724,-0.0362922213046844,0.9738885576863656,0.12208657047724758
0.7242857142857143,0.7133333333333334,0.6587301587301586,0.11099137931034486,0.03487732423808998,0.11099137931034486,0.07947639083683966,-0.03487732423808998,-0.11099137931034486,0.7704918032786885,german,sex,7,erm,0.0,0.7976190476190477,,,,,,,,
0.7238624338624338,0.7133333333333334,0.6587301587301586,0.11099137931034486,0.03487732423808998,0.11099137931034486,0.07947639083683966,-0.03487732423808998,-0.11099137931034486,0.7704918032786885,german,sex,7,proxy_soft,0.3,0.7970238095238095,100.0,0.5297054698457222,-0.03445447087776876,0.0888888888888889,-0.010105360428214527,-0.044669073809814885,-0.8296786264827279,0.0888888888888889
0.7222222222222222,0.7066666666666667,0.6507936507936507,0.1282327586206896,0.005061062823192852,0.1282327586206896,0.0638927847904005,-0.005061062823192852,-0.1282327586206896,0.7868852459016393,german,sex,7,proxy_soft,1.0,0.7951190476190476,100.0,0.5297054698457222,-0.03445447087776876,0.0888888888888889,-0.010105360428214527,-0.044669073809814885,-0.8296786264827279,0.0888888888888889
0.7187830687830687,0.72,0.6666666666666667,0.09375,0.004620970403784841,0.09375,0.048309178743961345,0.004620970403784841,-0.09375,0.7986577181208053,german,sex,7,proxy_soft,3.0,0.7940476190476191,100.0,0.5297054698457222,-0.03445447087776876,0.0888888888888889,-0.010105360428214527,-0.044669073809814885,-0.8296786264827279,0.0888888888888889
0.7134391534391534,0.7066666666666667,0.6507936507936507,0.1282327586206896,0.01804378919573113,0.1282327586206896,0.048309178743961345,0.01804378919573113,-0.1282327586206896,0.785234899328859,german,sex,7,proxy_soft,10.0,0.7935714285714286,100.0,0.5297054698457222,-0.03445447087776876,0.0888888888888889,-0.010105360428214527,-0.044669073809814885,-0.8296786264827279,0.0888888888888889
0.7099470899470899,0.7066666666666667,0.6507936507936507,0.07974137931034486,0.01804378919573113,0.07974137931034486,0.0327255726975223,0.01804378919573113,-0.07974137931034486,0.785234899328859,german,sex,7,proxy_soft,30.0,0.7920238095238095,100.0,0.5297054698457222,-0.03445447087776876,0.0888888888888889,-0.010105360428214527,-0.044669073809814885,-0.8296786264827279,0.0888888888888889
0.7022751322751324,0.7133333333333334,0.6587301587301586,0.1594827586206896,0.03487732423808998,0.1594827586206896,0.09505999688327882,-0.03487732423808998,-0.1594827586206896,0.7704918032786885,german,sex,8,erm,0.0,0.7858333333333334,,,,,,,,
0.7027513227513228,0.7,0.6428571428571428,0.14547413793103448,0.02145450544614369,0.14547413793103448,0.07947639083683966,-0.02145450544614369,-0.14547413793103448,0.7704918032786885,german,sex,8,proxy_soft,0.3,0.7840476190476191,100.0,0.6473679289387565,0.011784511784511786,-0.0444444444444444,-0.0039591086194787906,-0.159576747200795,0.9599444961736899,0.0444444444444444
0.7048148148148148,0.7133333333333334,0.6587301587301586,0.20797413793103448,0.011772472219165997,0.20797413793103448,0.09505999688327882,-0.011772472219165997,-0.20797413793103448,0.7868852459016393,german,sex,8,proxy_soft,1.0,0.7821428571428571,100.0,0.6473679289387565,0.011784511784511786,-0.0444444444444444,-0.0039591086194787906,-0.159576747200795,0.9599444961736899,0.0444444444444444
0.7073544973544974,0.7133333333333334,0.6587301587301586,0.1594827586206896,0.011772472219165997,0.1594827586206896,0.07947639083683966,-0.011772472219165997,-0.1594827586206896,0.7868852459016393,german,sex,8,proxy_soft,3.0,0.7820238095238095,100.0,0.6473679289387565,0.011784511784511786,-0.0444444444444444,-0.0039591086194787906,-0.159576747200795,0.9599444961736899,0.0444444444444444
0.714126984126984,0.7133333333333334,0.6587301587301586,0.11099137931034486,0.011772472219165997,0.11099137931034486,0.0638927847904005,-0.011772472219165997,-0.11099137931034486,0.7868852459016393,german,sex,8,proxy_soft,10.0,0.7816666666666666,100.0,0.6473679289387565,0.011784511784511786,-0.0444444444444444,-0.0039591086194787906,-0.159576747200795,0.9599444961736899,0.0444444444444444
0.7204761904761905,0.72,0.6666666666666667,0.09375,0.01848388161513914,0.09375,0.0638927847904005,-0.01848388161513914,-0.09375,0.7868852459016393,german,sex,8,proxy_soft,30.0,0.7813095238095238,100.0,0.6473679289387565,0.011784511784511786,-0.0444444444444444,-0.0039591086194787906,-0.159576747200795,0.9599444961736899,0.0444444444444444
0.7726455026455027,0.74,0.6904761904761905,0.08999999999999997,0.08999999999999997,0.006465517241379337,0.08465719063545152,-0.08999999999999997,0.006465517241379337,0.75,german,sex,9,erm,0.0,0.7745238095238096,,,,,,,,
0.772962962962963,0.7333333333333333,0.6825396825396826,0.08333333333333337,0.08333333333333337,0.010775862068965525,0.08465719063545152,-0.08333333333333337,-0.010775862068965525,0.75,german,sex,9,proxy_soft,0.3,0.7738095238095237,100.0,0.6046884317233154,0.019191919191919204,-0.09090909090909088,-0.009663964987908669,-0.0228242360402241,0.8204620317186418,0.09090909090909088
0.7742328042328044,0.7333333333333333,0.6825396825396826,0.08333333333333337,0.08333333333333337,0.010775862068965525,0.08465719063545152,-0.08333333333333337,-0.010775862068965525,0.75,german,sex,9,proxy_soft,1.0,0.7744047619047619,100.0,0.6046884317233154,0.019191919191919204,-0.09090909090909088,-0.009663964987908669,-0.0228242360402241,0.8204620317186418,0.09090909090909088
0.7766137566137566,0.74,0.6904761904761905,0.06666666666666665,0.06666666666666665,0.042025862068965525,0.08465719063545152,-0.06666666666666665,-0.042025862068965525,0.7666666666666667,german,sex,9,proxy_soft,3.0,0.7740476190476191,100.0,0.6046884317233154,0.019191919191919204,-0.09090909090909088,-0.009663964987908669,-0.0228242360402241,0.8204620317186418,0.09090909090909088
0.7792592592592593,0.7466666666666667,0.6984126984126984,0.050000000000000044,0.050000000000000044,0.024784482758620663,0.06897993311036787,-0.050000000000000044,-0.024784482758620663,0.7833333333333333,german,sex,9,proxy_soft,10.0,0.7744047619047619,100.0,0.6046884317233154,0.019191919191919204,-0.09090909090909088,-0.009663964987908669,-0.0228242360402241,0.8204620317186418,0.09090909090909088
0.7800000000000001,0.7466666666666667,0.6984126984126984,0.050000000000000044,0.050000000000000044,0.023706896551724144,0.05330267558528434,-0.050000000000000044,0.023706896551724144,0.7833333333333333,german,sex,9,proxy_soft,30.0,0.7751190476190477,100.0,0.6046884317233154,0.019191919191919204,-0.09090909090909088,-0.009663964987908669,-0.0228242360402241,0.8204620317186418,0.09090909090909088
0.8659804921551033,0.8872222222222222,0.7126434521791991,0.01888425124707327,0.002607745134411643,0.01888425124707327,0.007880844645550611,-0.002607745134411643,0.01888425124707327,0.935131195335277,law,sex,0,erm,0.0,0.8701338871459503,,,,,,,,
0.8659875699025866,0.8872222222222222,0.7126434521791991,0.01888425124707327,0.002607745134411643,0.01888425124707327,0.007880844645550611,-0.002607745134411643,0.01888425124707327,0.935131195335277,law,sex,0,proxy_soft,0.3,0.8701338871459502,100.0,0.5309684389140271,-0.028340080971659964,-0.3333333333333333,-0.0005125585134519994,0.003353397717887119,-0.9721663467756884,0.3333333333333333
0.8659985797320051,0.8877777777777778,0.7140590016758532,0.013565102310903021,0.0031538947794144123,0.013565102310903021,0.00901206636500762,-0.0031538947794144123,0.013565102310903021,0.935131195335277,law,sex,0,proxy_soft,1.0,0.8700932349432193,100.0,0.5309684389140271,-0.028340080971659964,-0.3333333333333333,-0.0005125585134519994,0.003353397717887119,-0.9721663467756884,0.3333333333333333
0.865998579732005,0.8872222222222222,0.7126434521791991,0.01888425124707327,0.00388275775317537,0.01888425124707327,0.00901206636500762,-0.00388275775317537,0.01888425124707327,0.934402332361516,law,sex,0,proxy_soft,3.0,0.8700667226370907,100.0,0.5309684389140271,-0.028340080971659964,-0.3333333333333333,-0.0005125585134519994,0.003353397717887119,-0.9721663467756884,0.3333333333333333
0.8660394733841306,0.8872222222222222,0.7126434521791991,0.01888425124707327,0.00388275775317537,0.01888425124707327,0.00901206636500762,-0.00388275775317537,0.01888425124707327,0.934402332361516,law,sex,0,proxy_soft,10.0,0.8700561177146392,100.0,0.5309684389140271,-0.028340080971659964,-0.3333333333333333,-0.0005125585134519994,0.003353397717887119,-0.9721663467756884,0.3333333333333333
0.8661322705178002,0.8861111111111111,0.7098123531858908,0.009314873256642597,0.004065471081933558,0.009314873256642597,0.01014328808446463,-0.004065471081933558,0.009314873256642597,0.9336734693877551,law,sex,0,proxy_soft,30.0,0.8700437453051124,100.0,0.5309684389140271,-0.028340080971659964,-0.3333333333333333,-0.0005125585134519994,0.003353397717887119,-0.9721663467756884,0.3333333333333333
0.8660284635547123,0.8872222222222222,0.7126434521791991,0.008780413315687685,0.00388275775317537,0.008780413315687685,0.01014328808446463,-0.00388275775317537,0.008780413315687685,0.934402332361516,law,sex,0,proxy_soft,0.3,0.8702010516548098,400.0,0.5957735294117648,0.05196819856505719,-0.10073260073260071,-0.002803062230797515,0.0030213259998962405,-0.9633286512096566,0.10073260073260071
0.8661417075144445,0.8872222222222222,0.7126434521791991,0.008780413315687685,0.00388275775317537,0.008780413315687685,0.01014328808446463,-0.00388275775317537,0.008780413315687685,0.934402332361516,law,sex,0,proxy_soft,1.0,0.8703336131854535,400.0,0.5957735294117648,0.05196819856505719,-0.10073260073260071,-0.002803062230797515,0.0030213259998962405,-0.9633286512096566,0.10073260073260071
0.8662950587099153,0.8872222222222222,0.7126434521791991,0.008780413315687685,0.00388275775317537,0.008780413315687685,0.01014328808446463,-0.00388275775317537,0.008780413315687685,0.934402332361516,law,sex,0,proxy_soft,3.0,0.8704255225133667,400.0,0.5957735294117648,0.05196819856505719,-0.10073260073260071,-0.002803062230797515,0.0030213259998962405,-0.9633286512096566,0.10073260073260071
0.8664067298368736,0.8877777777777778,0.7140590016758532,0.013565102310903021,0.005703920016941755,0.013565102310903021,0.01127450980392164,-0.005703920016941755,0.013565102310903021,0.9336734693877551,law,sex,0,proxy_soft,10.0,0.8704467323582696,400.0,0.5957735294117648,0.05196819856505719,-0.10073260073260071,-0.002803062230797515,0.0030213259998962405,-0.9633286512096566,0.10073260073260071
0.8665262651277024,0.8877777777777778,0.7140590016758532,0.013565102310903021,0.0069789326357054815,0.013565102310903021,0.01240573152337865,-0.0069789326357054815,0.013565102310903021,0.9329446064139941,law,sex,0,proxy_soft,30.0,0.870400777694313,400.0,0.5957735294117648,0.05196819856505719,-0.10073260073260071,-0.002803062230797515,0.0030213259998962405,-0.9633286512096566,0.10073260073260071
0.8739594728179109,0.8855555555555555,0.7083968036892365,0.07630051918965691,0.0022443088181671733,0.07630051918965691,0.018061840120663697,-0.0022443088181671733,-0.07630051918965691,0.934402332361516,law,sex,1,erm,0.0,0.8652361804604304,,,,,,,,
0.8737306256492849,0.885,0.7069812541925824,0.06087753232210119,0.0016981591731645151,0.06087753232210119,0.015799396681749678,-0.0016981591731645151,-0.06087753232210119,0.934402332361516,law,sex,1,proxy_soft,0.3,0.8650947814944104,100.0,0.5816873303167421,0.0010504201680672232,0.4166666666666667,-0.011395455414464628,-0.03543931197823541,-0.9527639960813936,0.4166666666666667
0.873309892882224,0.8855555555555555,0.7083968036892365,0.06619668125827138,0.0022443088181671733,0.06619668125827138,0.016930618401206687,-0.0022443088181671733,-0.06619668125827138,0.934402332361516,law,sex,1,proxy_soft,1.0,0.8649410101188635,100.0,0.5816873303167421,0.0010504201680672232,0.4166666666666667,-0.011395455414464628,-0.03543931197823541,-0.9527639960813936,0.4166666666666667
0.8723166489854048,0.8861111111111111,0.7098123531858908,0.041204316400285046,0.0010345793931210157,0.041204316400285046,0.01127450980392164,0.0010345793931210157,-0.041204316400285046,0.9355543418896778,law,sex,1,proxy_soft,3.0,0.8645663028589103,100.0,0.5816873303167421,0.0010504201680672232,0.4166666666666667,-0.011395455414464628,-0.03543931197823541,-0.9527639960813936,0.4166666666666667
0.8708782934135268,0.8861111111111111,0.7098123531858908,0.05130815433167063,0.0023095920118847424,0.05130815433167063,0.01127450980392164,0.0023095920118847424,-0.05130815433167063,0.935008192244675,law,sex,1,proxy_soft,10.0,0.8636030224028987,100.0,0.5816873303167421,0.0010504201680672232,0.4166666666666667,-0.011395455414464628,-0.03543931197823541,-0.9527639960813936,0.4166666666666667
0.8698559521103877,0.8861111111111111,0.7098123531858908,0.05130815433167063,0.0010345793931210157,0.05130815433167063,0.01240573152337865,0.0010345793931210157,-0.05130815433167063,0.9355543418896778,law,sex,1,proxy_soft,30.0,0.8631699880694622,100.0,0.5816873303167421,0.0010504201680672232,0.4166666666666667,-0.011395455414464628,-0.03543931197823541,-0.9527639960813936,0.4166666666666667
0.8740742896104172,0.8855555555555555,0.7083968036892365,0.07630051918965691,0.0035193214369309,0.07630051918965691,0.019193061840120706,-0.0035193214369309,-0.07630051918965691,0.9336734693877551,law,sex,1,proxy_soft,0.3,0.8652255755379789,400.0,0.6002122171945701,0.02962621135209964,0.09999999999999998,0.006623972388210442,0.02725878308761709,0.9987681225086951,0.09999999999999998
0.8742441555500157,0.8855555555555555,0.7083968036892365,0.07630051918965691,0.0035193214369309,0.07630051918965691,0.019193061840120706,-0.0035193214369309,-0.07630051918965691,0.9336734693877551,law,sex,1,proxy_soft,1.0,0.865147806106668,400.0,0.6002122171945701,0.02962621135209964,0.09999999999999998,0.006623972388210442,0.02725878308761709,0.9987681225086951,0.09999999999999998
0.8746161305010809,0.8861111111111111,0.7098123531858908,0.08161966812582716,0.004065471081933558,0.08161966812582716,0.020324283559577716,-0.004065471081933558,-0.08161966812582716,0.9336734693877551,law,sex,1,proxy_soft,3.0,0.8651318987229906,400.0,0.6002122171945701,0.02962621135209964,0.09999999999999998,0.006623972388210442,0.02725878308761709,0.9987681225086951,0.09999999999999998
0.8749936103668553,0.8866666666666667,0.711227902682545,0.09704265499338294,0.0033366081081726007,0.09704265499338294,0.021455505279034726,-0.0033366081081726007,-0.09704265499338294,0.934402332361516,law,sex,1,proxy_soft,10.0,0.8652273430250542,400.0,0.6002122171945701,0.02962621135209964,0.09999999999999998,0.006623972388210442,0.02725878308761709,0.9987681225086951,0.09999999999999998
0.8751532528934225,0.8866666666666667,0.711227902682545,0.10714649292476836,0.0033366081081726007,0.10714649292476836,0.022586726998491735,-0.0033366081081726007,-0.10714649292476836,0.934402332361516,law,sex,1,proxy_soft,30.0,0.8651619460032699,400.0,0.6002122171945701,0.02962621135209964,0.09999999999999998,0.006623972388210442,0.02725878308761709,0.9987681225086951,0.09999999999999998
0.8725863898061562,0.8861111111111111,0.7098123531858908,0.041204316400285046,0.021915647744624955,0.041204316400285046,0.03163650075414781,-0.021915647744624955,-0.041204316400285046,0.923469387755102,law,sex,2,erm,0.0,0.8677530820555875,,,,,,,,
0.8725950403864136,0.8855555555555555,0.7083968036892365,0.04598900539550038,0.018819472862094844,0.04598900539550038,0.029374057315233792,-0.018819472862094844,-0.04598900539550038,0.9249271137026239,law,sex,2,proxy_soft,0.3,0.8676028456541911,100.0,0.5780926470588236,-0.04306220095693769,-0.04761904761904767,-0.02095063815991738,-0.053612497993781705,0.9349574956392367,0.04761904761904767
0.8725510010687398,0.8866666666666667,0.711227902682545,0.046523465336455294,0.018636759533336544,0.046523465336455294,0.029374057315233792,-0.018636759533336544,-0.046523465336455294,0.9256559766763849,law,sex,2,proxy_soft,1.0,0.8673783747956343,100.0,0.5780926470588236,-0.04306220095693769,-0.04761904761904767,-0.02095063815991738,-0.053612497993781705,0.9349574956392367,0.04761904761904767
0.8721459966294193,0.8883333333333333,0.7154745511725076,0.042273236282194815,0.019000195849581236,0.042273236282194815,0.029374057315233792,-0.019000195849581236,-0.042273236282194815,0.9263848396501457,law,sex,2,proxy_soft,3.0,0.8667155671424154,100.0,0.5780926470588236,-0.04306220095693769,-0.04761904761904767,-0.02095063815991738,-0.053612497993781705,0.9349574956392367,0.04761904761904767
0.8716827973774586,0.8894444444444445,0.7183056501658158,0.032703858291764254,0.013717432045768363,0.032703858291764254,0.023717948717948745,-0.013717432045768363,-0.032703858291764254,0.9300291545189504,law,sex,2,proxy_soft,10.0,0.8658141487340374,100.0,0.5780926470588236,-0.04306220095693769,-0.04761904761904767,-0.02095063815991738,-0.053612497993781705,0.9349574956392367,0.04761904761904767
0.8711724131422761,0.8894444444444445,0.7183056501658158,0.032703858291764254,0.014992444664531979,0.032703858291764254,0.024849170437405754,-0.014992444664531979,-0.032703858291764254,0.9293002915451894,law,sex,2,proxy_soft,30.0,0.8651690159515709,100.0,0.5780926470588236,-0.04306220095693769,-0.04761904761904767,-0.02095063815991738,-0.053612497993781705,0.9349574956392367,0.04761904761904767
0.8726115551305411,0.8861111111111111,0.7098123531858908,0.041204316400285046,0.021915647744624955,0.041204316400285046,0.03163650075414781,-0.021915647744624955,-0.041204316400285046,0.923469387755102,law,sex,2,proxy_soft,0.3,0.8677601520038885,400.0,0.5922966063348416,0.013355869291442946,-0.2469635627530365,-0.0015024565919933286,-0.012128857310126584,0.9843280027356559,0.2469635627530365
0.8726068366322189,0.885,0.7069812541925824,0.04066985645933019,0.020823348454619417,0.04066985645933019,0.030505279034690802,-0.020823348454619417,-0.04066985645933019,0.923469387755102,law,sex,2,proxy_soft,1.0,0.8677955017453934,400.0,0.5922966063348416,0.013355869291442946,-0.2469635627530365,-0.0015024565919933286,-0.012128857310126584,0.9843280027356559,0.2469635627530365
0.8726320019566041,0.8855555555555555,0.7083968036892365,0.04598900539550038,0.021369498099622186,0.04598900539550038,0.03163650075414781,-0.021369498099622186,-0.04598900539550038,0.923469387755102,law,sex,2,proxy_soft,3.0,0.8678255490256728,400.0,0.5922966063348416,0.013355869291442946,-0.2469635627530365,-0.0015024565919933286,-0.012128857310126584,0.9843280027356559,0.2469635627530365
0.872656380864602,0.8855555555555555,0.7083968036892365,0.04598900539550038,0.021369498099622186,0.04598900539550038,0.03163650075414781,-0.021369498099622186,-0.04598900539550038,0.923469387755102,law,sex,2,proxy_soft,10.0,0.8678096416419956,400.0,0.5922966063348416,0.013355869291442946,-0.2469635627530365,-0.0015024565919933286,-0.012128857310126584,0.9843280027356559,0.2469635627530365
0.8726579536973761,0.8855555555555555,0.7083968036892365,0.04598900539550038,0.02009448548085846,0.04598900539550038,0.030505279034690802,-0.02009448548085846,-0.04598900539550038,0.924198250728863,law,sex,2,proxy_soft,30.0,0.8678326189739738,400.0,0.5922966063348416,0.013355869291442946,-0.2469635627530365,-0.0015024565919933286,-0.012128857310126584,0.9843280027356559,0.2469635627530365
0.8758909114644566,0.8933333333333333,0.7282144966423952,0.0295225491194136,0.004790353373150813,0.0295225491194136,0.015799396681749678,-0.004790353373150813,-0.0295225491194136,0.9373177842565598,law,sex,3,erm,0.0,0.8562979983208872,,,,,,,,
0.8759192224543898,0.8933333333333333,0.7282144966423952,0.0295225491194136,0.004790353373150813,0.0295225491194136,0.015799396681749678,-0.004790353373150813,-0.0295225491194136,0.9373177842565598,law,sex,3,proxy_soft,0.3,0.8563527904202201,100.0,0.5466821266968326,0.0385947550717467,-0.23809523809523808,0.008515433549736273,0.04529616587705121,-0.9405583092069595,0.23809523809523808
0.8759255137854861,0.8933333333333333,0.7282144966423952,0.03962638705079913,0.004790353373150813,0.03962638705079913,0.016930618401206687,-0.004790353373150813,-0.03962638705079913,0.9373177842565598,law,sex,3,proxy_soft,1.0,0.8564553046705847,100.0,0.5466821266968326,0.0385947550717467,-0.23809523809523808,0.008515433549736273,0.04529616587705121,-0.9405583092069595,0.23809523809523808
0.8758429400648479,0.8933333333333333,0.7282144966423952,0.03962638705079913,0.006065365991914429,0.03962638705079913,0.018061840120663697,-0.006065365991914429,-0.03962638705079913,0.9365889212827988,law,sex,3,proxy_soft,3.0,0.8566338208651849,100.0,0.5466821266968326,0.0385947550717467,-0.23809523809523808,0.008515433549736273,0.04529616587705121,-0.9405583092069595,0.23809523809523808
0.875822493238785,0.8927777777777778,0.726798947145741,0.03430723811462888,0.0055192163469117705,0.03430723811462888,0.016930618401206687,-0.0055192163469117705,-0.03430723811462888,0.9365889212827988,law,sex,3,proxy_soft,10.0,0.8566514957359374,100.0,0.5466821266968326,0.0385947550717467,-0.23809523809523808,0.008515433549736273,0.04529616587705121,-0.9405583092069595,0.23809523809523808
0.8757941822488521,0.8933333333333333,0.7282144966423952,0.0295225491194136,0.0035153407543870863,0.0295225491194136,0.014668174962292668,-0.0035153407543870863,-0.0295225491194136,0.9380466472303207,law,sex,3,proxy_soft,30.0,0.8568088020856347,100.0,0.5466821266968326,0.0385947550717467,-0.23809523809523808,0.008515433549736273,0.04529616587705121,-0.9405583092069595,0.23809523809523808
0.8758995620447141,0.8933333333333333,0.7282144966423952,0.0295225491194136,0.004790353373150813,0.0295225491194136,0.015799396681749678,-0.004790353373150813,-0.0295225491194136,0.9373177842565598,law,sex,3,proxy_soft,0.3,0.8563262781140911,400.0,0.5689393665158371,-0.015435606060606122,0.1842105263157895,0.01385806721258398,0.02848399196135809,0.859551670025078,0.1842105263157895
0.8758413672320737,0.8933333333333333,0.7282144966423952,0.0295225491194136,0.004790353373150813,0.0295225491194136,0.015799396681749678,-0.004790353373150813,-0.0295225491194136,0.9373177842565598,law,sex,3,proxy_soft,1.0,0.8564234899032301,400.0,0.5689393665158371,-0.015435606060606122,0.1842105263157895,0.01385806721258398,0.02848399196135809,0.859551670025078,0.1842105263157895
0.8757745218391764,0.8938888888888888,0.7296300461390495,0.02473786012419832,0.006611515636917198,0.02473786012419832,0.016930618401206687,-0.006611515636917198,-0.02473786012419832,0.9365889212827988,law,sex,3,proxy_soft,3.0,0.8564959568733155,400.0,0.5689393665158371,-0.015435606060606122,0.1842105263157895,0.01385806721258398,0.02848399196135809,0.859551670025078,0.1842105263157895
0.8755503931688727,0.8938888888888888,0.7296300461390495,0.02473786012419832,0.010436553493208156,0.02473786012419832,0.020324283559577716,-0.010436553493208156,-0.02473786012419832,0.934402332361516,law,sex,3,proxy_soft,10.0,0.856655030710088,400.0,0.5689393665158371,-0.015435606060606122,0.1842105263157895,0.01385806721258398,0.02848399196135809,0.859551670025078,0.1842105263157895
0.8753907506423055,0.8922222222222222,0.7253833976490869,0.039091927109844216,0.010073117176963686,0.039091927109844216,0.021455505279034726,-0.010073117176963686,-0.039091927109844216,0.9336734693877551,law,sex,3,proxy_soft,30.0,0.8565595864080244,400.0,0.5689393665158371,-0.015435606060606122,0.1842105263157895,0.01385806721258398,0.02848399196135809,0.859551670025078,0.1842105263157895
0.8677994732583039,0.8888888888888888,0.7168901006691617,0.03748854728697948,0.0004211562131288815,0.03748854728697948,0.01240573152337865,-0.0004211562131288815,-0.03748854728697948,0.9373177842565598,law,sex,4,erm,0.0,0.8656091202333083,,,,,,,,
0.8675218682736823,0.8894444444444445,0.7183056501658158,0.04280769622314967,0.0022423184768953774,0.04280769622314967,0.014668174962292668,-0.0022423184768953774,-0.04280769622314967,0.9365889212827988,law,sex,4,proxy_soft,0.3,0.8653864168618267,100.0,0.5581479638009049,0.07887908666320698,-0.22857142857142854,0.03250433615284998,0.13277162752881017,-0.8406083002581404,0.22857142857142854
0.8664720023969972,0.89,0.7197211996624701,0.04812684515931992,0.009163531215716447,0.04812684515931992,0.021455505279034726,-0.009163531215716447,-0.04812684515931992,0.9329446064139941,law,sex,4,proxy_soft,1.0,0.8647430515664355,100.0,0.5581479638009049,0.07887908666320698,-0.22857142857142854,0.03250433615284998,0.13277162752881017,-0.8406083002581404,0.22857142857142854
0.8643746298927879,0.8877777777777778,0.7140590016758532,0.07736943907156668,0.01080397049199644,0.07736943907156668,0.025980392156862764,-0.01080397049199644,-0.07736943907156668,0.9307580174927114,law,sex,4,proxy_soft,3.0,0.8627422561972515,100.0,0.5581479638009049,0.07887908666320698,-0.22857142857142854,0.03250433615284998,0.13277162752881017,-0.8406083002581404,0.22857142857142854
0.8613925389531698,0.8866666666666667,0.711227902682545,0.08693881706199735,0.016086734295809313,0.08693881706199735,0.03163650075414781,-0.016086734295809313,-0.08693881706199735,0.9271137026239067,law,sex,4,proxy_soft,10.0,0.8599001369802484,100.0,0.5581479638009049,0.07887908666320698,-0.22857142857142854,0.03250433615284998,0.13277162752881017,-0.8406083002581404,0.22857142857142854
0.8595397419453268,0.885,0.7069812541925824,0.09118904611625772,0.0195483358358558,0.09118904611625772,0.03503016591251884,-0.0195483358358558,-0.09118904611625772,0.924198250728863,law,sex,4,proxy_soft,30.0,0.8579523662233219,100.0,0.5581479638009049,0.07887908666320698,-0.22857142857142854,0.03250433615284998,0.13277162752881017,-0.8406083002581404,0.22857142857142854
0.8678317163301721,0.8888888888888888,0.7168901006691617,0.03748854728697948,0.0004211562131288815,0.03748854728697948,0.01240573152337865,-0.0004211562131288815,-0.03748854728697948,0.9373177842565598,law,sex,4,proxy_soft,0.3,0.8657134019707481,400.0,0.5920631221719457,-0.010564720812182737,-0.34632034632034636,-0.016393580191910062,-0.01835682178167075,0.765829212209568,0.34632034632034636
0.867850590323461,0.8883333333333333,0.7154745511725076,0.032169398350809286,0.0014000060506375034,0.032169398350809286,0.01014328808446463,0.0014000060506375034,-0.032169398350809286,0.9366466411796832,law,sex,4,proxy_soft,1.0,0.8658229861694136,400.0,0.5920631221719457,-0.010564720812182737,-0.34632034632034636,-0.016393580191910062,-0.01835682178167075,0.765829212209568,0.34632034632034636
0.8679197949655196,0.8883333333333333,0.7154745511725076,0.011961722488038284,0.0014000060506375034,0.011961722488038284,0.007880844645550611,0.0014000060506375034,-0.011961722488038284,0.9366466411796832,law,sex,4,proxy_soft,3.0,0.8657947063762097,400.0,0.5920631221719457,-0.010564720812182737,-0.34632034632034636,-0.016393580191910062,-0.01835682178167075,0.765829212209568,0.34632034632034636
0.8680825831576349,0.89,0.7197211996624701,0.007711493433777805,0.0010365697343930336,0.007711493433777805,0.007880844645550611,0.0010365697343930336,-0.007711493433777805,0.9377389404696886,law,sex,4,proxy_soft,10.0,0.8658212186823384,400.0,0.5920631221719457,-0.010564720812182737,-0.34632034632034636,-0.016393580191910062,-0.01835682178167075,0.765829212209568,0.34632034632034636
0.8685780254814637,0.89,0.7197211996624701,0.007711493433777805,0.004861607590683881,0.007711493433777805,0.004487179487179582,0.004861607590683881,-0.007711493433777805,0.9361004915346806,law,sex,4,proxy_soft,30.0,0.8660775043082497,400.0,0.5920631221719457,-0.010564720812182737,-0.34632034632034636,-0.016393580191910062,-0.01835682178167075,0.765829212209568,0.34632034632034636
0.8613925389531697,0.8866666666666667,0.711227902682545,0.016211951542298597,0.0030384549856457,0.016211951542298597,0.006749622926093601,0.0030384549856457,-0.016211951542298597,0.935008192244675,law,sex,5,erm,0.0,0.862146613052892,,,,,,,,
0.8613815291237512,0.8861111111111111,0.7098123531858908,0.020996640537513933,0.0023095920118847424,0.020996640537513933,0.007880844645550611,0.0023095920118847424,-0.020996640537513933,0.935008192244675,law,sex,5,proxy_soft,0.3,0.8621748928460959,100.0,0.5915697963800906,0.0625,-0.4,0.004024072086310615,0.007494674215590247,-0.7974461247972251,0.4
0.8612698579967929,0.8861111111111111,0.7098123531858908,0.020996640537513933,0.00024043322564271108,0.020996640537513933,0.01014328808446463,-0.00024043322564271108,-0.020996640537513933,0.9358600583090378,law,sex,5,proxy_soft,1.0,0.8620617736732801,100.0,0.5915697963800906,0.0625,-0.4,0.004024072086310615,0.007494674215590247,-0.7974461247972251,0.4
0.8611566140370607,0.8872222222222222,0.7126434521791991,0.04173877634123996,0.001217292721879204,0.04173877634123996,0.01127450980392164,0.001217292721879204,-0.04173877634123996,0.9361004915346806,law,sex,5,proxy_soft,3.0,0.8619239096814105,100.0,0.5915697963800906,0.0625,-0.4,0.004024072086310615,0.007494674215590247,-0.7974461247972251,0.4
0.8608609214755374,0.8872222222222222,0.7126434521791991,0.04173877634123996,0.0024923053406429307,0.04173877634123996,0.01014328808446463,0.0024923053406429307,-0.04173877634123996,0.9355543418896778,law,sex,5,proxy_soft,10.0,0.86170827625823,100.0,0.5915697963800906,0.0625,-0.4,0.004024072086310615,0.007494674215590247,-0.7974461247972251,0.4
0.8605408500060162,0.8866666666666667,0.711227902682545,0.05662730326784082,0.0017634423668819732,0.05662730326784082,0.01240573152337865,0.0017634423668819732,-0.05662730326784082,0.9355543418896778,law,sex,5,proxy_soft,30.0,0.8615173876541027,100.0,0.5915697963800906,0.0625,-0.4,0.004024072086310615,0.007494674215590247,-0.7974461247972251,0.4
0.8616371144495361,0.8855555555555555,0.7083968036892365,0.02578132953272927,0.0028557416568874006,0.02578132953272927,0.007880844645550611,0.0028557416568874006,-0.02578132953272927,0.9344620425996724,law,sex,5,proxy_soft,0.3,0.8623109893508902,400.0,0.5535531674208145,0.021908533469596314,0.19999999999999996,0.022278384378854876,0.07846414115523437,0.98599758301706,0.19999999999999996
0.8618337185462936,0.8866666666666667,0.711227902682545,0.03641962740506971,0.0030384549856457,0.03641962740506971,0.00901206636500762,0.0030384549856457,-0.03641962740506971,0.935008192244675,law,sex,5,proxy_soft,1.0,0.8625107153903937,400.0,0.5535531674208145,0.021908533469596314,0.19999999999999996,0.022278384378854876,0.07846414115523437,0.98599758301706,0.19999999999999996
0.8616748624361135,0.8866666666666667,0.711227902682545,0.05662730326784082,0.0004884297481182465,0.05662730326784082,0.013536953242835659,0.0004884297481182465,-0.05662730326784082,0.9361004915346806,law,sex,5,proxy_soft,3.0,0.8623905262692766,400.0,0.5535531674208145,0.021908533469596314,0.19999999999999996,0.022278384378854876,0.07846414115523437,0.98599758301706,0.19999999999999996
0.8594524497263664,0.8822222222222222,0.6999035067093116,0.06459330143540665,0.005342474041969192,0.06459330143540665,0.019193061840120706,-0.005342474041969192,-0.06459330143540665,0.9307580174927114,law,sex,5,proxy_soft,10.0,0.8605311298661128,400.0,0.5535531674208145,0.021908533469596314,0.19999999999999996,0.022278384378854876,0.07846414115523437,0.98599758301706,0.19999999999999996
0.8563185804240514,0.8822222222222222,0.6999035067093116,0.06459330143540665,0.010442524517023766,0.06459330143540665,0.023717948717948745,-0.010442524517023766,-0.06459330143540665,0.9278425655976676,law,sex,5,proxy_soft,30.0,0.857917016481817,400.0,0.5535531674208145,0.021908533469596314,0.19999999999999996,0.022278384378854876,0.07846414115523437,0.98599758301706,0.19999999999999996
0.8642055503695764,0.8883333333333333,0.7154745511725076,0.0183497913061183,0.002425031805653566,0.0183497913061183,0.007880844645550611,-0.002425031805653566,0.0183497913061183,0.9358600583090378,law,sex,6,erm,0.0,0.8809615129689363,,,,,,,,
0.863674719308331,0.8877777777777778,0.7140590016758532,0.04387661610505955,0.0031538947794144123,0.04387661610505955,0.005618401206636592,-0.0031538947794144123,0.04387661610505955,0.935131195335277,law,sex,6,proxy_soft,0.3,0.8808236489770669,100.0,0.5718532239819005,0.027578599007170412,-0.41666666666666663,-0.017625347405273883,-0.10415395371258962,0.9728097121877252,0.41666666666666663
0.8625328427143634,0.8866666666666667,0.711227902682545,0.044411076046014464,0.002061595489408985,0.044411076046014464,0.004487179487179582,-0.002061595489408985,0.044411076046014464,0.935131195335277,law,sex,6,proxy_soft,1.0,0.8801060492245151,100.0,0.5718532239819005,0.027578599007170412,-0.41666666666666663,-0.017625347405273883,-0.10415395371258962,0.9728097121877252,0.41666666666666663
0.8607799205876732,0.8844444444444445,0.7055657046959282,0.04547999592792429,0.001152009528161746,0.04547999592792429,0.0033559577677225727,-0.001152009528161746,0.04547999592792429,0.934402332361516,law,sex,6,proxy_soft,3.0,0.8789412752419249,100.0,0.5718532239819005,0.027578599007170412,-0.41666666666666663,-0.017625347405273883,-0.10415395371258962,0.9728097121877252,0.41666666666666663
0.8587887142957131,0.8838888888888888,0.7041501551992739,0.04069530693270895,0.0006058598831589768,0.04069530693270895,0.0033559577677225727,-0.0006058598831589768,0.04069530693270895,0.934402332361516,law,sex,6,proxy_soft,10.0,0.8771985329857276,100.0,0.5718532239819005,0.027578599007170412,-0.41666666666666663,-0.017625347405273883,-0.10415395371258962,0.9728097121877252,0.41666666666666663
0.8579236562699799,0.8838888888888888,0.7041501551992739,0.04069530693270895,0.0018808725019227035,0.04069530693270895,0.004487179487179582,-0.0018808725019227035,0.04069530693270895,0.9336734693877551,law,sex,6,proxy_soft,30.0,0.875918872343246,100.0,0.5718532239819005,0.027578599007170412,-0.41666666666666663,-0.017625347405273883,-0.10415395371258962,0.9728097121877252,0.41666666666666663
0.8643549694831122,0.8883333333333333,0.7154745511725076,0.008245953374732773,0.002425031805653566,0.008245953374732773,0.00901206636500762,-0.002425031805653566,0.008245953374732773,0.9358600583090378,law,sex,6,proxy_soft,0.3,0.8809208607662056,400.0,0.5994640837104073,0.028169014084507005,-0.19762845849802368,0.003082687010343088,-0.007652920712727163,0.9710170344455714,0.19762845849802368
0.8645114663441311,0.8883333333333333,0.7154745511725076,0.008245953374732773,0.002425031805653566,0.008245953374732773,0.00901206636500762,-0.002425031805653566,0.008245953374732773,0.9358600583090378,law,sex,6,proxy_soft,1.0,0.8808006716450887,400.0,0.5994640837104073,0.028169014084507005,-0.19762845849802368,0.003082687010343088,-0.007652920712727163,0.9710170344455714,0.19762845849802368
0.864637292966056,0.8883333333333333,0.7154745511725076,0.008245953374732773,0.002425031805653566,0.008245953374732773,0.00901206636500762,-0.002425031805653566,0.008245953374732773,0.9358600583090378,law,sex,6,proxy_soft,3.0,0.8805532234545534,400.0,0.5994640837104073,0.028169014084507005,-0.19762845849802368,0.003082687010343088,-0.007652920712727163,0.9710170344455714,0.19762845849802368
0.8648283921481041,0.8888888888888888,0.7168901006691617,0.0071770334928229484,0.00424619406941984,0.0071770334928229484,0.01240573152337865,-0.00424619406941984,-0.0071770334928229484,0.935131195335277,law,sex,6,proxy_soft,10.0,0.8801785161946004,400.0,0.5994640837104073,0.028169014084507005,-0.19762845849802368,0.003082687010343088,-0.007652920712727163,0.9710170344455714,0.19762845849802368
0.8650029765860249,0.89,0.7197211996624701,0.007711493433777805,0.004063480740661762,0.007711493433777805,0.01240573152337865,-0.004063480740661762,-0.007711493433777805,0.9358600583090378,law,sex,6,proxy_soft,30.0,0.880035349741505,400.0,0.5994640837104073,0.028169014084507005,-0.19762845849802368,0.003082687010343088,-0.007652920712727163,0.9710170344455714,0.19762845849802368
0.8806109826194113,0.8972222222222223,0.7381233431189745,0.01623740201567747,0.004788363031878906,0.01623740201567747,0.014668174962292668,-0.004788363031878906,-0.01623740201567747,0.9395043731778425,law,sex,7,erm,0.0,0.8779903671954399,,,,,,,,
0.8803719120377542,0.8961111111111111,0.7352922441256662,0.00624608897940071,0.00624608897940071,0.00559910414333703,0.014668174962292668,-0.00624608897940071,-0.00559910414333703,0.9380466472303207,law,sex,7,proxy_soft,0.3,0.8776404047545402,100.0,0.585839649321267,-0.025263157894736876,-0.16666666666666663,-0.04002310821767374,-0.14011940907750026,0.9918455519168788,0.16666666666666663
0.8791144322348932,0.8944444444444445,0.7310455956357036,0.00984933319759751,0.0007826021881015555,0.00984933319759751,0.01014328808446463,-0.0007826021881015555,-0.00984933319759751,0.9402332361516035,law,sex,7,proxy_soft,1.0,0.8764986081039283,100.0,0.585839649321267,-0.025263157894736876,-0.16666666666666663,-0.04002310821767374,-0.14011940907750026,0.9918455519168788,0.16666666666666663
0.8752020107094183,0.8911111111111111,0.7225522986557784,0.011961722488038284,0.001219283063151111,0.011961722488038284,0.005618401206636592,0.001219283063151111,0.011961722488038284,0.9382850901146914,law,sex,7,proxy_soft,3.0,0.8733772259290353,100.0,0.585839649321267,-0.025263157894736876,-0.16666666666666663,-0.04002310821767374,-0.14011940907750026,0.9918455519168788,0.16666666666666663
0.8683727708044489,0.8866666666666667,0.711227902682545,0.024203400183243406,0.008138505460700274,0.024203400183243406,0.002300150829562697,0.008138505460700274,0.024203400183243406,0.9328235936646642,law,sex,7,proxy_soft,10.0,0.8674596792010958,100.0,0.585839649321267,-0.025263157894736876,-0.16666666666666663,-0.04002310821767374,-0.14011940907750026,0.9918455519168788,0.16666666666666663
0.8625501438748779,0.8838888888888888,0.7041501551992739,0.060902982795479954,0.012144266304477624,0.060902982795479954,0.010218702865761764,0.012144266304477624,0.060902982795479954,0.9295466957946478,law,sex,7,proxy_soft,30.0,0.8630409615129688,100.0,0.585839649321267,-0.025263157894736876,-0.16666666666666663,-0.04002310821767374,-0.14011940907750026,0.9918455519168788,0.16666666666666663
0.880494592994131,0.8966666666666666,0.7367077936223203,0.010918253079507279,0.006792238624403479,0.010918253079507279,0.015799396681749678,-0.006792238624403479,-0.010918253079507279,0.9380466472303207,law,sex,7,proxy_soft,0.3,0.8779108302770535,400.0,0.5803858031674207,-0.004519989814107395,0.028235294117647025,0.013115542599906105,0.03232595488399309,0.8555569548959928,0.028235294117647025
0.8801131810464214,0.8961111111111111,0.7352922441256662,0.015702942074722614,0.008796114216928164,0.015702942074722614,0.018061840120663697,-0.008796114216928164,-0.015702942074722614,0.9365889212827988,law,sex,7,proxy_soft,1.0,0.877730546595378,400.0,0.5803858031674207,-0.004519989814107395,0.028235294117647025,0.013115542599906105,0.03232595488399309,0.8555569548959928,0.028235294117647025
0.8792371131912697,0.8955555555555555,0.733876694629012,0.07100682072686548,0.012075002428216353,0.07100682072686548,0.027111613876319773,-0.012075002428216353,-0.07100682072686548,0.934402332361516,law,sex,7,proxy_soft,3.0,0.8769740621271707,400.0,0.5803858031674207,-0.004519989814107395,0.028235294117647025,0.013115542599906105,0.03232595488399309,0.8555569548959928,0.028235294117647025
0.8771586146803494,0.8933333333333333,0.7282144966423952,0.059834062913570185,0.013715441704496345,0.059834062913570185,0.027111613876319773,-0.013715441704496345,-0.059834062913570185,0.9322157434402333,law,sex,7,proxy_soft,10.0,0.8749449869647827,400.0,0.5803858031674207,-0.004519989814107395,0.028235294117647025,0.013115542599906105,0.03232595488399309,0.8555569548959928,0.028235294117647025
0.8752594191056716,0.8933333333333333,0.7282144966423952,0.08004173877634119,0.017540479560787414,0.08004173877634119,0.03276772247360482,-0.017540479560787414,-0.08004173877634119,0.9300291545189504,law,sex,7,proxy_soft,30.0,0.8732181520922628,400.0,0.5803858031674207,-0.004519989814107395,0.028235294117647025,0.013115542599906105,0.03232595488399309,0.8555569548959928,0.028235294117647025
0.8528968827240834,0.8855555555555555,0.7083968036892365,0.06619668125827138,0.004130754275651127,0.06619668125827138,0.01127450980392164,0.004130754275651127,-0.06619668125827138,0.9339158929546696,law,sex,8,erm,0.0,0.8777605938756572,,,,,,,,
0.8527372401975163,0.8855555555555555,0.7083968036892365,0.06619668125827138,0.004130754275651127,0.06619668125827138,0.01127450980392164,0.004130754275651127,-0.06619668125827138,0.9339158929546696,law,sex,8,proxy_soft,0.3,0.8781423710839115,100.0,0.5686219457013575,-0.14499484004127972,0.09999999999999998,-0.028029319711685985,-0.08469927616272499,-0.2803725667143998,0.14499484004127972
0.8522182053820765,0.8844444444444445,0.7055657046959282,0.05555838338593094,0.003948040946892939,0.05555838338593094,0.01014328808446463,0.003948040946892939,-0.05555838338593094,0.9333697433096668,law,sex,8,proxy_soft,1.0,0.8786690822323361,100.0,0.5686219457013575,-0.14499484004127972,0.09999999999999998,-0.028029319711685985,-0.08469927616272499,-0.2803725667143998,0.14499484004127972
0.8500170259147793,0.8844444444444445,0.7055657046959282,0.03535070752315994,0.006498066184420281,0.03535070752315994,0.005618401206636592,0.006498066184420281,-0.03535070752315994,0.9322774440196614,law,sex,8,proxy_soft,3.0,0.87933012239848,100.0,0.5686219457013575,-0.14499484004127972,0.09999999999999998,-0.028029319711685985,-0.08469927616272499,-0.2803725667143998,0.14499484004127972
0.8432837288090274,0.8822222222222222,0.6999035067093116,0.008682664764431247,0.008682664764431247,0.006133564084291998,0.0011689291101055765,0.008682664764431247,0.006133564084291998,0.9300928454396504,law,sex,8,proxy_soft,10.0,0.8773876541027793,100.0,0.5686219457013575,-0.14499484004127972,0.09999999999999998,-0.028029319711685985,-0.08469927616272499,-0.2803725667143998,0.14499484004127972
0.8341471432245117,0.8788888888888889,0.6914102097293864,0.02794461976992768,0.013234575253211145,0.02794461976992768,0.007956259426847745,0.013234575253211145,0.02794461976992768,0.9262697979246314,law,sex,8,proxy_soft,30.0,0.8721382174892846,100.0,0.5686219457013575,-0.14499484004127972,0.09999999999999998,-0.028029319711685985,-0.08469927616272499,-0.2803725667143998,0.14499484004127972
0.8529236208812425,0.8855555555555555,0.7083968036892365,0.06619668125827138,0.0028557416568874006,0.06619668125827138,0.01240573152337865,0.0028557416568874006,-0.06619668125827138,0.9344620425996724,law,sex,8,proxy_soft,0.3,0.877758826388582,400.0,0.6049462669683258,-0.006363159275780683,-0.0365111561866126,0.0001507958065514181,-0.015127808571014756,0.983390387422207,0.0365111561866126
0.8529369899598219,0.8855555555555555,0.7083968036892365,0.06619668125827138,0.0028557416568874006,0.06619668125827138,0.01240573152337865,0.0028557416568874006,-0.06619668125827138,0.9344620425996724,law,sex,8,proxy_soft,1.0,0.8777234766470771,400.0,0.6049462669683258,-0.006363159275780683,-0.0365111561866126,0.0001507958065514181,-0.015127808571014756,0.983390387422207,0.0365111561866126
0.8529865341922048,0.885,0.7069812541925824,0.07098137025348672,0.002126878683126443,0.07098137025348672,0.013536953242835659,0.002126878683126443,-0.07098137025348672,0.9344620425996724,law,sex,8,proxy_soft,3.0,0.8777358490566036,400.0,0.6049462669683258,-0.006363159275780683,-0.0365111561866126,0.0001507958065514181,-0.015127808571014756,0.983390387422207,0.0365111561866126
0.8530305735098787,0.8855555555555555,0.7083968036892365,0.07630051918965691,0.0015807290381237848,0.07630051918965691,0.014668174962292668,0.0015807290381237848,-0.07630051918965691,0.935008192244675,law,sex,8,proxy_soft,10.0,0.8775750077327559,400.0,0.6049462669683258,-0.006363159275780683,-0.0365111561866126,0.0001507958065514181,-0.015127808571014756,0.983390387422207,0.0365111561866126
0.8530478746703932,0.8855555555555555,0.7083968036892365,0.07630051918965691,0.0009692961994035576,0.07630051918965691,0.016930618401206687,-0.0009692961994035576,-0.07630051918965691,0.935131195335277,law,sex,8,proxy_soft,30.0,0.8774106314347576,400.0,0.6049462669683258,-0.006363159275780683,-0.0365111561866126,0.0001507958065514181,-0.015127808571014756,0.983390387422207,0.0365111561866126
0.8613831019565253,0.8844444444444445,0.7055657046959282,0.07576605924870206,0.015423154515765924,0.07576605924870206,0.002224736048265563,0.015423154515765924,-0.07576605924870206,0.9284543965046422,law,sex,9,erm,0.0,0.8674720516106226,,,,,,,,
0.8613280528094334,0.885,0.7069812541925824,0.07098137025348672,0.016152017489526882,0.07098137025348672,0.0010935143288084426,0.016152017489526882,-0.07098137025348672,0.9284543965046422,law,sex,9,proxy_soft,0.3,0.8674844240201495,100.0,0.5809184954751131,0.03796867584242991,0.06666666666666665,0.0007779262472017434,0.04383856281048232,0.8775967381526757,0.06666666666666665
0.8611684102828661,0.8844444444444445,0.7055657046959282,0.07576605924870206,0.015423154515765924,0.07576605924870206,0.002224736048265563,0.015423154515765924,-0.07576605924870206,0.9284543965046422,law,sex,9,proxy_soft,1.0,0.8673942821793116,100.0,0.5809184954751131,0.03796867584242991,0.06666666666666665,0.0007779262472017434,0.04383856281048232,0.8775967381526757,0.06666666666666665
0.8609969715104936,0.8855555555555555,0.7083968036892365,0.06619668125827138,0.01688088046328784,0.06619668125827138,3.7707390648566985e-05,0.01688088046328784,-0.06619668125827138,0.9284543965046422,law,sex,9,proxy_soft,3.0,0.8672705580840441,100.0,0.5809184954751131,0.03796867584242991,0.06666666666666665,0.0007779262472017434,0.04383856281048232,0.8775967381526757,0.06666666666666665
0.8608373289839265,0.8855555555555555,0.7083968036892365,0.06619668125827138,0.015605867844524113,0.06619668125827138,0.0010935143288084426,0.015605867844524113,-0.06619668125827138,0.929000546149645,law,sex,9,proxy_soft,10.0,0.867235208342539,100.0,0.5809184954751131,0.03796867584242991,0.06666666666666665,0.0007779262472017434,0.04383856281048232,0.8775967381526757,0.06666666666666665
0.8609529321928198,0.8861111111111111,0.7098123531858908,0.06141199226305605,0.013784705580757728,0.06141199226305605,0.002224736048265563,0.013784705580757728,-0.06141199226305605,0.9300928454396504,law,sex,9,proxy_soft,30.0,0.8674172595112899,100.0,0.5809184954751131,0.03796867584242991,0.06666666666666665,0.0007779262472017434,0.04383856281048232,0.8775967381526757,0.06666666666666665
0.861136167210998,0.885,0.7069812541925824,0.07098137025348672,0.014877004870763155,0.07098137025348672,0.002224736048265563,0.014877004870763155,-0.07098137025348672,0.929000546149645,law,sex,9,proxy_soft,0.3,0.8674402368432681,400.0,0.5999726809954751,0.014430419199002675,-0.1547619047619047,-0.02460335121901125,-0.02369916885217438,0.6238875813819569,0.1547619047619047
0.8604606355345389,0.8861111111111111,0.7098123531858908,0.06141199226305605,0.013784705580757728,0.06141199226305605,0.002224736048265563,0.013784705580757728,-0.06141199226305605,0.9300928454396504,law,sex,9,proxy_soft,1.0,0.8672387433166895,400.0,0.5999726809954751,0.014430419199002675,-0.1547619047619047,-0.02460335121901125,-0.02369916885217438,0.6238875813819569,0.1547619047619047
0.8591064265160733,0.8883333333333333,0.7154745511725076,0.042273236282194815,0.016700157475801447,0.042273236282194815,0.002300150829562697,0.016700157475801447,-0.042273236282194815,0.9300928454396504,law,sex,9,proxy_soft,3.0,0.8665741681763952,400.0,0.5999726809954751,0.014430419199002675,-0.1547619047619047,-0.02460335121901125,-0.02369916885217438,0.6238875813819569,0.1547619047619047
0.8567298761944682,0.8866666666666667,0.711227902682545,0.046523465336455294,0.022163644267100713,0.046523465336455294,0.006825037707390735,0.022163644267100713,-0.046523465336455294,0.926815947569634,law,sex,9,proxy_soft,10.0,0.865206133180151,400.0,0.5999726809954751,0.014430419199002675,-0.1547619047619047,-0.02460335121901125,-0.02369916885217438,0.6238875813819569,0.1547619047619047
0.8550681783686735,0.8861111111111111,0.7098123531858908,0.041204316400285046,0.02015976867457603,0.041204316400285046,0.005693815987933726,0.02015976867457603,-0.041204316400285046,0.9273620972146368,law,sex,9,proxy_soft,30.0,0.8643966240996862,400.0,0.5999726809954751,0.014430419199002675,-0.1547619047619047,-0.02460335121901125,-0.02369916885217438,0.6238875813819569,0.1547619047619047
0.731121504455229,0.7894444444444444,0.6943526476892308,0.0658446418105586,0.0658446418105586,0.05251454095568625,0.07601348137345931,0.0658446418105586,0.05251454095568625,0.8243992606284658,credit,sex,0,erm,0.0,0.7186537409352112,,,,,,,,
0.7317321719152108,0.79,0.6951591050831906,0.06793029641413395,0.06793029641413395,0.055413091680323934,0.07833540963168084,0.06793029641413395,0.055413091680323934,0.8234750462107209,credit,sex,0,proxy_soft,0.3,0.7197167785627128,100.0,0.5138914064086655,-0.01658163265306123,0.2954545454545454,0.005735247231851481,0.08472387360081957,0.992364590090584,0.2954545454545454
0.7327138097764141,0.79,0.6951591050831906,0.07094016543545423,0.07094016543545423,0.06052893730518333,0.08181830201901341,0.07094016543545423,0.06052893730518333,0.821626617375231,credit,sex,0,proxy_soft,1.0,0.7213803568783573,100.0,0.5138914064086655,-0.01658163265306123,0.2954545454545454,0.005735247231851481,0.08472387360081957,0.992364590090584,0.2954545454545454
0.7334794962687905,0.7894444444444444,0.6943526476892308,0.07186437985319916,0.07186437985319916,0.06786207783026443,0.08414023027723505,0.07186437985319916,0.06786207783026443,0.8207024029574861,credit,sex,0,proxy_soft,3.0,0.7231376437241988,100.0,0.5138914064086655,-0.01658163265306123,0.2954545454545454,0.005735247231851481,0.08472387360081957,0.992364590090584,0.2954545454545454
0.7335247474892292,0.7883333333333333,0.6927397329013112,0.06718082200584857,0.061673332603407904,0.06718082200584857,0.07601348137345931,0.061673332603407904,0.06718082200584857,0.8262476894639557,credit,sex,0,proxy_soft,10.0,0.723724077751882,100.0,0.5138914064086655,-0.01658163265306123,0.2954545454545454,0.005735247231851481,0.08472387360081957,0.992364590090584,0.2954545454545454
0.7323423913433071,0.7811111111111111,0.6822557867798336,0.055078890709855666,0.05412397139551006,0.055078890709855666,0.06672576834057276,0.05412397139551006,0.055078890709855666,0.8262476894639557,credit,sex,0,proxy_soft,30.0,0.7240837975936052,100.0,0.5138914064086655,-0.01658163265306123,0.2954545454545454,0.005735247231851481,0.08472387360081957,0.992364590090584,0.2954545454545454
0.7318392515358534,0.7888888888888889,0.693546190295271,0.06827379073896367,0.06827379073896367,0.04961599023104857,0.07717444550257013,0.06827379073896367,0.04961599023104857,0.822550831792976,credit,sex,0,proxy_soft,0.3,0.7194356529721222,400.0,0.5260111885094424,0.04674586776859502,0.10756756756756758,0.024974287415717833,0.08499547421490972,0.992301683092841,0.10756756756756758
0.7331636337894896,0.7894444444444444,0.6943526476892308,0.0658446418105586,0.0658446418105586,0.05251454095568625,0.07601348137345931,0.0658446418105586,0.05251454095568625,0.8243992606284658,credit,sex,0,proxy_soft,1.0,0.7206407648228255,400.0,0.5260111885094424,0.04674586776859502,0.10756756756756758,0.024974287415717833,0.08499547421490972,0.992301683092841,0.10756756756756758
0.7347290571975427,0.7880555555555555,0.6921115921977936,0.06939811690607028,0.04511905298614638,0.06939811690607028,0.06370306923441826,0.04511905298614638,0.06939811690607028,0.8364140480591498,credit,sex,0,proxy_soft,3.0,0.721489179687618,400.0,0.5260111885094424,0.04674586776859502,0.10756756756756758,0.024974287415717833,0.08499547421490972,0.992301683092841,0.10756756756756758
0.7331855873518807,0.7883333333333333,0.6927397329013112,0.06206497638098907,0.04210918396482621,0.06206497638098907,0.05975998356590784,0.04210918396482621,0.06206497638098907,0.8382624768946395,credit,sex,0,proxy_soft,10.0,0.7177035565913874,400.0,0.5260111885094424,0.04674586776859502,0.10756756756756758,0.024974287415717833,0.08499547421490972,0.992301683092841,0.10756756756756758
0.7288307174244977,0.7838888888888889,0.6862880737496326,0.07468748995790359,0.034453554200184255,0.07468748995790359,0.05627709117857527,0.034453554200184255,0.07468748995790359,0.8401109057301294,credit,sex,0,proxy_soft,30.0,0.7129153529839113,400.0,0.5260111885094424,0.04674586776859502,0.10756756756756758,0.024974287415717833,0.08499547421490972,0.992301683092841,0.10756756756756758
0.7190797514677525,0.7822222222222223,0.6838687015677531,0.052275542560020205,0.052275542560020205,0.00563000096404126,0.0516332346621321,0.052275542560020205,-0.00563000096404126,0.8280961182994455,credit,sex,1,erm,0.0,0.7331422888459644,,,,,,,,
0.7187965953160955,0.7827777777777778,0.6846751589617129,0.05135132814227539,0.05135132814227539,0.0023843953854558175,0.05279419879124281,0.05135132814227539,0.0023843953854558175,0.8290203327171903,credit,sex,1,proxy_soft,0.3,0.7324601310508758,100.0,0.4919948289982513,-0.018452380952380887,-0.2121212121212121,-0.03733032395954261,-0.06535994138962198,0.9080612412577516,0.2121212121212121
0.7177804589997061,0.7822222222222223,0.6838687015677531,0.04926567353870004,0.04926567353870004,0.0005141553391818654,0.05047227053302128,0.04926567353870004,-0.0005141553391818654,0.8299445471349353,credit,sex,1,proxy_soft,1.0,0.7312580420559853,100.0,0.4919948289982513,-0.018452380952380887,-0.2121212121212121,-0.03733032395954261,-0.06535994138962198,0.9080612412577516,0.2121212121212121
0.7156500673839955,0.7822222222222223,0.6838687015677531,0.04475087000671962,0.04475087000671962,0.015861692213760104,0.04350648575835636,0.04475087000671962,-0.015861692213760104,0.83271719038817,credit,sex,1,proxy_soft,3.0,0.7297707969960874,100.0,0.4919948289982513,-0.018452380952380887,-0.2121212121212121,-0.03733032395954261,-0.06535994138962198,0.9080612412577516,0.2121212121212121
0.7129618760707961,0.78,0.680642871991914,0.040923055124398644,0.040923055124398644,0.022340049487451386,0.03886262924191297,0.040923055124398644,-0.022340049487451386,0.833641404805915,credit,sex,1,proxy_soft,10.0,0.7280044415828075,100.0,0.4919948289982513,-0.018452380952380887,-0.2121212121212121,-0.03733032395954261,-0.06535994138962198,0.9080612412577516,0.2121212121212121
0.7113005738392391,0.78,0.680642871991914,0.04242798963505878,0.04242798963505878,0.022340049487451386,0.04002359337102379,0.04242798963505878,-0.022340049487451386,0.83271719038817,credit,sex,1,proxy_soft,30.0,0.7268073906809385,100.0,0.4919948289982513,-0.018452380952380887,-0.2121212121212121,-0.03733032395954261,-0.06535994138962198,0.9080612412577516,0.2121212121212121
0.719214609065298,0.7816666666666666,0.6830622441737932,0.053199756977765134,0.053199756977765134,0.0034127060638195483,0.05279419879124281,0.053199756977765134,-0.0034127060638195483,0.8271719038817006,credit,sex,1,proxy_soft,0.3,0.7331694945482796,400.0,0.5026410637131002,-0.0050944224857268905,-0.06756756756756754,0.012750906038818566,0.02095604429925496,-0.8909508521357676,0.06756756756756754
0.7192871902307543,0.7827777777777778,0.6846751589617129,0.054361197163595554,0.054361197163595554,0.0027314502394035767,0.05395516292035363,0.054361197163595554,-0.0027314502394035767,0.8271719038817006,credit,sex,1,proxy_soft,1.0,0.7331735250226966,400.0,0.5026410637131002,-0.0050944224857268905,-0.06756756756756754,0.012750906038818566,0.02095604429925496,-0.8909508521357676,0.06756756756756754
0.7195524251069899,0.7833333333333333,0.6854816163556728,0.0564468517671709,0.0564468517671709,0.015180436389344132,0.05279419879124281,0.0564468517671709,-0.015180436389344132,0.8262476894639557,credit,sex,1,proxy_soft,3.0,0.7333559039900688,400.0,0.5026410637131002,-0.0050944224857268905,-0.06756756756756754,0.012750906038818566,0.02095604429925496,-0.8909508521357676,0.06756756756756754
0.7189148757338764,0.7811111111111111,0.6822557867798336,0.061648643948810755,0.061648643948810755,0.006311256788457231,0.05859901943679702,0.061648643948810755,-0.006311256788457231,0.821626617375231,credit,sex,1,proxy_soft,10.0,0.733310561152877,400.0,0.5026410637131002,-0.0050944224857268905,-0.06756756756756754,0.012750906038818566,0.02095604429925496,-0.8909508521357676,0.06756756756756754
0.716545235091291,0.7805555555555556,0.6814493293858737,0.06407779287721571,0.06407779287721571,0.006137729361483324,0.06324287595324019,0.06407779287721571,0.006137729361483324,0.8197781885397413,credit,sex,1,proxy_soft,30.0,0.73131346107922,400.0,0.5026410637131002,-0.0050944224857268905,-0.06756756756756754,0.012750906038818566,0.02095604429925496,-0.8909508521357676,0.06756756756756754
0.7368984275872946,0.7872222222222223,0.6911268181133916,0.09207879430572968,0.03492800573635524,0.09207879430572968,0.060920947695018546,0.03492800573635524,0.09207879430572968,0.8419593345656192,credit,sex,2,erm,0.0,0.7035102409316845,,,,,,,,
0.7360001236568005,0.79,0.6951591050831906,0.08610816542948041,0.02579213011565029,0.08610816542948041,0.05279419879124281,0.02579213011565029,0.08610816542948041,0.8493530499075785,credit,sex,2,proxy_soft,0.3,0.7015987884393902,100.0,0.5199182036052328,0.08484848484848484,-0.4700854700854701,0.08213420884617251,0.236619186066723,-0.8714349798811735,0.4700854700854701
0.7329785966207643,0.7861111111111111,0.6895139033254719,0.08116584723159481,0.01119254789062285,0.08116584723159481,0.04002359337102379,0.01119254789062285,0.08116584723159481,0.8558225508317929,credit,sex,2,proxy_soft,1.0,0.6974433693153937,100.0,0.5199182036052328,0.08484848484848484,-0.4700854700854701,0.08213420884617251,0.236619186066723,-0.8714349798811735,0.4700854700854701
0.7221743077011304,0.7805555555555556,0.6814493293858737,0.06752787685979628,0.011405085004111193,0.06752787685979628,0.03654070098369133,0.011405085004111193,0.06752787685979628,0.8521256931608133,credit,sex,2,proxy_soft,3.0,0.6859061362965381,100.0,0.5199182036052328,0.08484848484848484,-0.4700854700854701,0.08213420884617251,0.236619186066723,-0.8714349798811735,0.4700854700854701
0.7047113688987018,0.7705555555555555,0.666933096294597,0.04604903756547446,0.003961992352957577,0.04604903756547446,0.024931059692583135,0.003961992352957577,0.04604903756547446,0.8502772643253235,credit,sex,2,proxy_soft,10.0,0.669243147437777,100.0,0.5199182036052328,0.08484848484848484,-0.4700854700854701,0.08213420884617251,0.236619186066723,-0.8714349798811735,0.4700854700854701
0.6946109380712406,0.7633333333333333,0.6564491501731194,0.059526334393778746,0.005442238209020567,0.059526334393778746,0.028413952079915594,0.005442238209020567,0.059526334393778746,0.844731977818854,credit,sex,2,proxy_soft,30.0,0.6594087898601324,100.0,0.5199182036052328,0.08484848484848484,-0.4700854700854701,0.08213420884617251,0.236619186066723,-0.8714349798811735,0.4700854700854701
0.7365592674499459,0.7888888888888889,0.693546190295271,0.08542690960506444,0.03215536248312045,0.08542690960506444,0.0574380553076862,0.03215536248312045,0.08542690960506444,0.844731977818854,credit,sex,2,proxy_soft,0.3,0.7028583116947239,400.0,0.5275371054675575,0.05906593406593397,0.0328399629972248,0.05218222376940951,0.1438111782475976,0.7549038074760444,0.05906593406593397
0.7351667843497087,0.7883333333333333,0.6927397329013112,0.05694913075612967,0.021040100815584384,0.05694913075612967,0.04234552162924554,0.021040100815584384,0.05694913075612967,0.8512014787430684,credit,sex,2,proxy_soft,1.0,0.7012834038162548,400.0,0.5275371054675575,0.05906593406593397,0.0328399629972248,0.05218222376940951,0.1438111782475976,0.7549038074760444,0.05906593406593397
0.730049364153148,0.7844444444444445,0.6870945311435924,0.052006812558244186,0.015470125654517664,0.052006812558244186,0.03654070098369133,0.015470125654517664,0.052006812558244186,0.8521256931608133,credit,sex,2,proxy_soft,3.0,0.6973355541247371,400.0,0.5275371054675575,0.05906593406593397,0.0328399629972248,0.05218222376940951,0.1438111782475976,0.7549038074760444,0.05906593406593397
0.7144170836350081,0.7711111111111111,0.6677395536885569,0.023368360165815116,0.019592057552474174,0.023368360165815116,0.03189684446724805,0.019592057552474174,0.023368360165815116,0.8410351201478743,credit,sex,2,proxy_soft,10.0,0.6853781441479023,400.0,0.5275371054675575,0.05906593406593397,0.0328399629972248,0.05218222376940951,0.1438111782475976,0.7549038074760444,0.05906593406593397
0.6962919537057614,0.7594444444444445,0.6508039484154009,0.01642654266521537,0.01642654266521537,0.003425559947298984,0.023770095563472315,0.01642654266521537,0.003425559947298984,0.8354898336414048,credit,sex,2,proxy_soft,30.0,0.6712996970090858,400.0,0.5275371054675575,0.05906593406593397,0.0328399629972248,0.05218222376940951,0.1438111782475976,0.7549038074760444,0.05906593406593397
0.7317379963297228,0.7861111111111111,0.6895139033254719,0.036776434571845096,0.036776434571845096,0.005803528391015167,0.04002359337102379,0.036776434571845096,-0.005803528391015167,0.8401109057301294,credit,sex,3,erm,0.0,0.7111908137427086,,,,,,,,
0.7307532222453207,0.7866666666666666,0.6903203607194317,0.03585222015410017,0.03585222015410017,0.008020823291236878,0.03886262924191297,0.03585222015410017,-0.008020823291236878,0.8410351201478743,credit,sex,3,proxy_soft,0.3,0.7100330599664061,100.0,0.49333048532659163,-0.0063041765169424835,-0.196078431372549,-0.0465510607244618,-0.05633690469492614,0.7909529084546497,0.196078431372549
0.7290314357092166,0.7883333333333333,0.6922899088882357,0.03667016601510087,0.03667016601510087,0.0073395674668209065,0.03978301580426913,0.03667016601510087,-0.0073395674668209065,0.8419593345656192,credit,sex,3,proxy_soft,1.0,0.7080984322462136,100.0,0.49333048532659163,-0.0063041765169424835,-0.196078431372549,-0.0465510607244618,-0.05633690469492614,0.7909529084546497,0.196078431372549
0.7267370644234009,0.7872222222222223,0.6911268181133916,0.0454625473109761,0.0454625473109761,6.426941739801073e-06,0.04815034227479953,0.0454625473109761,-6.426941739801073e-06,0.8354898336414048,credit,sex,3,proxy_soft,3.0,0.7053315115588968,100.0,0.49333048532659163,-0.0063041765169424835,-0.196078431372549,-0.0465510607244618,-0.05633690469492614,0.7909529084546497,0.196078431372549
0.7245421562161736,0.7872222222222223,0.6911268181133916,0.04395761280031596,0.04395761280031596,0.005122272566599195,0.04582841401657789,0.04395761280031596,-0.005122272566599195,0.8364140480591498,credit,sex,3,proxy_soft,10.0,0.7025776899134355,100.0,0.49333048532659163,-0.0063041765169424835,-0.196078431372549,-0.0465510607244618,-0.05633690469492614,0.7909529084546497,0.196078431372549
0.7233705528355041,0.7866666666666666,0.6903203607194317,0.04488182721806089,0.04488182721806089,0.0022108679584819657,0.04815034227479953,0.04488182721806089,0.0022108679584819657,0.8354898336414048,credit,sex,3,proxy_soft,30.0,0.7011650086302532,100.0,0.49333048532659163,-0.0063041765169424835,-0.196078431372549,-0.0465510607244618,-0.05633690469492614,0.7909529084546497,0.196078431372549
0.7320556509365659,0.7866666666666666,0.6903203607194317,0.037357154664760306,0.037357154664760306,0.002904977666377484,0.04118455750013461,0.037357154664760306,-0.002904977666377484,0.8401109057301294,credit,sex,3,proxy_soft,0.3,0.7114114822170432,400.0,0.5153118875096945,0.049119971264367845,0.07019027484143758,0.02413666379498247,0.04159163087970169,0.9964089563057781,0.07019027484143758
0.7326761750980294,0.7861111111111111,0.6895139033254719,0.038281369082505234,0.038281369082505234,0.0006876827661557172,0.04234552162924554,0.038281369082505234,-0.0006876827661557172,0.8391866913123844,credit,sex,3,proxy_soft,1.0,0.7116281202169605,400.0,0.5153118875096945,0.049119971264367845,0.07019027484143758,0.02413666379498247,0.04159163087970169,0.9964089563057781,0.07019027484143758
0.7337792296002122,0.7855555555555556,0.688707445931512,0.03920558350025016,0.03920558350025016,0.0035862334907934,0.04234552162924554,0.03920558350025016,-0.0035862334907934,0.8382624768946395,credit,sex,3,proxy_soft,3.0,0.7121097619098,400.0,0.5153118875096945,0.049119971264367845,0.07019027484143758,0.02413666379498247,0.04159163087970169,0.9964089563057781,0.07019027484143758
0.7344351482806328,0.7866666666666666,0.6903203607194317,0.04488182721806089,0.04488182721806089,0.013136668916096272,0.04466744988746707,0.04488182721806089,-0.013136668916096272,0.8354898336414048,credit,sex,3,proxy_soft,10.0,0.7102577589151575,400.0,0.5153118875096945,0.049119971264367845,0.07019027484143758,0.02413666379498247,0.04159163087970169,0.9964089563057781,0.07019027484143758
0.7319570839217485,0.7855555555555556,0.688707445931512,0.03920558350025016,0.03920558350025016,0.00870207911565285,0.04118455750013461,0.03920558350025016,-0.00870207911565285,0.8382624768946395,credit,sex,3,proxy_soft,30.0,0.7059169379679759,400.0,0.5153118875096945,0.049119971264367845,0.07019027484143758,0.02413666379498247,0.04159163087970169,0.9964089563057781,0.07019027484143758
0.7263761747396039,0.7872222222222223,0.6911268181133916,0.037937874757675516,0.037937874757675516,0.030688646807416675,0.04931130640391035,0.037937874757675516,0.030688646807416675,0.8401109057301294,credit,sex,4,erm,0.0,0.714288737141527,,,,,,,,
0.7264147054817598,0.79,0.6951591050831906,0.03632667169027115,0.03632667169027115,0.02983386355602685,0.04815034227479953,0.03632667169027115,0.02983386355602685,0.8428835489833642,credit,sex,4,proxy_soft,0.3,0.7146887617274209,100.0,0.5211104532336817,-0.03863636363636369,-0.3611111111111111,0.006211445925115577,0.1192044607200623,-0.9985137654605851,0.3611111111111111
0.7252341414633796,0.7844444444444445,0.6870945311435924,0.03954907782507977,0.03954907782507977,0.02131173880908771,0.04815034227479953,0.03954907782507977,0.02131173880908771,0.8373382624768947,credit,sex,4,proxy_soft,1.0,0.7133899413465211,100.0,0.5211104532336817,-0.03863636363636369,-0.3611111111111111,0.006211445925115577,0.1192044607200623,-0.9985137654605851,0.3611111111111111
0.7215575918106939,0.7822222222222223,0.6838687015677531,0.034216328432098764,0.034216328432098764,0.004601690285677529,0.04002359337102379,0.034216328432098764,0.004601690285677529,0.8391866913123844,credit,sex,4,proxy_soft,3.0,0.7107257977568394,100.0,0.5211104532336817,-0.03863636363636369,-0.3611111111111111,0.006211445925115577,0.1192044607200623,-0.9985137654605851,0.3611111111111111
0.7131587860844881,0.7805555555555556,0.6814493293858737,0.03698897168533344,0.03698897168533344,0.021485266236061507,0.04582841401657789,0.03698897168533344,0.021485266236061507,0.8364140480591498,credit,sex,4,proxy_soft,10.0,0.7020572549043316,100.0,0.5211104532336817,-0.03863636363636369,-0.3611111111111111,0.006211445925115577,0.1192044607200623,-0.9985137654605851,0.3611111111111111
0.699627775109499,0.7744444444444445,0.6725782980523157,0.02759118164194585,0.02759118164194585,0.00016710048523405074,0.03305780859635887,0.02759118164194585,-0.00016710048523405074,0.8382624768946395,credit,sex,4,proxy_soft,30.0,0.6886458512815398,100.0,0.5211104532336817,-0.03863636363636369,-0.3611111111111111,0.006211445925115577,0.1192044607200623,-0.9985137654605851,0.3611111111111111
0.7259093255148782,0.7883333333333333,0.6927397329013112,0.0375943804328458,0.0375943804328458,0.03136990263183265,0.04931130640391035,0.0375943804328458,0.03136990263183265,0.8410351201478743,credit,sex,4,proxy_soft,0.3,0.713921963969574,400.0,0.5323569059499381,0.02795992714025497,-0.03605870020964358,0.03202925357943831,0.09291654318917825,-0.5474231464692737,0.03605870020964358
0.7246651409687526,0.7888888888888889,0.693546190295271,0.03516523150444073,0.03516523150444073,0.013805070857032697,0.04350648575835636,0.03516523150444073,0.013805070857032697,0.8428835489833642,credit,sex,4,proxy_soft,1.0,0.7125969455049631,400.0,0.5323569059499381,0.02795992714025497,-0.03605870020964358,0.03202925357943831,0.09291654318917825,-0.5474231464692737,0.03605870020964358
0.720956781052194,0.7855555555555556,0.688707445931512,0.03168091094694947,0.03168091094694947,0.001529612134065994,0.03770166511280215,0.03168091094694947,0.001529612134065994,0.8428835489833642,credit,sex,4,proxy_soft,3.0,0.7084002140181915,400.0,0.5323569059499381,0.02795992714025497,-0.03605870020964358,0.03202925357943831,0.09291654318917825,-0.5474231464692737,0.03605870020964358
0.7116766966071442,0.78,0.680642871991914,0.028883579039117535,0.028883579039117535,0.0018766669880137532,0.034218772725469804,0.028883579039117535,-0.0018766669880137532,0.8410351201478743,credit,sex,4,proxy_soft,10.0,0.6977778986920102,400.0,0.5323569059499381,0.02795992714025497,-0.03605870020964358,0.03202925357943831,0.09291654318917825,-0.5474231464692737,0.03605870020964358
0.7013522498369164,0.7733333333333333,0.6709653832643961,0.021311738809087766,0.012885330860174293,0.021311738809087766,0.016804310788807397,0.012885330860174293,-0.021311738809087766,0.8465804066543438,credit,sex,4,proxy_soft,30.0,0.6840793237670022,400.0,0.5323569059499381,0.02795992714025497,-0.03605870020964358,0.03202925357943831,0.09291654318917825,-0.5474231464692737,0.03605870020964358
0.7153993935440397,0.7872222222222223,0.6911268181133916,0.02439346416173438,0.02439346416173438,0.015341109932838437,0.03537973685458051,0.02439346416173438,0.015341109932838437,0.8484288354898336,credit,sex,5,erm,0.0,0.7363031884075495,,,,,,,,
0.7138357622635287,0.7872222222222223,0.6911268181133916,0.020456955557697887,0.019878660629753853,0.020456955557697887,0.03305780859635887,0.019878660629753853,0.020456955557697887,0.8512014787430684,credit,sex,5,proxy_soft,0.3,0.7358487524170251,100.0,0.5345200828019834,0.09928443649373875,0.23109243697478993,0.1252626651236306,0.2690816527636862,0.999553088305063,0.23109243697478993
0.7108921927755754,0.7827777777777778,0.6846751589617129,0.027963623509752844,0.010718096354451756,0.027963623509752844,0.027252987950804775,0.010718096354451756,0.027963623509752844,0.8539741219963032,credit,sex,5,proxy_soft,1.0,0.7337760809480482,100.0,0.5345200828019834,0.09928443649373875,0.23109243697478993,0.1252626651236306,0.2690816527636862,0.999553088305063,0.23109243697478993
0.6990498139771611,0.7741666666666667,0.6719501573487981,0.017397731289565788,0.000502360450063355,0.017397731289565788,0.016103539940874656,0.000502360450063355,0.017397731289565788,0.8548983364140481,credit,sex,5,proxy_soft,3.0,0.7269403963367017,100.0,0.5345200828019834,0.09928443649373875,0.23109243697478993,0.1252626651236306,0.2690816527636862,0.999553088305063,0.23109243697478993
0.6732678191241516,0.7538888888888889,0.6427393744758028,0.0059349378811982545,0.0059349378811982545,0.005135126450078742,0.00635563362681002,-0.0059349378811982545,0.005135126450078742,0.8397212543554007,credit,sex,5,proxy_soft,10.0,0.7046599337591529,100.0,0.5345200828019834,0.09928443649373875,0.23109243697478993,0.1252626651236306,0.2690816527636862,0.999553088305063,0.23109243697478993
0.6508514397952674,0.7405555555555555,0.6233843970207672,0.008155789067772146,0.00030807147258160583,0.008155789067772146,0.00635563362681002,-0.00030807147258160583,-0.008155789067772146,0.8333333333333334,credit,sex,5,proxy_soft,30.0,0.6812287707355313,100.0,0.5345200828019834,0.09928443649373875,0.23109243697478993,0.1252626651236306,0.2690816527636862,0.999553088305063,0.23109243697478993
0.7144061068538126,0.7872222222222223,0.6911268181133916,0.02557280118255728,0.021383595140414102,0.02557280118255728,0.03537973685458051,0.021383595140414102,0.02557280118255728,0.8502772643253235,credit,sex,5,proxy_soft,0.3,0.7366367101655618,400.0,0.5159310909325047,0.04491483968515142,0.042424242424242364,0.04461115765989121,0.09229354340632973,0.9346018336929949,0.04491483968515142
0.7123742822529193,0.7855555555555556,0.688707445931512,0.03222468588322247,0.016631565840348084,0.03222468588322247,0.03305780859635887,0.016631565840348084,0.03222468588322247,0.8521256931608133,credit,sex,5,proxy_soft,1.0,0.737241281328122,400.0,0.5159310909325047,0.04491483968515142,0.042424242424242364,0.04461115765989121,0.09229354340632973,0.9346018336929949,0.04491483968515142
0.7073370597638693,0.7805555555555556,0.6814493293858737,0.031716957485780406,0.006890281472130777,0.031716957485780406,0.024931059692583135,0.006890281472130777,0.031716957485780406,0.8548983364140481,credit,sex,5,proxy_soft,3.0,0.7370538642677282,400.0,0.5159310909325047,0.04491483968515142,0.042424242424242364,0.04461115765989121,0.09229354340632973,0.9346018336929949,0.04491483968515142
0.6971066996896036,0.7711111111111111,0.6677395536885569,0.013136668916096328,0.007552581467193065,0.013136668916096328,0.020287203176139856,0.007552581467193065,0.013136668916096328,0.8484288354898336,credit,sex,5,proxy_soft,10.0,0.7327543556833216,400.0,0.5159310909325047,0.04491483968515142,0.042424242424242364,0.04461115765989121,0.09229354340632973,0.9346018336929949,0.04491483968515142
0.6865286668721639,0.7655555555555555,0.6596749797489587,0.0046145441691570754,0.004274357504599591,0.0046145441691570754,0.00867756188503166,-0.004274357504599591,0.0046145441691570754,0.8478513356562137,credit,sex,5,proxy_soft,30.0,0.7270330972482943,400.0,0.5159310909325047,0.04491483968515142,0.042424242424242364,0.04461115765989121,0.09229354340632973,0.9346018336929949,0.04491483968515142
0.7230842604606484,0.7777777777777778,0.6774170424160747,0.05214458534867894,0.05214458534867894,0.02745589511231078,0.05859901943679702,0.05214458534867894,0.02745589511231078,0.8253234750462107,credit,sex,6,erm,0.0,0.7243271374865357,,,,,,,,
0.7226962648477767,0.7788888888888889,0.6790299572039943,0.05180109102384922,0.05180109102384922,0.033252996561586146,0.05975998356590784,0.05180109102384922,0.033252996561586146,0.8262476894639557,credit,sex,6,proxy_soft,0.3,0.7239916004913148,100.0,0.4908685928992666,-0.04446460980036304,-0.11654135338345872,-0.004984723189538243,-0.0322776119821962,0.977766371946646,0.11654135338345872
0.7217491254417595,0.78,0.680642871991914,0.05296253120967964,0.05296253120967964,0.03393425238600212,0.060920947695018546,0.05296253120967964,0.03393425238600212,0.8262476894639557,credit,sex,6,proxy_soft,1.0,0.7234364026403638,100.0,0.4908685928992666,-0.04446460980036304,-0.11654135338345872,-0.004984723189538243,-0.0322776119821962,0.977766371946646,0.11654135338345872
0.7199901522591561,0.7783333333333333,0.6782234998100345,0.06024997799489484,0.06024997799489484,0.03547029146180786,0.06672576834057276,0.06024997799489484,0.03547029146180786,0.8207024029574861,credit,sex,6,proxy_soft,3.0,0.7221355670222553,100.0,0.4908685928992666,-0.04446460980036304,-0.11654135338345872,-0.004984723189538243,-0.0322776119821962,0.977766371946646,0.11654135338345872
0.7170111882522455,0.775,0.6733847554462757,0.06429032999070416,0.06429032999070416,0.02831067836370066,0.06788673246968357,0.06429032999070416,0.02831067836370066,0.8160813308687616,credit,sex,6,proxy_soft,10.0,0.7190361321955304,100.0,0.4908685928992666,-0.04446460980036304,-0.11654135338345872,-0.004984723189538243,-0.0322776119821962,0.977766371946646,0.11654135338345872
0.711645110359214,0.7755555555555556,0.6741912128402354,0.05283157399833838,0.05283157399833838,0.020977537838619442,0.0574380553076862,0.05283157399833838,0.020977537838619442,0.8234750462107209,credit,sex,6,proxy_soft,30.0,0.7133219270907329,100.0,0.4908685928992666,-0.04446460980036304,-0.11654135338345872,-0.004984723189538243,-0.0322776119821962,0.977766371946646,0.11654135338345872
0.7232038849740858,0.7780555555555555,0.6775953591065169,0.05272530544159415,0.05272530544159415,0.032571740737170174,0.060220176847085916,0.05272530544159415,0.032571740737170174,0.8253234750462107,credit,sex,6,proxy_soft,0.3,0.7239734633564381,400.0,0.5130665566170232,0.07076073098172542,-0.015995872033023717,0.027961312253448445,0.060226731118667554,0.21074409686047385,0.07076073098172542
0.7225573749632613,0.7772222222222223,0.6766105850221149,0.05156386525576373,0.05156386525576373,0.02967319001253249,0.05859901943679702,0.05156386525576373,0.02967319001253249,0.8253234750462107,credit,sex,6,proxy_soft,1.0,0.7227199858127301,400.0,0.5130665566170232,0.07076073098172542,-0.015995872033023717,0.027961312253448445,0.060226731118667554,0.21074409686047385,0.07076073098172542
0.7190909522648907,0.7827777777777778,0.6846751589617129,0.04533159009963483,0.04533159009963483,0.017731932260034056,0.0516332346621321,0.04533159009963483,0.017731932260034056,0.83271719038817,credit,sex,6,proxy_soft,3.0,0.7188708827444307,400.0,0.5130665566170232,0.07076073098172542,-0.015995872033023717,0.027961312253448445,0.060226731118667554,0.21074409686047385,0.07076073098172542
0.710915714449566,0.7822222222222223,0.6838687015677531,0.043245935496059484,0.043245935496059484,0.019949227160255767,0.05047227053302128,0.043245935496059484,0.019949227160255767,0.833641404805915,credit,sex,6,proxy_soft,10.0,0.7091131041807104,400.0,0.5130665566170232,0.07076073098172542,-0.015995872033023717,0.027961312253448445,0.060226731118667554,0.21074409686047385,0.07076073098172542
0.7028753342317866,0.7788888888888889,0.6790299572039943,0.0427714839598885,0.0427714839598885,0.017905459687007963,0.04931130640391035,0.0427714839598885,0.017905459687007963,0.8317929759704251,credit,sex,6,proxy_soft,30.0,0.7015982846300881,400.0,0.5130665566170232,0.07076073098172542,-0.015995872033023717,0.027961312253448445,0.060226731118667554,0.21074409686047385,0.07076073098172542
0.7431090455845561,0.7994444444444444,0.7088688807805075,0.032654502673888586,0.032654502673888586,0.01809184099746136,0.03537973685458051,0.032654502673888586,-0.01809184099746136,0.8512014787430684,credit,sex,7,erm,0.0,0.7322243482974773,,,,,,,,
0.7448577140337923,0.7966666666666666,0.7048365938107083,0.02523609867733212,0.02523609867733212,0.012121212121212144,0.030735880338137234,0.02523609867733212,-0.012121212121212144,0.8539741219963032,credit,sex,7,proxy_soft,0.3,0.7325276414973616,100.0,0.5188072951859126,-0.06932773109243706,0.4166666666666667,0.06278496634467834,0.20275013021688948,0.8937418673967591,0.4166666666666667
0.7457855880687316,0.7961111111111111,0.7040301364167485,0.03548314534528746,0.026160313095077048,0.03548314534528746,0.026092023821694066,0.026160313095077048,-0.03548314534528746,0.8530499075785583,credit,sex,7,proxy_soft,1.0,0.7319563217487421,100.0,0.5188072951859126,-0.06932773109243706,0.4166666666666667,0.06278496634467834,0.20275013021688948,0.8937418673967591,0.4166666666666667
0.7438532265464268,0.7883333333333333,0.6927397329013112,0.04536778174105849,0.018030231794263996,0.04536778174105849,0.016804310788807397,0.018030231794263996,-0.04536778174105849,0.8530499075785583,credit,sex,7,proxy_soft,3.0,0.7264940212950115,100.0,0.5188072951859126,-0.06932773109243706,0.4166666666666667,0.06278496634467834,0.20275013021688948,0.8937418673967591,0.4166666666666667
0.7374324815948501,0.7816666666666666,0.6830622441737932,0.05968700793727305,0.030625739317863276,0.05968700793727305,0.022609131434361496,0.030625739317863276,-0.05968700793727305,0.8410351201478743,credit,sex,7,proxy_soft,10.0,0.7190205141071643,100.0,0.5188072951859126,-0.06932773109243706,0.4166666666666667,0.06278496634467834,0.20275013021688948,0.8937418673967591,0.4166666666666667
0.7266662753854867,0.7727777777777778,0.6701589258704364,0.044673672033163025,0.02584902136320022,0.044673672033163025,0.021448167305250676,0.02584902136320022,-0.044673672033163025,0.8382624768946395,credit,sex,7,proxy_soft,30.0,0.7115772354774449,100.0,0.5188072951859126,-0.06932773109243706,0.4166666666666667,0.06278496634467834,0.20275013021688948,0.8937418673967591,0.4166666666666667
0.7430145108567086,0.7986111111111112,0.7069844586699547,0.031903338796233804,0.02663476463124803,0.031903338796233804,0.0274726036652283,0.02663476463124803,-0.031903338796233804,0.8548983364140481,credit,sex,7,proxy_soft,0.3,0.7326898680926486,400.0,0.5363610880841109,0.036204529855868195,0.1939393939393939,0.053789209655910386,0.17242513246942787,0.9930655201507991,0.1939393939393939
0.7422456881411336,0.7961111111111111,0.7040301364167485,0.02465537858441691,0.02465537858441691,0.02013560847070922,0.028413952079915594,0.02465537858441691,-0.02013560847070922,0.8539741219963032,credit,sex,7,proxy_soft,1.0,0.7329548717855707,400.0,0.5363610880841109,0.036204529855868195,0.1939393939393939,0.053789209655910386,0.17242513246942787,0.9930655201507991,0.1939393939393939
0.7394553455580326,0.7927777777777778,0.6991913920529895,0.018161189005605483,0.018161189005605483,0.006831839069378842,0.026092023821694066,0.018161189005605483,-0.006831839069378842,0.8558225508317929,credit,sex,7,proxy_soft,3.0,0.7314827410047369,400.0,0.5363610880841109,0.036204529855868195,0.1939393939393939,0.053789209655910386,0.17242513246942787,0.9930655201507991,0.1939393939393939
0.727526944637596,0.7833333333333333,0.6854816163556728,0.035643818888781764,0.01882348900066766,0.035643818888781764,0.019126239047029037,0.01882348900066766,-0.035643818888781764,0.8493530499075785,credit,sex,7,proxy_soft,10.0,0.7225824458732476,400.0,0.5363610880841109,0.036204529855868195,0.1939393939393939,0.053789209655910386,0.17242513246942787,0.9930655201507991,0.1939393939393939
0.7097476953239809,0.7683333333333333,0.6637072667187578,0.052514540955686195,0.03324273670515954,0.052514540955686195,0.024931059692583135,0.03324273670515954,-0.052514540955686195,0.8308687615526802,credit,sex,7,proxy_soft,30.0,0.7096033106316861,400.0,0.5363610880841109,0.036204529855868195,0.1939393939393939,0.053789209655910386,0.17242513246942787,0.9930655201507991,0.1939393939393939
0.7271075867927369,0.7866666666666666,0.6903203607194317,0.056921303303341886,0.056921303303341886,0.00732671358334136,0.05859901943679702,0.056921303303341886,0.00732671358334136,0.8280961182994455,credit,sex,8,erm,0.0,0.723784534868138,,,,,,,,
0.7262881364740965,0.7816666666666666,0.6830622441737932,0.05470469148842527,0.05470469148842527,0.0017031395610398459,0.05511612704946445,0.05470469148842527,0.0017031395610398459,0.8262476894639557,credit,sex,8,proxy_soft,0.3,0.7261373243091012,100.0,0.5245054181605832,0.03142857142857136,0.3,0.05453366783740676,0.15876729537934897,0.9744639652772229,0.3
0.7237200177062202,0.7822222222222223,0.6838687015677531,0.05528541158134048,0.05528541158134048,0.014833381535396373,0.05859901943679702,0.05528541158134048,0.014833381535396373,0.8262476894639557,credit,sex,8,proxy_soft,1.0,0.7274028932760602,100.0,0.5245054181605832,0.03142857142857136,0.3,0.05453366783740676,0.15876729537934897,0.9744639652772229,0.3
0.7199063702965612,0.7805555555555556,0.6814493293858737,0.05655312032391513,0.05655312032391513,0.021485266236061507,0.060920947695018546,0.05655312032391513,0.021485266236061507,0.8243992606284658,credit,sex,8,proxy_soft,3.0,0.7257070711650793,100.0,0.5245054181605832,0.03142857142857136,0.3,0.05453366783740676,0.15876729537934897,0.9744639652772229,0.3
0.7140420809468169,0.7761111111111111,0.6749976702341953,0.056422163112573864,0.056422163112573864,0.0545711623124136,0.06788673246968357,0.056422163112573864,0.0545711623124136,0.821626617375231,credit,sex,8,proxy_soft,10.0,0.7218499071479456,100.0,0.5245054181605832,0.03142857142857136,0.3,0.05453366783740676,0.15876729537934897,0.9744639652772229,0.3
0.7073440042580951,0.775,0.6733847554462757,0.04924098488410289,0.04924098488410289,0.03854236961341945,0.05859901943679702,0.04924098488410289,0.03854236961341945,0.8253234750462107,credit,sex,8,proxy_soft,30.0,0.7159694449734442,100.0,0.5245054181605832,0.03142857142857136,0.3,0.05453366783740676,0.15876729537934897,0.9744639652772229,0.3
0.7269875142474138,0.7861111111111111,0.6895139033254719,0.05483564869976665,0.05483564869976665,0.009544008483563071,0.0574380553076862,0.05483564869976665,0.009544008483563071,0.8290203327171903,credit,sex,8,proxy_soft,0.3,0.7236726892030643,400.0,0.5010408307323693,-0.0007836990595611049,0.06295399515738503,0.013528382464222166,0.024030711994669884,0.8652293906276901,0.06295399515738503
0.72671107857404,0.785,0.6879009885375522,0.056684077535256394,0.056684077535256394,0.0013689385905716889,0.05627709117857527,0.056684077535256394,-0.0013689385905716889,0.8271719038817006,credit,sex,8,proxy_soft,1.0,0.7234137312217677,400.0,0.5010408307323693,-0.0007836990595611049,0.06295399515738503,0.013528382464222166,0.024030711994669884,0.8652293906276901,0.06295399515738503
0.7261519347808945,0.7827777777777778,0.6846751589617129,0.05737106618491583,0.05737106618491583,0.0023843953854558175,0.0574380553076862,0.05737106618491583,0.0023843953854558175,0.8253234750462107,credit,sex,8,proxy_soft,3.0,0.7226136820499799,400.0,0.5010408307323693,-0.0007836990595611049,0.06295399515738503,0.013528382464222166,0.024030711994669884,0.8652293906276901,0.06295399515738503
0.7249265675739611,0.7838888888888889,0.6862880737496326,0.054017702838765835,0.054017702838765835,0.003065651209871789,0.05511612704946445,0.054017702838765835,0.003065651209871789,0.8280961182994455,credit,sex,8,proxy_soft,10.0,0.721228206469113,400.0,0.5010408307323693,-0.0007836990595611049,0.06295399515738503,0.013528382464222166,0.024030711994669884,0.8652293906276901,0.06295399515738503
0.7236402680305953,0.7844444444444445,0.6870945311435924,0.05008361939970074,0.05008361939970074,0.004267489315209372,0.05047227053302128,0.05008361939970074,-0.004267489315209372,0.8308687615526802,credit,sex,8,proxy_soft,30.0,0.7198326547022034,400.0,0.5010408307323693,-0.0007836990595611049,0.06295399515738503,0.013528382464222166,0.024030711994669884,0.8652293906276901,0.06295399515738503
0.7157421379364727,0.7811111111111111,0.6822557867798336,0.030045019224947955,0.030045019224947955,0.029499662585558695,0.04234552162924554,0.030045019224947955,0.029499662585558695,0.8410351201478743,credit,sex,9,erm,0.0,0.74566900333421,,,,,,,,
0.7157985899540498,0.7805555555555556,0.6814493293858737,0.03397910266401327,0.03397910266401327,0.031716957485780406,0.04582841401657789,0.03397910266401327,0.031716957485780406,0.8382624768946395,credit,sex,9,proxy_soft,0.3,0.7456891557062952,100.0,0.4896017950106312,-0.020872865275142316,-0.22499999999999998,-0.013598431307052183,-0.028695889895436033,0.939362000449998,0.22499999999999998
0.7158093427193026,0.7805555555555556,0.6814493293858737,0.03397910266401327,0.03397910266401327,0.031716957485780406,0.04582841401657789,0.03397910266401327,0.031716957485780406,0.8382624768946395,credit,sex,9,proxy_soft,1.0,0.7457344985434873,100.0,0.4896017950106312,-0.020872865275142316,-0.22499999999999998,-0.013598431307052183,-0.028695889895436033,0.939362000449998,0.22499999999999998
0.7158595222904823,0.78,0.680642871991914,0.03490331708175809,0.03490331708175809,0.03393425238600212,0.04698937814568871,0.03490331708175809,0.03393425238600212,0.8373382624768947,credit,sex,9,proxy_soft,3.0,0.7458080547015987,100.0,0.4896017950106312,-0.020872865275142316,-0.22499999999999998,-0.013598431307052183,-0.028695889895436033,0.939362000449998,0.22499999999999998
0.7155781582663675,0.78,0.680642871991914,0.03905009801086151,0.03490331708175809,0.03905009801086151,0.04815034227479953,0.03490331708175809,0.03905009801086151,0.8373382624768947,credit,sex,9,proxy_soft,10.0,0.7456105614551625,100.0,0.4896017950106312,-0.020872865275142316,-0.22499999999999998,-0.013598431307052183,-0.028695889895436033,0.939362000449998,0.22499999999999998
0.7150579932472635,0.78,0.680642871991914,0.03640825159241823,0.03640825159241823,0.028818406761142723,0.04698937814568871,0.03640825159241823,0.028818406761142723,0.8364140480591498,credit,sex,9,proxy_soft,30.0,0.7452054987762472,100.0,0.4896017950106312,-0.020872865275142316,-0.22499999999999998,-0.013598431307052183,-0.028695889895436033,0.939362000449998,0.22499999999999998
0.7167224317020193,0.7811111111111111,0.6822557867798336,0.03606475726758851,0.03606475726758851,0.03461550821041809,0.04815034227479953,0.03606475726758851,0.03461550821041809,0.8373382624768947,credit,sex,9,proxy_soft,0.3,0.7465446239013178,400.0,0.5386919404621829,0.10242789123676854,-0.16216216216216212,0.02880645573043672,0.10022535665248505,-0.6650526859988024,0.16216216216216212
0.7178268302998588,0.7844444444444445,0.6870945311435924,0.026427584433947104,0.026004667229138634,0.026427584433947104,0.03886262924191297,0.026004667229138634,0.026427584433947104,0.8456561922365989,credit,sex,9,proxy_soft,1.0,0.7473063835661435,400.0,0.5386919404621829,0.10242789123676854,-0.16216216216216212,0.02880645573043672,0.10022535665248505,-0.6650526859988024,0.16216216216216212
0.7176677789804945,0.7861111111111111,0.6895139033254719,0.018717220443923432,0.018717220443923432,0.004428162858703677,0.028413952079915594,0.018717220443923432,0.004428162858703677,0.8512014787430684,credit,sex,9,proxy_soft,3.0,0.7456790795202526,400.0,0.5386919404621829,0.10242789123676854,-0.16216216216216212,0.02880645573043672,0.10022535665248505,-0.6650526859988024,0.16216216216216212
0.7131793955512226,0.7822222222222223,0.6838687015677531,0.014833381535396373,0.010137376261536546,0.014833381535396373,0.023770095563472315,0.010137376261536546,0.014833381535396373,0.8539741219963032,credit,sex,9,proxy_soft,10.0,0.7397552897457678,400.0,0.5386919404621829,0.10242789123676854,-0.16216216216216212,0.02880645573043672,0.10022535665248505,-0.6650526859988024,0.16216216216216212
0.7074163614076088,0.78,0.680642871991914,0.004804626868555539,0.004804626868555539,0.0018766669880137532,0.015643346659696578,0.004804626868555539,-0.0018766669880137532,0.8558225508317929,credit,sex,9,proxy_soft,30.0,0.7318797427348178,400.0,0.5386919404621829,0.10242789123676854,-0.16216216216216212,0.02880645573043672,0.10022535665248505,-0.6650526859988024,0.16216216216216212
0.6552911312186082,0.6511111111111111,0.5993465634504399,0.029620175138858174,0.029620175138858174,0.007486471333853384,0.012797102182268483,-0.029620175138858174,0.007486471333853384,0.7277441659464131,oulad,sex,0,erm,0.0,0.6436659998612704,,,,,,,,
0.6554570068452051,0.6494444444444445,0.5974326139127828,0.02073660160934787,0.02073660160934787,0.020372221138845514,0.00274385409882405,-0.02073660160934787,0.020372221138845514,0.7312013828867762,oulad,sex,0,proxy_soft,0.3,0.6430090277849756,100.0,0.7735433793351436,-0.2450980392156863,0.0714285714285714,-0.06078433065557143,-0.06159458072901891,0.4752100662957247,0.2450980392156863
0.6554127024577593,0.6505555555555556,0.5987085802712209,0.02700553334633382,0.014089499038545283,0.02700553334633382,0.003958311290138905,-0.014089499038545283,0.02700553334633382,0.7355229040622299,oulad,sex,0,proxy_soft,1.0,0.6425362311329819,100.0,0.7735433793351436,-0.2450980392156863,0.0714285714285714,-0.06078433065557143,-0.06159458072901891,0.4752100662957247,0.2450980392156863
0.6553808032987984,0.65,0.5980705970920017,0.04652459535881437,0.006756313105934164,0.04652459535881437,0.015128586938410571,-0.006756313105934164,0.04652459535881437,0.7389801210025929,oulad,sex,0,proxy_soft,3.0,0.6421997721327435,100.0,0.7735433793351436,-0.2450980392156863,0.0714285714285714,-0.06078433065557143,-0.06159458072901891,0.4752100662957247,0.2450980392156863
0.6553815121689974,0.6494444444444445,0.5974326139127828,0.04847772035881437,0.002702123240403864,0.04847772035881437,0.018479669632891937,-0.002702123240403864,0.04847772035881437,0.7407087294727744,oulad,sex,0,proxy_soft,10.0,0.6419837048600785,100.0,0.7735433793351436,-0.2450980392156863,0.0714285714285714,-0.06078433065557143,-0.06159458072901891,0.4752100662957247,0.2450980392156863
0.6552439913503658,0.6488888888888888,0.5967946307335636,0.04340447055382213,0.003566427475494627,0.04340447055382213,0.016245614503237693,-0.003566427475494627,0.04340447055382213,0.7398444252376837,oulad,sex,0,proxy_soft,30.0,0.6418011240281956,100.0,0.7735433793351436,-0.2450980392156863,0.0714285714285714,-0.06078433065557143,-0.06159458072901891,0.4752100662957247,0.2450980392156863
0.6554017149696727,0.6516666666666666,0.5999845466296589,0.030395368937307765,0.030395368937307765,0.0020201589313572077,0.015031157311922838,-0.030395368937307765,0.0020201589313572077,0.7277441659464131,oulad,sex,0,proxy_soft,0.3,0.6437066619679344,400.0,0.8083235003779585,0.03960493827160494,-0.18558673469387754,-0.005302218008018333,0.00237029869148242,-0.5896609739800985,0.18558673469387754
0.6554584245856033,0.6505555555555556,0.5987085802712209,0.03540297347457,0.03540297347457,0.0010999658736349227,0.019499267571231438,-0.03540297347457,-0.0010999658736349227,0.7242869490060502,oulad,sex,0,proxy_soft,1.0,0.6437026754868889,400.0,0.8083235003779585,0.03960493827160494,-0.18558673469387754,-0.005302218008018333,0.00237029869148242,-0.5896609739800985,0.18558673469387754
0.6554396395253264,0.6522222222222223,0.600622529808878,0.034449558802838176,0.034449558802838176,0.006959340873634923,0.02061629513605856,-0.034449558802838176,-0.006959340873634923,0.7260155574762316,oulad,sex,0,proxy_soft,3.0,0.6437114457451889,400.0,0.8083235003779585,0.03960493827160494,-0.18558673469387754,-0.005302218008018333,0.00237029869148242,-0.5896609739800985,0.18558673469387754
0.6553797399934996,0.6516666666666666,0.5999845466296589,0.033674365004388584,0.033674365004388584,0.012032590678627164,0.021733322700885682,-0.033674365004388584,-0.012032590678627164,0.7260155574762316,oulad,sex,0,proxy_soft,10.0,0.643571121612388,400.0,0.8083235003779585,0.03960493827160494,-0.18558673469387754,-0.005302218008018333,0.00237029869148242,-0.5896609739800985,0.18558673469387754
0.655194724871526,0.6511111111111111,0.5993465634504399,0.03289917120593899,0.03289917120593899,0.006566278276131099,0.019499267571231438,-0.03289917120593899,-0.006566278276131099,0.7260155574762316,oulad,sex,0,proxy_soft,30.0,0.6434124596667781,400.0,0.8083235003779585,0.03960493827160494,-0.18558673469387754,-0.005302218008018333,0.00237029869148242,-0.5896609739800985,0.18558673469387754
0.6609060920659349,0.66,0.6095542943179446,0.02562829557864832,0.02562829557864832,0.02025034126365055,0.018382240006404316,-0.02562829557864832,-0.02025034126365055,0.7363872082973206,oulad,sex,1,erm,0.0,0.6616071578064469,,,,,,,,
0.6597258231843796,0.6611111111111111,0.6108302606763827,0.003948907956318304,0.0006927833946386297,0.003948907956318304,0.007309393984620383,0.0006927833946386297,0.003948907956318304,0.7503875968992249,oulad,sex,1,proxy_soft,0.3,0.6590191343117221,100.0,0.743234921116854,0.11090225563909772,-0.24561403508771934,-0.08809795757478811,-0.1353833375920213,0.5394487183213391,0.24561403508771934
0.6580245347064622,0.6627777777777778,0.6127442102140397,0.022681844773790982,0.018041178401774105,0.022681844773790982,0.025181835021855004,0.018041178401774105,0.022681844773790982,0.7434108527131783,oulad,sex,1,proxy_soft,1.0,0.6559694763119309,100.0,0.743234921116854,0.11090225563909772,-0.24561403508771934,-0.08809795757478811,-0.1353833375920213,0.5394487183213391,0.24561403508771934
0.6564182348352284,0.6616666666666666,0.6114682438556016,0.040640844383775354,0.029428554199915635,0.040640844383775354,0.038586165799780914,0.029428554199915635,0.040640844383775354,0.7372093023255814,oulad,sex,1,proxy_soft,3.0,0.653137480177223,100.0,0.743234921116854,0.11090225563909772,-0.24561403508771934,-0.08809795757478811,-0.1353833375920213,0.5394487183213391,0.24561403508771934
0.6554130568928589,0.6588888888888889,0.6082783279595064,0.06094603159126366,0.033304523192163704,0.06094603159126366,0.047522386318398224,0.033304523192163704,0.06094603159126366,0.7333333333333333,oulad,sex,1,proxy_soft,10.0,0.6504043487724429,100.0,0.743234921116854,0.11090225563909772,-0.24561403508771934,-0.08809795757478811,-0.1353833375920213,0.5394487183213391,0.24561403508771934
0.6536752615996861,0.6561111111111111,0.6050884120634112,0.05665890698127929,0.0322619980837906,0.05665890698127929,0.04528833118874376,0.0322619980837906,0.05665890698127929,0.7317829457364341,oulad,sex,1,proxy_soft,30.0,0.646323786774291,100.0,0.743234921116854,0.11090225563909772,-0.24561403508771934,-0.08809795757478811,-0.1353833375920213,0.5394487183213391,0.24561403508771934
0.6609638649871641,0.66,0.6095542943179446,0.02562829557864832,0.02562829557864832,0.02025034126365055,0.018382240006404316,-0.02562829557864832,-0.02025034126365055,0.7363872082973206,oulad,sex,1,proxy_soft,0.3,0.6617618332710113,400.0,0.8130955416972603,0.050031746031746094,-0.004701627486437654,0.0068112356112863814,0.009782503082884753,0.49211581982085606,0.050031746031746094
0.6610273088699865,0.6588888888888889,0.6082783279595064,0.027356904048829844,0.027356904048829844,0.026883653471138858,0.021733322700885682,-0.027356904048829844,-0.026883653471138858,0.7346585998271391,oulad,sex,1,proxy_soft,1.0,0.6618319953374118,400.0,0.8130955416972603,0.050031746031746094,-0.004701627486437654,0.0068112356112863814,0.009782503082884753,0.49211581982085606,0.050031746031746094
0.6610581447236488,0.6577777777777778,0.6070023616010684,0.0300037782761311,0.02908551251901126,0.0300037782761311,0.02396737783054015,-0.02908551251901126,-0.0300037782761311,0.7329299913569577,oulad,sex,1,proxy_soft,3.0,0.6619699275815853,400.0,0.8130955416972603,0.050031746031746094,-0.004701627486437654,0.0068112356112863814,0.009782503082884753,0.49211581982085606,0.050031746031746094
0.6609787512613459,0.6583333333333333,0.6076403447802874,0.0319569032761311,0.028221208283920496,0.0319569032761311,0.02396737783054015,-0.028221208283920496,-0.0319569032761311,0.7337942955920485,oulad,sex,1,proxy_soft,10.0,0.6620432788328222,400.0,0.8130955416972603,0.050031746031746094,-0.004701627486437654,0.0068112356112863814,0.009782503082884753,0.49211581982085606,0.050031746031746094
0.6605771762935375,0.6583333333333333,0.6076403447802874,0.02986070631746096,0.02986070631746096,0.028443715873634923,0.02396737783054015,-0.02986070631746096,-0.028443715873634923,0.7329299913569577,oulad,sex,1,proxy_soft,30.0,0.6620432788328221,400.0,0.8130955416972603,0.050031746031746094,-0.004701627486437654,0.0068112356112863814,0.009782503082884753,0.49211581982085606,0.050031746031746094
0.651656753707657,0.6466666666666666,0.5942426980166875,0.03661271450858039,0.03489511098604381,0.03661271450858039,0.030669543219502993,-0.03489511098604381,-0.03661271450858039,0.7216940363007779,oulad,sex,2,erm,0.0,0.664974936993667,,,,,,,,
0.6516227279380986,0.6466666666666666,0.5942426980166875,0.033255612952503455,0.033255612952503455,0.033099527106084214,0.02843548808984875,-0.033255612952503455,-0.033099527106084214,0.7225583405358686,oulad,sex,2,proxy_soft,0.3,0.664982112659549,100.0,0.7587255261063988,0.09956709956709953,-0.11904761904761907,-0.0015330691988066913,0.003362493844458414,-0.9641041371215433,0.11904761904761907
0.6516152848010077,0.6466666666666666,0.5942426980166875,0.03489511098604381,0.03489511098604381,0.033099527106084214,0.02955251565467587,-0.03489511098604381,-0.033099527106084214,0.7216940363007779,oulad,sex,2,proxy_soft,1.0,0.6649558018846489,100.0,0.7587255261063988,0.09956709956709953,-0.11904761904761907,-0.0015330691988066913,0.003362493844458414,-0.9641041371215433,0.11904761904761907
0.6516436396089731,0.6477777777777778,0.5955186643751256,0.03480600054940264,0.03480600054940264,0.029979402301092084,0.02843548808984875,-0.03480600054940264,-0.029979402301092084,0.7225583405358686,oulad,sex,2,proxy_soft,3.0,0.665057855799413,100.0,0.7587255261063988,0.09956709956709953,-0.11904761904761907,-0.0015330691988066913,0.003362493844458414,-0.9641041371215433,0.11904761904761907
0.6516071327937177,0.6477777777777778,0.5955186643751256,0.03480600054940264,0.03480600054940264,0.029979402301092084,0.02843548808984875,-0.03480600054940264,-0.029979402301092084,0.7225583405358686,oulad,sex,2,proxy_soft,10.0,0.6652882744038416,100.0,0.7587255261063988,0.09956709956709953,-0.11904761904761907,-0.0015330691988066913,0.003362493844458414,-0.9641041371215433,0.11904761904761907
0.651495840172454,0.6483333333333333,0.5961566475543447,0.03544571470358815,0.033941696314311876,0.03544571470358815,0.02955251565467587,-0.033941696314311876,-0.03544571470358815,0.7234226447709594,oulad,sex,2,proxy_soft,30.0,0.665781800757272,100.0,0.7587255261063988,0.09956709956709953,-0.11904761904761907,-0.0015330691988066913,0.003362493844458414,-0.9641041371215433,0.11904761904761907
0.6516195380222025,0.6469444444444444,0.5944470298515874,0.040125901911076456,0.03894930085157422,0.040125901911076456,0.034538492304455826,-0.03894930085157422,-0.040125901911076456,0.7199654278305964,oulad,sex,2,proxy_soft,0.3,0.6651120719416315,400.0,0.8164638804634341,0.07475044039929535,0.05569620253164553,0.004366169670453113,0.04656207991540928,0.6697352714181949,0.07475044039929535
0.6516220190678995,0.6461111111111111,0.5936047148374686,0.0423174073552961,0.0423174073552961,0.038172776911076456,0.036254681043638826,-0.0423174073552961,-0.038172776911076456,0.7173725151253241,oulad,sex,2,proxy_soft,1.0,0.6652643555175689,400.0,0.8164638804634341,0.07475044039929535,0.05569620253164553,0.004366169670453113,0.04656207991540928,0.6697352714181949,0.07475044039929535
0.6515996896566267,0.6455555555555555,0.5929667316582494,0.04675921411856476,0.04646070765746746,0.04675921411856476,0.04183981886777466,-0.04646070765746746,-0.04675921411856476,0.7147796024200519,oulad,sex,2,proxy_soft,3.0,0.6652563825554778,400.0,0.8164638804634341,0.07475044039929535,0.05569620253164553,0.004366169670453113,0.04656207991540928,0.6697352714181949,0.07475044039929535
0.651584094512246,0.6455555555555555,0.5929667316582494,0.05027240152106083,0.04646070765746746,0.05027240152106083,0.04295684643260189,-0.04646070765746746,-0.05027240152106083,0.7147796024200519,oulad,sex,2,proxy_soft,10.0,0.6653799634678876,400.0,0.8164638804634341,0.07475044039929535,0.05569620253164553,0.004366169670453113,0.04656207991540928,0.6697352714181949,0.07475044039929535
0.6515334102930079,0.6461111111111111,0.5936047148374686,0.04871233911856476,0.04723590145591705,0.04871233911856476,0.04295684643260189,-0.04723590145591705,-0.04871233911856476,0.7147796024200519,oulad,sex,2,proxy_soft,30.0,0.6654788281978156,400.0,0.8164638804634341,0.07475044039929535,0.05569620253164553,0.004366169670453113,0.04656207991540928,0.6697352714181949,0.07475044039929535
0.6583050700877686,0.6577777777777778,0.6070023616010684,0.04056199875379396,0.04056199875379396,0.0018982790561622442,0.022850350265712915,-0.04056199875379396,-0.0018982790561622442,0.7268798617113224,oulad,sex,3,erm,0.0,0.6477836361331453,,,,,,,,
0.6578868366702808,0.655,0.6038124457049732,0.05144151206340908,0.05144151206340908,0.0202381532761311,0.036254681043638826,-0.05144151206340908,-0.0202381532761311,0.7191011235955056,oulad,sex,3,proxy_soft,0.3,0.6468866778979127,100.0,0.7336238704947555,0.09310344827586214,-0.23589743589743595,0.016658420646908256,0.029158707753069057,-0.6255498273961742,0.23589743589743595
0.6572669296811395,0.6538888888888889,0.6025364793465351,0.06300710873483284,0.06300710873483284,0.0374110276911076,0.049659011821564736,-0.06300710873483284,-0.0374110276911076,0.7121866897147796,oulad,sex,3,proxy_soft,1.0,0.6457728550938059,100.0,0.7336238704947555,0.09310344827586214,-0.23589743589743595,0.016658420646908256,0.029158707753069057,-0.6255498273961742,0.23589743589743595
0.6567916322126213,0.6522222222222223,0.600622529808878,0.06560002144010513,0.06560002144010513,0.04209121489859591,0.053010094516046324,-0.06560002144010513,-0.04209121489859591,0.7095937770095073,oulad,sex,3,proxy_soft,3.0,0.6448280590860276,100.0,0.7336238704947555,0.09310344827586214,-0.23589743589743595,0.016658420646908256,0.029158707753069057,-0.6255498273961742,0.23589743589743595
0.6558151635133166,0.6527777777777778,0.601260512988097,0.06637521523855472,0.06637521523855472,0.029991590288611536,0.049659011821564736,-0.06637521523855472,-0.029991590288611536,0.7095937770095073,oulad,sex,3,proxy_soft,10.0,0.6432613720351544,100.0,0.7336238704947555,0.09310344827586214,-0.23589743589743595,0.016658420646908256,0.029158707753069057,-0.6255498273961742,0.23589743589743595
0.6537519967987422,0.6555555555555556,0.6044504288841922,0.050577207828318316,0.050577207828318316,0.02921765308112323,0.03848873617329318,-0.050577207828318316,-0.02921765308112323,0.7199654278305964,oulad,sex,3,proxy_soft,30.0,0.6396320796913507,100.0,0.7336238704947555,0.09310344827586214,-0.23589743589743595,0.016658420646908256,0.029158707753069057,-0.6255498273961742,0.23589743589743595
0.6583766659778811,0.6566666666666666,0.6057263952426303,0.04556960329105608,0.04556960329105608,0.012044778666146616,0.02955251565467587,-0.04556960329105608,-0.012044778666146616,0.7234226447709594,oulad,sex,3,proxy_soft,0.3,0.6475635823794348,400.0,0.8047210808621366,-0.061508561823720886,0.0535714285714286,0.056517349514792814,-0.007012566706800838,-0.8292178719010982,0.061508561823720886
0.6584638570123744,0.6566666666666666,0.6057263952426303,0.05212759542521761,0.05212759542521761,0.015557966068642792,0.0351376534788117,-0.05212759542521761,-0.015557966068642792,0.7199654278305964,oulad,sex,3,proxy_soft,1.0,0.647431231208725,400.0,0.8047210808621366,-0.061508561823720886,0.0535714285714286,0.056517349514792814,-0.007012566706800838,-0.8292178719010982,0.061508561823720886
0.6584067929613443,0.6555555555555556,0.6044504288841922,0.05221670586185878,0.05221670586185878,0.0221912782761311,0.03737170860846606,-0.05221670586185878,-0.0221912782761311,0.7191011235955056,oulad,sex,3,proxy_soft,3.0,0.6473379475522607,400.0,0.8047210808621366,-0.061508561823720886,0.0535714285714286,0.056517349514792814,-0.007012566706800838,-0.8292178719010982,0.061508561823720886
0.6582214234042711,0.6555555555555556,0.6044504288841922,0.05549570192893949,0.05549570192893949,0.025704465678627164,0.040722791302947425,-0.05549570192893949,-0.025704465678627164,0.7173725151253241,oulad,sex,3,proxy_soft,10.0,0.6473347583674244,400.0,0.8047210808621366,-0.061508561823720886,0.0535714285714286,0.056517349514792814,-0.007012566706800838,-0.8292178719010982,0.061508561823720886
0.6577606577748352,0.6566666666666666,0.6057263952426303,0.06032508559291938,0.06032508559291938,0.0260975282761311,0.044073873997429014,-0.06032508559291938,-0.0260975282761311,0.7156439066551427,oulad,sex,3,proxy_soft,30.0,0.647490231128198,400.0,0.8047210808621366,-0.061508561823720886,0.0535714285714286,0.056517349514792814,-0.007012566706800838,-0.8292178719010982,0.061508561823720886
0.6553097390613354,0.6622222222222223,0.6121062270348208,0.09832658931357252,0.032008066839527616,0.09832658931357252,0.04742495669191038,-0.032008066839527616,-0.09832658931357252,0.7346585998271391,oulad,sex,4,erm,0.0,0.6706369360225602,,,,,,,,
0.6549524684809727,0.6630555555555555,0.6129485420489396,0.10027971431357252,0.03847694853704775,0.10027971431357252,0.052410933341690336,-0.03847694853704775,-0.10027971431357252,0.7320656871218669,oulad,sex,4,proxy_soft,0.3,0.6699975044628655,100.0,0.7132598506329116,0.009569377990430561,-0.14903846153846156,0.03159706493539738,0.04201213539485327,-0.7590398980190011,0.14903846153846156
0.654525728621095,0.6611111111111111,0.6108302606763827,0.11549946372854913,0.04521316154449162,0.11549946372854913,0.061946315034663524,-0.04521316154449162,-0.11549946372854913,0.7268798617113224,oulad,sex,4,proxy_soft,1.0,0.6694250457847348,100.0,0.7132598506329116,0.009569377990430561,-0.14903846153846156,0.03159706493539738,0.04201213539485327,-0.7590398980190011,0.14903846153846156
0.6539433917525079,0.66,0.6095542943179446,0.11861958853354138,0.05022076608175374,0.11861958853354138,0.06641442529397212,-0.05022076608175374,-0.11861958853354138,0.7234226447709594,oulad,sex,4,proxy_soft,3.0,0.6686923305685759,100.0,0.7132598506329116,0.009569377990430561,-0.14903846153846156,0.03159706493539738,0.04201213539485327,-0.7590398980190011,0.14903846153846156
0.6518851871293274,0.6588888888888889,0.6082783279595064,0.12876608814352575,0.061786362753177504,0.12876608814352575,0.07758470094224379,-0.061786362753177504,-0.12876608814352575,0.7165082108902333,oulad,sex,4,proxy_soft,10.0,0.6671846434371759,100.0,0.7132598506329116,0.009569377990430561,-0.14903846153846156,0.03159706493539738,0.04201213539485327,-0.7590398980190011,0.14903846153846156
0.6464371652138963,0.655,0.6038124457049732,0.11158102574102968,0.06291799829819167,0.11158102574102968,0.07311659068293508,-0.06291799829819167,-0.11158102574102968,0.7130509939498704,oulad,sex,4,proxy_soft,30.0,0.6609832735228294,100.0,0.7132598506329116,0.009569377990430561,-0.14903846153846156,0.03159706493539738,0.04201213539485327,-0.7590398980190011,0.14903846153846156
0.6551406735188423,0.6633333333333333,0.6133821933932588,0.09169327710608421,0.028639960335805625,0.09169327710608421,0.04295684643260189,-0.028639960335805625,-0.09169327710608421,0.7372515125324114,oulad,sex,4,proxy_soft,0.3,0.6705619901789053,400.0,0.802797105776684,-0.003793466807165413,-0.07547676604888531,-0.002157918826711569,-0.0403340190832997,0.9999947753215622,0.07547676604888531
0.6550031527002107,0.6638888888888889,0.6140201765724778,0.08662002730109208,0.0228571620000938,0.08662002730109208,0.03737170860846606,-0.0228571620000938,-0.08662002730109208,0.7407087294727744,oulad,sex,4,proxy_soft,1.0,0.6705277064419141,400.0,0.802797105776684,-0.003793466807165413,-0.07547676604888531,-0.002157918826711569,-0.0403340190832997,0.9999947753215622,0.07547676604888531
0.6549163161008169,0.6644444444444444,0.6146581597516969,0.07803359009360378,0.017074363664381975,0.07803359009360378,0.030669543219502993,-0.017074363664381975,-0.07803359009360378,0.7441659464131374,oulad,sex,4,proxy_soft,3.0,0.6704687065224411,400.0,0.802797105776684,-0.003793466807165413,-0.07547676604888531,-0.002157918826711569,-0.0403340190832997,0.9999947753215622,0.07547676604888531
0.6548184920133368,0.6638888888888889,0.6140201765724778,0.07608046509360378,0.01465967183239203,0.07608046509360378,0.02843548808984875,-0.01465967183239203,-0.07608046509360378,0.7450302506482281,oulad,sex,4,proxy_soft,10.0,0.6704559497830955,400.0,0.802797105776684,-0.003793466807165413,-0.07547676604888531,-0.002157918826711569,-0.0403340190832997,0.9999947753215622,0.07547676604888531
0.6547607190921074,0.6633333333333333,0.6133821933932588,0.07412734009360378,0.013884478033942438,0.07412734009360378,0.027318460525021626,-0.013884478033942438,-0.07412734009360378,0.7450302506482281,oulad,sex,4,proxy_soft,30.0,0.6703706390887223,400.0,0.802797105776684,-0.003793466807165413,-0.07547676604888531,-0.002157918826711569,-0.0403340190832997,0.9999947753215622,0.07547676604888531
0.6657104598405539,0.6583333333333333,0.6076403447802874,0.03898327808112323,0.028221208283920496,0.03898327808112323,0.026201432960194393,-0.028221208283920496,-0.03898327808112323,0.7337942955920485,oulad,sex,5,erm,0.0,0.6543262488249847,,,,,,,,
0.6655123306198963,0.6588888888888889,0.6082783279595064,0.04093640308112323,0.020798911914668428,0.04093640308112323,0.021733322700885682,-0.020798911914668428,-0.04093640308112323,0.7381158167675022,oulad,sex,5,proxy_soft,0.3,0.654254492166166,100.0,0.7924301379830897,-0.06302521008403361,-0.08080808080808077,-0.034229179570755885,-0.021452094490087892,0.9398606063052457,0.08080808080808077
0.6653765819767625,0.66,0.6095542943179446,0.023763528666146616,0.020709801478027257,0.023763528666146616,0.01614818487674996,-0.020709801478027257,-0.023763528666146616,0.7389801210025929,oulad,sex,5,proxy_soft,1.0,0.654296748865248,100.0,0.7924301379830897,-0.06302521008403361,-0.08080808080808077,-0.034229179570755885,-0.021452094490087892,0.9398606063052457,0.08080808080808077
0.6651642753521223,0.66,0.6095542943179446,0.015791307377406083,0.015791307377406083,0.01322396645865831,0.009446019487787005,-0.015791307377406083,-0.01322396645865831,0.7415730337078652,oulad,sex,5,proxy_soft,3.0,0.654786288737633,100.0,0.7924301379830897,-0.06302521008403361,-0.08080808080808077,-0.034229179570755885,-0.021452094490087892,0.9398606063052457,0.08080808080808077
0.6646468001067558,0.6588888888888889,0.6082783279595064,0.0142409197805069,0.0142409197805069,0.012830903861154486,0.008328991922959883,-0.0142409197805069,-0.012830903861154486,0.7415730337078652,oulad,sex,5,proxy_soft,10.0,0.6556075038330015,100.0,0.7924301379830897,-0.06302521008403361,-0.08080808080808077,-0.034229179570755885,-0.021452094490087892,0.9398606063052457,0.08080808080808077
0.6629901704513836,0.6577777777777778,0.6070023616010684,0.022977403471138858,0.0061325400494463,0.022977403471138858,0.006094936793305528,-0.0061325400494463,-0.022977403471138858,0.7450302506482281,oulad,sex,5,proxy_soft,30.0,0.655753409039266,100.0,0.7924301379830897,-0.06302521008403361,-0.08080808080808077,-0.034229179570755885,-0.021452094490087892,0.9398606063052457,0.08080808080808077
0.6658139548896272,0.6594444444444445,0.6089163111387255,0.06396865249609984,0.04616657621622344,0.06396865249609984,0.04630792912708326,-0.04616657621622344,-0.06396865249609984,0.7251512532411409,oulad,sex,5,proxy_soft,0.3,0.6542018706163657,400.0,0.8016566393421655,-0.012620772946859926,0.06052631578947365,0.0625164443510402,0.08057844289237392,0.6483281820439843,0.06052631578947365
0.6657264094200342,0.6594444444444445,0.6089163111387255,0.07450821470358815,0.054364066383925325,0.07450821470358815,0.05524414964570057,-0.054364066383925325,-0.07450821470358815,0.7208297320656871,oulad,sex,5,proxy_soft,1.0,0.6536525335282988,400.0,0.8016566393421655,-0.012620772946859926,0.06052631578947365,0.0625164443510402,0.08057844289237392,0.6483281820439843,0.06052631578947365
0.6656222055007619,0.6572222222222223,0.6063643784218493,0.08074846431357252,0.06273977742490933,0.08074846431357252,0.06306334259949065,-0.06273977742490933,-0.08074846431357252,0.7147796024200519,oulad,sex,5,proxy_soft,3.0,0.6534508175873976,400.0,0.8016566393421655,-0.012620772946859926,0.06052631578947365,0.0625164443510402,0.08057844289237392,0.6483281820439843,0.06052631578947365
0.665676788506095,0.6561111111111111,0.6050884120634112,0.09440815132605307,0.07102637802925238,0.09440815132605307,0.07311659068293508,-0.07102637802925238,-0.09440815132605307,0.7095937770095073,oulad,sex,5,proxy_soft,10.0,0.6536126687178441,400.0,0.8016566393421655,-0.012620772946859926,0.06052631578947365,0.0625164443510402,0.08057844289237392,0.6483281820439843,0.06052631578947365
0.6654237218450048,0.6577777777777778,0.6070023616010684,0.10026752632605307,0.07990995155876257,0.10026752632605307,0.08093578363672527,-0.07990995155876257,-0.10026752632605307,0.7061365600691444,oulad,sex,5,proxy_soft,30.0,0.653562439056671,400.0,0.8016566393421655,-0.012620772946859926,0.06052631578947365,0.0625164443510402,0.08057844289237392,0.6483281820439843,0.06052631578947365
0.6562484604225362,0.6544444444444445,0.6031744625257541,0.04990371489859591,0.004760373325829348,0.04990371489859591,0.013914129747095605,-0.004760373325829348,-0.04990371489859591,0.7433016421780466,oulad,sex,6,erm,0.0,0.6556322200154835,,,,,,,,
0.6561761556622246,0.6538888888888889,0.6025364793465351,0.051463777301092084,0.010543171661541173,0.051463777301092084,0.018382240006404316,-0.010543171661541173,-0.051463777301092084,0.7398444252376837,oulad,sex,6,proxy_soft,0.3,0.6556808550842383,100.0,0.7856054916650832,0.1298701298701298,-0.0692640692640693,0.05303407509756963,0.06347602819834708,0.20460183303865512,0.1298701298701298
0.6560978255052206,0.655,0.6038124457049732,0.055370027301092084,0.01373305729198071,0.055370027301092084,0.021733322700885682,-0.01373305729198071,-0.055370027301092084,0.7389801210025929,oulad,sex,6,proxy_soft,1.0,0.6556330173116927,100.0,0.7856054916650832,0.1298701298701298,-0.0692640692640693,0.05303407509756963,0.06347602819834708,0.20460183303865512,0.1298701298701298
0.6560772682694458,0.6561111111111111,0.6050884120634112,0.059276277301092084,0.01692294292242036,0.059276277301092084,0.02508440539536727,-0.01692294292242036,-0.059276277301092084,0.7381158167675022,oulad,sex,6,proxy_soft,3.0,0.6555062472144464,100.0,0.7856054916650832,0.1298701298701298,-0.0692640692640693,0.05303407509756963,0.06347602819834708,0.20460183303865512,0.1298701298701298
0.6558592906832126,0.655,0.6038124457049732,0.05888321470358815,0.015372555325521065,0.05888321470358815,0.02396737783054015,-0.015372555325521065,-0.05888321470358815,0.7381158167675022,oulad,sex,6,proxy_soft,10.0,0.6552957610152451,100.0,0.7856054916650832,0.1298701298701298,-0.0692640692640693,0.05303407509756963,0.06347602819834708,0.20460183303865512,0.1298701298701298
0.6555824768704515,0.6555555555555556,0.6044504288841922,0.06083633970358815,0.016147749123970767,0.06083633970358815,0.02508440539536727,-0.016147749123970767,-0.06083633970358815,0.7381158167675022,oulad,sex,6,proxy_soft,30.0,0.6548955183182791,100.0,0.7856054916650832,0.1298701298701298,-0.0692640692640693,0.05303407509756963,0.06347602819834708,0.20460183303865512,0.1298701298701298
0.6561750923569261,0.6538888888888889,0.6023071598371158,0.04248427749609984,0.0031208752922889937,0.04248427749609984,0.010481752268729494,-0.0031208752922889937,-0.04248427749609984,0.7441659464131374,oulad,sex,6,proxy_soft,0.3,0.6554600040343188,400.0,0.8156544000757815,0.041364448649216956,0.0016339869281045694,-0.017183976950249757,0.019306783935855942,-0.6348452030368892,0.041364448649216956
0.6560506856369783,0.6538888888888889,0.6025364793465351,0.04092421509360378,0.000706183460298937,0.04092421509360378,0.008328991922959883,-0.000706183460298937,-0.04092421509360378,0.7450302506482281,oulad,sex,6,proxy_soft,1.0,0.6552630718706722,400.0,0.8156544000757815,0.041364448649216956,0.0016339869281045694,-0.017183976950249757,0.019306783935855942,-0.6348452030368892,0.041364448649216956
0.6559053672461562,0.6538888888888889,0.6025364793465351,0.0374110276911076,0.0042123106403221255,0.0374110276911076,0.0038608816636511722,0.0042123106403221255,-0.0374110276911076,0.7434108527131783,oulad,sex,6,proxy_soft,3.0,0.65476236985136,400.0,0.8156544000757815,0.041364448649216956,0.0016339869281045694,-0.017183976950249757,0.019306783935855942,-0.6348452030368892,0.041364448649216956
0.6551872817344353,0.6555555555555556,0.6044504288841922,0.025704465678627164,0.003526227278513705,0.025704465678627164,0.0005097989691696947,0.003526227278513705,-0.025704465678627164,0.7449612403100775,oulad,sex,6,proxy_soft,10.0,0.6535680201301346,400.0,0.8156544000757815,0.041364448649216956,0.0016339869281045694,-0.017183976950249757,0.019306783935855942,-0.6348452030368892,0.041364448649216956
0.6534214860683968,0.6561111111111111,0.6050884120634112,0.010091653666146616,0.004390531513604468,0.010091653666146616,0.005075338854966138,0.004390531513604468,-0.010091653666146616,0.7449612403100775,oulad,sex,6,proxy_soft,30.0,0.6508508346495365,400.0,0.8156544000757815,0.041364448649216956,0.0016339869281045694,-0.017183976950249757,0.019306783935855942,-0.6348452030368892,0.041364448649216956
0.6559427601491604,0.655,0.6038124457049732,0.05888321470358815,0.007175065157819183,0.05888321470358815,0.018382240006404316,-0.007175065157819183,-0.05888321470358815,0.742437337942956,oulad,sex,7,erm,0.0,0.6538052157523406,,,,,,,,
0.6559643806902339,0.6555555555555556,0.6044504288841922,0.057323152301092084,0.006310760922728531,0.057323152301092084,0.017265212441577193,-0.006310760922728531,-0.057323152301092084,0.7433016421780466,oulad,sex,7,proxy_soft,0.3,0.653742229351822,100.0,0.7533331233253117,-0.08205128205128209,0.1071428571428571,0.026438035796069737,0.005241853959750076,-0.44198757392659166,0.1071428571428571
0.6560129382988746,0.6561111111111111,0.6050884120634112,0.05576308989859591,0.007085954721178234,0.05576308989859591,0.017265212441577193,-0.007085954721178234,-0.05576308989859591,0.7433016421780466,oulad,sex,7,proxy_soft,1.0,0.6535851619986303,100.0,0.7533331233253117,-0.08205128205128209,0.1071428571428571,0.026438035796069737,0.005241853959750076,-0.44198757392659166,0.1071428571428571
0.656111471256554,0.6566666666666666,0.6057263952426303,0.05068984009360378,0.006221650486087471,0.05068984009360378,0.015031157311922838,-0.006221650486087471,-0.05068984009360378,0.7441659464131374,oulad,sex,7,proxy_soft,3.0,0.6531769463395731,100.0,0.7533331233253117,-0.08205128205128209,0.1071428571428571,0.026438035796069737,0.005241853959750076,-0.44198757392659166,0.1071428571428571
0.6564265640600682,0.6555555555555556,0.6044504288841922,0.039757215288611536,0.004671262889188177,0.039757215288611536,0.010563047052614127,-0.004671262889188177,-0.039757215288611536,0.7441659464131374,oulad,sex,7,proxy_soft,10.0,0.652142853156376,100.0,0.7533331233253117,-0.08205128205128209,0.1071428571428571,0.026438035796069737,0.005241853959750076,-0.44198757392659166,0.1071428571428571
0.6566098070065439,0.6555555555555556,0.6044504288841922,0.039757215288611536,0.0002472312114328856,0.039757215288611536,0.007211964358132761,0.0002472312114328856,-0.039757215288611536,0.7465116279069768,oulad,sex,7,proxy_soft,30.0,0.6504206933447294,100.0,0.7533331233253117,-0.08205128205128209,0.1071428571428571,0.026438035796069737,0.005241853959750076,-0.44198757392659166,0.1071428571428571
0.6559519754617492,0.6555555555555556,0.6044504288841922,0.057323152301092084,0.007950258956268885,0.057323152301092084,0.018382240006404316,-0.007950258956268885,-0.057323152301092084,0.742437337942956,oulad,sex,7,proxy_soft,0.3,0.6537725266077679,400.0,0.7689093512662311,0.0022123893805309214,-0.03498609823911025,0.02311138563710724,0.00019323164619600153,0.05476405219161682,0.03498609823911025
0.6559835201856106,0.6566666666666666,0.6057263952426303,0.05420302749609984,0.007861148519627825,0.05420302749609984,0.017265212441577193,-0.007861148519627825,-0.05420302749609984,0.7433016421780466,oulad,sex,7,proxy_soft,1.0,0.6537438239442404,400.0,0.7689093512662311,0.0022123893805309214,-0.03498609823911025,0.02311138563710724,0.00019323164619600153,0.05476405219161682,0.03498609823911025
0.656068230174407,0.6572222222222223,0.6063643784218493,0.045616590288611536,0.008636342318077417,0.045616590288611536,0.015031157311922838,-0.008636342318077417,-0.045616590288611536,0.7433016421780466,oulad,sex,7,proxy_soft,3.0,0.6537573779797949,400.0,0.7689093512662311,0.0022123893805309214,-0.03498609823911025,0.02311138563710724,0.00019323164619600153,0.05476405219161682,0.03498609823911025
0.6560760277465972,0.6555555555555556,0.6044504288841922,0.039757215288611536,0.007950258956268885,0.039757215288611536,0.012797102182268483,-0.007950258956268885,-0.039757215288611536,0.742437337942956,oulad,sex,7,proxy_soft,10.0,0.6537047564299946,400.0,0.7689093512662311,0.0022123893805309214,-0.03498609823911025,0.02311138563710724,0.00019323164619600153,0.05476405219161682,0.03498609823911025
0.6558403284053858,0.6583333333333333,0.6076403447802874,0.035470090678627164,0.0036287377808151833,0.035470090678627164,0.008328991922959883,-0.0036287377808151833,-0.035470090678627164,0.7467588591184097,oulad,sex,7,proxy_soft,30.0,0.653124324789773,400.0,0.7689093512662311,0.0022123893805309214,-0.03498609823911025,0.02311138563710724,0.00019323164619600153,0.05476405219161682,0.03498609823911025
0.6632933896790626,0.6594444444444445,0.6089163111387255,0.01613434905831035,0.01613434905831035,0.0027819081513260624,0.017362642068064815,0.01613434905831035,0.0027819081513260624,0.7418604651162791,oulad,sex,8,erm,0.0,0.657681669920964,,,,,,,,
0.6632405788492273,0.66,0.6095542943179446,0.015359155259860757,0.015359155259860757,0.0008287831513260624,0.016245614503237693,0.015359155259860757,0.0008287831513260624,0.7426356589147287,oulad,sex,8,proxy_soft,0.3,0.6576968185489369,100.0,0.7437039762673062,-0.05393457117595046,-0.3412698412698413,-0.00866041769089354,-0.011662002741254174,0.886062315080688,0.3412698412698413
0.6631285773577643,0.66,0.6095542943179446,0.018638151326941577,0.018638151326941577,0.0008287831513260624,0.018479669632891937,0.018638151326941577,0.0008287831513260624,0.7410852713178294,oulad,sex,8,proxy_soft,1.0,0.6576792780323367,100.0,0.7437039762673062,-0.05393457117595046,-0.3412698412698413,-0.00866041769089354,-0.011662002741254174,0.886062315080688,0.3412698412698413
0.662861687727791,0.6605555555555556,0.6101922774971635,0.01622345949495152,0.01622345949495152,0.0023888455538221276,0.017362642068064815,0.01622345949495152,0.0023888455538221276,0.7426356589147287,oulad,sex,8,proxy_soft,3.0,0.6575724403403179,100.0,0.7437039762673062,-0.05393457117595046,-0.3412698412698413,-0.00866041769089354,-0.011662002741254174,0.886062315080688,0.3412698412698413
0.6622361097770568,0.6611111111111111,0.6108302606763827,0.017087763730042282,0.017087763730042282,0.003948907956318304,0.018479669632891937,0.017087763730042282,0.003948907956318304,0.7426356589147287,oulad,sex,8,proxy_soft,10.0,0.6572606975225616,100.0,0.7437039762673062,-0.05393457117595046,-0.3412698412698413,-0.00866041769089354,-0.011662002741254174,0.886062315080688,0.3412698412698413
0.6612061213777176,0.6622222222222223,0.6121062270348208,0.017176874166683453,0.017176874166683453,0.003555845358814369,0.018479669632891937,0.017176874166683453,0.003555845358814369,0.7434108527131783,oulad,sex,8,proxy_soft,30.0,0.656689833436849,100.0,0.7437039762673062,-0.05393457117595046,-0.3412698412698413,-0.00866041769089354,-0.011662002741254174,0.886062315080688,0.3412698412698413
0.6629357646636004,0.6572222222222223,0.6063643784218493,0.031673532566302676,0.027432614419810597,0.031673532566302676,0.0341180555404722,0.027432614419810597,0.031673532566302676,0.7348837209302326,oulad,sex,8,proxy_soft,0.3,0.6568469007900408,400.0,0.8135488462460898,-0.13414634146341464,-0.16969696969696973,-0.07485370447519302,-0.07654348703336467,0.9944597303581422,0.16969696969696973
0.6619135738364517,0.6594444444444445,0.6089163111387255,0.06250609399375973,0.048924309729117654,0.06250609399375973,0.05869266196666978,0.048924309729117654,0.06250609399375973,0.7263565891472868,oulad,sex,8,proxy_soft,1.0,0.6555768079289515,400.0,0.8135488462460898,-0.13414634146341464,-0.16969696969696973,-0.07485370447519302,-0.07654348703336467,0.9944597303581422,0.16969696969696973
0.6606060627541521,0.6594444444444445,0.6089163111387255,0.07655884360374415,0.05876129793035978,0.07655884360374415,0.06986293761494133,0.05876129793035978,0.07655884360374415,0.7217054263565892,oulad,sex,8,proxy_soft,3.0,0.6541225396435608,400.0,0.8135488462460898,-0.13414634146341464,-0.16969696969696973,-0.07485370447519302,-0.07654348703336467,0.9944597303581422,0.16969696969696973
0.659882306280838,0.6594444444444445,0.6089163111387255,0.09061159321372853,0.06859828613160202,0.09061159321372853,0.08103321326321289,0.06859828613160202,0.09061159321372853,0.7170542635658915,oulad,sex,8,proxy_soft,10.0,0.6530382167991906,400.0,0.8135488462460898,-0.13414634146341464,-0.16969696969696973,-0.07485370447519302,-0.07654348703336467,0.9944597303581422,0.16969696969696973
0.6596419992833322,0.6566666666666666,0.6057263952426303,0.10037721821372853,0.06919525905676938,0.10037721821372853,0.08438429595769448,0.06919525905676938,0.10037721821372853,0.7147286821705426,oulad,sex,8,proxy_soft,30.0,0.6523971906470776,400.0,0.8135488462460898,-0.13414634146341464,-0.16969696969696973,-0.07485370447519302,-0.07654348703336467,0.9944597303581422,0.16969696969696973
0.655301764271595,0.6488888888888888,0.5967946307335636,0.03739883970358815,0.005205925509034981,0.03739883970358815,0.010563047052614127,-0.005205925509034981,-0.03739883970358815,0.7389801210025929,oulad,sex,9,erm,0.0,0.6591223841708,,,,,,,,
0.655097609654245,0.6488888888888888,0.5967946307335636,0.033885652301092084,0.0019269294419542726,0.033885652301092084,0.007211964358132761,-0.0019269294419542726,-0.033885652301092084,0.7407087294727744,oulad,sex,9,proxy_soft,0.3,0.6591558706115819,100.0,0.7280569264722819,0.06127450980392157,-0.2282352941176471,0.007051256159385955,-0.03205718528345236,0.9989525033820523,0.2282352941176471
0.6548757332819166,0.6494444444444445,0.5974326139127828,0.025299215093603777,0.00106262520686351,0.025299215093603777,0.0038608816636511722,-0.00106262520686351,-0.025299215093603777,0.7415730337078652,oulad,sex,9,proxy_soft,1.0,0.6591686273509275,100.0,0.7280569264722819,0.06127450980392157,-0.2282352941176471,0.007051256159385955,-0.03205718528345236,0.9989525033820523,0.2282352941176471
0.6547208451434062,0.6483333333333333,0.5961566475543447,0.021392965093603777,0.00048776239003578414,0.021392965093603777,0.001626826533996928,0.00048776239003578414,-0.021392965093603777,0.7410852713178294,oulad,sex,9,proxy_soft,3.0,0.6591694246471367,100.0,0.7280569264722819,0.06127450980392157,-0.2282352941176471,0.007051256159385955,-0.03205718528345236,0.9989525033820523,0.2282352941176471
0.6546166412241338,0.6477777777777778,0.5955186643751256,0.0159266526911076,0.00290245422202573,0.0159266526911076,0.0017242561604845497,0.00290245422202573,-0.0159266526911076,0.7395348837209302,oulad,sex,9,proxy_soft,10.0,0.6591024517655726,100.0,0.7280569264722819,0.06127450980392157,-0.2282352941176471,0.007051256159385955,-0.03205718528345236,0.9989525033820523,0.2282352941176471
0.6545227159227487,0.6483333333333333,0.5961566475543447,0.01085340288611547,0.0021272604235761383,0.01085340288611547,0.002841283725311672,0.0021272604235761383,-0.01085340288611547,0.7403100775193798,oulad,sex,9,proxy_soft,30.0,0.6589701005948627,100.0,0.7280569264722819,0.06127450980392157,-0.2282352941176471,0.007051256159385955,-0.03205718528345236,0.9989525033820523,0.2282352941176471
0.6553212582020712,0.6488888888888888,0.5967946307335636,0.03739883970358815,0.005205925509034981,0.03739883970358815,0.010563047052614127,-0.005205925509034981,-0.03739883970358815,0.7389801210025929,oulad,sex,9,proxy_soft,0.3,0.6591343436139364,400.0,0.8138379423950229,-0.07144827586206903,-0.17676407697790453,-0.004474191970735286,-0.04964919310746141,0.9570200394501767,0.17676407697790453
0.6553620182385214,0.6494444444444445,0.5974326139127828,0.035838777301092084,0.004341621273944218,0.035838777301092084,0.009446019487787005,-0.004341621273944218,-0.035838777301092084,0.7398444252376837,oulad,sex,9,proxy_soft,1.0,0.6590928842110634,400.0,0.8138379423950229,-0.07144827586206903,-0.17676407697790453,-0.004474191970735286,-0.04964919310746141,0.9570200394501767,0.17676407697790453
0.6555293116055165,0.6488888888888888,0.5967946307335636,0.030372464898595908,0.005205925509034981,0.030372464898595908,0.008328991922959883,-0.005205925509034981,-0.030372464898595908,0.7389801210025929,oulad,sex,9,proxy_soft,3.0,0.6590410599574723,400.0,0.8138379423950229,-0.07144827586206903,-0.17676407697790453,-0.004474191970735286,-0.04964919310746141,0.9570200394501767,0.17676407697790453
0.6558192395169616,0.6483333333333333,0.5961566475543447,0.038958902106084214,0.007709727777666098,0.038958902106084214,0.012797102182268483,-0.007709727777666098,-0.038958902106084214,0.7372515125324114,oulad,sex,9,proxy_soft,10.0,0.6590306951067539,400.0,0.8138379423950229,-0.07144827586206903,-0.17676407697790453,-0.004474191970735286,-0.04964919310746141,0.9570200394501767,0.17676407697790453
0.6562147890880775,0.6522222222222223,0.600622529808878,0.052630777106084214,0.008217590266192287,0.052630777106084214,0.017265212441577193,-0.008217590266192287,-0.052630777106084214,0.7398444252376837,oulad,sex,9,proxy_soft,30.0,0.6585124525708419,400.0,0.8138379423950229,-0.07144827586206903,-0.17676407697790453,-0.004474191970735286,-0.04964919310746141,0.9570200394501767,0.17676407697790453
0.7549115084417548,0.8766666666666667,0.701224979161024,0.041701115778810624,0.03412462908011871,0.041701115778810624,0.06779719044345418,0.03412462908011871,0.041701115778810624,0.4658753709198813,bank,age,0,erm,0.0,0.7757968328840971,,,,,,,,
0.7516643045409086,0.8727777777777778,0.6917714742740871,0.03031335657251817,0.020916262575088662,0.03031335657251817,0.04807716009651858,-0.020916262575088662,0.03031335657251817,0.43902439024390244,bank,age,0,proxy_soft,0.3,0.7705761455525606,100.0,0.638535368087021,0.6363636363636364,-0.029870129870129852,0.11458589705538808,0.022027852860369457,0.9720875069108019,0.6363636363636364
0.7495192592653726,0.8716666666666667,0.6890704728778194,0.03014402547586309,0.03014402547586309,0.023674919556667853,0.040682148716417746,-0.03014402547586309,0.023674919556667853,0.4268292682926829,bank,age,0,proxy_soft,1.0,0.7666004043126685,100.0,0.638535368087021,0.6363636363636364,-0.029870129870129852,0.11458589705538808,0.022027852860369457,0.9720875069108019,0.6363636363636364
0.7482565411126174,0.8716666666666667,0.6890704728778194,0.03014402547586309,0.03014402547586309,0.020713226969371945,0.03821714492305081,-0.03014402547586309,0.020713226969371945,0.4268292682926829,bank,age,0,proxy_soft,3.0,0.7646462264150943,100.0,0.638535368087021,0.6363636363636364,-0.029870129870129852,0.11458589705538808,0.022027852860369457,0.9720875069108019,0.6363636363636364
0.7477140899988671,0.8705555555555555,0.6863694714815518,0.03937178837663752,0.03937178837663752,0.022959867715409366,0.03821714492305081,-0.03937178837663752,0.022959867715409366,0.4146341463414634,bank,age,0,proxy_soft,10.0,0.7640650269541779,100.0,0.638535368087021,0.6363636363636364,-0.029870129870129852,0.11458589705538808,0.022027852860369457,0.9720875069108019,0.6363636363636364
0.7474777523766936,0.8705555555555555,0.6863694714815518,0.05453426937830208,0.05453426937830208,0.019998175128113443,0.03328713733631691,-0.05453426937830208,0.019998175128113443,0.4024390243902439,bank,age,0,proxy_soft,30.0,0.7638477088948787,100.0,0.638535368087021,0.6363636363636364,-0.029870129870129852,0.11458589705538808,0.022027852860369457,0.9720875069108019,0.6363636363636364
0.7550360546172493,0.8772222222222222,0.7025754798591578,0.06148223203300285,0.06148223203300285,0.04502033428673578,0.07519220182355502,0.06148223203300285,0.04502033428673578,0.4629080118694362,bank,age,0,proxy_soft,0.3,0.7758456873315362,400.0,0.6756166523262974,-0.1916666666666667,0.07946308724832216,-0.00984658025919688,0.026584138672224034,0.6799877762907242,0.1916666666666667
0.7553541725594763,0.8766666666666667,0.701224979161024,0.06444959108344794,0.06444959108344794,0.047624500953402454,0.07765720561692199,0.06444959108344794,0.047624500953402454,0.4599406528189911,bank,age,0,proxy_soft,1.0,0.7755104447439353,400.0,0.6756166523262974,-0.1916666666666667,0.07946308724832216,-0.00984658025919688,0.026584138672224034,0.6799877762907242,0.1916666666666667
0.7562732633123731,0.8766666666666667,0.701224979161024,0.06444959108344794,0.06444959108344794,0.047624500953402454,0.07765720561692199,0.06444959108344794,0.047624500953402454,0.4599406528189911,bank,age,0,proxy_soft,3.0,0.7741239892183287,400.0,0.6756166523262974,-0.1916666666666667,0.07946308724832216,-0.00984658025919688,0.026584138672224034,0.6799877762907242,0.1916666666666667
0.7577948274322706,0.8766666666666667,0.701224979161024,0.06444959108344794,0.06444959108344794,0.05650957871529019,0.08505221699702283,0.06444959108344794,0.05650957871529019,0.4599406528189911,bank,age,0,proxy_soft,10.0,0.7698871293800538,400.0,0.6756166523262974,-0.1916666666666667,0.07946308724832216,-0.00984658025919688,0.026584138672224034,0.6799877762907242,0.1916666666666667
0.7588002001742147,0.8761111111111111,0.6998744784628901,0.06741695013389304,0.06741695013389304,0.05911374538195685,0.08751722079038976,0.06741695013389304,0.05911374538195685,0.456973293768546,bank,age,0,proxy_soft,30.0,0.764093665768194,400.0,0.6756166523262974,-0.1916666666666667,0.07946308724832216,-0.00984658025919688,0.026584138672224034,0.6799877762907242,0.1916666666666667
0.7582333650200812,0.8672222222222222,0.6782664672927488,0.13005717594267935,0.13005717594267935,0.08301025652484806,0.1146322625174262,0.13005717594267935,0.08301025652484806,0.4065281899109792,bank,age,1,erm,0.0,0.7878402964959569,,,,,,,,
0.7578949895673821,0.8677777777777778,0.6796169679908826,0.1574147788955635,0.1574147788955635,0.09521455279466094,0.1294222852776279,0.1574147788955635,0.09521455279466094,0.4035608308605341,bank,age,1,proxy_soft,0.3,0.7858557951482479,100.0,0.57360926374702,0.6666666666666667,0.06559263521288838,0.013421811138405848,0.07263100038359056,0.2771305400005232,0.6666666666666667
0.7570861897048331,0.8655555555555555,0.6742149651983472,0.13895925309401463,0.13895925309401463,0.10266952687403169,0.13188728907099484,0.13895925309401463,0.10266952687403169,0.39762611275964393,bank,age,1,proxy_soft,1.0,0.7842941374663073,100.0,0.57360926374702,0.6666666666666667,0.06559263521288838,0.013421811138405848,0.07263100038359056,0.2771305400005232,0.6666666666666667
0.7550784453336074,0.865,0.6728644645002134,0.17225157414778902,0.17225157414778902,0.10527369354069838,0.1392823004510957,0.17225157414778902,0.10527369354069838,0.3887240356083086,bank,age,1,proxy_soft,3.0,0.7825117924528303,100.0,0.57360926374702,0.6666666666666667,0.06559263521288838,0.013421811138405848,0.07263100038359056,0.2771305400005232,0.6666666666666667
0.7497529709139663,0.8633333333333333,0.6688129624058119,0.15082868929579507,0.15082868929579507,0.11012450095340244,0.1392823004510957,0.15082868929579507,0.11012450095340244,0.3857566765578635,bank,age,1,proxy_soft,10.0,0.7768699460916443,100.0,0.57360926374702,0.6666666666666667,0.06559263521288838,0.013421811138405848,0.07263100038359056,0.2771305400005232,0.6666666666666667
0.7433500970484808,0.8594444444444445,0.6593594575188751,0.15643772164724618,0.15643772164724618,0.10466012692170182,0.1343522928643618,0.15643772164724618,0.10466012692170182,0.36795252225519287,bank,age,1,proxy_soft,30.0,0.7695350404312669,100.0,0.57360926374702,0.6666666666666667,0.06559263521288838,0.013421811138405848,0.07263100038359056,0.2771305400005232,0.6666666666666667
0.7583999267728511,0.8672222222222222,0.6782664672927488,0.13005717594267935,0.13005717594267935,0.08301025652484806,0.1146322625174262,0.13005717594267935,0.08301025652484806,0.4065281899109792,bank,age,1,proxy_soft,0.3,0.7881132075471698,400.0,0.705346852749404,-0.08333333333333337,0.05665601703940362,0.07712878167094189,0.053396486358915835,-0.359904539760732,0.08333333333333337
0.7585319757300019,0.8672222222222222,0.6782664672927488,0.13005717594267935,0.13005717594267935,0.08004856393755215,0.11216725872405926,0.13005717594267935,0.08004856393755215,0.4065281899109792,bank,age,1,proxy_soft,1.0,0.7883069407008086,400.0,0.705346852749404,-0.08333333333333337,0.05665601703940362,0.07712878167094189,0.053396486358915835,-0.359904539760732,0.08333333333333337
0.7586565219054966,0.8666666666666667,0.676915966594615,0.11786205399145983,0.11786205399145983,0.07672934542962698,0.10723725113732537,0.11786205399145983,0.07672934542962698,0.4065281899109792,bank,age,1,proxy_soft,3.0,0.7882530323450134,400.0,0.705346852749404,-0.08333333333333337,0.05665601703940362,0.07712878167094189,0.053396486358915835,-0.359904539760732,0.08333333333333337
0.7589558828935827,0.8661111111111112,0.6755654658964811,0.1056669320402403,0.1056669320402403,0.08229520468358956,0.1097022549306923,0.1056669320402403,0.08229520468358956,0.4065281899109792,bank,age,1,proxy_soft,10.0,0.7881165768194069,400.0,0.705346852749404,-0.08333333333333337,0.05665601703940362,0.07712878167094189,0.053396486358915835,-0.359904539760732,0.08333333333333337
0.7591592082764685,0.8661111111111112,0.6755654658964811,0.1056669320402403,0.1056669320402403,0.08525689727088546,0.11216725872405926,0.1056669320402403,0.08525689727088546,0.4065281899109792,bank,age,1,proxy_soft,30.0,0.7878807277628032,400.0,0.705346852749404,-0.08333333333333337,0.05665601703940362,0.07712878167094189,0.053396486358915835,-0.359904539760732,0.08333333333333337
0.7774716226040805,0.8722222222222222,0.6904209735759532,0.056611063937552136,0.042701020482014906,0.056611063937552136,0.08012220941028893,0.042701020482014906,0.056611063937552136,0.44510385756676557,bank,age,2,erm,0.0,0.7652131064690028,,,,,,,,
0.7710514923407854,0.8716666666666667,0.6890704728778194,0.029598304731259684,0.00018093652746620226,0.029598304731259684,0.05054216388988554,0.00018093652746620226,0.029598304731259684,0.45103857566765576,bank,age,2,proxy_soft,0.3,0.7633869609164421,100.0,0.6357450397451888,0.8,0.3333333333333333,0.41440543925703255,0.07793473103432134,0.9782599582679615,0.8
0.7647566585311505,0.8672222222222222,0.6782664672927488,0.02377640477892981,0.02156763407396689,0.02377640477892981,0.040682148716417746,-0.02156763407396689,0.02377640477892981,0.4146341463414634,bank,age,2,proxy_soft,1.0,0.7579371630727763,100.0,0.6357450397451888,0.8,0.3333333333333333,0.41440543925703255,0.07793473103432134,0.9782599582679615,0.8
0.7605250896769977,0.865,0.6728644645002134,0.024860678873851016,0.024860678873851016,0.02234630109641282,0.03821714492305081,-0.024860678873851016,0.02234630109641282,0.4024390243902439,bank,age,2,proxy_soft,3.0,0.7531174191374662,100.0,0.6357450397451888,0.8,0.3333333333333333,0.41440543925703255,0.07793473103432134,0.9782599582679615,0.8
0.7583080176975614,0.8638888888888889,0.6701634631039457,0.034088441774625444,0.034088441774625444,0.021631249255154333,0.03575214112968385,-0.034088441774625444,0.021631249255154333,0.3902439024390244,bank,age,2,proxy_soft,10.0,0.7499014487870621,100.0,0.6357450397451888,0.8,0.3333333333333333,0.41440543925703255,0.07793473103432134,0.9782599582679615,0.8
0.7572958924521266,0.8605555555555555,0.6620604589151429,0.031446768473619435,0.031446768473619435,0.019486093731378856,0.03328713733631691,-0.031446768473619435,0.019486093731378856,0.3780487804878049,bank,age,2,proxy_soft,30.0,0.7482336590296497,100.0,0.6357450397451888,0.8,0.3333333333333333,0.41440543925703255,0.07793473103432134,0.9782599582679615,0.8
0.7768151292091543,0.8722222222222222,0.6904209735759532,0.056611063937552136,0.042701020482014906,0.056611063937552136,0.08012220941028893,0.042701020482014906,0.056611063937552136,0.44510385756676557,bank,age,2,proxy_soft,0.3,0.7649722035040432,400.0,0.6625471406750761,0.009966777408637828,0.09943121971771644,0.08915448718664976,0.05474224690181343,0.6056365783544874,0.09943121971771644
0.7763094417255197,0.8711111111111111,0.6877199721796856,0.05589601209629365,0.03347325758124048,0.05589601209629365,0.07765720561692199,0.03347325758124048,0.05589601209629365,0.4421364985163205,bank,age,2,proxy_soft,1.0,0.7646807614555255,400.0,0.6625471406750761,0.009966777408637828,0.09943121971771644,0.08915448718664976,0.05474224690181343,0.6056365783544874,0.09943121971771644
0.7761661385958845,0.8711111111111111,0.6877199721796856,0.05589601209629365,0.0031482955779112975,0.05589601209629365,0.07272719803018808,0.0031482955779112975,0.05589601209629365,0.44807121661721067,bank,age,2,proxy_soft,3.0,0.7646976078167116,400.0,0.6625471406750761,0.009966777408637828,0.09943121971771644,0.08915448718664976,0.05474224690181343,0.6056365783544874,0.09943121971771644
0.7763589600844514,0.8711111111111111,0.6877199721796856,0.05589601209629365,0.0031482955779112975,0.05589601209629365,0.07272719803018808,0.0031482955779112975,0.05589601209629365,0.44807121661721067,bank,age,2,proxy_soft,10.0,0.7650058962264151,400.0,0.6625471406750761,0.009966777408637828,0.09943121971771644,0.08915448718664976,0.05474224690181343,0.6056365783544874,0.09943121971771644
0.7767566075122352,0.8705555555555555,0.6863694714815518,0.04665340841377666,0.006115654628356393,0.04665340841377666,0.06533218665008722,0.006115654628356393,0.04665340841377666,0.44510385756676557,bank,age,2,proxy_soft,30.0,0.7656527964959569,400.0,0.6625471406750761,0.009966777408637828,0.09943121971771644,0.08915448718664976,0.05474224690181343,0.6056365783544874,0.09943121971771644
0.7729810572027553,0.8777777777777778,0.7035040431266847,0.057894928452808914,0.0007216048491845983,0.057894928452808914,0.07593764469825591,-0.0007216048491845983,0.057894928452808914,0.47560975609756095,bank,age,3,erm,0.0,0.793049191374663,,,,,,,,
0.7708980982330038,0.8761111111111111,0.6994609164420486,0.052460672535719455,0.052460672535719455,0.03604290684442768,0.04877295878993673,-0.052460672535719455,0.03604290684442768,0.4268292682926829,bank,age,3,proxy_soft,0.3,0.7898264824797844,100.0,0.631936482309831,0.08333333333333331,0.20779220779220778,0.21365148525473016,0.11895567085823282,0.7767150122685368,0.20779220779220778
0.7675924678047319,0.8733333333333333,0.692722371967655,0.08312887862606433,0.08312887862606433,0.03128678526321095,0.03889489118691157,-0.08312887862606433,0.03128678526321095,0.3902439024390244,bank,age,3,proxy_soft,1.0,0.7852948113207547,100.0,0.631936482309831,0.08333333333333331,0.20779220779220778,0.21365148525473016,0.11895567085823282,0.7767150122685368,0.20779220779220778
0.7634317909553758,0.8722222222222222,0.6900269541778975,0.09236542069562709,0.09236542069562709,0.02463474946581147,0.031486340484642675,-0.09236542069562709,0.02463474946581147,0.3780487804878049,bank,age,3,proxy_soft,3.0,0.7805306603773586,100.0,0.631936482309831,0.08333333333333331,0.20779220779220778,0.21365148525473016,0.11895567085823282,0.7767150122685368,0.20779220779220778
0.7598895627433363,0.87,0.6846361185983827,0.1108385048347525,0.1108385048347525,0.02320464578329448,0.0265473066831301,-0.1108385048347525,0.02320464578329448,0.35365853658536583,bank,age,3,proxy_soft,10.0,0.7760916442048518,100.0,0.631936482309831,0.08333333333333331,0.20779220779220778,0.21365148525473016,0.11895567085823282,0.7767150122685368,0.20779220779220778
0.7582026804432465,0.87,0.6846361185983827,0.1108385048347525,0.1108385048347525,0.017267661827153488,0.02160827288161754,-0.1108385048347525,0.017267661827153488,0.35365853658536583,bank,age,3,proxy_soft,30.0,0.773544474393531,100.0,0.631936482309831,0.08333333333333331,0.20779220779220778,0.21365148525473016,0.11895567085823282,0.7767150122685368,0.20779220779220778
0.7712687181790955,0.8761111111111111,0.6994609164420486,0.0676143743685958,0.0676143743685958,0.027137430910216184,0.03889489118691157,-0.0676143743685958,0.027137430910216184,0.4146341463414634,bank,age,3,proxy_soft,0.3,0.791900269541779,400.0,0.6918070528064784,0.20261437908496732,0.15851896447922936,0.13481127246933877,0.04211324850503119,0.9355034205593473,0.20261437908496732
0.7689865977837677,0.875,0.6967654986522912,0.07685091643815845,0.07685091643815845,0.023453887090887193,0.03395585738539898,-0.07685091643815845,0.023453887090887193,0.4024390243902439,bank,age,3,proxy_soft,1.0,0.7897388814016173,400.0,0.6918070528064784,0.20261437908496732,0.15851896447922936,0.13481127246933877,0.04211324850503119,0.9355034205593473,0.20261437908496732
0.7674629380053909,0.8744444444444445,0.6954177897574124,0.08904603838937797,0.08904603838937797,0.01715937721411695,0.0265473066831301,-0.08904603838937797,0.01715937721411695,0.3902439024390244,bank,age,3,proxy_soft,3.0,0.788125,400.0,0.6918070528064784,0.20261437908496732,0.15851896447922936,0.13481127246933877,0.04211324850503119,0.9355034205593473,0.20261437908496732
0.767244309673555,0.8738888888888889,0.6940700808625336,0.08608745850772115,0.08608745850772115,0.016801851293487713,0.0265473066831301,-0.08608745850772115,0.016801851293487713,0.3902439024390244,bank,age,3,proxy_soft,10.0,0.7878335579514826,400.0,0.6918070528064784,0.20261437908496732,0.15851896447922936,0.13481127246933877,0.04211324850503119,0.9355034205593473,0.20261437908496732
0.7676246630727763,0.8744444444444445,0.6954177897574124,0.08904603838937797,0.08904603838937797,0.01715937721411695,0.0265473066831301,-0.08904603838937797,0.01715937721411695,0.3902439024390244,bank,age,3,proxy_soft,30.0,0.787948113207547,400.0,0.6918070528064784,0.20261437908496732,0.15851896447922936,0.13481127246933877,0.04211324850503119,0.9355034205593473,0.20261437908496732
0.7445345381919201,0.8591666666666666,0.6585449046182676,0.13620161117844154,0.13620161117844154,0.05794458327263492,0.09276630942370949,0.13620161117844154,0.05794458327263492,0.3698224852071006,bank,age,4,erm,0.0,0.7478689353099731,,,,,,,,
0.7436169966354319,0.8591666666666666,0.6585449046182676,0.15120838383118274,0.15120838383118274,0.0638818229697778,0.10016132080381036,0.15120838383118274,0.0638818229697778,0.3668639053254438,bank,age,4,proxy_soft,0.3,0.7482749326145554,100.0,0.6487850730569457,-0.1333333333333333,0.1048951048951049,-0.06035837803829708,0.018175385040037545,0.9308374343316096,0.1333333333333333
0.7428197516510892,0.8586111111111111,0.657199973998008,0.1541669637128395,0.1541669637128395,0.07243002872436191,0.1075563321839112,0.1541669637128395,0.07243002872436191,0.363905325443787,bank,age,4,proxy_soft,1.0,0.7482917789757411,100.0,0.6487850730569457,-0.1333333333333333,0.1048951048951049,-0.06035837803829708,0.018175385040037545,0.9308374343316096,0.1333333333333333
0.7419283615233282,0.8580555555555556,0.6558550433777484,0.15712554359449632,0.15712554359449632,0.07504099478180318,0.11002133597727813,0.15712554359449632,0.07504099478180318,0.3609467455621302,bank,age,4,proxy_soft,3.0,0.7482884097035041,100.0,0.6487850730569457,-0.1333333333333333,0.1048951048951049,-0.06035837803829708,0.018175385040037545,0.9308374343316096,0.1333333333333333
0.7406200429032866,0.8580555555555556,0.6558550433777484,0.15712554359449632,0.15712554359449632,0.07504099478180318,0.11002133597727813,0.15712554359449632,0.07504099478180318,0.3609467455621302,bank,age,4,proxy_soft,10.0,0.748079514824798,100.0,0.6487850730569457,-0.1333333333333333,0.1048951048951049,-0.06035837803829708,0.018175385040037545,0.9308374343316096,0.1333333333333333
0.7397301471428817,0.8580555555555556,0.6558550433777484,0.15712554359449632,0.15712554359449632,0.07207237493323172,0.1075563321839112,0.15712554359449632,0.07207237493323172,0.3609467455621302,bank,age,4,proxy_soft,30.0,0.7477442722371967,100.0,0.6487850730569457,-0.1333333333333333,0.1048951048951049,-0.06035837803829708,0.018175385040037545,0.9308374343316096,0.1333333333333333
0.7442991753333748,0.8586111111111111,0.657199973998008,0.13916019106009836,0.13916019106009836,0.057586929481504734,0.09276630942370949,0.13916019106009836,0.057586929481504734,0.3668639053254438,bank,age,4,proxy_soft,0.3,0.7482783018867925,400.0,0.6649646111918032,-0.07142857142857145,0.16476263010916478,0.07364433332622122,0.0686279231410127,0.33450988426771155,0.16476263010916478
0.7441773843938735,0.8597222222222223,0.6598898352385272,0.14824980394952592,0.14824980394952592,0.06127085691233654,0.0976963170104434,0.14824980394952592,0.06127085691233654,0.3698224852071006,bank,age,4,proxy_soft,1.0,0.7488376010781671,400.0,0.6649646111918032,-0.07142857142857145,0.16476263010916478,0.07364433332622122,0.0686279231410127,0.33450988426771155,0.16476263010916478
0.7442633105168344,0.8602777777777778,0.6612347658587868,0.1602979967206103,0.1602979967206103,0.06459713055203817,0.1026263245971773,0.1602979967206103,0.06459713055203817,0.3698224852071006,bank,age,4,proxy_soft,3.0,0.749400269541779,400.0,0.6649646111918032,-0.07142857142857145,0.16476263010916478,0.07364433332622122,0.0686279231410127,0.33450988426771155,0.16476263010916478
0.7447415080707044,0.8597222222222223,0.6598898352385272,0.1632565766022671,0.1632565766022671,0.07017671645805086,0.1075563321839112,0.1632565766022671,0.07017671645805086,0.3668639053254438,bank,age,4,proxy_soft,10.0,0.7505441374663072,400.0,0.6649646111918032,-0.07142857142857145,0.16476263010916478,0.07364433332622122,0.0686279231410127,0.33450988426771155,0.16476263010916478
0.7448207095405642,0.8575,0.6545101127574888,0.1300705781706708,0.1300705781706708,0.06874610129353012,0.10016132080381036,0.1300705781706708,0.06874610129353012,0.363905325443787,bank,age,4,proxy_soft,30.0,0.7505424528301886,400.0,0.6649646111918032,-0.07142857142857145,0.16476263010916478,0.07364433332622122,0.0686279231410127,0.33450988426771155,0.16476263010916478
0.7727160649721038,0.8780555555555556,0.7042725457070935,0.04635585338248972,0.02060312254936908,0.04635585338248972,0.07058127528340695,0.02060312254936908,0.04635585338248972,0.47337278106508873,bank,age,5,erm,0.0,0.7524039757412398,,,,,,,,
0.7716573057004884,0.8758333333333334,0.6988928232260552,0.04492523821796898,0.017430669423255163,0.04492523821796898,0.06811627149004001,0.017430669423255163,0.04492523821796898,0.46449704142011833,bank,age,5,proxy_soft,0.3,0.7515717654986523,100.0,0.6205216358677634,-0.16363636363636364,0.22077922077922077,-0.03413370403393007,0.011329466088053325,0.8182171347206613,0.22077922077922077
0.7703213412843639,0.8747222222222222,0.696202961985536,0.05014717033285149,0.03835460183930989,0.05014717033285149,0.07551128287014086,0.03835460183930989,0.05014717033285149,0.4556213017751479,bank,age,5,proxy_soft,1.0,0.750968665768194,100.0,0.6205216358677634,-0.16363636363636364,0.22077922077922077,-0.03413370403393007,0.011329466088053325,0.8182171347206613,0.22077922077922077
0.7690137698480005,0.8747222222222222,0.696202961985536,0.05336137449205103,0.05336137449205103,0.05014717033285149,0.07797628666350782,0.05336137449205103,0.05014717033285149,0.4526627218934911,bank,age,5,proxy_soft,3.0,0.7506249999999999,100.0,0.6205216358677634,-0.16363636363636364,0.22077922077922077,-0.03413370403393007,0.011329466088053325,0.8182171347206613,0.22077922077922077
0.768069329679107,0.8747222222222222,0.696202961985536,0.059053029878565796,0.05336137449205103,0.059053029878565796,0.08537129804360866,0.05336137449205103,0.059053029878565796,0.4526627218934911,bank,age,5,proxy_soft,10.0,0.7507479784366576,100.0,0.6205216358677634,-0.16363636363636364,0.22077922077922077,-0.03413370403393007,0.011329466088053325,0.8182171347206613,0.22077922077922077
0.7676591258399278,0.8741666666666666,0.6948580313652765,0.06463261578457849,0.05631995437370779,0.06463261578457849,0.09030130563034255,0.05631995437370779,0.06463261578457849,0.44970414201183434,bank,age,5,proxy_soft,30.0,0.7507749326145552,100.0,0.6205216358677634,-0.16363636363636364,0.22077922077922077,-0.03413370403393007,0.011329466088053325,0.8182171347206613,0.22077922077922077
0.7728662488913663,0.8763888888888889,0.7002377538463148,0.036377032463384834,0.0005346831111427974,0.036377032463384834,0.05825625631657222,-0.0005346831111427974,0.036377032463384834,0.46987951807228917,bank,age,5,proxy_soft,0.3,0.7528638814016173,400.0,0.6827996232692884,-0.16666666666666669,0.1272482651182552,0.1652644098473111,0.044339780710420496,-0.6104231358479324,0.16666666666666669
0.7712844610452053,0.8725,0.6908232395044976,0.02793621622833066,0.02484494189776859,0.02793621622833066,0.045931237349737475,-0.02484494189776859,0.02793621622833066,0.43373493975903615,bank,age,5,proxy_soft,1.0,0.7509619272237198,400.0,0.6827996232692884,-0.16666666666666669,0.1272482651182552,0.1652644098473111,0.044339780710420496,-0.6104231358479324,0.16666666666666669
0.769640656953777,0.8708333333333333,0.6867884476437189,0.032800494552082976,0.015969202252798187,0.032800494552082976,0.05086124493647137,-0.015969202252798187,0.032800494552082976,0.43373493975903615,bank,age,5,proxy_soft,3.0,0.7491896900269541,400.0,0.6827996232692884,-0.16666666666666669,0.1272482651182552,0.1652644098473111,0.044339780710420496,-0.6104231358479324,0.16666666666666669
0.7684414271507123,0.8702777777777778,0.6854435170234593,0.028017395023882508,0.028017395023882508,0.02353698121523848,0.04100122976300358,-0.028017395023882508,0.02353698121523848,0.42168674698795183,bank,age,5,proxy_soft,10.0,0.7479396900269542,400.0,0.6827996232692884,-0.16666666666666669,0.1272482651182552,0.1652644098473111,0.044339780710420496,-0.6104231358479324,0.16666666666666669
0.7678660957187122,0.8708333333333333,0.6867884476437189,0.030975974905539272,0.030975974905539272,0.020926015157797226,0.03853622596963664,-0.030975974905539272,0.020926015157797226,0.42168674698795183,bank,age,5,proxy_soft,30.0,0.7472338274932614,400.0,0.6827996232692884,-0.16666666666666669,0.1272482651182552,0.1652644098473111,0.044339780710420496,-0.6104231358479324,0.16666666666666669
0.7445275531596287,0.87,0.6846361185983827,0.06773202545435197,0.04069851349401066,0.06773202545435197,0.08828522920203735,0.04069851349401066,0.06773202545435197,0.4349112426035503,bank,age,6,erm,0.0,0.7705685646900271,,,,,,,,
0.7412631027253669,0.8661111111111112,0.6752021563342319,0.05038688411959476,0.015947467166979368,0.05038688411959476,0.06852909399598703,0.015947467166979368,0.05038688411959476,0.4230769230769231,bank,age,6,proxy_soft,0.3,0.766956704851752,100.0,0.6515279153707709,0.3333333333333333,0.0997920997920998,0.30227513797652256,0.05148377723881171,0.9925450051262606,0.3333333333333333
0.734567984426475,0.8644444444444445,0.6711590296495957,0.046345814379636516,0.0054841968538028585,0.046345814379636516,0.06112054329371816,-0.0054841968538028585,0.046345814379636516,0.4146341463414634,bank,age,6,proxy_soft,1.0,0.7613721361185983,100.0,0.6515279153707709,0.3333333333333333,0.0997920997920998,0.30227513797652256,0.05148377723881171,0.9925450051262606,0.3333333333333333
0.7288200059898173,0.8622222222222222,0.6657681940700808,0.03897872674097855,0.008803579160051922,0.03897872674097855,0.053711992591449306,-0.008803579160051922,0.03897872674097855,0.4024390243902439,bank,age,6,proxy_soft,3.0,0.7545948450134772,100.0,0.6515279153707709,0.3333333333333333,0.0997920997920998,0.30227513797652256,0.05148377723881171,0.9925450051262606,0.3333333333333333
0.722458071278826,0.8566666666666667,0.6522911051212937,0.04134045149082709,0.02078221965651611,0.04134045149082709,0.058651026392961894,0.02078221965651611,0.04134045149082709,0.3816568047337278,bank,age,6,proxy_soft,10.0,0.7471740229110513,100.0,0.6515279153707709,0.3333333333333333,0.0997920997920998,0.30227513797652256,0.05148377723881171,0.9925450051262606,0.3333333333333333
0.7163215034441448,0.855,0.6482479784366577,0.04323636570700984,0.014504257468610227,0.04323636570700984,0.058651026392961894,0.014504257468610227,0.04323636570700984,0.3757396449704142,bank,age,6,proxy_soft,30.0,0.7398829177897575,100.0,0.6515279153707709,0.3333333333333333,0.0997920997920998,0.30227513797652256,0.05148377723881171,0.9925450051262606,0.3333333333333333
0.7422506738544475,0.8688888888888889,0.6819407008086253,0.040300545810459,0.029152835907057306,0.040300545810459,0.053711992591449306,-0.029152835907057306,0.040300545810459,0.4146341463414634,bank,age,6,proxy_soft,0.3,0.7666282008086253,400.0,0.7035390534961556,0.008695652173913049,0.20206464714841765,0.2093948041912857,0.12220305067317447,0.5407106943756231,0.20206464714841765
0.7392520215633424,0.8672222222222222,0.6778975741239892,0.024385508158218758,0.020277096262086902,0.024385508158218758,0.04136440808766784,-0.020277096262086902,0.024385508158218758,0.4146341463414634,bank,age,6,proxy_soft,1.0,0.7629506401617251,400.0,0.7035390534961556,0.008695652173913049,0.20206464714841765,0.2093948041912857,0.12220305067317447,0.5407106943756231,0.20206464714841765
0.737378706199461,0.8666666666666667,0.6765498652291105,0.04762592004618271,0.04762592004618271,0.012154014325307508,0.0265473066831301,-0.04762592004618271,0.012154014325307508,0.3902439024390244,bank,age,6,proxy_soft,3.0,0.7597363544474394,400.0,0.7035390534961556,0.008695652173913049,0.20206464714841765,0.2093948041912857,0.12220305067317447,0.5407106943756231,0.20206464714841765
0.7365887990416293,0.8672222222222222,0.6778975741239892,0.06573820176071582,0.06573820176071582,0.006574556289795766,0.019138755980861247,-0.06573820176071582,0.006574556289795766,0.3780487804878049,bank,age,6,proxy_soft,10.0,0.7576507749326146,400.0,0.7035390534961556,0.008695652173913049,0.20206464714841765,0.2093948041912857,0.12220305067317447,0.5407106943756231,0.20206464714841765
0.7365199161425577,0.8672222222222222,0.6778975741239892,0.06573820176071582,0.06573820176071582,0.006574556289795766,0.019138755980861247,-0.06573820176071582,0.006574556289795766,0.3780487804878049,bank,age,6,proxy_soft,30.0,0.7563872978436659,400.0,0.7035390534961556,0.008695652173913049,0.20206464714841765,0.2093948041912857,0.12220305067317447,0.5407106943756231,0.20206464714841765
0.7666771488469603,0.8705555555555555,0.6859838274932615,0.05324709148462872,0.04572593042794321,0.05324709148462872,0.07797628666350782,0.04572593042794321,0.05324709148462872,0.4362017804154303,bank,age,7,erm,0.0,0.7525977088948788,,,,,,,,
0.7669354597184787,0.8711111111111111,0.6873315363881402,0.05657310938332846,0.04275857137749811,0.05657310938332846,0.08044129045687476,0.04275857137749811,0.05657310938332846,0.4391691394658754,bank,age,7,proxy_soft,0.3,0.7526566711590297,100.0,0.6418633369381601,-0.46153846153846156,0.2097649186256781,0.15628622281391247,0.04311368870691776,-0.7675725270621367,0.46153846153846156
0.7669062593590896,0.8722222222222222,0.6900269541778975,0.057288161224586964,0.05183940509813734,0.057288161224586964,0.08290629425024172,0.05183940509813734,0.057288161224586964,0.4421364985163205,bank,age,7,proxy_soft,1.0,0.7526061320754717,100.0,0.6418633369381601,-0.46153846153846156,0.2097649186256781,0.15628622281391247,0.04311368870691776,-0.7675725270621367,0.46153846153846156
0.7666449535789158,0.8711111111111111,0.6873315363881402,0.05954160136139895,0.05777412319902753,0.05954160136139895,0.08537129804360866,0.05777412319902753,0.05954160136139895,0.4362017804154303,bank,age,7,proxy_soft,3.0,0.7524713611859839,100.0,0.6418633369381601,-0.46153846153846156,0.2097649186256781,0.15628622281391247,0.04311368870691776,-0.7675725270621367,0.46153846153846156
0.7656439053608866,0.8711111111111111,0.6873315363881402,0.06251009333946947,0.05777412319902753,0.06251009333946947,0.08783630183697559,0.05777412319902753,0.06251009333946947,0.4362017804154303,bank,age,7,proxy_soft,10.0,0.7523972371967655,100.0,0.6418633369381601,-0.46153846153846156,0.2097649186256781,0.15628622281391247,0.04311368870691776,-0.7675725270621367,0.46153846153846156
0.7645859538784067,0.8694444444444445,0.683288409703504,0.06143751557758173,0.05166064852883345,0.06143751557758173,0.08537129804360866,0.05166064852883345,0.06143751557758173,0.43026706231454004,bank,age,7,proxy_soft,30.0,0.7525151617250674,100.0,0.6418633369381601,-0.46153846153846156,0.2097649186256781,0.15628622281391247,0.04311368870691776,-0.7675725270621367,0.46153846153846156
0.7661769991015275,0.8716666666666667,0.6886792452830188,0.045056667391675714,0.039791212327053016,0.045056667391675714,0.07058127528340695,0.039791212327053016,0.045056667391675714,0.4421364985163205,bank,age,7,proxy_soft,0.3,0.7523652291105122,400.0,0.6917816363019214,-0.01764705882352946,0.07360358677377171,0.051680175591173216,0.02642524964794242,0.23512624139018046,0.07360358677377171
0.765616951182989,0.8716666666666667,0.6886792452830188,0.045056667391675714,0.039791212327053016,0.045056667391675714,0.07058127528340695,0.039791212327053016,0.045056667391675714,0.4421364985163205,bank,age,7,proxy_soft,1.0,0.7522237196765499,400.0,0.6917816363019214,-0.01764705882352946,0.07360358677377171,0.051680175591173216,0.02642524964794242,0.23512624139018046,0.07360358677377171
0.7651153039832285,0.8705555555555555,0.6859838274932615,0.04572593042794321,0.04572593042794321,0.04137312357234672,0.06811627149004001,0.04572593042794321,0.04137312357234672,0.4362017804154303,bank,age,7,proxy_soft,3.0,0.7520822102425876,400.0,0.6917816363019214,-0.01764705882352946,0.07360358677377171,0.051680175591173216,0.02642524964794242,0.23512624139018046,0.07360358677377171
0.7646136567834682,0.8705555555555555,0.6859838274932615,0.04572593042794321,0.04572593042794321,0.03840463159427622,0.06565126769667305,0.04572593042794321,0.03840463159427622,0.4362017804154303,bank,age,7,proxy_soft,10.0,0.7517183288409703,400.0,0.6917816363019214,-0.01764705882352946,0.07360358677377171,0.051680175591173216,0.02642524964794242,0.23512624139018046,0.07360358677377171
0.7642415393830487,0.8705555555555555,0.6859838274932615,0.04572593042794321,0.04572593042794321,0.03840463159427622,0.06565126769667305,0.04572593042794321,0.03840463159427622,0.4362017804154303,bank,age,7,proxy_soft,30.0,0.7513460242587602,400.0,0.6917816363019214,-0.01764705882352946,0.07360358677377171,0.051680175591173216,0.02642524964794242,0.23512624139018046,0.07360358677377171
0.7752497005091346,0.8733333333333333,0.692722371967655,0.15101354974795322,0.15101354974795322,0.06690868900005696,0.1075563321839112,0.15101354974795322,0.06690868900005696,0.42729970326409494,bank,age,8,erm,0.0,0.7500160040431266,,,,,,,,
0.7745533842467803,0.8733333333333333,0.692722371967655,0.15101354974795322,0.15101354974795322,0.06690868900005696,0.1075563321839112,0.15101354974795322,0.06690868900005696,0.42729970326409494,bank,age,8,proxy_soft,0.3,0.7491736859838275,100.0,0.6148537775690311,0.0,0.04545454545454545,0.0278049511208196,0.04464356425421449,0.8488285250556186,0.04545454545454545
0.7741513177598083,0.8733333333333333,0.692722371967655,0.15101354974795322,0.15101354974795322,0.06987718097812744,0.11002133597727813,0.15101354974795322,0.06987718097812744,0.42729970326409494,bank,age,8,proxy_soft,1.0,0.7488822439353099,100.0,0.6148537775690311,0.0,0.04545454545454545,0.0278049511208196,0.04464356425421449,0.8488285250556186,0.04545454545454545
0.7735867774782869,0.8716666666666667,0.6886792452830188,0.1599156268992885,0.1599156268992885,0.0688046032162397,0.11002133597727813,0.1599156268992885,0.0688046032162397,0.41839762611275966,bank,age,8,proxy_soft,3.0,0.7493808962264151,100.0,0.6148537775690311,0.0,0.04545454545454545,0.0278049511208196,0.04464356425421449,0.8488285250556186,0.04545454545454545
0.7723551212938005,0.8705555555555555,0.6859838274932615,0.16585034500017876,0.16585034500017876,0.06808955137498121,0.11002133597727813,0.16585034500017876,0.06808955137498121,0.4124629080118694,bank,age,8,proxy_soft,10.0,0.7506073113207546,100.0,0.6148537775690311,0.0,0.04545454545454545,0.0278049511208196,0.04464356425421449,0.8488285250556186,0.04545454545454545
0.7705671608265948,0.8694444444444445,0.683288409703504,0.18680061492259842,0.18680061492259842,0.07627997546793423,0.11988135115074594,0.18680061492259842,0.07627997546793423,0.4035608308605341,bank,age,8,proxy_soft,30.0,0.7513266509433962,100.0,0.6148537775690311,0.0,0.04545454545454545,0.0278049511208196,0.04464356425421449,0.8488285250556186,0.04545454545454545
0.7749479634621144,0.8738888888888889,0.6940700808625336,0.1630617425190376,0.1630617425190376,0.07023470689875669,0.1124863397706451,0.1630617425190376,0.07023470689875669,0.42729970326409494,bank,age,8,proxy_soft,0.3,0.7491854784366577,400.0,0.6357505900601506,-0.1588235294117647,0.0928448523085747,0.12481924574668707,0.0706639609725239,-0.5026403270656609,0.1588235294117647
0.7744373315363882,0.8738888888888889,0.6940700808625336,0.17807729434056707,0.17807729434056707,0.07617169085489768,0.11988135115074594,0.17807729434056707,0.07617169085489768,0.42433234421364985,bank,age,8,proxy_soft,1.0,0.7487491576819407,400.0,0.6357505900601506,-0.1588235294117647,0.0928448523085747,0.12481924574668707,0.0706639609725239,-0.5026403270656609,0.1588235294117647
0.7730649146451034,0.8738888888888889,0.6940700808625336,0.17807729434056707,0.17807729434056707,0.07023470689875669,0.11495134356401203,0.17807729434056707,0.07023470689875669,0.42433234421364985,bank,age,8,proxy_soft,3.0,0.748592486522911,400.0,0.6357505900601506,-0.1588235294117647,0.0928448523085747,0.12481924574668707,0.0706639609725239,-0.5026403270656609,0.1588235294117647
0.769836403114705,0.8733333333333333,0.692722371967655,0.1660291015694827,0.1660291015694827,0.07581416493426844,0.11741634735737899,0.1660291015694827,0.07581416493426844,0.42433234421364985,bank,age,8,proxy_soft,10.0,0.7484863544474394,400.0,0.6357505900601506,-0.1588235294117647,0.0928448523085747,0.12481924574668707,0.0706639609725239,-0.5026403270656609,0.1588235294117647
0.7650333183587901,0.87,0.6846361185983827,0.18383325587215332,0.18383325587215332,0.06476353347628148,0.11002133597727813,0.18383325587215332,0.06476353347628148,0.4065281899109792,bank,age,8,proxy_soft,30.0,0.7477265835579514,400.0,0.6357505900601506,-0.1588235294117647,0.0928448523085747,0.12481924574668707,0.0706639609725239,-0.5026403270656609,0.1588235294117647
0.7561335729260259,0.8672222222222222,0.6778975741239892,0.048133443982782756,0.005123394429210559,0.048133443982782756,0.06359006019447447,-0.005123394429210559,0.048133443982782756,0.4268292682926829,bank,age,9,erm,0.0,0.7878066037735849,,,,,,,,
0.7541142557651991,0.8661111111111112,0.6752021563342319,0.035544424229242255,0.02951363833164955,0.035544424229242255,0.04877295878993673,-0.02951363833164955,0.035544424229242255,0.4024390243902439,bank,age,9,proxy_soft,0.3,0.7869845013477088,100.0,0.5676663781201403,0.23809523809523808,0.06559263521288838,0.1330607359699031,0.09992379579519056,0.9303988644926534,0.23809523809523808
0.7520844564240792,0.8638888888888889,0.669811320754717,0.02520884461251377,0.017679318805022326,0.02520884461251377,0.04136440808766784,-0.017679318805022326,0.02520884461251377,0.4024390243902439,bank,age,9,proxy_soft,1.0,0.7854716981132076,100.0,0.5676663781201403,0.23809523809523808,0.06559263521288838,0.1330607359699031,0.09992379579519056,0.9303988644926534,0.23809523809523808
0.750742737346511,0.8638888888888889,0.669811320754717,0.02520884461251377,0.017679318805022326,0.02520884461251377,0.04136440808766784,-0.017679318805022326,0.02520884461251377,0.4024390243902439,bank,age,9,proxy_soft,3.0,0.7843952156334232,100.0,0.5676663781201403,0.23809523809523808,0.06559263521288838,0.1330607359699031,0.09992379579519056,0.9303988644926534,0.23809523809523808
0.7499161425576519,0.8638888888888889,0.669811320754717,0.02520884461251377,0.017679318805022326,0.02520884461251377,0.04136440808766784,-0.017679318805022326,0.02520884461251377,0.4024390243902439,bank,age,9,proxy_soft,10.0,0.7841155660377359,100.0,0.5676663781201403,0.23809523809523808,0.06559263521288838,0.1330607359699031,0.09992379579519056,0.9303988644926534,0.23809523809523808
0.7494863731656184,0.8644444444444445,0.6711590296495957,0.02556637053314302,0.0054841968538028585,0.02556637053314302,0.043833924988424144,-0.0054841968538028585,0.02556637053314302,0.4146341463414634,bank,age,9,proxy_soft,30.0,0.7841071428571428,100.0,0.5676663781201403,0.23809523809523808,0.06559263521288838,0.1330607359699031,0.09992379579519056,0.9303988644926534,0.23809523809523808
0.7584291704103023,0.8672222222222222,0.6778975741239892,0.03625947607050074,0.03543079809496319,0.03625947607050074,0.04877295878993673,-0.03543079809496319,0.03625947607050074,0.4024390243902439,bank,age,9,proxy_soft,0.3,0.7832698787061995,400.0,0.6780816263871979,0.2015503875968992,0.09317426759287223,0.11236828423316197,0.058895186976776606,0.9987633872982151,0.2015503875968992
0.7574423480083857,0.8661111111111112,0.6752021563342319,0.04466734016452589,0.04466734016452589,0.017733472360819263,0.031486340484642675,-0.04466734016452589,0.017733472360819263,0.3902439024390244,bank,age,9,proxy_soft,1.0,0.7776836253369273,400.0,0.6780816263871979,0.2015503875968992,0.09317426759287223,0.11236828423316197,0.058895186976776606,0.9987633872982151,0.2015503875968992
0.754811320754717,0.8627777777777778,0.6671159029649595,0.07237696637321406,0.07237696637321406,0.012619824858973297,0.02160827288161754,-0.07237696637321406,0.012619824858973297,0.35365853658536583,bank,age,9,proxy_soft,3.0,0.7743598382749326,400.0,0.6780816263871979,0.2015503875968992,0.09317426759287223,0.11236828423316197,0.058895186976776606,0.9987633872982151,0.2015503875968992
0.7534486373165618,0.8616666666666667,0.6644204851752021,0.09676721027565305,0.09676721027565305,0.017841756973855802,0.02160827288161754,-0.09676721027565305,0.017841756973855802,0.32926829268292684,bank,age,9,proxy_soft,10.0,0.7728116576819406,400.0,0.6780816263871979,0.2015503875968992,0.09317426759287223,0.11236828423316197,0.058895186976776606,0.9987633872982151,0.2015503875968992
0.7524550763701707,0.8611111111111112,0.6630727762803234,0.10896233222687257,0.10896233222687257,0.011547247097085558,0.014199722179348659,-0.10896233222687257,0.011547247097085558,0.3170731707317073,bank,age,9,proxy_soft,30.0,0.7727796495956872,400.0,0.6780816263871979,0.2015503875968992,0.09317426759287223,0.11236828423316197,0.058895186976776606,0.9987633872982151,0.2015503875968992
0.7691771488469603,0.8761111111111111,0.6994609164420486,0.06700486155146906,0.06700486155146906,0.06106623526071167,0.08106086200210554,0.06700486155146906,0.06106623526071167,0.44176706827309237,bank,marital,0,erm,0.0,0.7736682951482481,,,,,,,,
0.7685250074872716,0.8761111111111111,0.6994609164420486,0.07686887902487138,0.07686887902487138,0.0684919223469281,0.08876667407518661,0.07686887902487138,0.0684919223469281,0.43775100401606426,bank,marital,0,proxy_soft,0.3,0.7729742250673854,100.0,0.5549887895544542,0.2692307692307692,0.08492975734355045,-0.02517933697795033,0.05708267779636713,-0.1096364762068209,0.2692307692307692
0.7677246181491465,0.8761111111111111,0.6994609164420486,0.07686887902487138,0.07686887902487138,0.07294733459865796,0.09261958011172715,0.07686887902487138,0.07294733459865796,0.43775100401606426,bank,marital,0,proxy_soft,1.0,0.7725766509433962,100.0,0.5549887895544542,0.2692307692307692,0.08492975734355045,-0.02517933697795033,0.05708267779636713,-0.1096364762068209,0.2692307692307692
0.7667917041030249,0.8755555555555555,0.6981132075471699,0.06952498019816777,0.06115690833509474,0.06952498019816777,0.08748237206300644,0.06115690833509474,0.06952498019816777,0.44176706827309237,bank,marital,0,proxy_soft,3.0,0.7717562331536388,100.0,0.5549887895544542,0.2692307692307692,0.08492975734355045,-0.02517933697795033,0.05708267779636713,-0.1096364762068209,0.2692307692307692
0.764802336028751,0.8738888888888889,0.6940700808625336,0.07320510110617906,0.07320510110617906,0.06965387891740021,0.08876667407518661,0.07320510110617906,0.06965387891740021,0.42971887550200805,bank,marital,0,proxy_soft,10.0,0.770509602425876,100.0,0.5549887895544542,0.2692307692307692,0.08492975734355045,-0.02517933697795033,0.05708267779636713,-0.1096364762068209,0.2692307692307692
0.7618111710092842,0.8738888888888889,0.6940700808625336,0.06371332924842707,0.05347706615937431,0.06371332924842707,0.08106086200210554,0.05347706615937431,0.06371332924842707,0.43775100401606426,bank,marital,0,proxy_soft,30.0,0.7689529986522912,100.0,0.5549887895544542,0.2692307692307692,0.08492975734355045,-0.02517933697795033,0.05708267779636713,-0.1096364762068209,0.2692307692307692
0.7678047319556752,0.8733333333333333,0.692722371967655,0.04098418842377415,0.037765095469597665,0.04098418842377415,0.059227727795042526,0.037765095469597665,0.04098418842377415,0.44176706827309237,bank,marital,0,proxy_soft,0.3,0.7721302223719677,400.0,0.643859185603774,0.02461538461538465,0.13581923694283243,0.1513258836459901,0.11896923468963094,0.7483339003195251,0.13581923694283243
0.7643530997304583,0.8705555555555555,0.6859838274932615,0.0253575538385665,0.008525329387726321,0.0253575538385665,0.041247499624520026,0.008525329387726321,0.0253575538385665,0.44176706827309237,bank,marital,0,proxy_soft,1.0,0.7692023247978437,400.0,0.643859185603774,0.02461538461538465,0.13581923694283243,0.1513258836459901,0.11896923468963094,0.7483339003195251,0.13581923694283243
0.7599558250973346,0.8694444444444445,0.683288409703504,0.014057432785856264,0.00669344042838016,0.014057432785856264,0.030973083527078615,0.00669344042838016,0.014057432785856264,0.43775100401606426,bank,marital,0,proxy_soft,3.0,0.7661379716981132,400.0,0.643859185603774,0.02461538461538465,0.13581923694283243,0.1513258836459901,0.11896923468963094,0.7483339003195251,0.13581923694283243
0.7567093441150045,0.8677777777777778,0.6792452830188679,0.005275507001628987,0.0009864017473402709,0.005275507001628987,0.021982969441817365,-0.0009864017473402709,0.005275507001628987,0.4327485380116959,bank,marital,0,proxy_soft,10.0,0.7632269204851752,400.0,0.643859185603774,0.02461538461538465,0.13581923694283243,0.1513258836459901,0.11896923468963094,0.7483339003195251,0.13581923694283243
0.7549857741838875,0.8661111111111112,0.6752021563342319,0.008666243923060701,0.008666243923060701,0.002434130886374855,0.018130063405276828,-0.008666243923060701,0.002434130886374855,0.42105263157894735,bank,marital,0,proxy_soft,30.0,0.7616197776280322,400.0,0.643859185603774,0.02461538461538465,0.13581923694283243,0.1513258836459901,0.11896923468963094,0.7483339003195251,0.13581923694283243
0.7764199610661875,0.8711111111111111,0.6873315363881402,0.05382935249771009,0.05382935249771009,0.051056969497705974,0.06950214389248395,0.05382935249771009,0.051056969497705974,0.42570281124497994,bank,marital,1,erm,0.0,0.7646192722371967,,,,,,,,
0.7742142108415695,0.87,0.6846361185983827,0.08158951595857111,0.08158951595857111,0.06054877228640175,0.08106086200210554,0.08158951595857111,0.06054877228640175,0.40963855421686746,bank,marital,1,proxy_soft,0.3,0.7628706199460917,100.0,0.5909485927602717,-0.3333333333333333,0.06702898550724637,-0.08260050864141494,0.005456258464412805,0.9912373090506443,0.3333333333333333
0.7719066337226714,0.8672222222222222,0.6778975741239892,0.10166983724371165,0.10166983724371165,0.06868433637708668,0.09005097608736679,0.10166983724371165,0.06868433637708668,0.3895582329317269,bank,marital,1,proxy_soft,1.0,0.7605609838274932,100.0,0.5909485927602717,-0.3333333333333333,0.06702898550724637,-0.08260050864141494,0.005456258464412805,0.9912373090506443,0.3333333333333333
0.7696207696915245,0.8655555555555555,0.6738544474393531,0.11371803001479602,0.11371803001479602,0.07029837251356238,0.09261958011172715,0.11371803001479602,0.07029837251356238,0.37751004016064255,bank,marital,1,proxy_soft,3.0,0.7578150269541779,100.0,0.5909485927602717,-0.3333333333333333,0.06702898550724637,-0.08260050864141494,0.005456258464412805,0.9912373090506443,0.3333333333333333
0.7649397274633124,0.8627777777777778,0.6671159029649595,0.1535263862467413,0.1535263862467413,0.07397852435251744,0.1003253921848082,0.1535263862467413,0.07397852435251744,0.3493975903614458,bank,marital,1,proxy_soft,10.0,0.7519474393530996,100.0,0.5909485927602717,-0.3333333333333333,0.06702898550724637,-0.08260050864141494,0.005456258464412805,0.9912373090506443,0.3333333333333333
0.7587634770889489,0.8611111111111112,0.6630727762803234,0.12611850912421613,0.12611850912421613,0.06668173598553345,0.09005097608736679,0.12611850912421613,0.06668173598553345,0.3534136546184739,bank,marital,1,proxy_soft,30.0,0.7452442722371967,100.0,0.5909485927602717,-0.3333333333333333,0.06702898550724637,-0.08260050864141494,0.005456258464412805,0.9912373090506443,0.3333333333333333
0.7768759359089548,0.8716666666666667,0.6886792452830188,0.04556849939473645,0.02022123582047486,0.04556849939473645,0.0605120298072227,0.02022123582047486,0.04556849939473645,0.44176706827309237,bank,marital,1,proxy_soft,0.3,0.7640683962264152,400.0,0.6428197661425021,0.048484848484848464,0.04233784746970777,0.08763348173163055,0.030678469118558503,0.9282648200568515,0.048484848484848464
0.7763653039832284,0.8722222222222222,0.6900269541778975,0.037109754457280354,0.006341154090044376,0.037109754457280354,0.05152191572196145,0.006341154090044376,0.037109754457280354,0.4497991967871486,bank,marital,1,proxy_soft,1.0,0.7627206873315364,400.0,0.6428197661425021,0.048484848484848464,0.04233784746970777,0.08763348173163055,0.030678469118558503,0.9282648200568515,0.048484848484848464
0.7749434710991314,0.8738888888888889,0.6940700808625336,0.029555168651831484,0.015571056154442375,0.029555168651831484,0.0425318016367002,-0.015571056154442375,0.029555168651831484,0.4502923976608187,bank,marital,1,proxy_soft,3.0,0.7604413746630727,400.0,0.6428197661425021,0.048484848484848464,0.04233784746970777,0.08763348173163055,0.030678469118558503,0.9282648200568515,0.048484848484848464
0.7737657232704402,0.875,0.6967654986522912,0.033467202141900965,0.033467202141900965,0.023033640697622287,0.03482598956361915,-0.033467202141900965,0.023033640697622287,0.4444444444444444,bank,marital,1,proxy_soft,10.0,0.758347371967655,400.0,0.6428197661425021,0.048484848484848464,0.04233784746970777,0.08763348173163055,0.030678469118558503,0.9282648200568515,0.048484848484848464
0.7737267894579216,0.8755555555555555,0.6981132075471699,0.03748326639892907,0.03748326639892907,0.02200058284638262,0.03354168755143898,-0.03748326639892907,0.02200058284638262,0.4444444444444444,bank,marital,1,proxy_soft,30.0,0.7571445417789757,400.0,0.6428197661425021,0.048484848484848464,0.04233784746970777,0.08763348173163055,0.030678469118558503,0.9282648200568515,0.048484848484848464
0.7530083857442349,0.87,0.6846361185983827,0.07242987162434804,0.03226942859155918,0.07242987162434804,0.08491376803864607,0.03226942859155918,0.07242987162434804,0.42971887550200805,bank,marital,2,erm,0.0,0.7667806603773585,,,,,,,,
0.7531528900868525,0.8705555555555555,0.6859838274932615,0.07139681377310837,0.03811738180793345,0.07139681377310837,0.08491376803864607,0.03811738180793345,0.07139681377310837,0.42971887550200805,bank,marital,2,proxy_soft,0.3,0.7664993261455526,100.0,0.6002912943337928,0.0,0.07832422586520946,-0.013335255698087245,0.054995966227765265,0.9718383695339855,0.07832422586520946
0.7530465708295898,0.8705555555555555,0.6859838274932615,0.07139681377310837,0.03811738180793345,0.07139681377310837,0.08491376803864607,0.03811738180793345,0.07139681377310837,0.42971887550200805,bank,marital,2,proxy_soft,1.0,0.7662230458221024,100.0,0.6002912943337928,0.0,0.07832422586520946,-0.013335255698087245,0.054995966227765265,0.9718383695339855,0.07832422586520946
0.7519144953578916,0.8683333333333333,0.6805929919137467,0.07107363292633719,0.044317621362643556,0.07107363292633719,0.08491376803864607,0.044317621362643556,0.07107363292633719,0.41767068273092367,bank,marital,2,proxy_soft,3.0,0.7653285040431267,100.0,0.6002912943337928,0.0,0.07832422586520946,-0.013335255698087245,0.054995966227765265,0.9718383695339855,0.07832422586520946
0.7470799640610961,0.8655555555555555,0.6738544474393531,0.07326864734804894,0.04466990770097934,0.07326864734804894,0.08619807005082625,0.04466990770097934,0.07326864734804894,0.40562248995983935,bank,marital,2,proxy_soft,10.0,0.7633237870619946,100.0,0.6002912943337928,0.0,0.07832422586520946,-0.013335255698087245,0.054995966227765265,0.9718383695339855,0.07832422586520946
0.7391764001197965,0.86,0.660377358490566,0.07023298910525608,0.055238497851053336,0.07023298910525608,0.0836294660264659,0.055238497851053336,0.07023298910525608,0.37751004016064255,bank,marital,2,proxy_soft,30.0,0.7584164420485175,100.0,0.6002912943337928,0.0,0.07832422586520946,-0.013335255698087245,0.054995966227765265,0.9718383695339855,0.07832422586520946
0.7518044324648098,0.8705555555555555,0.6859838274932615,0.06397112668689192,0.0013386880856760541,0.06397112668689192,0.07335504992902449,-0.0013386880856760541,0.06397112668689192,0.4444444444444444,bank,marital,2,proxy_soft,0.3,0.7680070754716982,400.0,0.6486999196978627,0.19061583577712604,0.06952832901926947,0.1733339302462682,0.07398864905383405,0.9985594701144874,0.19061583577712604
0.7474977538185086,0.8694444444444445,0.683288409703504,0.05249066441203415,0.05249066441203415,0.04524531854796526,0.050237613709781276,-0.05249066441203415,0.04524531854796526,0.4093567251461988,bank,marital,2,proxy_soft,1.0,0.766128706199461,400.0,0.6486999196978627,0.19061583577712604,0.06952832901926947,0.1733339302462682,0.07398864905383405,0.9985594701144874,0.19061583577712604
0.7421383647798742,0.8677777777777778,0.6792452830188679,0.0897625590079617,0.0897625590079617,0.03497825534649471,0.03611029157579933,-0.0897625590079617,0.03497825534649471,0.38011695906432746,bank,marital,2,proxy_soft,3.0,0.7615347035040432,400.0,0.6486999196978627,0.19061583577712604,0.06952832901926947,0.1733339302462682,0.07398864905383405,0.9985594701144874,0.19061583577712604
0.7388634321653189,0.8661111111111112,0.6752021563342319,0.11717043613048689,0.11717043613048689,0.02916660439675399,0.027120177490538078,-0.11717043613048689,0.02916660439675399,0.3567251461988304,bank,marital,2,proxy_soft,10.0,0.7584029649595687,400.0,0.6486999196978627,0.19061583577712604,0.06952832901926947,0.1733339302462682,0.07398864905383405,0.9985594701144874,0.19061583577712604
0.738842467804732,0.865,0.6725067385444744,0.12886634256323543,0.12886634256323543,0.0238070330130169,0.02069866742963719,-0.12886634256323543,0.0238070330130169,0.34502923976608185,bank,marital,2,proxy_soft,30.0,0.7573079514824796,400.0,0.6486999196978627,0.19061583577712604,0.06952832901926947,0.1733339302462682,0.07398864905383405,0.9985594701144874,0.19061583577712604
0.7798240491165018,0.8805555555555555,0.7102425876010782,0.09406045233565846,0.09406045233565846,0.026069298940415174,0.05537482175850199,0.09406045233565846,0.026069298940415174,0.4497991967871486,bank,marital,3,erm,0.0,0.7640818733153639,,,,,,,,
0.7781386642707397,0.8777777777777778,0.7035040431266847,0.06482068625378706,0.06482068625378706,0.019353488858667223,0.04510040566106058,0.06482068625378706,0.019353488858667223,0.4497991967871486,bank,marital,3,proxy_soft,0.3,0.7620502021563342,100.0,0.6047876103512178,-0.25,0.08035714285714285,0.0874723453064738,0.026410422764917188,-0.8229433785962685,0.25
0.7756446540880504,0.875,0.6967654986522912,0.05530895511872047,0.05530895511872047,0.011152541359676,0.03611029157579933,0.05530895511872047,0.011152541359676,0.44176706827309237,bank,marital,3,proxy_soft,1.0,0.7589150943396226,100.0,0.6047876103512178,-0.25,0.08035714285714285,0.0874723453064738,0.026410422764917188,-0.8229433785962685,0.25
0.7732696915244085,0.8722222222222222,0.6900269541778975,0.04579722398365388,0.04579722398365388,0.005921868695171334,0.02968878151489844,0.04579722398365388,0.005921868695171334,0.43373493975903615,bank,marital,3,proxy_soft,3.0,0.7560309973045823,100.0,0.6047876103512178,-0.25,0.08035714285714285,0.0874723453064738,0.026410422764917188,-0.8229433785962685,0.25
0.7714794848757114,0.8716666666666667,0.6886792452830188,0.030085253293877234,0.030085253293877234,0.006954926546411014,0.02840447950271828,0.030085253293877234,0.006954926546411014,0.43775100401606426,bank,marital,3,proxy_soft,10.0,0.7540178571428572,100.0,0.6047876103512178,-0.25,0.08035714285714285,0.0874723453064738,0.026410422764917188,-0.8229433785962685,0.25
0.7708805031446542,0.8716666666666667,0.6886792452830188,0.030085253293877234,0.030085253293877234,0.006954926546411014,0.02840447950271828,0.030085253293877234,0.006954926546411014,0.43775100401606426,bank,marital,3,proxy_soft,30.0,0.7532951482479785,100.0,0.6047876103512178,-0.25,0.08035714285714285,0.0874723453064738,0.026410422764917188,-0.8229433785962685,0.25
0.7791973644803833,0.8777777777777778,0.7035040431266847,0.0746847037271895,0.0746847037271895,0.017868351441423944,0.04510040566106058,0.0746847037271895,0.017868351441423944,0.4457831325301205,bank,marital,3,proxy_soft,0.3,0.7633911725067385,400.0,0.6444976081471476,-0.06547619047619047,0.06133333333333334,0.10356039504445691,0.024925427439912246,-0.5495821108610034,0.06547619047619047
0.7780877508235998,0.8755555555555555,0.6981132075471699,0.07102092580849717,0.07102092580849717,0.005664071256706468,0.03354168755143898,0.07102092580849717,0.005664071256706468,0.43775100401606426,bank,marital,3,proxy_soft,1.0,0.7618210916442049,400.0,0.6444976081471476,-0.06547619047619047,0.06133333333333334,0.10356039504445691,0.024925427439912246,-0.5495821108610034,0.06547619047619047
0.7767460317460317,0.8727777777777778,0.6913746630727763,0.05164517720002815,0.05164517720002815,0.000433398592201803,0.025835875478357903,0.05164517720002815,0.000433398592201803,0.43373493975903615,bank,marital,3,proxy_soft,3.0,0.7593530997304583,400.0,0.6444976081471476,-0.06547619047619047,0.06133333333333334,0.10356039504445691,0.024925427439912246,-0.5495821108610034,0.06547619047619047
0.7754395028451633,0.8711111111111111,0.6873315363881402,0.04396533502430772,0.04396533502430772,0.0038931149402956083,0.02069866742963719,0.04396533502430772,-0.0038931149402956083,0.42971887550200805,bank,marital,3,proxy_soft,10.0,0.7575589622641509,400.0,0.6444976081471476,-0.06547619047619047,0.06133333333333334,0.10356039504445691,0.024925427439912246,-0.5495821108610034,0.06547619047619047
0.7748854447439355,0.8694444444444445,0.683288409703504,0.04614951032198966,0.04614951032198966,0.0052493536383064615,0.01941436541745703,0.04614951032198966,-0.0052493536383064615,0.42168674698795183,bank,marital,3,proxy_soft,30.0,0.7571024258760107,400.0,0.6444976081471476,-0.06547619047619047,0.06133333333333334,0.10356039504445691,0.024925427439912246,-0.5495821108610034,0.06547619047619047
0.7799547020065887,0.8805555555555555,0.7102425876010782,0.04686122278182117,0.015148312548439347,0.04686122278182117,0.06308063383158306,0.015148312548439347,0.04686122278182117,0.4819277108433735,bank,marital,4,erm,0.0,0.7511000673854448,,,,,,,,
0.7799651841868823,0.8783333333333333,0.7048517520215634,0.046538041935049984,0.0213485521031494,0.046538041935049984,0.06308063383158306,0.0213485521031494,0.046538041935049984,0.46987951807228917,bank,marital,4,proxy_soft,0.3,0.7507614555256065,100.0,0.5513825788032155,0.09999999999999998,0.012731481481481483,0.07190293549638566,0.025485855664837118,0.9771895928519089,0.09999999999999998
0.7797465558550464,0.8788888888888889,0.706199460916442,0.03659415958035061,0.007468470372718916,0.03659415958035061,0.05280621773414165,0.007468470372718916,0.03659415958035061,0.4779116465863454,bank,marital,4,proxy_soft,1.0,0.7498416442048518,100.0,0.5513825788032155,0.09999999999999998,0.012731481481481483,0.07190293549638566,0.025485855664837118,0.9771895928519089,0.09999999999999998
0.7795436507936508,0.88,0.7088948787061995,0.03452804387787126,0.0005636581413372976,0.03452804387787126,0.050237613709781276,-0.0005636581413372976,0.03452804387787126,0.4853801169590643,bank,marital,4,proxy_soft,3.0,0.7497254043126684,100.0,0.5513825788032155,0.09999999999999998,0.012731481481481483,0.07190293549638566,0.025485855664837118,0.9771895928519089,0.09999999999999998
0.7789821054207846,0.8794444444444445,0.7075471698113208,0.03556110172911093,0.0034524061156908092,0.03556110172911093,0.05152191572196145,0.0034524061156908092,0.03556110172911093,0.4819277108433735,bank,marital,4,proxy_soft,10.0,0.7480778301886792,100.0,0.5513825788032155,0.09999999999999998,0.012731481481481483,0.07190293549638566,0.025485855664837118,0.9771895928519089,0.09999999999999998
0.7764184636118598,0.8794444444444445,0.7075471698113208,0.040016513980840794,0.006411611357711566,0.040016513980840794,0.054090519746321813,-0.006411611357711566,0.040016513980840794,0.47953216374269003,bank,marital,4,proxy_soft,30.0,0.7462011455525606,100.0,0.5513825788032155,0.09999999999999998,0.012731481481481483,0.07190293549638566,0.025485855664837118,0.9771895928519089,0.09999999999999998
0.7795646151542379,0.8794444444444445,0.7075471698113208,0.03853137656359751,0.013316423589093185,0.03853137656359751,0.05537482175850199,0.013316423589093185,0.03853137656359751,0.4779116465863454,bank,marital,4,proxy_soft,0.3,0.7515919811320754,400.0,0.6353311936555661,0.2338709677419355,0.05704458143482533,0.14765491187627777,0.060256248287870066,0.9890360502585633,0.2338709677419355
0.778648921832884,0.8805555555555555,0.7102425876010782,0.02903957377490174,0.015148312548439347,0.02903957377490174,0.04766900968542091,0.015148312548439347,0.02903957377490174,0.4819277108433735,bank,marital,4,proxy_soft,1.0,0.7517587601078167,400.0,0.6353311936555661,0.2338709677419355,0.05704458143482533,0.14765491187627777,0.060256248287870066,0.9890360502585633,0.2338709677419355
0.776845986822402,0.8777777777777778,0.7035040431266847,0.03381948848023675,0.03381948848023675,0.017868351441423944,0.030973083527078615,-0.03381948848023675,0.017868351441423944,0.45614035087719296,bank,marital,4,proxy_soft,3.0,0.7509787735849056,400.0,0.6353311936555661,0.2338709677419355,0.05704458143482533,0.14765491187627777,0.060256248287870066,0.9890360502585633,0.2338709677419355
0.7736129829290206,0.8761111111111111,0.6994609164420486,0.04149933065595718,0.04149933065595718,0.01205670049168324,0.02455157346617773,-0.04149933065595718,0.01205670049168324,0.4444444444444444,bank,marital,4,proxy_soft,10.0,0.7489605795148248,400.0,0.6353311936555661,0.2338709677419355,0.05704458143482533,0.14765491187627777,0.060256248287870066,0.9890360502585633,0.2338709677419355
0.7695002246181492,0.8733333333333333,0.692722371967655,0.05101106179102377,0.05101106179102377,0.006826027827178574,0.018130063405276828,-0.05101106179102377,0.006826027827178574,0.4269005847953216,bank,marital,4,proxy_soft,30.0,0.7459299191374663,400.0,0.6353311936555661,0.2338709677419355,0.05704458143482533,0.14765491187627777,0.060256248287870066,0.9890360502585633,0.2338709677419355
0.7589019916142558,0.8705555555555555,0.6859838274932615,0.0578454167547382,0.0578454167547382,0.03723865317651279,0.05794342578286235,0.0578454167547382,0.03723865317651279,0.42168674698795183,bank,marital,5,erm,0.0,0.7637702156334232,,,,,,,,
0.7586893530997305,0.8722222222222222,0.6900269541778975,0.055661241457056254,0.055661241457056254,0.031169204788307217,0.05280621773414165,0.055661241457056254,0.031169204788307217,0.42971887550200805,bank,marital,5,proxy_soft,0.3,0.7643598382749326,100.0,0.6012909608975343,0.3888888888888889,0.06346153846153846,0.08800197291051948,0.04401165255207459,0.9547484187122305,0.3888888888888889
0.7582124138963762,0.8711111111111111,0.6873315363881402,0.03410131755090534,0.03410131755090534,0.02135422115284026,0.041247499624520026,0.03410131755090534,0.02135422115284026,0.43373493975903615,bank,marital,5,proxy_soft,1.0,0.7640397574123989,100.0,0.6012909608975343,0.3888888888888889,0.06346153846153846,0.08800197291051948,0.04401165255207459,0.9547484187122305,0.3888888888888889
0.7576373914345612,0.8705555555555555,0.6859838274932615,0.028253364334531073,0.028253364334531073,0.020902141586836634,0.039963197612339865,0.028253364334531073,0.020902141586836634,0.43373493975903615,bank,marital,5,proxy_soft,3.0,0.7632024932614555,100.0,0.6012909608975343,0.3888888888888889,0.06346153846153846,0.08800197291051948,0.04401165255207459,0.9547484187122305,0.3888888888888889
0.7570219377059,0.87,0.6846361185983827,0.03226942859155918,0.03226942859155918,0.0219351994380763,0.041247499624520026,0.03226942859155918,0.0219351994380763,0.42971887550200805,bank,marital,5,proxy_soft,10.0,0.7612365229110511,100.0,0.6012909608975343,0.3888888888888889,0.06346153846153846,0.08800197291051948,0.04401165255207459,0.9547484187122305,0.3888888888888889
0.7557992662473795,0.8683333333333333,0.6805929919137467,0.05418163883604593,0.05418163883604593,0.026519510409038605,0.04766900968542091,0.05418163883604593,0.026519510409038605,0.41365461847389556,bank,marital,5,proxy_soft,30.0,0.7590448113207546,100.0,0.6012909608975343,0.3888888888888889,0.06346153846153846,0.08800197291051948,0.04401165255207459,0.9547484187122305,0.3888888888888889
0.757747454327643,0.8711111111111111,0.6873315363881402,0.04396533502430772,0.04396533502430772,0.024324495987326833,0.04510040566106058,0.04396533502430772,0.024324495987326833,0.42971887550200805,bank,marital,5,proxy_soft,0.3,0.762542115902965,400.0,0.616272601352549,-0.16666666666666669,0.0949978060552874,0.12939588968448595,0.048942387873495585,-0.6374095666130447,0.16666666666666669
0.754920260557053,0.8694444444444445,0.683288409703504,0.016557457901782535,0.016557457901782535,0.009602020534126399,0.02840447950271828,0.016557457901782535,0.009602020534126399,0.43373493975903615,bank,marital,5,proxy_soft,1.0,0.7597523584905661,400.0,0.616272601352549,-0.16666666666666669,0.0949978060552874,0.12939588968448595,0.048942387873495585,-0.6374095666130447,0.16666666666666669
0.7513361036238395,0.87,0.6846361185983827,0.007083825265643454,0.0026773761713520527,0.007083825265643454,0.02455157346617773,0.0026773761713520527,0.007083825265643454,0.44176706827309237,bank,marital,5,proxy_soft,3.0,0.7559316037735848,400.0,0.616272601352549,-0.16666666666666669,0.0949978060552874,0.12939588968448595,0.048942387873495585,-0.6374095666130447,0.16666666666666669
0.7486878556454029,0.8683333333333333,0.6805929919137467,0.005002466004368378,0.005002466004368378,0.004242449150389321,0.02069866742963719,-0.005002466004368378,0.004242449150389321,0.4327485380116959,bank,marital,5,proxy_soft,10.0,0.7533204177897574,400.0,0.616272601352549,-0.16666666666666669,0.0949978060552874,0.12939588968448595,0.048942387873495585,-0.6374095666130447,0.16666666666666669
0.747596211440551,0.8683333333333333,0.6805929919137467,0.005002466004368378,0.005002466004368378,0.004242449150389321,0.02069866742963719,-0.005002466004368378,0.004242449150389321,0.4327485380116959,bank,marital,5,proxy_soft,30.0,0.7523601752021564,400.0,0.616272601352549,-0.16666666666666669,0.0949978060552874,0.12939588968448595,0.048942387873495585,-0.6374095666130447,0.16666666666666669
0.7743471099131476,0.87,0.6846361185983827,0.09145353343197349,0.09145353343197349,0.047182535531212176,0.07078644590466411,0.09145353343197349,0.047182535531212176,0.40562248995983935,bank,marital,6,erm,0.0,0.762539588948787,,,,,,,,
0.7739585205151243,0.8722222222222222,0.6900269541778975,0.12470936377087294,0.12470936377087294,0.05790167829868635,0.08491376803864607,0.12470936377087294,0.05790167829868635,0.40160642570281124,bank,marital,6,proxy_soft,0.3,0.7650530660377358,100.0,0.5757694080196301,-0.16666666666666669,-0.027113237639553422,-0.15650833702394934,0.004736001713087579,0.9817164430311549,0.16666666666666669
0.7721675651392632,0.8716666666666667,0.6886792452830188,0.12872542802790105,0.12872542802790105,0.06339014840165588,0.09005097608736679,0.12872542802790105,0.06339014840165588,0.39759036144578314,bank,marital,6,proxy_soft,1.0,0.7668522574123988,100.0,0.5757694080196301,-0.16666666666666669,-0.027113237639553422,-0.15650833702394934,0.004736001713087579,0.9817164430311549,0.16666666666666669
0.7698495058400718,0.8688888888888889,0.6819407008086253,0.11921369689283451,0.11921369689283451,0.06261488798888108,0.08748237206300644,0.11921369689283451,0.06261488798888108,0.3895582329317269,bank,marital,6,proxy_soft,3.0,0.7676389824797843,100.0,0.5757694080196301,-0.16666666666666669,-0.027113237639553422,-0.15650833702394934,0.004736001713087579,0.9817164430311549,0.16666666666666669
0.7655315962863133,0.8672222222222222,0.6778975741239892,0.11153385471711402,0.11153385471711402,0.056803237039140385,0.08106086200210554,0.11153385471711402,0.056803237039140385,0.3855421686746988,bank,marital,6,proxy_soft,10.0,0.766272742587601,100.0,0.5757694080196301,-0.16666666666666669,-0.027113237639553422,-0.15650833702394934,0.004736001713087579,0.9817164430311549,0.16666666666666669
0.7571495956873315,0.8622222222222222,0.6657681940700808,0.09835834566335516,0.09835834566335516,0.0557047957795944,0.077207955965565,0.09835834566335516,0.0557047957795944,0.36947791164658633,bank,marital,6,proxy_soft,30.0,0.7618893194070081,100.0,0.5757694080196301,-0.16666666666666669,-0.027113237639553422,-0.15650833702394934,0.004736001713087579,0.9817164430311549,0.16666666666666669
0.774416741539383,0.87,0.6846361185983827,0.09145353343197349,0.09145353343197349,0.04569739811396888,0.06950214389248395,0.09145353343197349,0.04569739811396888,0.40562248995983935,bank,marital,6,proxy_soft,0.3,0.7623273247978437,400.0,0.6105197341346764,-0.11607142857142855,0.05022939408321468,-0.0025697001900064076,0.044021224033802556,0.4499602364597877,0.11607142857142855
0.7744541778975741,0.87,0.6846361185983827,0.09145353343197349,0.09145353343197349,0.04569739811396888,0.06950214389248395,0.09145353343197349,0.04569739811396888,0.40562248995983935,bank,marital,6,proxy_soft,1.0,0.7618337264150944,400.0,0.6105197341346764,-0.11607142857142855,0.05022939408321468,-0.0025697001900064076,0.044021224033802556,0.4499602364597877,0.11607142857142855
0.7744159928122192,0.87,0.6846361185983827,0.09145353343197349,0.09145353343197349,0.04569739811396888,0.06950214389248395,0.09145353343197349,0.04569739811396888,0.40562248995983935,bank,marital,6,proxy_soft,3.0,0.7609122304582211,400.0,0.6105197341346764,-0.11607142857142855,0.05022939408321468,-0.0025697001900064076,0.044021224033802556,0.4499602364597877,0.11607142857142855
0.7736807427373465,0.8705555555555555,0.6859838274932615,0.08743746917494538,0.08743746917494538,0.046149477679972496,0.06950214389248395,0.08743746917494538,0.046149477679972496,0.40963855421686746,bank,marital,6,proxy_soft,10.0,0.7585470013477089,400.0,0.6105197341346764,-0.11607142857142855,0.05022939408321468,-0.0025697001900064076,0.044021224033802556,0.4499602364597877,0.11607142857142855
0.7722663971248878,0.8683333333333333,0.6805929919137467,0.08377369125625306,0.08377369125625306,0.04582629683320133,0.06821784188030378,0.08377369125625306,0.04582629683320133,0.40160642570281124,bank,marital,6,proxy_soft,30.0,0.7555180256064691,400.0,0.6105197341346764,-0.11607142857142855,0.05022939408321468,-0.0025697001900064076,0.044021224033802556,0.4499602364597877,0.11607142857142855
0.7665270290506141,0.8733333333333333,0.692722371967655,0.05138015034447716,0.037765095469597665,0.05138015034447716,0.06821784188030378,0.037765095469597665,0.05138015034447716,0.44176706827309237,bank,marital,7,erm,0.0,0.7586960916442048,,,,,,,,
0.7665592243186582,0.8738888888888889,0.6940700808625336,0.050347092493237496,0.03374903121256956,0.050347092493237496,0.06693353986812357,0.03374903121256956,0.050347092493237496,0.4457831325301205,bank,marital,7,proxy_soft,0.3,0.7585562668463612,100.0,0.5540893722201872,-0.42857142857142855,0.08954393770856507,0.04185501204343933,0.024360172376876182,-0.7431291302249096,0.42857142857142855
0.7665487421383648,0.8738888888888889,0.6940700808625336,0.050347092493237496,0.03374903121256956,0.050347092493237496,0.06693353986812357,0.03374903121256956,0.050347092493237496,0.4457831325301205,bank,marital,7,proxy_soft,1.0,0.7583338948787062,100.0,0.5540893722201872,-0.42857142857142855,0.08954393770856507,0.04185501204343933,0.024360172376876182,-0.7431291302249096,0.42857142857142855
0.7662604821802935,0.8738888888888889,0.6940700808625336,0.05331736732772406,0.03374903121256956,0.05331736732772406,0.06950214389248395,0.03374903121256956,0.05331736732772406,0.4457831325301205,bank,marital,7,proxy_soft,3.0,0.7576381401617251,100.0,0.5540893722201872,-0.42857142857142855,0.08954393770856507,0.04185501204343933,0.024360172376876182,-0.7431291302249096,0.42857142857142855
0.7647285864031147,0.8738888888888889,0.6940700808625336,0.04737681765875092,0.03374903121256956,0.04737681765875092,0.06436493584376324,0.03374903121256956,0.04737681765875092,0.4457831325301205,bank,marital,7,proxy_soft,10.0,0.7565717654986521,100.0,0.5540893722201872,-0.42857142857142855,0.08954393770856507,0.04185501204343933,0.024360172376876182,-0.7431291302249096,0.42857142857142855
0.7623289158430667,0.8716666666666667,0.6886792452830188,0.042598224560249885,0.02022123582047486,0.042598224560249885,0.05794342578286235,0.02022123582047486,0.042598224560249885,0.44176706827309237,bank,marital,7,proxy_soft,30.0,0.7558052560646901,100.0,0.5540893722201872,-0.42857142857142855,0.08954393770856507,0.04185501204343933,0.024360172376876182,-0.7431291302249096,0.42857142857142855
0.7654743186582809,0.8738888888888889,0.6940700808625336,0.03846599315529121,0.023885013739167182,0.03846599315529121,0.05537482175850199,0.023885013739167182,0.03846599315529121,0.4497991967871486,bank,marital,7,proxy_soft,0.3,0.7590229110512129,400.0,0.6437304221796252,0.0,0.08717253839205058,0.23847433030388882,0.06267767464171253,0.2541946780078106,0.08717253839205058
0.763154761904762,0.8727777777777778,0.6913746630727763,0.02205312477982102,0.02205312477982102,0.02122532243360782,0.039963197612339865,0.02205312477982102,0.02122532243360782,0.4457831325301205,bank,marital,7,proxy_soft,1.0,0.7573146900269542,400.0,0.6437304221796252,0.0,0.08717253839205058,0.23847433030388882,0.06267767464171253,0.2541946780078106,0.08717253839205058
0.7598558700209643,0.8738888888888889,0.6940700808625336,0.01024838222766876,0.00570703868104,0.01024838222766876,0.027120177490538078,-0.00570703868104,0.01024838222766876,0.45614035087719296,bank,marital,7,proxy_soft,3.0,0.7549983153638814,400.0,0.6437304221796252,0.0,0.08717253839205058,0.23847433030388882,0.06267767464171253,0.2541946780078106,0.08717253839205058
0.7565577268643306,0.8733333333333333,0.692722371967655,0.011554991897414268,0.011554991897414268,0.00088547815820543,0.018130063405276828,-0.011554991897414268,0.00088547815820543,0.4502923976608187,bank,marital,7,proxy_soft,10.0,0.7523231132075473,400.0,0.6437304221796252,0.0,0.08717253839205058,0.23847433030388882,0.06267767464171253,0.2541946780078106,0.08717253839205058
0.7535089098532495,0.8694444444444445,0.683288409703504,0.05249066441203415,0.05249066441203415,0.0022790788038198895,0.009139949320015592,-0.05249066441203415,-0.0022790788038198895,0.4093567251461988,bank,marital,7,proxy_soft,30.0,0.7497978436657682,400.0,0.6437304221796252,0.0,0.08717253839205058,0.23847433030388882,0.06267767464171253,0.2541946780078106,0.08717253839205058
0.769483378256963,0.8744444444444445,0.6954177897574124,0.040403210138538106,0.03959698442894383,0.040403210138538106,0.059227727795042526,0.03959698442894383,0.040403210138538106,0.4457831325301205,bank,marital,8,erm,0.0,0.7360798517520215,,,,,,,,
0.7693815513626835,0.875,0.6967654986522912,0.045444937645318095,0.045444937645318095,0.045310701956271585,0.06436493584376324,0.045444937645318095,0.045310701956271585,0.4457831325301205,bank,marital,8,proxy_soft,0.3,0.7356148921832883,100.0,0.5817829489226002,0.047619047619047616,-0.021164021164021163,0.010293103338552767,0.013240306796201473,0.24021525547017475,0.047619047619047616
0.7690034441449536,0.8738888888888889,0.6940700808625336,0.05347706615937431,0.05347706615937431,0.04737681765875092,0.06693353986812357,0.05347706615937431,0.04737681765875092,0.43775100401606426,bank,marital,8,proxy_soft,1.0,0.7350303234501347,100.0,0.5817829489226002,0.047619047619047616,-0.021164021164021163,0.010293103338552767,0.013240306796201473,0.24021525547017475,0.047619047619047616
0.7683745133273434,0.8727777777777778,0.6913746630727763,0.08123722962023527,0.08123722962023527,0.04944293336123026,0.07207074791684429,0.08123722962023527,0.04944293336123026,0.42168674698795183,bank,marital,8,proxy_soft,3.0,0.7344238544474393,100.0,0.5817829489226002,0.047619047619047616,-0.021164021164021163,0.010293103338552767,0.013240306796201473,0.24021525547017475,0.047619047619047616
0.7668523510032944,0.8727777777777778,0.6913746630727763,0.08123722962023527,0.08123722962023527,0.04795779594398696,0.07078644590466411,0.08123722962023527,0.04795779594398696,0.42168674698795183,bank,marital,8,proxy_soft,10.0,0.7336809299191374,100.0,0.5817829489226002,0.047619047619047616,-0.021164021164021163,0.010293103338552767,0.013240306796201473,0.24021525547017475,0.047619047619047616
0.7648068283917342,0.8705555555555555,0.6859838274932615,0.08743746917494538,0.08743746917494538,0.047634615097215796,0.07078644590466411,0.08743746917494538,0.047634615097215796,0.40963855421686746,bank,marital,8,proxy_soft,30.0,0.7321714959568734,100.0,0.5817829489226002,0.047619047619047616,-0.021164021164021163,0.010293103338552767,0.013240306796201473,0.24021525547017475,0.047619047619047616
0.7675134770889488,0.8727777777777778,0.6913746630727763,0.025680734685337686,0.0023250898330162695,0.025680734685337686,0.041247499624520026,0.0023250898330162695,0.025680734685337686,0.4538152610441767,bank,marital,8,proxy_soft,0.3,0.7343210916442049,400.0,0.6377890658595693,-0.07619047619047614,0.057692307692307696,0.09329015682231301,0.05466742560507633,-0.382627783152657,0.07619047619047614
0.7637106918238994,0.8716666666666667,0.6886792452830188,0.019234834073134643,0.019234834073134643,0.01735088846711401,0.030973083527078615,-0.019234834073134643,0.01735088846711401,0.43859649122807015,bank,marital,8,proxy_soft,1.0,0.7308962264150943,400.0,0.6377890658595693,-0.07619047619047614,0.057692307692307696,0.09329015682231301,0.05466742560507633,-0.382627783152657,0.07619047619047614
0.7592744833782569,0.87,0.6846361185983827,0.04664271119565988,0.04664271119565988,0.007083825265643454,0.018130063405276828,-0.04664271119565988,0.007083825265643454,0.4152046783625731,bank,marital,8,proxy_soft,3.0,0.7275471698113206,400.0,0.6377890658595693,-0.07619047619047614,0.057692307692307696,0.09329015682231301,0.05466742560507633,-0.382627783152657,0.07619047619047614
0.7571758011380653,0.8688888888888889,0.6819407008086253,0.05833861762840842,0.05833861762840842,0.0017242538819063485,0.011708553344375955,-0.05833861762840842,0.0017242538819063485,0.40350877192982454,bank,marital,8,proxy_soft,10.0,0.7260074123989219,400.0,0.6377890658595693,-0.07619047619047614,0.057692307692307696,0.09329015682231301,0.05466742560507633,-0.382627783152657,0.07619047619047614
0.757190026954178,0.8683333333333333,0.6805929919137467,0.07405058831818506,0.07405058831818506,0.0027573117331460145,0.01042425133219578,-0.07405058831818506,0.0027573117331460145,0.391812865497076,bank,marital,8,proxy_soft,30.0,0.7261859838274933,400.0,0.6377890658595693,-0.07619047619047614,0.057692307692307696,0.09329015682231301,0.05466742560507633,-0.382627783152657,0.07619047619047614
0.7712237945492664,0.8716666666666667,0.6886792452830188,0.1484534629747058,0.1484534629747058,0.03665767489127674,0.06950214389248395,0.1484534629747058,0.03665767489127674,0.3895582329317269,bank,marital,9,erm,0.0,0.7458406334231806,,,,,,,,
0.7671372416891286,0.8711111111111111,0.6873315363881402,0.1130134573381244,0.1130134573381244,0.028779908239056684,0.05794342578286235,0.1130134573381244,0.028779908239056684,0.40160642570281124,bank,marital,9,proxy_soft,0.3,0.7424764150943396,100.0,0.5873617125779451,-0.04999999999999999,0.058238636363636354,0.12480028858777908,0.027100115633141464,-0.4755603815849111,0.058238636363636354
0.7636511680143755,0.8711111111111111,0.6873315363881402,0.08342140491791727,0.08342140491791727,0.025809633404570112,0.05152191572196145,0.08342140491791727,0.025809633404570112,0.41365461847389556,bank,marital,9,proxy_soft,1.0,0.738859501347709,100.0,0.5873617125779451,-0.04999999999999999,0.058238636363636354,0.12480028858777908,0.027100115633141464,-0.4755603815849111,0.058238636363636354
0.7624726714585206,0.8711111111111111,0.6873315363881402,0.08342140491791727,0.08342140491791727,0.02135422115284026,0.04766900968542091,0.08342140491791727,0.02135422115284026,0.41365461847389556,bank,marital,9,proxy_soft,3.0,0.7366509433962264,100.0,0.5873617125779451,-0.04999999999999999,0.058238636363636354,0.12480028858777908,0.027100115633141464,-0.4755603815849111,0.058238636363636354
0.7631382899071577,0.8716666666666667,0.6886792452830188,0.08926935813429154,0.08926935813429154,0.018836025884357302,0.04638470767324074,0.08926935813429154,0.018836025884357302,0.41365461847389556,bank,marital,9,proxy_soft,10.0,0.7363157008086254,100.0,0.5873617125779451,-0.04999999999999999,0.058238636363636354,0.12480028858777908,0.027100115633141464,-0.4755603815849111,0.058238636363636354
0.7634714734950584,0.8705555555555555,0.6859838274932615,0.06770943422814063,0.06770943422814063,0.029812966090296364,0.05280621773414165,0.06770943422814063,0.029812966090296364,0.41767068273092367,bank,marital,9,proxy_soft,30.0,0.7358372641509433,100.0,0.5873617125779451,-0.04999999999999999,0.058238636363636354,0.12480028858777908,0.027100115633141464,-0.4755603815849111,0.058238636363636354
0.7712604821802935,0.8722222222222222,0.6900269541778975,0.15430141619108012,0.15430141619108012,0.03859489187452364,0.07207074791684429,0.15430141619108012,0.03859489187452364,0.3895582329317269,bank,marital,9,proxy_soft,0.3,0.7460023584905661,400.0,0.6124924797022604,0.11111111111111116,0.005912288579553962,-0.049184186271347796,0.022458381121257115,-0.8862993063805195,0.11111111111111116
0.7711721323749625,0.8722222222222222,0.6900269541778975,0.15430141619108012,0.15430141619108012,0.04008002929176692,0.07335504992902449,0.15430141619108012,0.04008002929176692,0.3895582329317269,bank,marital,9,proxy_soft,1.0,0.7461068059299191,400.0,0.6124924797022604,0.11111111111111116,0.005912288579553962,-0.049184186271347796,0.022458381121257115,-0.8862993063805195,0.11111111111111116
0.7705971099131477,0.8722222222222222,0.6900269541778975,0.15430141619108012,0.15430141619108012,0.041565166709010205,0.07463935194120465,0.15430141619108012,0.041565166709010205,0.3895582329317269,bank,marital,9,proxy_soft,3.0,0.7459214959568733,400.0,0.6124924797022604,0.11111111111111116,0.005912288579553962,-0.049184186271347796,0.022458381121257115,-0.8862993063805195,0.11111111111111116
0.7689192123390237,0.8722222222222222,0.6900269541778975,0.15430141619108012,0.15430141619108012,0.03859489187452364,0.07207074791684429,0.15430141619108012,0.03859489187452364,0.3895582329317269,bank,marital,9,proxy_soft,10.0,0.7449073450134771,400.0,0.6124924797022604,0.11111111111111116,0.005912288579553962,-0.049184186271347796,0.022458381121257115,-0.8862993063805195,0.11111111111111116
0.7652953728661275,0.8716666666666667,0.6886792452830188,0.1484534629747058,0.1484534629747058,0.041113087143006585,0.07335504992902449,0.1484534629747058,0.041113087143006585,0.3895582329317269,bank,marital,9,proxy_soft,30.0,0.7425151617250674,400.0,0.6124924797022604,0.11111111111111116,0.005912288579553962,-0.049184186271347796,0.022458381121257115,-0.8862993063805195,0.11111111111111116
0.5975757269662496,0.6839766731463482,0.5688142106171374,0.033783599748055115,0.033783599748055115,0.031860226104830414,0.03414725641987515,-0.033783599748055115,-0.031860226104830414,0.7644859813084112,diabetes,race,0,erm,0.0,0.5871755300476231,,,,,,,,
0.597435994562221,0.6834212718689253,0.5680564148537229,0.033328226341862055,0.033328226341862055,0.026145940390544742,0.032392904643356535,-0.033328226341862055,-0.026145940390544742,0.7644859813084112,diabetes,race,0,proxy_soft,0.3,0.5871603905609085,100.0,0.540061100540205,0.107936507936508,0.3125,0.0442249233254145,0.04657396257845414,0.9102267581864677,0.3125
0.5973598151491812,0.6823104693140795,0.5665408233268938,0.03474201181417358,0.03474201181417358,0.02187050359712228,0.032392904643356535,-0.03474201181417358,-0.02187050359712228,0.7626168224299066,diabetes,race,0,proxy_soft,1.0,0.5873203013893318,100.0,0.540061100540205,0.107936507936508,0.3125,0.0442249233254145,0.04657396257845414,0.9102267581864677,0.3125
0.5973593942684461,0.6817550680366565,0.5657830275634794,0.036611170692678274,0.036611170692678274,0.023309352517985604,0.03414725641987515,-0.036611170692678274,-0.023309352517985604,0.7607476635514019,diabetes,race,0,proxy_soft,3.0,0.5872578510066339,100.0,0.540061100540205,0.107936507936508,0.3125,0.0442249233254145,0.04657396257845414,0.9102267581864677,0.3125
0.5976413843609136,0.6811996667592335,0.5650252318000648,0.040804861855880725,0.040804861855880725,0.024748201438848927,0.03765595997291249,-0.040804861855880725,-0.024748201438848927,0.7570093457943925,diabetes,race,0,proxy_soft,10.0,0.5873572038881987,100.0,0.540061100540205,0.107936507936508,0.3125,0.0442249233254145,0.04657396257845414,0.9102267581864677,0.3125
0.5979503108204227,0.6811996667592335,0.5650252318000648,0.036155797286485214,0.036155797286485214,0.024748201438848927,0.03414725641987515,-0.036155797286485214,-0.024748201438848927,0.7607476635514019,diabetes,race,0,proxy_soft,30.0,0.5876505314432945,100.0,0.540061100540205,0.107936507936508,0.3125,0.0442249233254145,0.04657396257845414,0.9102267581864677,0.3125
0.5975142783789358,0.6845320744237712,0.5695720063805519,0.034238973154248176,0.034238973154248176,0.03042137718396709,0.03414725641987515,-0.034238973154248176,-0.03042137718396709,0.7644859813084112,diabetes,race,0,proxy_soft,0.3,0.5871395737666759,400.0,0.5947244505411531,-0.007726427242810141,0.11282051282051286,-0.022452320954813754,0.017636355431228656,0.6700051954428651,0.11282051282051286
0.5975193289477561,0.6834212718689253,0.5680564148537229,0.0356527586265597,0.0356527586265597,0.026145940390544742,0.03414725641987515,-0.0356527586265597,-0.026145940390544742,0.7626168224299066,diabetes,race,0,proxy_soft,1.0,0.5871972930597754,400.0,0.5947244505411531,-0.007726427242810141,0.11282051282051286,-0.022452320954813754,0.017636355431228656,0.6700051954428651,0.11282051282051286
0.5975121739752607,0.6839766731463482,0.5688142106171374,0.03610813203275276,0.03610813203275276,0.02470709146968142,0.03414725641987515,-0.03610813203275276,-0.02470709146968142,0.7626168224299066,diabetes,race,0,proxy_soft,3.0,0.5872332493407226,400.0,0.5947244505411531,-0.007726427242810141,0.11282051282051286,-0.022452320954813754,0.017636355431228656,0.6700051954428651,0.11282051282051286
0.5975041772412951,0.6839766731463482,0.5688142106171374,0.03610813203275276,0.03610813203275276,0.02470709146968142,0.03414725641987515,-0.03610813203275276,-0.02470709146968142,0.7626168224299066,diabetes,race,0,proxy_soft,10.0,0.5872625820962323,400.0,0.5947244505411531,-0.007726427242810141,0.11282051282051286,-0.022452320954813754,0.017636355431228656,0.6700051954428651,0.11282051282051286
0.5974991266724747,0.6834212718689253,0.5680564148537229,0.037977290911257455,0.037977290911257455,0.026145940390544742,0.035901608196393875,-0.037977290911257455,-0.026145940390544742,0.7607476635514019,diabetes,race,0,proxy_soft,30.0,0.5872417653019997,400.0,0.5947244505411531,-0.007726427242810141,0.11282051282051286,-0.022452320954813754,0.017636355431228656,0.6700051954428651,0.11282051282051286
0.5964465039541745,0.6850874757011941,0.5703298021439664,0.02898252826310377,0.004475426859370413,0.02898252826310377,0.011340683325132384,-0.004475426859370413,-0.02898252826310377,0.788785046728972,diabetes,race,1,erm,0.0,0.5941945745756922,,,,,,,,
0.5965247877708894,0.6823104693140795,0.5665408233268938,0.043329907502569376,0.004523092113102867,0.043329907502569376,0.014849386878169724,-0.004523092113102867,-0.043329907502569376,0.7869158878504673,diabetes,race,1,proxy_soft,0.3,0.5930884458276048,100.0,0.5223760798303597,0.15476190476190477,-0.10869565217391308,0.0925190502711073,0.18431806121222893,-0.14655669818855438,0.15476190476190477
0.5961981843205091,0.6845320744237712,0.5695720063805519,0.051880781089414185,0.0029535434009158035,0.051880781089414185,0.011340683325132384,0.0029535434009158035,-0.051880781089414185,0.7914389799635702,diabetes,race,1,proxy_soft,1.0,0.5917542785608783,100.0,0.5223760798303597,0.15476190476190477,-0.10869565217391308,0.0925190502711073,0.18431806121222893,-0.14655669818855438,0.15476190476190477
0.5959986868521068,0.6839766731463482,0.5688142106171374,0.04616649537512851,0.003408916807108864,0.04616649537512851,0.009586331548613769,0.003408916807108864,-0.04616649537512851,0.7909836065573771,diabetes,race,1,proxy_soft,3.0,0.5907787278857044,100.0,0.5223760798303597,0.15476190476190477,-0.10869565217391308,0.0925190502711073,0.18431806121222893,-0.14655669818855438,0.15476190476190477
0.5962596329078229,0.6834212718689253,0.5680564148537229,0.05475847893114083,0.0007847743560934761,0.05475847893114083,0.014849386878169724,-0.0007847743560934761,-0.05475847893114083,0.7906542056074767,diabetes,race,1,proxy_soft,10.0,0.5902384374535763,100.0,0.5223760798303597,0.15476190476190477,-0.10869565217391308,0.0925190502711073,0.18431806121222893,-0.14655669818855438,0.15476190476190477
0.5965012184497278,0.6850874757011941,0.5703298021439664,0.05044193216855086,0.0001736377100249875,0.05044193216855086,0.013095035101651109,0.0001736377100249875,-0.05044193216855086,0.7923497267759563,diabetes,race,1,proxy_soft,30.0,0.5899138847071314,100.0,0.5223760798303597,0.15476190476190477,-0.10869565217391308,0.0925190502711073,0.18431806121222893,-0.14655669818855438,0.15476190476190477
0.5970104841391095,0.6834212718689253,0.5680564148537229,0.033299075025693736,0.005433838925488987,0.033299075025693736,0.013095035101651109,-0.005433838925488987,-0.033299075025693736,0.7869158878504673,diabetes,race,1,proxy_soft,0.3,0.5944793861695112,400.0,0.6021851924431717,-0.04018027652585743,0.031746031746031744,0.035813497190573584,0.10869805670227961,0.3432671333910208,0.04018027652585743
0.5975955083607958,0.6817550680366565,0.5657830275634794,0.037615621788283704,0.015690380130398474,0.037615621788283704,0.021866793984244404,-0.015690380130398474,-0.037615621788283704,0.7775700934579439,diabetes,race,1,proxy_soft,1.0,0.5949146464125568,400.0,0.6021851924431717,-0.04018027652585743,0.031746031746031744,0.035813497190573584,0.10869805670227961,0.3432671333910208,0.04018027652585743
0.59798524392143,0.6811996667592335,0.5650252318000648,0.03905447070914703,0.01755953900890317,0.03905447070914703,0.02362114576076313,-0.01755953900890317,-0.03905447070914703,0.7757009345794392,diabetes,race,1,proxy_soft,3.0,0.595184318519661,400.0,0.6021851924431717,-0.04018027652585743,0.031746031746031744,0.035813497190573584,0.10869805670227961,0.3432671333910208,0.04018027652585743
0.597969671334234,0.6828658705915024,0.5672986190903084,0.04189105858170605,0.011952062373389083,0.04189105858170605,0.02011244220772579,-0.011952062373389083,-0.04189105858170605,0.7813084112149533,diabetes,race,1,proxy_soft,10.0,0.5953688310139955,400.0,0.6021851924431717,-0.04018027652585743,0.031746031746031744,0.035813497190573584,0.10869805670227961,0.3432671333910208,0.04018027652585743
0.5977491298290804,0.6845320744237712,0.5695720063805519,0.05903391572456318,0.013318182591968375,0.05903391572456318,0.025375497537281744,-0.013318182591968375,-0.05903391572456318,0.7813084112149533,diabetes,race,1,proxy_soft,30.0,0.5955117099198648,400.0,0.6021851924431717,-0.04018027652585743,0.031746031746031744,0.035813497190573584,0.10869805670227961,0.3432671333910208,0.04018027652585743
0.6058712862536143,0.6839766731463482,0.5688142106171374,0.01821171634121277,0.012862809185775315,0.01821171634121277,0.006077627995576318,-0.012862809185775315,0.01821171634121277,0.7813084112149533,diabetes,race,2,erm,0.0,0.5936183278626167,,,,,,,,
0.6030741128886308,0.6834212718689253,0.5680564148537229,0.031079136690647546,0.010082903494884499,0.031079136690647546,0.0008145726660203634,-0.010082903494884499,0.031079136690647546,0.7831775700934579,diabetes,race,2,proxy_soft,0.3,0.5942002518832102,100.0,0.5769128247919709,-0.17972350230414746,-0.37894736842105264,-0.11542074605294117,-0.2161233490101626,0.9988643564164431,0.37894736842105264
0.6004086751937103,0.6811996667592335,0.5650252318000648,0.039630010277492245,0.0056857838380742765,0.039630010277492245,0.013220241546128997,0.0056857838380742765,0.039630010277492245,0.7887067395264117,diabetes,race,2,proxy_soft,1.0,0.5941217157958781,100.0,0.5769128247919709,-0.17972350230414746,-0.37894736842105264,-0.11542074605294117,-0.2161233490101626,0.9988643564164431,0.37894736842105264
0.5988455241438233,0.6811996667592335,0.5650252318000648,0.039630010277492245,0.010334848407469899,0.039630010277492245,0.016728945099166448,0.010334848407469899,0.039630010277492245,0.7877959927140255,diabetes,race,2,proxy_soft,3.0,0.5935625010053565,100.0,0.5769128247919709,-0.17972350230414746,-0.37894736842105264,-0.11542074605294117,-0.2161233490101626,0.9988643564164431,0.37894736842105264
0.5985382812072543,0.6778672590946959,0.5604784572195778,0.0524563206577594,0.003768959705837349,0.0524563206577594,0.014974593322647722,0.003768959705837349,0.0524563206577594,0.7868852459016393,diabetes,race,2,proxy_soft,10.0,0.5925576175746732,100.0,0.5769128247919709,-0.17972350230414746,-0.37894736842105264,-0.11542074605294117,-0.2161233490101626,0.9988643564164431,0.37894736842105264
0.5983021671149047,0.6823104693140795,0.5665408233268938,0.035354573484069896,0.0024505047409904,0.035354573484069896,0.009711537993091657,0.0024505047409904,0.035354573484069896,0.7900728597449909,diabetes,race,2,proxy_soft,30.0,0.5913445662016636,100.0,0.5769128247919709,-0.17972350230414746,-0.37894736842105264,-0.11542074605294117,-0.2161233490101626,0.9988643564164431,0.37894736842105264
0.605948307428124,0.6828658705915024,0.5672986190903084,0.016601126942784705,0.016601126942784705,0.015334018499486124,0.009586331548613769,-0.016601126942784705,0.015334018499486124,0.7775700934579439,diabetes,race,2,proxy_soft,0.3,0.5934830187001048,400.0,0.619696021476148,0.06233836940247728,-0.08869047619047621,0.019696650361994972,0.023815966465886018,-0.26396725674956034,0.08869047619047621
0.6060543693733507,0.6823104693140795,0.5665408233268938,0.016145753536591645,0.016145753536591645,0.013895169578622801,0.009586331548613769,-0.016145753536591645,0.013895169578622801,0.7775700934579439,diabetes,race,2,proxy_soft,1.0,0.5934943733151407,400.0,0.619696021476148,0.06233836940247728,-0.08869047619047621,0.019696650361994972,0.023815966465886018,-0.26396725674956034,0.08869047619047621
0.6061162388413995,0.6823104693140795,0.5665408233268938,0.021048304213771796,0.016145753536591645,0.021048304213771796,0.007831979772095043,-0.016145753536591645,0.021048304213771796,0.7775700934579439,diabetes,race,2,proxy_soft,3.0,0.5934442237653985,400.0,0.619696021476148,0.06233836940247728,-0.08869047619047621,0.019696650361994972,0.023815966465886018,-0.26396725674956034,0.08869047619047621
0.6061831588782687,0.6839766731463482,0.5688142106171374,0.01821171634121277,0.017511873755170826,0.01821171634121277,0.009586331548613769,-0.017511873755170826,0.01821171634121277,0.7775700934579439,diabetes,race,2,proxy_soft,10.0,0.5936334673493314,400.0,0.619696021476148,0.06233836940247728,-0.08869047619047621,0.019696650361994972,0.023815966465886018,-0.26396725674956034,0.08869047619047621
0.6062176710985407,0.6828658705915024,0.5672986190903084,0.015334018499486124,0.01427659465808695,0.015334018499486124,0.007831979772095043,-0.01427659465808695,0.015334018499486124,0.7794392523364486,diabetes,race,2,proxy_soft,30.0,0.5940649427206983,400.0,0.619696021476148,0.06233836940247728,-0.08869047619047621,0.019696650361994972,0.023815966465886018,-0.26396725674956034,0.08869047619047621
0.5881484193823996,0.6811996667592335,0.5650252318000648,0.04620760534429591,0.03383126500178746,0.04620760534429591,0.03765595997291249,-0.03383126500178746,-0.04620760534429591,0.7626168224299066,diabetes,race,3,erm,0.0,0.6092545789850677,,,,,,,,
0.588283101217608,0.6817550680366565,0.5657830275634794,0.0447687564234327,0.029637573838585007,0.0447687564234327,0.03414725641987515,-0.029637573838585007,-0.0447687564234327,0.7663551401869159,diabetes,race,3,proxy_soft,0.3,0.6094286830822859,100.0,0.5597080603686542,-0.008528784648187626,-0.10256410256410264,-0.053206326094275225,0.010826237172154474,-0.11749927269636844,0.10256410256410264
0.5882898353093684,0.6811996667592335,0.5650252318000648,0.04620760534429591,0.036155797286485214,0.04620760534429591,0.039410311749431215,-0.036155797286485214,-0.04620760534429591,0.7607476635514019,diabetes,race,3,proxy_soft,1.0,0.6093075671885689,100.0,0.5597080603686542,-0.008528784648187626,-0.10256410256410264,-0.053206326094275225,0.010826237172154474,-0.11749927269636844,0.10256410256410264
0.5880490915289335,0.6817550680366565,0.5657830275634794,0.0447687564234327,0.031962106123282874,0.0447687564234327,0.035901608196393875,-0.031962106123282874,-0.0447687564234327,0.7644859813084112,diabetes,race,3,proxy_soft,3.0,0.6093605553920701,100.0,0.5597080603686542,-0.008528784648187626,-0.10256410256410264,-0.053206326094275225,0.010826237172154474,-0.11749927269636844,0.10256410256410264
0.5871694507927289,0.6828658705915024,0.5672986190903084,0.04189105858170605,0.02357472379687786,0.04189105858170605,0.028884201090319084,-0.02357472379687786,-0.04189105858170605,0.77196261682243,diabetes,race,3,proxy_soft,10.0,0.609414489813491,100.0,0.5597080603686542,-0.008528784648187626,-0.10256410256410264,-0.053206326094275225,0.010826237172154474,-0.11749927269636844,0.10256410256410264
0.586089470826652,0.6828658705915024,0.5672986190903084,0.04189105858170605,0.021250191512180217,0.04189105858170605,0.02712984931380047,-0.021250191512180217,-0.04189105858170605,0.7738317757009345,diabetes,race,3,proxy_soft,30.0,0.6092479554596302,100.0,0.5597080603686542,-0.008528784648187626,-0.10256410256410264,-0.053206326094275225,0.010826237172154474,-0.11749927269636844,0.10256410256410264
0.5881189577309478,0.6823104693140795,0.5665408233268938,0.05048304213771848,0.03474201181417358,0.05048304213771848,0.039410311749431215,-0.03474201181417358,-0.05048304213771848,0.7626168224299066,diabetes,race,3,proxy_soft,0.3,0.6093416310336768,400.0,0.6346868658773255,0.0021008403361344463,0.03556910569105687,0.002087317050620041,0.056484454560728814,0.9997567303004218,0.03556910569105687
0.588073502611565,0.6828658705915024,0.5672986190903084,0.04904419321685516,0.03984644978976215,0.04904419321685516,0.042919015302468555,-0.03984644978976215,-0.04904419321685516,0.7588785046728972,diabetes,race,3,proxy_soft,1.0,0.6094684242349119,400.0,0.6346868658773255,0.0021008403361344463,0.03556910569105687,0.002087317050620041,0.056484454560728814,0.9997567303004218,0.03556910569105687
0.5880124749049862,0.6828658705915024,0.5672986190903084,0.04904419321685516,0.03984644978976215,0.04904419321685516,0.042919015302468555,-0.03984644978976215,-0.04904419321685516,0.7588785046728972,diabetes,race,3,proxy_soft,3.0,0.6095848090390306,400.0,0.6346868658773255,0.0021008403361344463,0.03556910569105687,0.002087317050620041,0.056484454560728814,0.9997567303004218,0.03556910569105687
0.5879405042992967,0.6828658705915024,0.5672986190903084,0.04904419321685516,0.037521917505064395,0.04904419321685516,0.04116466352594983,-0.037521917505064395,-0.04904419321685516,0.7607476635514019,diabetes,race,3,proxy_soft,10.0,0.6096273888454156,400.0,0.6346868658773255,0.0021008403361344463,0.03556910569105687,0.002087317050620041,0.056484454560728814,0.9997567303004218,0.03556910569105687
0.587945554868117,0.6828658705915024,0.5672986190903084,0.04904419321685516,0.03519738522036664,0.04904419321685516,0.039410311749431215,-0.03519738522036664,-0.04904419321685516,0.7626168224299066,diabetes,race,3,proxy_soft,30.0,0.6096368510246121,400.0,0.6346868658773255,0.0021008403361344463,0.03556910569105687,0.002087317050620041,0.056484454560728814,0.9997567303004218,0.03556910569105687
0.6113595710383549,0.6900860871980006,0.5771499640146972,0.05179856115107917,0.021645132185962535,0.05179856115107917,0.0026941308870169767,0.021645132185962535,-0.05179856115107917,0.7914389799635702,diabetes,race,4,erm,0.0,0.583890261430549,,,,,,,,
0.611149972432312,0.6889752846431547,0.5756343724878681,0.054676258992805815,0.022555878998348766,0.054676258992805815,0.0026941308870169767,0.022555878998348766,-0.054676258992805815,0.7905282331511839,diabetes,race,4,proxy_soft,0.3,0.5843463384678272,100.0,0.5662499060559001,0.11475409836065575,-0.08333333333333337,0.08320127365389485,0.044742993253276575,0.43433925236139853,0.11475409836065575
0.6108705076242544,0.6889752846431547,0.5756343724878681,0.054676258992805815,0.0202313467136509,0.054676258992805815,0.0009397791104983622,0.0202313467136509,-0.054676258992805815,0.7909836065573771,diabetes,race,4,proxy_soft,1.0,0.5848109314663823,100.0,0.5662499060559001,0.11475409836065575,-0.08333333333333337,0.08320127365389485,0.044742993253276575,0.43433925236139853,0.11475409836065575
0.6106280803208795,0.6889752846431547,0.5756343724878681,0.054676258992805815,0.0202313467136509,0.054676258992805815,0.0009397791104983622,0.0202313467136509,-0.054676258992805815,0.7909836065573771,diabetes,race,4,proxy_soft,3.0,0.585460036959272,100.0,0.5662499060559001,0.11475409836065575,-0.08333333333333337,0.08320127365389485,0.044742993253276575,0.43433925236139853,0.11475409836065575
0.6096987756579418,0.6867536795334629,0.5726031894342101,0.05327852004110989,0.015079243484330096,0.05327852004110989,0.002568924442538978,0.015079243484330096,-0.05327852004110989,0.7905282331511839,diabetes,race,4,proxy_soft,10.0,0.586088325657929,100.0,0.5662499060559001,0.11475409836065575,-0.08333333333333337,0.08320127365389485,0.044742993253276575,0.43433925236139853,0.11475409836065575
0.608734958774732,0.6889752846431547,0.5756343724878681,0.0689825282631038,0.0155822821442555,0.0689825282631038,0.006077627995576318,0.0155822821442555,-0.0689825282631038,0.7918943533697632,diabetes,race,4,proxy_soft,30.0,0.5864762750049912,100.0,0.5662499060559001,0.11475409836065575,-0.08333333333333337,0.08320127365389485,0.044742993253276575,0.43433925236139853,0.11475409836065575
0.6111419756983464,0.6895306859205776,0.5763921682512827,0.05323741007194249,0.03372316701564437,0.05323741007194249,0.011465889769610382,0.03372316701564437,-0.05323741007194249,0.7887067395264117,diabetes,race,4,proxy_soft,0.3,0.5834796028534148,400.0,0.6272654575797613,-0.029441284710605586,0.03087719298245617,-0.0015331077644471502,0.0036575595553368645,0.9342371142527168,0.03087719298245617
0.6109054407252617,0.6889752846431547,0.5756343724878681,0.04752312435765671,0.03417854042183743,0.04752312435765671,0.013220241546128997,0.03417854042183743,-0.04752312435765671,0.7882513661202186,diabetes,race,4,proxy_soft,1.0,0.583120986261862,400.0,0.6272654575797613,-0.029441284710605586,0.03087719298245617,-0.0015331077644471502,0.0036575595553368645,0.9342371142527168,0.03087719298245617
0.6107821226698991,0.6900860871980006,0.5771499640146972,0.044645426515930065,0.03559232589414907,0.044645426515930065,0.014974593322647722,0.03559232589414907,-0.044645426515930065,0.7887067395264117,diabetes,race,4,proxy_soft,3.0,0.5829374199854471,400.0,0.6272654575797613,-0.029441284710605586,0.03087719298245617,-0.0015331077644471502,0.0036575595553368645,0.9342371142527168,0.03087719298245617
0.6107556071835923,0.6898083865592891,0.5769668808949608,0.04069676386973775,0.04069676386973775,0.03749229188078107,0.020583549724497052,0.04069676386973775,-0.03749229188078107,0.7873406193078324,diabetes,race,4,proxy_soft,10.0,0.5828427981934807,400.0,0.6272654575797613,-0.029441284710605586,0.03087719298245617,-0.0015331077644471502,0.0036575595553368645,0.9342371142527168,0.03087719298245617
0.6108852384499805,0.6900860871980006,0.5771499640146972,0.04024139046354469,0.04024139046354469,0.03749229188078107,0.020237648652203788,0.04024139046354469,-0.03749229188078107,0.7877959927140255,diabetes,race,4,proxy_soft,30.0,0.5828276587067661,400.0,0.6272654575797613,-0.029441284710605586,0.03087719298245617,-0.0015331077644471502,0.0036575595553368645,0.9342371142527168,0.03087719298245617
0.5905836353152607,0.6800888642043876,0.5635096402732358,0.018219192073949175,0.018219192073949175,0.008139773895169622,0.014974593322647722,0.018219192073949175,0.008139773895169622,0.7855191256830601,diabetes,race,5,erm,0.0,0.6057819592199001,,,,,,,,
0.5910933218853773,0.6795334629269647,0.5627518445098213,0.018674565480142347,0.018674565480142347,0.013854059609455294,0.016728945099166448,0.018674565480142347,0.013854059609455294,0.785063752276867,diabetes,race,5,proxy_soft,0.3,0.6052530234028078,100.0,0.5208229292437623,-0.06153846153846154,0.4736842105263158,0.05881157855564223,0.08549998500702338,0.7440268110614777,0.4736842105263158
0.5916282612995956,0.6817550680366565,0.5657830275634794,0.021502136424765506,0.021502136424765506,0.012456320657759479,0.018483296875685062,0.021502136424765506,0.012456320657759479,0.7859744990892532,diabetes,race,5,proxy_soft,1.0,0.6049786202061052,100.0,0.5208229292437623,-0.06153846153846154,0.4736842105263158,0.05881157855564223,0.08549998500702338,0.7440268110614777,0.4736842105263158
0.5918344928597583,0.6811996667592335,0.5650252318000648,0.01817060637204515,0.017308445261563055,0.01817060637204515,0.016728945099166448,0.017308445261563055,0.01817060637204515,0.7864298724954463,diabetes,race,5,proxy_soft,3.0,0.6045991868203198,100.0,0.5208229292437623,-0.06153846153846154,0.4736842105263158,0.05881157855564223,0.08549998500702338,0.7440268110614777,0.4736842105263158
0.5917671519421541,0.6817550680366565,0.5657830275634794,0.012456320657759479,0.009879475001276727,0.012456320657759479,0.009711537993091657,0.009879475001276727,0.012456320657759479,0.7882513661202186,diabetes,race,5,proxy_soft,10.0,0.6044194054155836,100.0,0.5208229292437623,-0.06153846153846154,0.4736842105263158,0.05881157855564223,0.08549998500702338,0.7440268110614777,0.4736842105263158
0.5915727050425721,0.6823104693140795,0.5665408233268938,0.014717368961973287,0.004775037025688156,0.014717368961973287,0.0008145726660203634,0.004775037025688156,-0.014717368961973287,0.7896174863387978,diabetes,race,5,proxy_soft,30.0,0.604424136505182,100.0,0.5208229292437623,-0.06153846153846154,0.4736842105263158,0.05881157855564223,0.08549998500702338,0.7440268110614777,0.4736842105263158
0.5907254721229646,0.6806442654818106,0.5642674360366503,0.017763818667756115,0.017763818667756115,0.009578622816032945,0.014974593322647722,0.017763818667756115,0.009578622816032945,0.7859744990892532,diabetes,race,5,proxy_soft,0.3,0.6053533225022922,400.0,0.6163479239934284,-0.04890533456675916,0.04668304668304668,-0.04201697492538048,-0.007407940621815379,0.5924750257887074,0.04890533456675916
0.5909207607840166,0.6806442654818106,0.5642674360366503,0.022412883237151737,0.022412883237151737,0.009578622816032945,0.018483296875685062,0.022412883237151737,0.009578622816032945,0.785063752276867,diabetes,race,5,proxy_soft,1.0,0.6048196555956016,400.0,0.6163479239934284,-0.04890533456675916,0.04668304668304668,-0.04201697492538048,-0.007407940621815379,0.5924750257887074,0.04890533456675916
0.5911017395000779,0.6806442654818106,0.5642674360366503,0.024737415521849493,0.024737415521849493,0.002425488180883839,0.018483296875685062,0.024737415521849493,0.002425488180883839,0.7846083788706739,diabetes,race,5,proxy_soft,3.0,0.6042159685628559,400.0,0.6163479239934284,-0.04890533456675916,0.04668304668304668,-0.04201697492538048,-0.007407940621815379,0.5924750257887074,0.04890533456675916
0.591007462215432,0.6811996667592335,0.5650252318000648,0.024282042115656433,0.024282042115656433,0.011017471736896267,0.020237648652203788,0.024282042115656433,0.011017471736896267,0.785063752276867,diabetes,race,5,proxy_soft,10.0,0.6033322010258895,400.0,0.6163479239934284,-0.04890533456675916,0.04668304668304668,-0.04201697492538048,-0.007407940621815379,0.5924750257887074,0.04890533456675916
0.5905630121592444,0.6817550680366565,0.5657830275634794,0.030800265563556528,0.030800265563556528,0.02676258992805758,0.029009407534797083,0.030800265563556528,0.02676258992805758,0.7841530054644809,diabetes,race,5,proxy_soft,30.0,0.6021759227280599,400.0,0.6163479239934284,-0.04890533456675916,0.04668304668304668,-0.04201697492538048,-0.007407940621815379,0.5924750257887074,0.04890533456675916
0.5931884661843374,0.6834212718689253,0.5680564148537229,0.05192448461944399,0.05192448461944399,0.004686536485097648,0.04116466352594983,-0.05192448461944399,-0.004686536485097648,0.7495327102803738,diabetes,race,6,erm,0.0,0.6207199015176389,,,,,,,,
0.5923025122371074,0.6811996667592335,0.5650252318000648,0.045453926425276125,0.045453926425276125,0.01817060637204515,0.03063855286683781,-0.045453926425276125,0.01817060637204515,0.7532710280373832,diabetes,race,6,proxy_soft,0.3,0.62029410345379,100.0,0.5958672322277078,-0.05597014925373134,-0.11538461538461542,-0.08252740271747971,-0.08054954024740146,0.9407741544809991,0.11538461538461542
0.5914325517578084,0.6823104693140795,0.5665408233268938,0.037066544098871335,0.037066544098871335,0.021048304213771796,0.02362114576076313,-0.037066544098871335,0.021048304213771796,0.7607476635514019,diabetes,race,6,proxy_soft,1.0,0.6197424584066258,100.0,0.5958672322277078,-0.05597014925373134,-0.11538461538461542,-0.08252740271747971,-0.08054954024740146,0.9407741544809991,0.11538461538461542
0.5908083856277646,0.6823104693140795,0.5665408233268938,0.037066544098871335,0.037066544098871335,0.0282014388489209,0.021866793984244404,-0.037066544098871335,0.0282014388489209,0.7607476635514019,diabetes,race,6,proxy_soft,3.0,0.6193545090595636,100.0,0.5958672322277078,-0.05597014925373134,-0.11538461538461542,-0.08252740271747971,-0.08054954024740146,0.9407741544809991,0.11538461538461542
0.590378666397303,0.6811996667592335,0.5650252318000648,0.03247687564234325,0.0315067327170897,0.03247687564234325,0.01660373865468845,-0.0315067327170897,0.03247687564234325,0.7644859813084112,diabetes,race,6,proxy_soft,10.0,0.6188075951019976,100.0,0.5958672322277078,-0.05597014925373134,-0.11538461538461542,-0.08252740271747971,-0.08054954024740146,0.9407741544809991,0.11538461538461542
0.5900242848184111,0.6823104693140795,0.5665408233268938,0.035354573484069896,0.03474201181417358,0.035354573484069896,0.018358090431207064,-0.03474201181417358,0.035354573484069896,0.7626168224299066,diabetes,race,6,proxy_soft,30.0,0.6183893667815059,100.0,0.5958672322277078,-0.05597014925373134,-0.11538461538461542,-0.08252740271747971,-0.08054954024740146,0.9407741544809991,0.11538461538461542
0.5935407433595542,0.6823104693140795,0.5665408233268938,0.04868920552236011,0.04868920552236011,0.007564234326824182,0.039410311749431215,-0.04868920552236011,-0.007564234326824182,0.7514018691588785,diabetes,race,6,proxy_soft,0.3,0.6205940545343236,400.0,0.6124143879515549,-0.011559478772593557,0.18516042780748654,0.0458127791937295,0.040542734761676136,0.61477277446628,0.18516042780748654
0.5938858655622756,0.6823104693140795,0.5665408233268938,0.05101373780705787,0.05101373780705787,0.014717368961973287,0.042919015302468555,-0.05101373780705787,-0.014717368961973287,0.7495327102803738,diabetes,race,6,proxy_soft,1.0,0.6202524698653248,400.0,0.6124143879515549,-0.011559478772593557,0.18516042780748654,0.0458127791937295,0.040542734761676136,0.61477277446628,0.18516042780748654
0.5941308181500609,0.6828658705915024,0.5672986190903084,0.05146911121325093,0.05146911121325093,0.013278520041109965,0.042919015302468555,-0.05146911121325093,-0.013278520041109965,0.7495327102803738,diabetes,race,6,proxy_soft,3.0,0.6197339424453487,400.0,0.6124143879515549,-0.011559478772593557,0.18516042780748654,0.0458127791937295,0.040542734761676136,0.61477277446628,0.18516042780748654
0.5938147367180562,0.6817550680366565,0.5657830275634794,0.0459092998314693,0.0459092998314693,0.009003083247687504,0.03765595997291249,-0.0459092998314693,-0.009003083247687504,0.7532710280373832,diabetes,race,6,proxy_soft,10.0,0.6192608334855167,400.0,0.6124143879515549,-0.011559478772593557,0.18516042780748654,0.0458127791937295,0.040542734761676136,0.61477277446628,0.18516042780748654
0.5933054710286746,0.6795334629269647,0.5627518445098213,0.044087806206696944,0.044087806206696944,0.0076053442959918005,0.035901608196393875,-0.044087806206696944,-0.0076053442959918005,0.7532710280373832,diabetes,race,6,proxy_soft,30.0,0.6185464389561702,400.0,0.6124143879515549,-0.011559478772593557,0.18516042780748654,0.0458127791937295,0.040542734761676136,0.61477277446628,0.18516042780748654
0.6009326717088179,0.6831435712302139,0.5678733317339866,0.004978465519295927,0.004978465519295927,0.0024665981500513467,0.003977375146764328,-0.004978465519295927,0.0024665981500513467,0.7869158878504673,diabetes,race,7,erm,0.0,0.6038280192157934,,,,,,,,
0.5995020980904641,0.6811996667592335,0.5650252318000648,0.04678314491264135,0.003612345300716635,0.04678314491264135,0.007957186216573042,-0.003612345300716635,0.04678314491264135,0.7869158878504673,diabetes,race,7,proxy_soft,0.3,0.6016687499231197,100.0,0.5775646388086413,-0.2512820512820513,-0.07857142857142863,-0.027420600759155866,-0.04227178553512667,0.7697779666715493,0.2512820512820513
0.5978194169118296,0.6767564565398501,0.5589628656927487,0.06388489208633086,0.0070042388029211144,0.06388489208633086,0.020237648652203788,0.0070042388029211144,0.06388489208633086,0.7855191256830601,diabetes,race,7,proxy_soft,1.0,0.5994952873616511,100.0,0.5775646388086413,-0.2512820512820513,-0.07857142857142863,-0.027420600759155866,-0.04227178553512667,0.7697779666715493,0.2512820512820513
0.5961371566139303,0.677311857817273,0.5597206614561632,0.058170606372045186,0.006548865396728054,0.058170606372045186,0.018483296875685062,0.006548865396728054,0.058170606372045186,0.7859744990892532,diabetes,race,7,proxy_soft,3.0,0.5980910999688694,100.0,0.5775646388086413,-0.2512820512820513,-0.07857142857142863,-0.027420600759155866,-0.04227178553512667,0.7697779666715493,0.2512820512820513
0.5944649974536715,0.6762010552624271,0.5582050699293342,0.05529290853031865,0.004163049214374492,0.05529290853031865,0.009711537993091657,-0.004163049214374492,0.05529290853031865,0.7831775700934579,diabetes,race,7,proxy_soft,10.0,0.5973331794152184,100.0,0.5775646388086413,-0.2512820512820513,-0.07857142857142863,-0.027420600759155866,-0.04227178553512667,0.7697779666715493,0.2512820512820513
0.5929001628808444,0.6756456539850042,0.5574472741659195,0.03954779033915723,0.003265921045911835,0.03954779033915723,0.011465889769610382,0.003265921045911835,0.03954779033915723,0.7855191256830601,diabetes,race,7,proxy_soft,30.0,0.5971041946786596,100.0,0.5775646388086413,-0.2512820512820513,-0.07857142857142863,-0.027420600759155866,-0.04227178553512667,0.7697779666715493,0.2512820512820513
0.6007786293597983,0.6834212718689253,0.5680564148537229,0.009619732785200341,0.007758371210186743,0.009619732785200341,0.004323276219057703,-0.007758371210186743,0.009619732785200341,0.7850467289719626,diabetes,race,7,proxy_soft,0.3,0.6037750310122924,400.0,0.6305728166864388,-0.05945209409064822,-0.01608751608751602,-0.026462931751248808,-0.007693479203682352,0.9998259059928768,0.05945209409064822
0.60056608458861,0.6850874757011941,0.5703298021439664,0.013936279547790309,0.004475426859370413,0.013936279547790309,0.0008145726660203634,-0.004475426859370413,0.013936279547790309,0.788785046728972,diabetes,race,7,proxy_soft,1.0,0.6035791639029218,400.0,0.6305728166864388,-0.05945209409064822,-0.01608751608751602,-0.026462931751248808,-0.007693479203682352,0.9998259059928768,0.05945209409064822
0.6003973114138647,0.6839766731463482,0.5688142106171374,0.01821171634121277,0.0010843845224111082,0.01821171634121277,0.004448482663535702,0.0010843845224111082,0.01821171634121277,0.7914389799635702,diabetes,race,7,proxy_soft,3.0,0.6033236850646124,400.0,0.6305728166864388,-0.05945209409064822,-0.01608751608751602,-0.026462931751248808,-0.007693479203682352,0.9998259059928768,0.05945209409064822
0.6000547144955535,0.6839766731463482,0.5688142106171374,0.025364850976361764,0.003408916807108864,0.025364850976361764,0.007957186216573042,0.003408916807108864,0.025364850976361764,0.7909836065573771,diabetes,race,7,proxy_soft,10.0,0.6031032162893307,400.0,0.6305728166864388,-0.05945209409064822,-0.01608751608751602,-0.026462931751248808,-0.007693479203682352,0.9998259059928768,0.05945209409064822
0.5997175890267975,0.6831435712302139,0.5678733317339866,0.02392600205549844,0.0003294009499004158,0.02392600205549844,0.0047943837358289665,-0.0003294009499004158,0.02392600205549844,0.7906542056074767,diabetes,race,7,proxy_soft,30.0,0.6028874786036473,400.0,0.6305728166864388,-0.05945209409064822,-0.01608751608751602,-0.026462931751248808,-0.007693479203682352,0.9998259059928768,0.05945209409064822
0.5860659015054904,0.6756456539850042,0.5574472741659195,0.019537647038796013,0.019537647038796013,0.010524152106885953,0.011465889769610382,0.019537647038796013,-0.010524152106885953,0.7823315118397086,diabetes,race,8,erm,0.0,0.6001443928545407,,,,,,,,
0.5862473011022866,0.6750902527075813,0.5566894784025052,0.01766848816029143,0.01766848816029143,0.004809866392600171,0.011465889769610382,0.01766848816029143,-0.004809866392600171,0.7823315118397086,diabetes,race,8,proxy_soft,0.3,0.6004642145113873,100.0,0.5414168807187374,0.1628205128205128,0.0267857142857143,0.023946706926193162,0.02537685454492311,0.7952751485175312,0.1628205128205128
0.5864362765523135,0.6750902527075813,0.5566894784025052,0.019993020444989185,0.019993020444989185,0.004809866392600171,0.013220241546128997,0.019993020444989185,-0.004809866392600171,0.7818761384335154,diabetes,race,8,proxy_soft,1.0,0.6005834379692649,100.0,0.5414168807187374,0.1628205128205128,0.0267857142857143,0.023946706926193162,0.02537685454492311,0.7952751485175312,0.1628205128205128
0.5864829943139013,0.6739794501527353,0.555173886875676,0.01857923497267766,0.01857923497267766,0.014840698869475921,0.009711537993091657,0.01857923497267766,-0.014840698869475921,0.7814207650273224,diabetes,race,8,proxy_soft,3.0,0.600614663160614,100.0,0.5414168807187374,0.1628205128205128,0.0267857142857143,0.023946706926193162,0.02537685454492311,0.7952751485175312,0.1628205128205128
0.5863836664604352,0.6734240488753124,0.5544160911122615,0.01438554380947521,0.01438554380947521,0.012332990750256956,0.013220241546128997,0.01438554380947521,0.012332990750256956,0.7818761384335154,diabetes,race,8,proxy_soft,10.0,0.5999570417064473,100.0,0.5414168807187374,0.1628205128205128,0.0267857142857143,0.023946706926193162,0.02537685454492311,0.7952751485175312,0.1628205128205128
0.586186273395708,0.6745348514301583,0.5559316826390905,0.0181238615664846,0.0181238615664846,0.008057553956834607,0.014974593322647722,0.0181238615664846,0.008057553956834607,0.7818761384335154,diabetes,race,8,proxy_soft,30.0,0.5994820403107759,100.0,0.5414168807187374,0.1628205128205128,0.0267857142857143,0.023946706926193162,0.02537685454492311,0.7952751485175312,0.1628205128205128
0.5860549586063797,0.6750902527075813,0.5566894784025052,0.019993020444989185,0.019993020444989185,0.004809866392600171,0.013220241546128997,0.019993020444989185,-0.004809866392600171,0.7818761384335154,diabetes,race,8,proxy_soft,0.3,0.6001443928545408,400.0,0.6017087992785093,-0.04903108336584738,0.0794117647058824,-0.019807968888289618,-0.02038182377064901,-0.24404979802641347,0.0794117647058824
0.5860789488082763,0.6750902527075813,0.5566894784025052,0.019993020444989185,0.019993020444989185,0.004809866392600171,0.013220241546128997,0.019993020444989185,-0.004809866392600171,0.7818761384335154,diabetes,race,8,proxy_soft,1.0,0.6001765642638094,400.0,0.6017087992785093,-0.04903108336584738,0.0794117647058824,-0.019807968888289618,-0.02038182377064901,-0.24404979802641347,0.0794117647058824
0.586076002643131,0.6750902527075813,0.5566894784025052,0.02231755272968694,0.02231755272968694,0.004809866392600171,0.014974593322647722,0.02231755272968694,-0.004809866392600171,0.7814207650273224,diabetes,race,8,proxy_soft,3.0,0.6001671020846127,400.0,0.6017087992785093,-0.04903108336584738,0.0794117647058824,-0.019807968888289618,-0.02038182377064901,-0.24404979802641347,0.0794117647058824
0.586091996111062,0.6750902527075813,0.5566894784025052,0.024642085014384696,0.024642085014384696,0.004809866392600171,0.016728945099166448,0.024642085014384696,-0.004809866392600171,0.7809653916211293,diabetes,race,8,proxy_soft,10.0,0.6002219827239532,400.0,0.6017087992785093,-0.04903108336584738,0.0794117647058824,-0.019807968888289618,-0.02038182377064901,-0.24404979802641347,0.0794117647058824
0.5861067269367879,0.6756456539850042,0.5574472741659195,0.02186217932349388,0.02186217932349388,0.010524152106885953,0.013220241546128997,0.02186217932349388,-0.010524152106885953,0.7818761384335154,diabetes,race,8,proxy_soft,30.0,0.6003203893875984,400.0,0.6017087992785093,-0.04903108336584738,0.0794117647058824,-0.019807968888289618,-0.02038182377064901,-0.24404979802641347,0.0794117647058824
0.6093810107029971,0.6878644820883087,0.5741187809610391,0.07120246659815,0.03464668130670889,0.07120246659815,0.009586331548613769,-0.03464668130670889,0.07120246659815,0.7663551401869159,diabetes,race,9,erm,0.0,0.5912641376784922,,,,,,,,
0.6091815132345947,0.6867536795334629,0.5726031894342101,0.06832476875642346,0.02443780535553175,0.06832476875642346,0.002568924442538978,-0.02443780535553175,0.06832476875642346,0.7738317757009345,diabetes,race,9,proxy_soft,0.3,0.5910966571067116,100.0,0.5462020595356247,0.2153846153846154,-0.02631578947368418,-0.07019039132618299,-0.0449278617822364,-0.7706398015597429,0.2153846153846154
0.6089003649035973,0.6867536795334629,0.5726031894342101,0.06832476875642346,0.02443780535553175,0.06832476875642346,0.002568924442538978,-0.02443780535553175,0.06832476875642346,0.7738317757009345,diabetes,race,9,proxy_soft,1.0,0.5910275831985761,100.0,0.5462020595356247,0.2153846153846154,-0.02631578947368418,-0.07019039132618299,-0.0449278617822364,-0.7706398015597429,0.2153846153846154
0.6084862182603316,0.6867536795334629,0.5726031894342101,0.061171634121274465,0.02443780535553175,0.061171634121274465,0.004323276219057703,-0.02443780535553175,0.061171634121274465,0.7738317757009345,diabetes,race,9,proxy_soft,3.0,0.5909897344817896,100.0,0.5462020595356247,0.2153846153846154,-0.02631578947368418,-0.07019039132618299,-0.0449278617822364,-0.7706398015597429,0.2153846153846154
0.6075973181479564,0.6867536795334629,0.5726031894342101,0.061171634121274465,0.017464208501438483,0.061171634121274465,0.0009397791104983622,-0.017464208501438483,0.061171634121274465,0.7794392523364486,diabetes,race,9,proxy_soft,10.0,0.5910209596731385,100.0,0.5462020595356247,0.2153846153846154,-0.02631578947368418,-0.07019039132618299,-0.0449278617822364,-0.7706398015597429,0.2153846153846154
0.60652659755805,0.685642876978617,0.5710875979073811,0.05829393627954782,0.018877993973750118,0.05829393627954782,0.0008145726660203634,-0.018877993973750118,0.05829393627954782,0.7775700934579439,diabetes,race,9,proxy_soft,30.0,0.5911212587726229,100.0,0.5462020595356247,0.2153846153846154,-0.02631578947368418,-0.07019039132618299,-0.0449278617822364,-0.7706398015597429,0.2153846153846154
0.6093199829964183,0.6878644820883087,0.5741187809610391,0.07120246659815,0.03232214902201114,0.07120246659815,0.007831979772095043,-0.03232214902201114,0.07120246659815,0.7682242990654206,diabetes,race,9,proxy_soft,0.3,0.5912395360125808,400.0,0.5984135563267751,-0.007268322228952129,-0.08708938120702825,-0.023851144660789192,-0.01410391421104007,0.5788240429076588,0.08708938120702825
0.6091899308492952,0.6873090808108858,0.5733609851976246,0.07691675231243567,0.03419130790051583,0.07691675231243567,0.007831979772095043,-0.03419130790051583,0.07691675231243567,0.7663551401869159,diabetes,race,9,proxy_soft,1.0,0.5910994957604705,400.0,0.5984135563267751,-0.007268322228952129,-0.08708938120702825,-0.023851144660789192,-0.01410391421104007,0.5788240429076588,0.08708938120702825
0.6089900125001578,0.6873090808108858,0.5733609851976246,0.07691675231243567,0.03186677561581808,0.07691675231243567,0.006077627995576318,-0.03186677561581808,0.07691675231243567,0.7682242990654206,diabetes,race,9,proxy_soft,3.0,0.5908355009608843,400.0,0.5984135563267751,-0.007268322228952129,-0.08708938120702825,-0.023851144660789192,-0.01410391421104007,0.5788240429076588,0.08708938120702825
0.60862174185701,0.6850874757011941,0.5703298021439664,0.07831449126413159,0.030045281991045725,0.07831449126413159,0.004323276219057703,-0.030045281991045725,0.07831449126413159,0.7682242990654206,diabetes,race,9,proxy_soft,10.0,0.5904636373184563,400.0,0.5984135563267751,-0.007268322228952129,-0.08708938120702825,-0.023851144660789192,-0.01410391421104007,0.5788240429076588,0.08708938120702825
0.6080240912132728,0.6823104693140795,0.5665408233268938,0.07112024665981498,0.03009294724477818,0.07112024665981498,0.006077627995576318,-0.03009294724477818,0.07112024665981498,0.7663551401869159,diabetes,race,9,proxy_soft,30.0,0.590064333356358,400.0,0.5984135563267751,-0.007268322228952129,-0.08708938120702825,-0.023851144660789192,-0.01410391421104007,0.5788240429076588,0.08708938120702825
0.5928816441285034,0.6886975840044433,0.5754512893681318,0.05772682007231833,0.014659102585596107,0.05772682007231833,0.024856673863296375,-0.014659102585596107,-0.05772682007231833,0.7879194630872484,diabetes,sex,0,erm,0.0,0.6241379310344828,,,,,,,,
0.5926383750636582,0.6886975840044433,0.5754512893681318,0.05772682007231833,0.0131821598732349,0.05772682007231833,0.02373674890231181,-0.0131821598732349,-0.05772682007231833,0.7885906040268457,diabetes,sex,0,proxy_soft,0.3,0.6240223569533914,100.0,0.49301662600336815,-0.09239130434782605,0.1607142857142857,-0.04573927348928941,-0.02924897139187166,-0.04717729154459127,0.1607142857142857
0.5923037748793125,0.6881421827270203,0.5746934936047172,0.06487876835249573,0.016807186237554728,0.06487876835249573,0.028216448746250067,-0.016807186237554728,-0.06487876835249573,0.7865771812080536,diabetes,sex,0,proxy_soft,1.0,0.6239219401288367,100.0,0.49301662600336815,-0.09239130434782605,0.1607142857142857,-0.04573927348928941,-0.02924897139187166,-0.04717729154459127,0.1607142857142857
0.5915962743637335,0.6859205776173285,0.5716623105510592,0.05642210873304543,0.01949174999594394,0.05642210873304543,0.028216448746250067,-0.01949174999594394,-0.05642210873304543,0.7838926174496644,diabetes,sex,0,proxy_soft,3.0,0.6238177339901477,100.0,0.49301662600336815,-0.09239130434782605,0.1607142857142857,-0.04573927348928941,-0.02924897139187166,-0.04717729154459127,0.1607142857142857
0.5899632571118323,0.6848097750624826,0.5701467190242302,0.07072600529340023,0.017880146450416134,0.07072600529340023,0.030456298668219195,-0.017880146450416134,-0.07072600529340023,0.7838926174496644,diabetes,sex,0,proxy_soft,10.0,0.6237732095490716,100.0,0.49301662600336815,-0.09239130434782605,0.1607142857142857,-0.04573927348928941,-0.02924897139187166,-0.04717729154459127,0.1607142857142857
0.5881879821714922,0.6842543737850597,0.5693889232608156,0.06861184038853763,0.022982115527097058,0.06861184038853763,0.03381607355117289,-0.022982115527097058,-0.06861184038853763,0.7812080536912752,diabetes,sex,0,proxy_soft,30.0,0.6233630162940508,100.0,0.49301662600336815,-0.09239130434782605,0.1607142857142857,-0.04573927348928941,-0.02924897139187166,-0.04717729154459127,0.1607142857142857
0.5921876117964453,0.6864759788947514,0.5724201063144737,0.05853627363790792,0.014389780919263018,0.05853627363790792,0.024856673863296375,-0.014389780919263018,-0.05853627363790792,0.7865771812080536,diabetes,sex,0,proxy_soft,0.3,0.6228078817733991,400.0,0.5436894552536985,-0.08956731825170217,0.04741379310344829,-0.07922490465869692,-0.11113836263226351,0.13204829862567655,0.08956731825170217
0.5906758081962314,0.6848097750624826,0.5701467190242302,0.03829460914576022,0.016403203738054928,0.03829460914576022,0.021496898980342682,-0.016403203738054928,-0.03829460914576022,0.7845637583892617,diabetes,sex,0,proxy_soft,1.0,0.6204812428950359,400.0,0.5436894552536985,-0.08956731825170217,0.04741379310344829,-0.07922490465869692,-0.11113836263226351,0.13204829862567655,0.08956731825170217
0.5881530490704849,0.6803665648430991,0.564084352916914,0.012910674980666115,0.012910674980666115,0.0074821201292994965,0.011417574331481606,-0.012910674980666115,-0.0074821201292994965,0.7832214765100671,diabetes,sex,0,proxy_soft,3.0,0.617043387646836,400.0,0.5436894552536985,-0.08956731825170217,0.04741379310344829,-0.07922490465869692,-0.11113836263226351,0.13204829862567655,0.08956731825170217
0.5856601724769253,0.6792557622882532,0.5625687613900849,0.017152960097134407,0.012776014147499515,0.017152960097134407,0.013657424253450734,-0.012776014147499515,-0.017152960097134407,0.7825503355704698,diabetes,sex,0,proxy_soft,10.0,0.6137855248200075,400.0,0.5436894552536985,-0.08956731825170217,0.04741379310344829,-0.07922490465869692,-0.11113836263226351,0.13204829862567655,0.08956731825170217
0.5845023295748684,0.6775895584559845,0.5602953740998413,0.02007657856758671,0.013312494253930218,0.02007657856758671,0.014777349214435409,-0.013312494253930218,-0.02007657856758671,0.7812080536912752,diabetes,sex,0,proxy_soft,30.0,0.6124052671466464,400.0,0.5436894552536985,-0.08956731825170217,0.04741379310344829,-0.07922490465869692,-0.11113836263226351,0.13204829862567655,0.08956731825170217
0.610620083586914,0.6848097750624826,0.5701467190242302,0.04756072233080022,0.035603458998750726,0.04756072233080022,0.03829577339511114,-0.035603458998750726,-0.04756072233080022,0.7758389261744967,diabetes,sex,1,erm,0.0,0.5878268283440697,,,,,,,,
0.6104361587057076,0.6842543737850597,0.5693889232608156,0.03922848536307055,0.03922848536307055,0.03618044424089761,0.03829577339511114,-0.03922848536307055,-0.03618044424089761,0.7738255033557047,diabetes,sex,1,proxy_soft,0.3,0.5874886320575975,100.0,0.48887527657633806,0.08750000000000002,0.042780748663101664,0.051659047594464824,0.04349195311938259,0.9701304457747935,0.08750000000000002
0.610185313787632,0.6853651763399056,0.5709045147876446,0.037886203483875835,0.037886203483875835,0.03577571745810282,0.03717584843412658,-0.037886203483875835,-0.03577571745810282,0.7751677852348994,diabetes,sex,1,proxy_soft,1.0,0.5870585449033725,100.0,0.48887527657633806,0.08750000000000002,0.042780748663101664,0.051659047594464824,0.04349195311938259,0.9701304457747935,0.08750000000000002
0.6098216728325694,0.6864759788947514,0.5724201063144737,0.03537099067530791,0.03211309346759761,0.03537099067530791,0.03269614859018832,-0.03211309346759761,-0.03537099067530791,0.7785234899328859,diabetes,sex,1,proxy_soft,3.0,0.586498673740053,100.0,0.48887527657633806,0.08750000000000002,0.042780748663101664,0.051659047594464824,0.04349195311938259,0.9701304457747935,0.08750000000000002
0.6095236892721709,0.6870313801721744,0.5731779020778882,0.04211821217269052,0.03291889524036151,0.04211821217269052,0.03493599851215745,-0.03291889524036151,-0.04211821217269052,0.7785234899328859,diabetes,sex,1,proxy_soft,10.0,0.5860373247442213,100.0,0.48887527657633806,0.08750000000000002,0.042780748663101664,0.051659047594464824,0.04349195311938259,0.9701304457747935,0.08750000000000002
0.6090228411974898,0.6842543737850597,0.5693889232608156,0.040813500833417726,0.028889886376541996,0.040813500833417726,0.03157622362920376,-0.028889886376541996,-0.040813500833417726,0.7785234899328859,diabetes,sex,1,proxy_soft,30.0,0.5851610458507011,100.0,0.48887527657633806,0.08750000000000002,0.042780748663101664,0.051659047594464824,0.04349195311938259,0.9701304457747935,0.08750000000000002
0.6104496268892283,0.6848097750624826,0.5701467190242302,0.03829460914576022,0.035603458998750726,0.03829460914576022,0.036055923473142015,-0.035603458998750726,-0.03829460914576022,0.7758389261744967,diabetes,sex,1,proxy_soft,0.3,0.5883061765820387,400.0,0.5569848359261391,-0.06313528990694339,-0.06689536878216129,-0.04064879756525919,-0.07330917624825162,0.9688605155228711,0.06689536878216129
0.6101541686132401,0.6853651763399056,0.5709045147876446,0.04040877405062271,0.03197843263443101,0.04040877405062271,0.03381607355117289,-0.03197843263443101,-0.04040877405062271,0.7778523489932886,diabetes,sex,1,proxy_soft,1.0,0.588904888215233,400.0,0.5569848359261391,-0.06313528990694339,-0.06689536878216129,-0.04064879756525919,-0.07330917624825162,0.9688605155228711,0.06689536878216129
0.609621333602697,0.6831435712302139,0.5678733317339866,0.03195211443117241,0.025801340118652982,0.03195211443117241,0.027096523785265503,-0.025801340118652982,-0.03195211443117241,0.7791946308724832,diabetes,sex,1,proxy_soft,3.0,0.5895159151193634,400.0,0.5569848359261391,-0.06313528990694339,-0.06689536878216129,-0.04064879756525919,-0.07330917624825162,0.9688605155228711,0.06689536878216129
0.6090826062618635,0.6803665648430991,0.564084352916914,0.03528045968441962,0.02472621667955588,0.03528045968441962,0.027096523785265503,-0.02472621667955588,-0.03528045968441962,0.7778523489932886,diabetes,sex,1,proxy_soft,10.0,0.5898986358469116,400.0,0.5569848359261391,-0.06313528990694339,-0.06689536878216129,-0.04064879756525919,-0.07330917624825162,0.9688605155228711,0.06689536878216129
0.6089070989953578,0.6798111635656762,0.5633265571534994,0.033166294779557015,0.023920414906791976,0.033166294779557015,0.02597659882428094,-0.023920414906791976,-0.033166294779557015,0.7778523489932886,diabetes,sex,1,proxy_soft,30.0,0.5899801061007958,400.0,0.5569848359261391,-0.06313528990694339,-0.06689536878216129,-0.04064879756525919,-0.07330917624825162,0.9688605155228711,0.06689536878216129
0.5975403729845074,0.6770341571785615,0.5595375783364268,0.055026866402884234,0.053861088427280435,0.055026866402884234,0.05397472284889504,-0.053861088427280435,-0.055026866402884234,0.7624161073825504,diabetes,sex,2,erm,0.0,0.602098332701781,,,,,,,,
0.5975875116268303,0.6753679533462927,0.5572641910461833,0.055874511246072456,0.055874511246072456,0.05331742828081654,0.055094647809879604,-0.055874511246072456,-0.05331742828081654,0.7604026845637584,diabetes,sex,2,proxy_soft,0.3,0.6016398256915498,100.0,0.5104303909266718,0.017595307917888547,-0.06493506493506496,-0.034843288676497663,-0.0310529818121974,0.4469282217771574,0.06493506493506496
0.5970374205061512,0.6748125520688698,0.5565063952827687,0.06046937656099394,0.05949953761039217,0.06046937656099394,0.05957434765381786,-0.05949953761039217,-0.06046937656099394,0.7583892617449665,diabetes,sex,2,proxy_soft,1.0,0.6007427055702917,100.0,0.5104303909266718,0.017595307917888547,-0.06493506493506496,-0.034843288676497663,-0.0310529818121974,0.4469282217771574,0.06493506493506496
0.596390526816416,0.6759233546237157,0.5580219868095978,0.06933076296323903,0.05520337030647515,0.06933076296323903,0.0584544226928333,-0.05520337030647515,-0.06933076296323903,0.7610738255033557,diabetes,sex,2,proxy_soft,3.0,0.5996040166729821,100.0,0.5104303909266718,0.017595307917888547,-0.06493506493506496,-0.034843288676497663,-0.0310529818121974,0.4469282217771574,0.06493506493506496
0.595937238264793,0.6764787559011386,0.5587797825730123,0.07607798446062175,0.06487082835340618,0.07607798446062175,0.0674138223807097,-0.06487082835340618,-0.07607798446062175,0.7570469798657719,diabetes,sex,2,proxy_soft,10.0,0.5988054187192118,100.0,0.5104303909266718,0.017595307917888547,-0.06493506493506496,-0.034843288676497663,-0.0310529818121974,0.4469282217771574,0.06493506493506496
0.5954481748506926,0.6764787559011386,0.5587797825730123,0.07607798446062175,0.06191694292868377,0.07607798446062175,0.06517397245874068,-0.06191694292868377,-0.07607798446062175,0.7583892617449665,diabetes,sex,2,proxy_soft,30.0,0.598113868889731,100.0,0.5104303909266718,0.017595307917888547,-0.06493506493506496,-0.034843288676497663,-0.0310529818121974,0.4469282217771574,0.06493506493506496
0.5975226959936364,0.6764787559011386,0.5587797825730123,0.05291270149802163,0.047147515805071705,0.05291270149802163,0.04837509804397222,-0.047147515805071705,-0.05291270149802163,0.7651006711409396,diabetes,sex,2,proxy_soft,0.3,0.6024118984463813,400.0,0.5421366732690616,-0.039014941892639765,-0.1262699564586357,-0.05880215466273553,-0.07765018942219515,0.9398988199569773,0.1262699564586357
0.5973989570575386,0.6775895584559845,0.5602953740998413,0.04875911935059951,0.04875911935059951,0.04787491812270683,0.04837509804397222,-0.04875911935059951,-0.04787491812270683,0.7651006711409396,diabetes,sex,2,proxy_soft,1.0,0.6025170519136036,400.0,0.5421366732690616,-0.039014941892639765,-0.1262699564586357,-0.05880215466273553,-0.07765018942219515,0.9398988199569773,0.1262699564586357
0.5971834661212052,0.6764787559011386,0.5587797825730123,0.047147515805071705,0.047147515805071705,0.04364658831298163,0.04613524812200309,-0.047147515805071705,-0.04364658831298163,0.7651006711409396,diabetes,sex,2,proxy_soft,3.0,0.6027453580901856,400.0,0.5421366732690616,-0.039014941892639765,-0.1262699564586357,-0.05880215466273553,-0.07765018942219515,0.9398988199569773,0.1262699564586357
0.5969477729095906,0.6792557622882532,0.5625687613900849,0.05421741283729453,0.04231486839472387,0.05421741283729453,0.04501532316101853,-0.04231486839472387,-0.05421741283729453,0.7691275167785235,diabetes,sex,2,proxy_soft,10.0,0.6030702917771884,400.0,0.5421366732690616,-0.039014941892639765,-0.1262699564586357,-0.05880215466273553,-0.07765018942219515,0.9398988199569773,0.1262699564586357
0.5968526538634747,0.6787003610108303,0.5618109656266703,0.06136936111747193,0.038555181197237554,0.06136936111747193,0.043895398200033964,-0.038555181197237554,-0.06136936111747193,0.7704697986577181,diabetes,sex,2,proxy_soft,30.0,0.6032673361121637,400.0,0.5421366732690616,-0.039014941892639765,-0.1262699564586357,-0.05880215466273553,-0.07765018942219515,0.9398988199569773,0.1262699564586357
0.591249889518807,0.6787003610108303,0.5618109656266703,0.06136936111747193,0.029693524923070314,0.06136936111747193,0.03717584843412658,-0.029693524923070314,-0.06136936111747193,0.774496644295302,diabetes,sex,3,erm,0.0,0.6104395604395605,,,,,,,,
0.5904548458103427,0.6764787559011386,0.5587797825730123,0.05754575809054174,0.029424203256737114,0.05754575809054174,0.036055923473142015,-0.029424203256737114,-0.05754575809054174,0.7731543624161074,diabetes,sex,3,proxy_soft,0.3,0.6097754831375521,100.0,0.5352222508135553,-0.06168831168831168,0.036363636363636376,-0.08382183823848255,-0.07143197254893785,0.3263028819132277,0.06168831168831168
0.5895857270925138,0.6775895584559845,0.5602953740998413,0.057141031307746726,0.02660497866518119,0.057141031307746726,0.03381607355117289,-0.02660497866518119,-0.057141031307746726,0.7751677852348994,diabetes,sex,3,proxy_soft,1.0,0.6088527851458886,100.0,0.5352222508135553,-0.06168831168831168,0.036363636363636376,-0.08382183823848255,-0.07143197254893785,0.3263028819132277,0.06168831168831168
0.5887999427602201,0.6775895584559845,0.5602953740998413,0.06177408790026684,0.028081921377542507,0.06177408790026684,0.036055923473142015,-0.028081921377542507,-0.06177408790026684,0.774496644295302,diabetes,sex,3,proxy_soft,3.0,0.6080513452065177,100.0,0.5352222508135553,-0.06168831168831168,0.036363636363636376,-0.08382183823848255,-0.07143197254893785,0.3263028819132277,0.06168831168831168
0.5882431175477805,0.6764787559011386,0.5587797825730123,0.05754575809054174,0.0264703178320147,0.05754575809054174,0.03381607355117289,-0.0264703178320147,-0.05754575809054174,0.774496644295302,diabetes,sex,3,proxy_soft,10.0,0.6074725274725274,100.0,0.5352222508135553,-0.06168831168831168,0.036363636363636376,-0.08382183823848255,-0.07143197254893785,0.3263028819132277,0.06168831168831168
0.5879005206294692,0.6770341571785615,0.5595375783364268,0.055026866402884234,0.025799176892417286,0.055026866402884234,0.03269614859018832,-0.025799176892417286,-0.055026866402884234,0.7751677852348994,diabetes,sex,3,proxy_soft,30.0,0.6071371731716559,100.0,0.5352222508135553,-0.06168831168831168,0.036363636363636376,-0.08382183823848255,-0.07143197254893785,0.3263028819132277,0.06168831168831168
0.591555028051701,0.6775895584559845,0.5602953740998413,0.057141031307746726,0.03103580680226492,0.057141031307746726,0.03717584843412658,-0.03103580680226492,-0.057141031307746726,0.7731543624161074,diabetes,sex,3,proxy_soft,0.3,0.6109842743463434,400.0,0.5339905331942577,-0.0023559260601667686,-0.14714587737843554,-0.04731886316055145,-0.0664107598270186,0.823599094833042,0.14714587737843554
0.592007895722589,0.680921966120522,0.5648421486803286,0.06055990755188223,0.024055075739958576,0.06055990755188223,0.03269614859018832,-0.024055075739958576,-0.06055990755188223,0.7785234899328859,diabetes,sex,3,proxy_soft,1.0,0.6114200454717696,400.0,0.5339905331942577,-0.0023559260601667686,-0.14714587737843554,-0.04731886316055145,-0.0664107598270186,0.823599094833042,0.14714587737843554
0.5925255790266712,0.6814773673979451,0.565599944443743,0.04414184608666483,0.02043004937563886,0.04414184608666483,0.02597659882428094,-0.02043004937563886,-0.04414184608666483,0.7805369127516778,diabetes,sex,3,proxy_soft,3.0,0.611670140204623,400.0,0.5339905331942577,-0.0023559260601667686,-0.14714587737843554,-0.04731886316055145,-0.0664107598270186,0.823599094833042,0.14714587737843554
0.5928795397248281,0.6831435712302139,0.5678733317339866,0.04585128420873252,0.019893569269208045,0.04585128420873252,0.02597659882428094,-0.019893569269208045,-0.04585128420873252,0.7818791946308725,diabetes,sex,3,proxy_soft,10.0,0.6114854111405836,400.0,0.5339905331942577,-0.0023559260601667686,-0.14714587737843554,-0.04731886316055145,-0.0664107598270186,0.823599094833042,0.14714587737843554
0.5931442737071595,0.6831435712302139,0.5678733317339866,0.03658517102369252,0.015462741132124425,0.03658517102369252,0.02037697401935812,-0.015462741132124425,-0.03658517102369252,0.7838926174496644,diabetes,sex,3,proxy_soft,30.0,0.6109946949602123,400.0,0.5339905331942577,-0.0023559260601667686,-0.14714587737843554,-0.04731886316055145,-0.0664107598270186,0.823599094833042,0.14714587737843554
0.6048523339941161,0.6798111635656762,0.5633265571534994,0.06675175356526719,0.06675175356526719,0.033166294779557015,0.0584544226928333,-0.06675175356526719,-0.033166294779557015,0.7583892617449665,diabetes,sex,4,erm,0.0,0.6023313755210307,,,,,,,,
0.604933143095241,0.6825881699527909,0.567115535970572,0.06634993429200309,0.06634993429200309,0.029837949526309915,0.05733449773184873,-0.06634993429200309,-0.029837949526309915,0.7604026845637584,diabetes,sex,4,proxy_soft,0.3,0.6022006441834028,100.0,0.5224508122334709,-0.05882352941176472,0.06882591093117407,0.024388546791962562,-0.000412985970835944,-0.6624852886663883,0.06882591093117407
0.6047837304343069,0.6814773673979451,0.565599944443743,0.06473833074647528,0.06473833074647528,0.02560961971658471,0.055094647809879604,-0.06473833074647528,-0.02560961971658471,0.7604026845637584,diabetes,sex,4,proxy_soft,1.0,0.6022176960970065,100.0,0.5224508122334709,-0.05882352941176472,0.06882591093117407,0.024388546791962562,-0.000412985970835944,-0.6624852886663883,0.06882591093117407
0.6042938252587364,0.6803665648430991,0.564084352916914,0.06608061262566989,0.06608061262566989,0.021381289906859502,0.055094647809879604,-0.06608061262566989,-0.021381289906859502,0.7590604026845638,diabetes,sex,4,proxy_soft,3.0,0.6023285335354301,100.0,0.5224508122334709,-0.05882352941176472,0.06882591093117407,0.024388546791962562,-0.000412985970835944,-0.6624852886663883,0.06882591093117407
0.6029844652920702,0.6831435712302139,0.5678733317339866,0.06567879335240578,0.06567879335240578,0.022686001246132514,0.055094647809879604,-0.06567879335240578,-0.022686001246132514,0.7610738255033557,diabetes,sex,4,proxy_soft,10.0,0.6024431602879878,100.0,0.5224508122334709,-0.05882352941176472,0.06882591093117407,0.024388546791962562,-0.000412985970835944,-0.6624852886663883,0.06882591093117407
0.6013417677832633,0.6875867814495973,0.5739356978413027,0.06326355126034966,0.06326355126034966,0.016434037522432998,0.05173487292692591,-0.06326355126034966,-0.016434037522432998,0.7651006711409396,diabetes,sex,4,proxy_soft,30.0,0.6015915119363395,100.0,0.5224508122334709,-0.05882352941176472,0.06882591093117407,0.024388546791962562,-0.000412985970835944,-0.6624852886663883,0.06882591093117407
0.604609064929271,0.6803665648430991,0.564084352916914,0.0675575553380311,0.0675575553380311,0.030647403091899617,0.0584544226928333,-0.0675575553380311,-0.030647403091899617,0.7583892617449665,diabetes,sex,4,proxy_soft,0.3,0.6013309965896173,400.0,0.5200745326390607,-0.06139560043274439,-0.12793373216751036,-0.07600633027126968,-0.08586360309210106,0.9618426957283396,0.12793373216751036
0.6036242040093098,0.6798111635656762,0.5633265571534994,0.0697056389899896,0.0697056389899896,0.02390018159451701,0.0584544226928333,-0.0697056389899896,-0.02390018159451701,0.7570469798657719,diabetes,sex,4,proxy_soft,1.0,0.599612542629784,400.0,0.5200745326390607,-0.06139560043274439,-0.12793373216751036,-0.07600633027126968,-0.08586360309210106,0.9618426957283396,0.12793373216751036
0.6014920222056677,0.682032768675368,0.5663577402071576,0.07145190336868401,0.07145190336868401,0.02772378462144731,0.060694272614802425,-0.07145190336868401,-0.02772378462144731,0.7577181208053692,diabetes,sex,4,proxy_soft,3.0,0.5969789693065555,400.0,0.5200745326390607,-0.06139560043274439,-0.12793373216751036,-0.07600633027126968,-0.08586360309210106,0.9618426957283396,0.12793373216751036
0.598823638345602,0.6836989725076368,0.5686311274974011,0.0679615378375309,0.0679615378375309,0.015534052965955003,0.055094647809879604,-0.0679615378375309,-0.015534052965955003,0.7604026845637584,diabetes,sex,4,proxy_soft,10.0,0.5948692686623721,400.0,0.5200745326390607,-0.06139560043274439,-0.12793373216751036,-0.07600633027126968,-0.08586360309210106,0.9618426957283396,0.12793373216751036
0.5976881021225016,0.6842543737850597,0.5693889232608156,0.06285956876084986,0.06285956876084986,0.008382104685777603,0.049495023004956784,-0.06285956876084986,-0.008382104685777603,0.7630872483221477,diabetes,sex,4,proxy_soft,30.0,0.5952245168624478,400.0,0.5200745326390607,-0.06139560043274439,-0.12793373216751036,-0.07600633027126968,-0.08586360309210106,0.9618426957283396,0.12793373216751036
0.5855848348253555,0.6825881699527909,0.567115535970572,0.08543462863655005,0.03238025190769511,0.08543462863655005,0.04501532316101853,-0.03238025190769511,-0.08543462863655005,0.7758389261744967,diabetes,sex,5,erm,0.0,0.599987684729064,,,,,,,,
0.5853802867881328,0.6825881699527909,0.567115535970572,0.08080157204403005,0.030903309195333906,0.08080157204403005,0.0427754732390494,-0.030903309195333906,-0.08080157204403005,0.776510067114094,diabetes,sex,5,proxy_soft,0.3,0.6001676771504358,100.0,0.5258793449973277,-0.11594202898550732,0.33333333333333326,-0.020630567046848958,0.04412388043994009,0.9947388027178249,0.33333333333333326
0.5851189198516816,0.6831435712302139,0.5678733317339866,0.08291573694889265,0.030232168255736602,0.08291573694889265,0.0427754732390494,-0.030232168255736602,-0.08291573694889265,0.7771812080536913,diabetes,sex,5,proxy_soft,1.0,0.6002463054187193,100.0,0.5258793449973277,-0.11594202898550732,0.33333333333333326,-0.020630567046848958,0.04412388043994009,0.9947388027178249,0.33333333333333326
0.5848983783465279,0.6831435712302139,0.5678733317339866,0.08291573694889265,0.033186053680459016,0.08291573694889265,0.04501532316101853,-0.033186053680459016,-0.08291573694889265,0.7758389261744967,diabetes,sex,5,proxy_soft,3.0,0.6002131489200455,100.0,0.5258793449973277,-0.11594202898550732,0.33333333333333326,-0.020630567046848958,0.04412388043994009,0.9947388027178249,0.33333333333333326
0.5845330538685253,0.682032768675368,0.5663577402071576,0.07868740713916744,0.02714362199784759,0.07868740713916744,0.03941569835609571,-0.02714362199784759,-0.07868740713916744,0.7778523489932886,diabetes,sex,5,proxy_soft,10.0,0.5999412656309209,100.0,0.5258793449973277,-0.11594202898550732,0.33333333333333326,-0.020630567046848958,0.04412388043994009,0.9947388027178249,0.33333333333333326
0.5842182350787257,0.6825881699527909,0.567115535970572,0.09006768522907005,0.026472481058250286,0.09006768522907005,0.041655548278064836,-0.026472481058250286,-0.09006768522907005,0.7785234899328859,diabetes,sex,5,proxy_soft,30.0,0.5995888594164456,100.0,0.5258793449973277,-0.11594202898550732,0.33333333333333326,-0.020630567046848958,0.04412388043994009,0.9947388027178249,0.33333333333333326
0.5855658951922793,0.6825881699527909,0.567115535970572,0.08543462863655005,0.030903309195333906,0.08543462863655005,0.043895398200033964,-0.030903309195333906,-0.08543462863655005,0.776510067114094,diabetes,sex,5,proxy_soft,0.3,0.5999895793861311,400.0,0.5278913184800549,-0.025644963144963118,-0.030555555555555558,0.0034526702787854857,-0.0070773843310667495,0.40655140460676775,0.030555555555555558
0.585574733687715,0.6825881699527909,0.567115535970572,0.08543462863655005,0.030903309195333906,0.08543462863655005,0.043895398200033964,-0.030903309195333906,-0.08543462863655005,0.776510067114094,diabetes,sex,5,proxy_soft,1.0,0.6000037893141341,400.0,0.5278913184800549,-0.025644963144963118,-0.030555555555555558,0.0034526702787854857,-0.0070773843310667495,0.40655140460676775,0.030555555555555558
0.5856189261648926,0.6831435712302139,0.5678733317339866,0.08291573694889265,0.03170911096809781,0.08291573694889265,0.043895398200033964,-0.03170911096809781,-0.08291573694889265,0.776510067114094,diabetes,sex,5,proxy_soft,3.0,0.6000899962106858,400.0,0.5278913184800549,-0.025644963144963118,-0.030555555555555558,0.0034526702787854857,-0.0070773843310667495,0.40655140460676775,0.030555555555555558
0.5857102572843933,0.6831435712302139,0.5678733317339866,0.07828268035637254,0.03170911096809781,0.07828268035637254,0.0427754732390494,-0.03170911096809781,-0.07828268035637254,0.776510067114094,diabetes,sex,5,proxy_soft,10.0,0.6003656688139447,400.0,0.5278913184800549,-0.025644963144963118,-0.030555555555555558,0.0034526702787854857,-0.0070773843310667495,0.40655140460676775,0.030555555555555558
0.585947634018948,0.6842543737850597,0.5693889232608156,0.07787795357357774,0.033320714513625616,0.07787795357357774,0.043895398200033964,-0.033320714513625616,-0.07787795357357774,0.776510067114094,diabetes,sex,5,proxy_soft,30.0,0.6006394467601364,400.0,0.5278913184800549,-0.025644963144963118,-0.030555555555555558,0.0034526702787854857,-0.0070773843310667495,0.40655140460676775,0.030555555555555558
0.5905276581775023,0.6781449597334074,0.5610531698632559,0.058426577397530655,0.058426577397530655,0.008291573694889198,0.04613524812200309,-0.058426577397530655,-0.008291573694889198,0.7610738255033557,diabetes,sex,6,erm,0.0,0.6150179992421372,,,,,,,,
0.5902439845620946,0.6792557622882532,0.5625687613900849,0.06003818094305846,0.06003818094305846,0.007886846912094403,0.047255173082987656,-0.06003818094305846,-0.007886846912094403,0.7610738255033557,diabetes,sex,6,proxy_soft,0.3,0.6146542250852596,100.0,0.5203047445269784,-0.016379310344827647,-0.12605042016806722,-0.014382600950028634,0.013732115857129301,-0.5916040665971626,0.12605042016806722
0.5899826176256434,0.6770341571785615,0.5595375783364268,0.06419968741380888,0.06419968741380888,0.004063243885164103,0.049495023004956784,-0.06419968741380888,-0.004063243885164103,0.7577181208053692,diabetes,sex,6,proxy_soft,1.0,0.6141076165214097,100.0,0.5203047445269784,-0.016379310344827647,-0.12605042016806722,-0.014382600950028634,0.013732115857129301,-0.5916040665971626,0.12605042016806722
0.5897582881938745,0.6775895584559845,0.5602953740998413,0.06352854647421158,0.06352854647421158,0.0015443521975067043,0.04837509804397222,-0.06352854647421158,-0.0015443521975067043,0.7583892617449665,diabetes,sex,6,proxy_soft,3.0,0.613397120121258,100.0,0.5203047445269784,-0.016379310344827647,-0.12605042016806722,-0.014382600950028634,0.013732115857129301,-0.5916040665971626,0.12605042016806722
0.5895928820650091,0.6775895584559845,0.5602953740998413,0.06648243189893399,0.06648243189893399,0.0030887043950134085,0.049495023004956784,-0.06648243189893399,0.0030887043950134085,0.7570469798657719,diabetes,sex,6,proxy_soft,10.0,0.6131100795755968,100.0,0.5203047445269784,-0.016379310344827647,-0.12605042016806722,-0.014382600950028634,0.013732115857129301,-0.5916040665971626,0.12605042016806722
0.5895301708354903,0.6770341571785615,0.5595375783364268,0.0671535728385313,0.0671535728385313,0.000569812707355899,0.05061494796594135,-0.0671535728385313,0.000569812707355899,0.7563758389261745,diabetes,sex,6,proxy_soft,30.0,0.6129916635089048,100.0,0.5203047445269784,-0.016379310344827647,-0.12605042016806722,-0.014382600950028634,0.013732115857129301,-0.5916040665971626,0.12605042016806722
0.589573100670463,0.6775895584559845,0.5602953740998413,0.060574661049489165,0.060574661049489165,0.010810465382546597,0.04837509804397222,-0.060574661049489165,-0.010810465382546597,0.7597315436241611,diabetes,sex,6,proxy_soft,0.3,0.614637173171656,400.0,0.5429029259762916,-0.09585253456221199,0.015932914046121516,-0.05626435555758624,-0.10942575220793926,0.3052573917628618,0.09585253456221199
0.5879729121158938,0.6764787559011386,0.5587797825730123,0.05453222936687785,0.05453222936687785,0.011215192165341614,0.043895398200033964,-0.05453222936687785,-0.011215192165341614,0.761744966442953,diabetes,sex,6,proxy_soft,1.0,0.6137978400909435,400.0,0.5429029259762916,-0.09585253456221199,0.015932914046121516,-0.05626435555758624,-0.10942575220793926,0.3052573917628618,0.09585253456221199
0.5858857645508992,0.6759233546237157,0.5580219868095978,0.05668031301883636,0.05668031301883636,0.023000197038039016,0.04837509804397222,-0.05668031301883636,-0.023000197038039016,0.7604026845637584,diabetes,sex,6,proxy_soft,3.0,0.6122536945812808,400.0,0.5429029259762916,-0.09585253456221199,0.015932914046121516,-0.05626435555758624,-0.10942575220793926,0.3052573917628618,0.09585253456221199
0.5841163819408495,0.6742571507914468,0.5557485995193543,0.05721679312526706,0.05721679312526706,0.02129075891597132,0.04837509804397222,-0.05721679312526706,-0.02129075891597132,0.7590604026845638,diabetes,sex,6,proxy_soft,10.0,0.6105646078059872,400.0,0.5429029259762916,-0.09585253456221199,0.015932914046121516,-0.05626435555758624,-0.10942575220793926,0.3052573917628618,0.09585253456221199
0.583368055993973,0.6748125520688698,0.5565063952827687,0.05506870947330855,0.05506870947330855,0.02340492382083381,0.047255173082987656,-0.05506870947330855,-0.02340492382083381,0.7604026845637584,diabetes,sex,6,proxy_soft,30.0,0.6095462296324365,400.0,0.5429029259762916,-0.09585253456221199,0.015932914046121516,-0.05626435555758624,-0.10942575220793926,0.3052573917628618,0.09585253456221199
0.5908811979949242,0.682032768675368,0.5663577402071576,0.10648574669428745,0.03895916369673735,0.10648574669428745,0.055094647809879604,-0.03895916369673735,-0.10648574669428745,0.77248322147651,diabetes,sex,7,erm,0.0,0.6171276998863205,,,,,,,,
0.5908370055177464,0.6814773673979451,0.565599944443743,0.10900463838194496,0.03815336192397345,0.10900463838194496,0.055094647809879604,-0.03815336192397345,-0.10900463838194496,0.77248322147651,diabetes,sex,7,proxy_soft,0.3,0.6171608563849944,100.0,0.508071363220699,-0.05620155038759689,0.11904761904761907,-0.02236321883684944,-0.03030980763308655,-0.4742055776956935,0.11904761904761907
0.5908576286737628,0.680921966120522,0.5648421486803286,0.10689047347708236,0.03882450286357075,0.10689047347708236,0.055094647809879604,-0.03882450286357075,-0.10689047347708236,0.7718120805369127,diabetes,sex,7,proxy_soft,1.0,0.6171835922697991,100.0,0.508071363220699,-0.05620155038759689,0.11904761904761907,-0.02236321883684944,-0.03030980763308655,-0.4742055776956935,0.11904761904761907
0.591038607389824,0.6803665648430991,0.564084352916914,0.10940936516473976,0.03801870109080685,0.10940936516473976,0.055094647809879604,-0.03801870109080685,-0.10940936516473976,0.7718120805369127,diabetes,sex,7,proxy_soft,3.0,0.6172252747252747,100.0,0.508071363220699,-0.05620155038759689,0.11904761904761907,-0.02236321883684944,-0.03030980763308655,-0.4742055776956935,0.11904761904761907
0.591347533849333,0.680921966120522,0.5648421486803286,0.11152353006960236,0.03587061743884834,0.11152353006960236,0.05397472284889504,-0.03587061743884834,-0.11152353006960236,0.7731543624161074,diabetes,sex,7,proxy_soft,10.0,0.6175615763546798,100.0,0.508071363220699,-0.05620155038759689,0.11904761904761907,-0.02236321883684944,-0.03030980763308655,-0.4742055776956935,0.11904761904761907
0.5916303657032707,0.6803665648430991,0.564084352916914,0.11404242175725976,0.03654175837844564,0.11404242175725976,0.055094647809879604,-0.03654175837844564,-0.11404242175725976,0.77248322147651,diabetes,sex,7,proxy_soft,30.0,0.6179064039408867,100.0,0.508071363220699,-0.05620155038759689,0.11904761904761907,-0.02236321883684944,-0.03030980763308655,-0.4742055776956935,0.11904761904761907
0.5914615925285251,0.682032768675368,0.5663577402071576,0.10185269010176745,0.03452833555965373,0.10185269010176745,0.05061494796594135,-0.03452833555965373,-0.10185269010176745,0.774496644295302,diabetes,sex,7,proxy_soft,0.3,0.6166796134899584,400.0,0.5402361649096813,-0.10493672993672998,-0.13728470111448832,-0.0636911719891804,-0.10624000045461524,0.993669246872376,0.13728470111448832
0.5922797846774159,0.6825881699527909,0.567115535970572,0.10396685500663005,0.030903309195333906,0.10396685500663005,0.04837509804397222,-0.030903309195333906,-0.10396685500663005,0.776510067114094,diabetes,sex,7,proxy_soft,1.0,0.6159274346343312,400.0,0.5402361649096813,-0.10493672993672998,-0.13728470111448832,-0.0636911719891804,-0.10624000045461524,0.993669246872376,0.13728470111448832
0.5931354352117241,0.6825881699527909,0.567115535970572,0.10396685500663005,0.023518595633527872,0.10396685500663005,0.0427754732390494,-0.023518595633527872,-0.10396685500663005,0.7798657718120805,diabetes,sex,7,proxy_soft,3.0,0.6141824554755589,400.0,0.5402361649096813,-0.10493672993672998,-0.13728470111448832,-0.0636911719891804,-0.10624000045461524,0.993669246872376,0.13728470111448832
0.5935605247541004,0.6836989725076368,0.5686311274974011,0.10819518481635526,0.023653256466694472,0.10819518481635526,0.043895398200033964,-0.023653256466694472,-0.10819518481635526,0.7805369127516778,diabetes,sex,7,proxy_soft,10.0,0.6127898825312618,400.0,0.5402361649096813,-0.10493672993672998,-0.13728470111448832,-0.0636911719891804,-0.10624000045461524,0.993669246872376,0.13728470111448832
0.5936842636901981,0.6831435712302139,0.5678733317339866,0.10144796331897266,0.024324397406291776,0.10144796331897266,0.0427754732390494,-0.024324397406291776,-0.10144796331897266,0.7798657718120805,diabetes,sex,7,proxy_soft,30.0,0.612284009094354,400.0,0.5402361649096813,-0.10493672993672998,-0.13728470111448832,-0.0636911719891804,-0.10624000045461524,0.993669246872376,0.13728470111448832
0.6066318177418064,0.6859205776173285,0.5716623105510592,0.040168947969001056,0.040168947969001056,0.000825429622805296,0.030456298668219195,-0.040168947969001056,-0.000825429622805296,0.774496644295302,diabetes,sex,8,erm,0.0,0.5799014778325122,,,,,,,,
0.6064558895945655,0.6842543737850597,0.5693889232608156,0.04070542807543176,0.04070542807543176,0.0008840084992624009,0.030456298668219195,-0.04070542807543176,0.0008840084992624009,0.7731543624161074,diabetes,sex,8,proxy_soft,0.3,0.5797612732095492,100.0,0.5083074004215957,-0.01064701064701068,-0.05555555555555547,-0.0011675260627731499,-0.009574965793839652,0.9976879366614045,0.05555555555555547
0.6063123692639217,0.6848097750624826,0.5701467190242302,0.040034287135834457,0.040034287135834457,0.0034029001869197995,0.02933637370723463,-0.040034287135834457,0.0034029001869197995,0.7738255033557047,diabetes,sex,8,proxy_soft,1.0,0.5796902235695338,100.0,0.5083074004215957,-0.01064701064701068,-0.05555555555555547,-0.0011675260627731499,-0.009574965793839652,0.9976879366614045,0.05555555555555547
0.6062698603096841,0.6842543737850597,0.5693889232608156,0.04218237078779297,0.04218237078779297,0.0008840084992624009,0.03157622362920376,-0.04218237078779297,0.0008840084992624009,0.77248322147651,diabetes,sex,8,proxy_soft,3.0,0.5796864342553998,100.0,0.5083074004215957,-0.01064701064701068,-0.05555555555555547,-0.0011675260627731499,-0.009574965793839652,0.9976879366614045,0.05555555555555547
0.606510183209384,0.6875867814495973,0.5739356978413027,0.038155525150209035,0.038155525150209035,0.007167924337393106,0.030456298668219195,-0.038155525150209035,-0.007167924337393106,0.776510067114094,diabetes,sex,8,proxy_soft,10.0,0.5797517999242137,100.0,0.5083074004215957,-0.01064701064701068,-0.05555555555555547,-0.0011675260627731499,-0.009574965793839652,0.9976879366614045,0.05555555555555547
0.6067218862191021,0.6886975840044433,0.5754512893681318,0.033859357846292015,0.033859357846292015,0.006763197554598088,0.027096523785265503,-0.033859357846292015,-0.006763197554598088,0.7791946308724832,diabetes,sex,8,proxy_soft,30.0,0.5797783251231527,100.0,0.5083074004215957,-0.01064701064701068,-0.05555555555555547,-0.0011675260627731499,-0.009574965793839652,0.9976879366614045,0.05555555555555547
0.6066393935950369,0.6853651763399056,0.5709045147876446,0.04084008890859836,0.04084008890859836,0.007977377902982696,0.03269614859018832,-0.04084008890859836,-0.007977377902982696,0.7738255033557047,diabetes,sex,8,proxy_soft,0.3,0.5797783251231527,400.0,0.5161646273776939,0.05525441510753637,0.14465408805031454,0.0486274857696295,0.03479906711129299,0.8338293686194842,0.14465408805031454
0.6066225583656359,0.6859205776173285,0.5716623105510592,0.040168947969001056,0.040168947969001056,0.000825429622805296,0.030456298668219195,-0.040168947969001056,-0.000825429622805296,0.774496644295302,diabetes,sex,8,proxy_soft,1.0,0.5796049640015157,400.0,0.5161646273776939,0.05525441510753637,0.14465408805031454,0.0486274857696295,0.03479906711129299,0.8338293686194842,0.14465408805031454
0.6066722222923691,0.6859205776173285,0.5716623105510592,0.03721506254427853,0.03721506254427853,0.000825429622805296,0.028216448746250067,-0.03721506254427853,-0.000825429622805296,0.7758389261744967,diabetes,sex,8,proxy_soft,3.0,0.579384236453202,400.0,0.5161646273776939,0.05525441510753637,0.14465408805031454,0.0486274857696295,0.03479906711129299,0.8338293686194842,0.14465408805031454
0.6066284506959263,0.6859205776173285,0.5716623105510592,0.03869200525663974,0.03869200525663974,0.000825429622805296,0.02933637370723463,-0.03869200525663974,-0.000825429622805296,0.7751677852348994,diabetes,sex,8,proxy_soft,10.0,0.579212769988632,400.0,0.5161646273776939,0.05525441510753637,0.14465408805031454,0.0486274857696295,0.03479906711129299,0.8338293686194842,0.14465408805031454
0.6065855208609536,0.6859205776173285,0.5716623105510592,0.03869200525663974,0.03869200525663974,0.000825429622805296,0.02933637370723463,-0.03869200525663974,-0.000825429622805296,0.7751677852348994,diabetes,sex,8,proxy_soft,30.0,0.5792724516862447,400.0,0.5161646273776939,0.05525441510753637,0.14465408805031454,0.0486274857696295,0.03479906711129299,0.8338293686194842,0.14465408805031454
0.591732218841147,0.6798111635656762,0.5633265571534994,0.03573595660568174,0.03573595660568174,0.0038981579606029992,0.02597659882428094,-0.03573595660568174,0.0038981579606029992,0.77248322147651,diabetes,sex,9,erm,0.0,0.6139172034861691,,,,,,,,
0.5913778372622549,0.6803665648430991,0.564084352916914,0.03358787295372323,0.03358787295372323,0.001783993055740507,0.024856673863296375,-0.03358787295372323,0.001783993055740507,0.7738255033557047,diabetes,sex,9,proxy_soft,0.3,0.6135098522167488,100.0,0.5074955534377805,-0.03656914893617025,0.038461538461538436,-0.04033561998794333,-0.07964367446747422,-0.3352016579259515,0.038461538461538436
0.5908269043801058,0.680921966120522,0.5648421486803286,0.028485903877042196,0.028485903877042196,0.0003301718491220962,0.021496898980342682,-0.028485903877042196,-0.0003301718491220962,0.776510067114094,diabetes,sex,9,proxy_soft,1.0,0.612793671845396,100.0,0.5074955534377805,-0.03656914893617025,0.038461538461538436,-0.04033561998794333,-0.07964367446747422,-0.3352016579259515,0.038461538461538436
0.5902111558647626,0.6787003610108303,0.5618109656266703,0.034124353060153934,0.034124353060153934,0.001139625414711798,0.02597659882428094,-0.034124353060153934,-0.001139625414711798,0.77248322147651,diabetes,sex,9,proxy_soft,3.0,0.6119846532777568,100.0,0.5074955534377805,-0.03656914893617025,0.038461538461538436,-0.04033561998794333,-0.07964367446747422,-0.3352016579259515,0.038461538461538436
0.5893407745047285,0.6787003610108303,0.5618109656266703,0.034124353060153934,0.034124353060153934,0.001139625414711798,0.02597659882428094,-0.034124353060153934,-0.001139625414711798,0.77248322147651,diabetes,sex,9,proxy_soft,10.0,0.6110856384994316,100.0,0.5074955534377805,-0.03656914893617025,0.038461538461538436,-0.04033561998794333,-0.07964367446747422,-0.3352016579259515,0.038461538461538436
0.5884535579152935,0.6792557622882532,0.5625687613900849,0.03345321212055663,0.03345321212055663,0.00325379031957429,0.02597659882428094,-0.03345321212055663,-0.00325379031957429,0.7731543624161074,diabetes,sex,9,proxy_soft,30.0,0.6103220917014021,100.0,0.5074955534377805,-0.03656914893617025,0.038461538461538436,-0.04033561998794333,-0.07964367446747422,-0.3352016579259515,0.038461538461538436
0.5912023299957492,0.6781449597334074,0.5610531698632559,0.030364665862667617,0.030364665862667617,0.0009745394901508053,0.022616823941327246,-0.030364665862667617,0.0009745394901508053,0.7738255033557047,diabetes,sex,9,proxy_soft,0.3,0.6132711254262979,400.0,0.5400959092971883,-0.051389830508474565,-0.1001838235294118,-0.05422347343314993,-0.07652682780449738,0.9898659642234532,0.1001838235294118
0.5903471003421761,0.6798111635656762,0.5633265571534994,0.02687430033151439,0.02687430033151439,0.010001011816957006,0.022616823941327246,-0.02687430033151439,-0.010001011816957006,0.776510067114094,diabetes,sex,9,proxy_soft,1.0,0.6122641151951497,400.0,0.5400959092971883,-0.051389830508474565,-0.1001838235294118,-0.05422347343314993,-0.07652682780449738,0.9898659642234532,0.1001838235294118
0.5892658577338938,0.6798111635656762,0.5633265571534994,0.028351243043875596,0.028351243043875596,0.0007348986319168915,0.021496898980342682,-0.028351243043875596,-0.0007348986319168915,0.7758389261744967,diabetes,sex,9,proxy_soft,3.0,0.6107625994694961,400.0,0.5400959092971883,-0.051389830508474565,-0.1001838235294118,-0.05422347343314993,-0.07652682780449738,0.9898659642234532,0.1001838235294118
0.5887153457324797,0.6787003610108303,0.5618109656266703,0.03117046763543152,0.03117046763543152,0.008126487770328206,0.021496898980342682,-0.03117046763543152,0.008126487770328206,0.7738255033557047,diabetes,sex,9,proxy_soft,10.0,0.6099194770746496,400.0,0.5400959092971883,-0.051389830508474565,-0.1001838235294118,-0.05422347343314993,-0.07652682780449738,0.9898659642234532,0.1001838235294118
0.5888428725951927,0.6781449597334074,0.5610531698632559,0.025933837725583886,0.025933837725583886,0.010240652675190809,0.017017199136404537,-0.025933837725583886,0.010240652675190809,0.7758389261744967,diabetes,sex,9,proxy_soft,30.0,0.6095888594164456,400.0,0.5400959092971883,-0.051389830508474565,-0.1001838235294118,-0.05422347343314993,-0.07652682780449738,0.9898659642234532,0.1001838235294118
