eo_gap,tpr_gap,fpr_gap,dp_gap,auc,acc,worst_tpr,dataset,attr,seed,method,strategy,nlab,mu,eo_gap0,tpr_gap0,fpr_gap0,dp_gap0,auc0,acc0,worst_tpr0,cos,est,t,harm,gain,guard,eo_guarded
0.281658692185008,0.281658692185008,0.1430252414118662,0.2706515041844383,0.8947370273098807,0.8411111111111111,0.4393939393939394,adult,sex,0,proxy_soft,random,25.0,3.0,0.1522328548644338,0.1522328548644338,0.1318533240767832,0.2440490119250246,0.8975123947645575,0.8427777777777777,0.553030303030303,0.997459356213858,0.1666666666666666,adult-sex,True,-0.1294258373205742,True,0.281658692185008
0.0956431311377304,0.0323763955342902,0.0956431311377304,0.1946443834432563,0.8894036354664141,0.8372222222222222,0.6439393939393939,adult,sex,0,proxy_soft,random,50.0,3.0,0.1522328548644338,0.1522328548644338,0.1318533240767832,0.2440490119250246,0.8975123947645575,0.8427777777777777,0.553030303030303,0.8641552810639468,0.625,adult-sex,False,0.0565897237267034,True,0.0956431311377304
0.0706389039413628,0.0234848484848485,0.0706389039413628,0.173109032566588,0.8885818716839659,0.8372222222222222,0.6515151515151515,adult,sex,0,proxy_soft,random,100.0,10.0,0.1522328548644338,0.1522328548644338,0.1318533240767832,0.2440490119250246,0.8975123947645575,0.8427777777777777,0.553030303030303,0.9503895941693513,0.7,adult-sex,False,0.08159395092307101,True,0.0706389039413628
0.0712373479868446,0.004505582137161,0.0712373479868446,0.1693086765295289,0.8915998353988515,0.8366666666666667,0.6697368421052632,adult,sex,0,proxy_soft,random,200.0,3.0,0.1522328548644338,0.1522328548644338,0.1318533240767832,0.2440490119250246,0.8975123947645575,0.8427777777777777,0.553030303030303,0.9845386780568421,0.2815384615384615,adult-sex,False,0.0809955068775892,True,0.0712373479868446
0.0649862911877527,0.004505582137161,0.0649862911877527,0.1642415351467834,0.8922481387153824,0.8366666666666667,0.6697368421052632,adult,sex,0,proxy_soft,random,400.0,3.0,0.1522328548644338,0.1522328548644338,0.1318533240767832,0.2440490119250246,0.8975123947645575,0.8427777777777777,0.553030303030303,0.9819220116055917,0.2596618357487922,adult-sex,False,0.0872465636766811,True,0.0649862911877527
0.0683945513024096,0.0116541353383458,0.0683945513024096,0.1606837606837606,0.8869599408608845,0.8275,0.65,adult,sex,1,proxy_soft,random,25.0,3.0,0.1419172932330826,0.1419172932330826,0.1244648600580901,0.2328584995251661,0.8954369886706566,0.8363888888888888,0.5488721804511278,-0.32112836523512384,0.125,adult-sex,False,0.07352274193067301,False,0.1419172932330826
0.1300751879699248,0.1300751879699248,0.0985916306249602,0.2075340297562519,0.8852262249048649,0.8313888888888888,0.5488721804511278,adult,sex,1,proxy_soft,random,50.0,10.0,0.1419172932330826,0.1419172932330826,0.1244648600580901,0.2328584995251661,0.8954369886706566,0.8363888888888888,0.5488721804511278,0.045201025789445945,0.25,adult-sex,False,0.01184210526315782,True,0.1300751879699248
0.0865844011109892,0.0597744360902255,0.0865844011109892,0.189806900918012,0.8933119352547478,0.8352777777777778,0.6165413533834586,adult,sex,1,proxy_soft,random,100.0,3.0,0.1419172932330826,0.1419172932330826,0.1244648600580901,0.2328584995251661,0.8954369886706566,0.8363888888888888,0.5488721804511278,-0.4349852210695795,0.3043478260869565,adult-sex,False,0.05533289212209341,False,0.1419172932330826
0.1006525040564964,0.0862781954887217,0.1006525040564964,0.2050015827793605,0.8930488373430254,0.8352777777777778,0.5939849624060151,adult,sex,1,proxy_soft,random,200.0,3.0,0.1419172932330826,0.1419172932330826,0.1244648600580901,0.2328584995251661,0.8954369886706566,0.8363888888888888,0.5488721804511278,0.6213875141732437,0.1683256309989335,adult-sex,False,0.041264789176586214,True,0.1006525040564964
0.0848890454385346,0.044360902255639,0.0848890454385346,0.1847420069642291,0.8919567328038005,0.8325,0.6240601503759399,adult,sex,1,proxy_soft,random,400.0,3.0,0.1419172932330826,0.1419172932330826,0.1244648600580901,0.2328584995251661,0.8954369886706566,0.8363888888888888,0.5488721804511278,0.9979978838317205,0.1543209876543209,adult-sex,False,0.057028247794548015,True,0.0848890454385346
0.1393939393939394,0.1393939393939394,0.0945795512189041,0.2111125929371791,0.8974709960853409,0.8411111111111111,0.5606060606060606,adult,sex,2,proxy_soft,random,25.0,30.0,0.1690191387559808,0.1690191387559808,0.1188860746052548,0.2377150851965928,0.9054530754250818,0.8461111111111111,0.5454545454545454,0.9947937050935364,0.5,adult-sex,False,0.029625199362041388,True,0.1393939393939394
0.0620015948963317,0.0620015948963317,0.0558763223333893,0.1693086765295289,0.8917641881553411,0.8422222222222222,0.6287878787878788,adult,sex,2,proxy_soft,random,50.0,30.0,0.1690191387559808,0.1690191387559808,0.1188860746052548,0.2377150851965928,0.9054530754250818,0.8461111111111111,0.5454545454545454,-0.33388579179481526,0.4,adult-sex,False,0.1070175438596491,False,0.1690191387559808
0.0778883293023481,0.0685805422647527,0.0778883293023481,0.1895772420605108,0.9016522626862112,0.845,0.6287878787878788,adult,sex,2,proxy_soft,random,100.0,3.0,0.1690191387559808,0.1690191387559808,0.1188860746052548,0.2377150851965928,0.9054530754250818,0.8461111111111111,0.5454545454545454,0.6270002605788594,0.1956521739130435,adult-sex,False,0.0911308094536327,True,0.0778883293023481
0.0470981811802332,0.0162280701754385,0.0470981811802332,0.1553740377269789,0.8963528177597021,0.8416666666666667,0.6666666666666666,adult,sex,2,proxy_soft,random,200.0,30.0,0.1690191387559808,0.1690191387559808,0.1188860746052548,0.2377150851965928,0.9054530754250818,0.8461111111111111,0.5454545454545454,0.9857770595077484,0.3840579710144927,adult-sex,False,0.12192095757574758,True,0.0470981811802332
0.0735247208931419,0.0735247208931419,0.0624932552412906,0.1769093886036471,0.895303361241563,0.8433333333333334,0.6212121212121212,adult,sex,2,proxy_soft,random,400.0,10.0,0.1690191387559808,0.1690191387559808,0.1188860746052548,0.2377150851965928,0.9054530754250818,0.8461111111111111,0.5454545454545454,0.9965819138373863,0.2159090909090909,adult-sex,False,0.0954944178628389,True,0.0735247208931419
0.0891935548095684,0.0856984358128523,0.0891935548095684,0.2012029123140234,0.896529797113353,0.8461111111111111,0.6165413533834586,adult,sex,3,proxy_soft,random,25.0,0.3,0.1723577719001059,0.1723577719001059,0.1267991553686548,0.2417220639442861,0.9009561438951852,0.8416666666666667,0.5338345864661654,,0.2727272727272727,adult-sex,False,0.08316421709053749,False,0.1723577719001059
0.0847378301469217,0.046400586446353,0.0847378301469217,0.1910731244064577,0.8982259010008545,0.8444444444444444,0.6466165413533834,adult,sex,3,proxy_soft,random,50.0,1.0,0.1723577719001059,0.1723577719001059,0.1267991553686548,0.2417220639442861,0.9009561438951852,0.8416666666666667,0.5338345864661654,0.8320980837162893,0.8,adult-sex,False,0.0876199417531842,True,0.0847378301469217
0.069110188149192,0.0507989340941286,0.069110188149192,0.1644824311490978,0.8956223380649265,0.8444444444444444,0.6785243741765481,adult,sex,3,proxy_soft,random,100.0,10.0,0.1723577719001059,0.1723577719001059,0.1267991553686548,0.2417220639442861,0.9009561438951852,0.8416666666666667,0.5338345864661654,0.9310079279697152,0.1049475262368815,adult-sex,False,0.1032475837509139,True,0.069110188149192
0.0752619851837488,0.0127591706539075,0.0752619851837488,0.180943336498892,0.8977038636559339,0.8488888888888889,0.6842105263157895,adult,sex,3,proxy_soft,random,200.0,3.0,0.1723577719001059,0.1723577719001059,0.1267991553686548,0.2417220639442861,0.9009561438951852,0.8416666666666667,0.5338345864661654,0.9831673624453232,0.1428571428571429,adult-sex,False,0.0970957867163571,True,0.0752619851837488
0.0858354584733501,0.0454694047371392,0.0858354584733501,0.1936055713833491,0.897070877850713,0.8477777777777777,0.6541353383458647,adult,sex,3,proxy_soft,random,400.0,3.0,0.1723577719001059,0.1723577719001059,0.1267991553686548,0.2417220639442861,0.9009561438951852,0.8416666666666667,0.5338345864661654,0.8873970859180946,0.2682926829268293,adult-sex,False,0.0865223134267558,True,0.0858354584733501
0.2392542621375574,0.2392542621375574,0.1343123116156431,0.2505856283634061,0.8853475998701738,0.8288888888888889,0.4511278195488721,adult,sex,4,proxy_soft,random,25.0,3.0,0.1601137230427848,0.1601137230427848,0.1098072687002222,0.2214624881291548,0.8897420696690093,0.8327777777777777,0.5263157894736842,-0.6250036447042883,0.1666666666666666,adult-sex,True,-0.07914053909477262,False,0.1601137230427848
0.0899680030114813,0.0899680030114813,0.058202001700112,0.1657486546375435,0.8784679673579693,0.8255555555555556,0.5714285714285714,adult,sex,4,proxy_soft,random,50.0,30.0,0.1601137230427848,0.1601137230427848,0.1098072687002222,0.2214624881291548,0.8897420696690093,0.8327777777777777,0.5263157894736842,0.07857430296934338,0.2592592592592592,adult-sex,False,0.07014572003130348,True,0.0899680030114813
0.0753167503739585,0.0753167503739585,0.0700064114882789,0.1758784425451091,0.8851733114306721,0.8305555555555556,0.5939849624060151,adult,sex,4,proxy_soft,random,100.0,3.0,0.1601137230427848,0.1601137230427848,0.1098072687002222,0.2214624881291548,0.8897420696690093,0.8327777777777777,0.5263157894736842,0.9169753666762208,0.6000000000000001,adult-sex,False,0.08479697266882628,True,0.0753167503739585
0.0346612789389823,0.0209813070224968,0.0346612789389823,0.1391579613801836,0.8842542607520649,0.83,0.6390977443609023,adult,sex,4,proxy_soft,random,200.0,3.0,0.1601137230427848,0.1601137230427848,0.1098072687002222,0.2214624881291548,0.8897420696690093,0.8327777777777777,0.5263157894736842,0.8375460114974383,0.135849657588788,adult-sex,False,0.1254524441038025,True,0.0346612789389823
0.0590670620898681,0.0576441102756891,0.0590670620898681,0.1644824311490978,0.8852668724457016,0.8305555555555556,0.6090225563909775,adult,sex,4,proxy_soft,random,400.0,3.0,0.1601137230427848,0.1601137230427848,0.1098072687002222,0.2214624881291548,0.8897420696690093,0.8327777777777777,0.5263157894736842,0.9930920218777376,0.2125,adult-sex,False,0.10104666095291669,True,0.0590670620898681
0.2073308270676692,0.2073308270676692,0.1268600696389285,0.2429882874327318,0.8863057123272541,0.8341666666666666,0.4887218045112781,adult,sex,5,proxy_soft,random,25.0,3.0,0.1772556390977443,0.1772556390977443,0.1057073894640805,0.2227287116176005,0.8881879379535698,0.8363888888888888,0.518796992481203,-0.33245540250823624,0.3333333333333333,adult-sex,True,-0.030075187969924894,False,0.1772556390977443
0.054691966115984,0.0178571428571429,0.054691966115984,0.1492877492877492,0.8795094299503878,0.8286111111111111,0.6513157894736842,adult,sex,5,proxy_soft,random,50.0,3.0,0.1772556390977443,0.1772556390977443,0.1057073894640805,0.2227287116176005,0.8881879379535698,0.8363888888888888,0.518796992481203,0.8893841482520152,0.9,adult-sex,False,0.1225636729817603,True,0.054691966115984
0.0639384682900351,0.0550751879699248,0.0639384682900351,0.1657486546375435,0.8816671637672808,0.8258333333333333,0.6015037593984962,adult,sex,5,proxy_soft,random,100.0,3.0,0.1772556390977443,0.1772556390977443,0.1057073894640805,0.2227287116176005,0.8881879379535698,0.8363888888888888,0.518796992481203,0.8749669839685572,0.358974358974359,adult-sex,False,0.1133171708077092,True,0.0639384682900351
0.0679279820301537,0.0037593984962405,0.0679279820301537,0.1632162076606521,0.8844032165788087,0.8308333333333333,0.6578947368421053,adult,sex,5,proxy_soft,random,200.0,1.0,0.1772556390977443,0.1772556390977443,0.1057073894640805,0.2227287116176005,0.8881879379535698,0.8363888888888888,0.518796992481203,0.9892258577356755,0.434108527131783,adult-sex,False,0.10932765706759061,True,0.0679279820301537
0.0512002032579007,0.0293233082706766,0.0512002032579007,0.1442228553339664,0.8804166213346758,0.8275,0.6473684210526316,adult,sex,5,proxy_soft,random,400.0,3.0,0.1772556390977443,0.1772556390977443,0.1057073894640805,0.2227287116176005,0.8881879379535698,0.8363888888888888,0.518796992481203,0.9918708651356685,0.3993871297242083,adult-sex,False,0.1260554358398436,True,0.0512002032579007
0.0533933098123906,0.0218045112781954,0.0533933098123906,0.1568850902184235,0.8884919897855131,0.8341666666666666,0.6466165413533834,adult,sex,6,proxy_soft,random,25.0,3.0,0.0991205631167751,0.0945488721804511,0.0991205631167751,0.2088002532446977,0.8959439485618761,0.8425,0.6015037593984962,,0.0769230769230769,adult-sex,False,0.0457272533043845,False,0.0991205631167751
0.0625939849624059,0.0625939849624059,0.0562862702752643,0.1480215257993035,0.8876559506666595,0.8358333333333333,0.6592105263157895,adult,sex,6,proxy_soft,random,50.0,3.0,0.0991205631167751,0.0945488721804511,0.0991205631167751,0.2088002532446977,0.8959439485618761,0.8425,0.6015037593984962,0.9999757793648026,0.380952380952381,adult-sex,False,0.0365265781543692,True,0.0625939849624059
0.0716842111341444,0.0562030075187969,0.0716842111341444,0.1784108895220006,0.8906662706408792,0.8375,0.6240601503759399,adult,sex,6,proxy_soft,random,100.0,3.0,0.0991205631167751,0.0945488721804511,0.0991205631167751,0.2088002532446977,0.8959439485618761,0.8425,0.6015037593984962,0.9238644220170776,0.2360482654600302,adult-sex,False,0.027436351982630697,True,0.0716842111341444
0.0665282742133861,0.0110902255639097,0.0665282742133861,0.1695473251028806,0.8895083916237235,0.8408333333333333,0.6691729323308271,adult,sex,6,proxy_soft,random,200.0,3.0,0.0991205631167751,0.0945488721804511,0.0991205631167751,0.2088002532446977,0.8959439485618761,0.8425,0.6015037593984962,-0.21385457953559592,0.1129568106312292,adult-sex,False,0.032592288903389,False,0.0991205631167751
0.0501660132002148,0.0118421052631578,0.0501660132002148,0.1518201962646407,0.8886214703615651,0.8386111111111111,0.6723684210526316,adult,sex,6,proxy_soft,random,400.0,10.0,0.0991205631167751,0.0945488721804511,0.0991205631167751,0.2088002532446977,0.8959439485618761,0.8425,0.6015037593984962,0.9997396053524071,0.1550028918449971,adult-sex,False,0.0489545499165603,True,0.0501660132002148
0.1055023923444975,0.1055023923444975,0.0871968176857816,0.1946443834432563,0.886241811341251,0.8305555555555556,0.5681818181818182,adult,sex,7,proxy_soft,random,25.0,30.0,0.1568580542264753,0.1568580542264753,0.1097080089356871,0.2237804463940427,0.8948912373899625,0.8372222222222222,0.5378787878787878,0.5862103229823572,0.3333333333333333,adult-sex,False,0.05135566188197781,True,0.1055023923444975
0.0989234449760765,0.0989234449760765,0.0808124527145525,0.187043671369138,0.8844629100953163,0.8277777777777777,0.5681818181818182,adult,sex,7,proxy_soft,random,50.0,30.0,0.1568580542264753,0.1568580542264753,0.1097080089356871,0.2237804463940427,0.8948912373899625,0.8372222222222222,0.5378787878787878,-0.4846023157296305,0.1666666666666666,adult-sex,False,0.05793460925039881,False,0.1568580542264753
0.1410685805422648,0.1410685805422648,0.1028244596835114,0.2123793782828654,0.8880244384683151,0.8305555555555556,0.5378787878787878,adult,sex,7,proxy_soft,random,100.0,3.0,0.1568580542264753,0.1568580542264753,0.1097080089356871,0.2237804463940427,0.8948912373899625,0.8372222222222222,0.5378787878787878,0.9972419341033465,0.1132075471698113,adult-sex,False,0.01578947368421052,True,0.1410685805422648
0.0731319398878249,0.0699362041467304,0.0731319398878249,0.1781761739493335,0.8886168535679038,0.8305555555555556,0.5984848484848485,adult,sex,7,proxy_soft,random,200.0,3.0,0.1568580542264753,0.1568580542264753,0.1097080089356871,0.2237804463940427,0.8948912373899625,0.8372222222222222,0.5378787878787878,0.10772018070523622,0.1383141762452107,adult-sex,False,0.0837261143386504,True,0.0731319398878249
0.0731319398878249,0.0610446570972886,0.0731319398878249,0.1769093886036471,0.8885816646905698,0.8305555555555556,0.6060606060606061,adult,sex,7,proxy_soft,random,400.0,3.0,0.1568580542264753,0.1568580542264753,0.1097080089356871,0.2237804463940427,0.8948912373899625,0.8372222222222222,0.5378787878787878,0.5495038754118438,0.1638896120801874,adult-sex,False,0.0837261143386504,True,0.0731319398878249
0.0777550211302109,0.0535885167464115,0.0777550211302109,0.1705754618752153,0.8877892939703651,0.8422222222222222,0.6736842105263158,adult,sex,8,proxy_soft,random,25.0,1.0,0.1496012759170654,0.1496012759170654,0.1205480985695629,0.2339147291595337,0.8941125282338993,0.8416666666666667,0.553030303030303,0.995230931260467,0.6666666666666666,adult-sex,False,0.0718462547868545,True,0.0777550211302109
0.0902230863207925,0.0448963317384369,0.0902230863207925,0.1908440274061972,0.8907571652833987,0.835,0.6287878787878788,adult,sex,8,proxy_soft,random,50.0,3.0,0.1496012759170654,0.1496012759170654,0.1205480985695629,0.2339147291595337,0.8941125282338993,0.8416666666666667,0.553030303030303,-0.2330699188587316,0.125,adult-sex,False,0.059378189596272904,False,0.1496012759170654
0.0690761397415899,0.0679425837320574,0.0690761397415899,0.1781761739493335,0.8834743096356255,0.8372222222222222,0.6136363636363636,adult,sex,8,proxy_soft,random,100.0,30.0,0.1496012759170654,0.1496012759170654,0.1205480985695629,0.2339147291595337,0.8941125282338993,0.8416666666666667,0.553030303030303,0.9521643146395313,0.4035087719298245,adult-sex,False,0.0805251361754755,True,0.0690761397415899
0.0770232689125919,0.0033891547049442,0.0770232689125919,0.1769093886036471,0.8800390472342371,0.84,0.6742424242424242,adult,sex,8,proxy_soft,random,200.0,10.0,0.1496012759170654,0.1496012759170654,0.1205480985695629,0.2339147291595337,0.8941125282338993,0.8416666666666667,0.553030303030303,0.9146891227494184,0.2946859903381642,adult-sex,False,0.0725780070044735,True,0.0770232689125919
0.0852029660202663,0.0415869218500797,0.0852029660202663,0.1895772420605108,0.8876315650025501,0.8411111111111111,0.6439393939393939,adult,sex,8,proxy_soft,random,400.0,3.0,0.1496012759170654,0.1496012759170654,0.1205480985695629,0.2339147291595337,0.8941125282338993,0.8416666666666667,0.553030303030303,0.9999998322262807,0.257498585172609,adult-sex,False,0.06439830989679911,True,0.0852029660202663
0.079615564623589,0.0536915411057287,0.079615564623589,0.1796771130104463,0.891123129607673,0.8288888888888889,0.6090225563909775,adult,sex,9,proxy_soft,random,25.0,3.0,0.1313560581295135,0.1313560581295135,0.1177543978712243,0.2252611585944919,0.8955051798027435,0.8355555555555556,0.556390977443609,-0.8042239402069742,0.375,adult-sex,False,0.05174049350592451,False,0.1313560581295135
0.0845704735671824,0.0403578115248596,0.0845704735671824,0.1847420069642291,0.8908060157248743,0.8344444444444444,0.631578947368421,adult,sex,9,proxy_soft,random,50.0,3.0,0.1313560581295135,0.1313560581295135,0.1177543978712243,0.2252611585944919,0.8955051798027435,0.8355555555555556,0.556390977443609,-0.27899380872308205,0.5,adult-sex,False,0.0467855845623311,False,0.1313560581295135
0.0876960019667283,0.0226851714265902,0.0876960019667283,0.1847420069642291,0.8915139331394771,0.8344444444444444,0.6466165413533834,adult,sex,9,proxy_soft,random,100.0,10.0,0.1313560581295135,0.1313560581295135,0.1177543978712243,0.2252611585944919,0.8955051798027435,0.8355555555555556,0.556390977443609,0.9557583664524797,0.2666666666666666,adult-sex,False,0.043660056162785205,True,0.0876960019667283
0.0685769554606432,0.0112138052641485,0.0685769554606432,0.1670148781259892,0.8919962277523499,0.8333333333333334,0.6541353383458647,adult,sex,9,proxy_soft,random,200.0,3.0,0.1313560581295135,0.1313560581295135,0.1177543978712243,0.2252611585944919,0.8955051798027435,0.8355555555555556,0.556390977443609,0.9572023062721765,0.1458333333333333,adult-sex,False,0.06277910266887031,True,0.0685769554606432
0.0798821809678634,0.0138488513774555,0.0798821809678634,0.1771446660335549,0.8928138516668764,0.8344444444444444,0.6541353383458647,adult,sex,9,proxy_soft,random,400.0,3.0,0.1313560581295135,0.1313560581295135,0.1177543978712243,0.2252611585944919,0.8955051798027435,0.8355555555555556,0.556390977443609,0.9998803474569611,0.1116820377689943,adult-sex,False,0.05147387716165011,True,0.0798821809678634
0.1303518324970117,0.1127819548872181,0.1303518324970117,0.2328584995251661,0.8876121010147058,0.8352777777777778,0.5714285714285714,adult,sex,10,proxy_soft,random,25.0,1.0,0.1331125598369317,0.1013157894736841,0.1331125598369317,0.2328584995251661,0.8898550520797351,0.8341666666666666,0.5789473684210527,0.477625239415266,0.3333333333333333,adult-sex,False,0.0027607273399199994,True,0.1303518324970117
0.1011190733287523,0.0165413533834586,0.1011190733287523,0.1936055713833491,0.8868517645968667,0.8319444444444445,0.6466165413533834,adult,sex,10,proxy_soft,random,50.0,0.3,0.1331125598369317,0.1013157894736841,0.1331125598369317,0.2328584995251661,0.8898550520797351,0.8341666666666666,0.5789473684210527,0.9988117273868311,0.7272727272727273,adult-sex,False,0.0319934865081794,True,0.1011190733287523
0.0896794646002113,0.019172932330827,0.0896794646002113,0.1771446660335549,0.8850477237273364,0.8280555555555555,0.65,adult,sex,10,proxy_soft,random,100.0,1.0,0.1331125598369317,0.1013157894736841,0.1331125598369317,0.2328584995251661,0.8898550520797351,0.8341666666666666,0.5789473684210527,0.9535672170279422,0.8235294117647058,adult-sex,False,0.04343309523672041,True,0.0896794646002113
0.0989571483840419,0.0178571428571429,0.0989571483840419,0.1923393478949034,0.8872596490952287,0.8325,0.6466165413533834,adult,sex,10,proxy_soft,random,200.0,3.0,0.1331125598369317,0.1013157894736841,0.1331125598369317,0.2328584995251661,0.8898550520797351,0.8341666666666666,0.5789473684210527,-0.4414567809938625,0.303030303030303,adult-sex,False,0.034155411452889806,False,0.1331125598369317
0.0966629903163778,0.0302631578947368,0.0966629903163778,0.1910731244064577,0.8859309219058382,0.8302777777777778,0.631578947368421,adult,sex,10,proxy_soft,random,400.0,3.0,0.1331125598369317,0.1013157894736841,0.1331125598369317,0.2328584995251661,0.8898550520797351,0.8341666666666666,0.5789473684210527,0.9901086895886013,0.1096618357487922,adult-sex,False,0.03644956952055391,True,0.0966629903163778
0.0578805744345446,0.0075187969924812,0.0578805744345446,0.1632162076606521,0.8949540219852227,0.8430555555555556,0.6766917293233082,adult,sex,11,proxy_soft,random,25.0,30.0,0.1492481203007518,0.1492481203007518,0.1049064840425224,0.2235517568850902,0.8998449128819107,0.8463888888888889,0.5639097744360902,-0.06300378847437225,0.1538461538461538,adult-sex,False,0.0913675458662072,False,0.1492481203007518
0.1263157894736841,0.1263157894736841,0.1061040888329416,0.2201962646407091,0.8943591559521146,0.8447222222222223,0.5789473684210527,adult,sex,11,proxy_soft,random,50.0,3.0,0.1492481203007518,0.1492481203007518,0.1049064840425224,0.2235517568850902,0.8998449128819107,0.8463888888888889,0.5639097744360902,0.05011230991802874,0.4,adult-sex,False,0.022932330827067693,True,0.1263157894736841
0.0637675468734661,0.0225563909774436,0.0637675468734661,0.1695473251028806,0.89460487947344,0.8419444444444445,0.6616541353383458,adult,sex,11,proxy_soft,random,100.0,3.0,0.1492481203007518,0.1492481203007518,0.1049064840425224,0.2235517568850902,0.8998449128819107,0.8463888888888889,0.5639097744360902,0.9998731273095117,0.2777777777777778,adult-sex,False,0.0854805734272857,True,0.0637675468734661
0.0825250174674758,0.0490601503759398,0.0825250174674758,0.1885406774295663,0.8964949649430307,0.8419444444444445,0.6390977443609023,adult,sex,11,proxy_soft,random,200.0,3.0,0.1492481203007518,0.1492481203007518,0.1049064840425224,0.2235517568850902,0.8998449128819107,0.8463888888888889,0.5639097744360902,-0.45811058677587396,0.15,adult-sex,False,0.066723102833276,False,0.1492481203007518
0.0694212346762598,0.0150375939849624,0.0694212346762598,0.1733459955682178,0.8947806917572169,0.8425,0.6691729323308271,adult,sex,11,proxy_soft,random,400.0,3.0,0.1492481203007518,0.1492481203007518,0.1049064840425224,0.2235517568850902,0.8998449128819107,0.8463888888888889,0.5639097744360902,0.22381912873524512,0.1561942959001782,adult-sex,False,0.079826885624492,True,0.0694212346762598
0.0729323308270677,0.0729323308270677,0.0696545193123877,0.180943336498892,0.8976433294130641,0.8408333333333333,0.6165413533834586,adult,sex,12,proxy_soft,random,25.0,1.0,0.2084586466165413,0.2084586466165413,0.1158483418890281,0.2404558404558404,0.9018644789275534,0.8458333333333333,0.5112781954887218,,0.2307692307692307,adult-sex,False,0.1355263157894736,False,0.2084586466165413
0.1515037593984962,0.1515037593984962,0.0957610333816456,0.2151313706869262,0.8981140926576239,0.8441666666666666,0.556390977443609,adult,sex,12,proxy_soft,random,50.0,3.0,0.2084586466165413,0.2084586466165413,0.1158483418890281,0.2404558404558404,0.9018644789275534,0.8458333333333333,0.5112781954887218,0.9837155901801679,0.1904761904761904,adult-sex,False,0.05695488721804509,True,0.1515037593984962
0.1780075187969925,0.1780075187969925,0.1051397686786504,0.2265273820829376,0.8979995044161977,0.8441666666666666,0.5338345864661654,adult,sex,12,proxy_soft,random,100.0,3.0,0.2084586466165413,0.2084586466165413,0.1158483418890281,0.2404558404558404,0.9018644789275534,0.8458333333333333,0.5112781954887218,0.4504836153438511,0.5,adult-sex,False,0.030451127819548784,True,0.1780075187969925
0.1043233082706767,0.1043233082706767,0.0683246813990148,0.1834757834757834,0.8979444855132745,0.8391666666666666,0.5864661654135338,adult,sex,12,proxy_soft,random,200.0,1.0,0.2084586466165413,0.2084586466165413,0.1158483418890281,0.2404558404558404,0.9018644789275534,0.8458333333333333,0.5112781954887218,0.7938702297747919,0.1363636363636363,adult-sex,False,0.10413533834586458,True,0.1043233082706767
0.094172932330827,0.094172932330827,0.0657972386952228,0.1796771130104463,0.8970128872472388,0.8386111111111111,0.5939849624060151,adult,sex,12,proxy_soft,random,400.0,3.0,0.2084586466165413,0.2084586466165413,0.1158483418890281,0.2404558404558404,0.9018644789275534,0.8458333333333333,0.5112781954887218,0.9722689740852667,0.1031991253505728,adult-sex,False,0.11428571428571428,True,0.094172932330827
0.0702745004804501,0.0702745004804501,0.0656187836408366,0.1784108895220006,0.896502680978466,0.8433333333333334,0.6240601503759399,adult,sex,13,proxy_soft,random,25.0,1.0,0.1930517994591221,0.1930517994591221,0.1042227527618163,0.229059829059829,0.899679201634751,0.8466666666666667,0.5263157894736842,,0.0683760683760683,adult-sex,False,0.122777298978672,False,0.1930517994591221
0.0576716544698345,0.0371779250497786,0.0576716544698345,0.1657486546375435,0.8923652969775652,0.8405555555555555,0.6466165413533834,adult,sex,13,proxy_soft,random,50.0,3.0,0.1930517994591221,0.1930517994591221,0.1042227527618163,0.229059829059829,0.899679201634751,0.8466666666666667,0.5263157894736842,-0.7307654386106642,0.0999999999999999,adult-sex,False,0.1353801449892876,False,0.1930517994591221
0.0381091067589923,0.0381091067589923,0.0362580915463574,0.1467553023108578,0.8903698806393281,0.8372222222222222,0.6390977443609023,adult,sex,13,proxy_soft,random,100.0,3.0,0.1930517994591221,0.1930517994591221,0.1042227527618163,0.229059829059829,0.899679201634751,0.8466666666666667,0.5263157894736842,0.9633982956185497,0.5555555555555556,adult-sex,False,0.15494269270012978,True,0.0381091067589923
0.1277898303069927,0.1277898303069927,0.0716032240956541,0.1885406774295663,0.8915199359479635,0.8377777777777777,0.5639097744360902,adult,sex,13,proxy_soft,random,200.0,3.0,0.1930517994591221,0.1930517994591221,0.1042227527618163,0.229059829059829,0.899679201634751,0.8466666666666667,0.5263157894736842,0.7151506863000338,0.5952380952380952,adult-sex,False,0.0652619691521294,True,0.1277898303069927
0.0394266298156458,0.0394266298156458,0.0372224117006487,0.1480215257993035,0.891265748057574,0.8377777777777777,0.6390977443609023,adult,sex,13,proxy_soft,random,400.0,3.0,0.1930517994591221,0.1930517994591221,0.1042227527618163,0.229059829059829,0.899679201634751,0.8466666666666667,0.5263157894736842,0.9978469504752813,0.1556671449067431,adult-sex,False,0.1536251696434763,True,0.0394266298156458
0.0707381637058979,0.0452415624040337,0.0707381637058979,0.1733459955682178,0.8867241059541235,0.8327777777777777,0.6240601503759399,adult,sex,14,proxy_soft,random,25.0,30.0,0.1984803907000702,0.1984803907000702,0.1106723290899784,0.2303260525482747,0.8909467712342107,0.8377777777777777,0.5037593984962406,0.9184520450728116,0.7142857142857143,adult-sex,False,0.12774222699417231,True,0.0707381637058979
0.0483602806281296,0.0095099408600553,0.0483602806281296,0.1480215257993035,0.8818514814103371,0.8288888888888889,0.6466165413533834,adult,sex,14,proxy_soft,random,50.0,3.0,0.1984803907000702,0.1984803907000702,0.1106723290899784,0.2303260525482747,0.8909467712342107,0.8377777777777777,0.5037593984962406,0.9925362997904023,0.4,adult-sex,False,0.1501201100719406,True,0.0483602806281296
0.0769892205049898,0.0629142025023031,0.0769892205049898,0.180943336498892,0.8828491895794556,0.8327777777777777,0.6090225563909775,adult,sex,14,proxy_soft,random,100.0,10.0,0.1984803907000702,0.1984803907000702,0.1106723290899784,0.2303260525482747,0.8909467712342107,0.8377777777777777,0.5037593984962406,0.06384986536761224,0.0947204968944099,adult-sex,False,0.1214911701950804,True,0.0769892205049898
0.0673800673696797,0.0491941315739942,0.0673800673696797,0.172079772079772,0.8882852501473794,0.8344444444444444,0.6240601503759399,adult,sex,14,proxy_soft,random,200.0,3.0,0.1984803907000702,0.1984803907000702,0.1106723290899784,0.2303260525482747,0.8909467712342107,0.8377777777777777,0.5037593984962406,0.9835507686369451,0.188034188034188,adult-sex,False,0.1311003233303905,True,0.0673800673696797
0.0630576508791702,0.0429928576381666,0.0630576508791702,0.1682811016144349,0.8880058090626677,0.8355555555555556,0.631578947368421,adult,sex,14,proxy_soft,random,400.0,3.0,0.1984803907000702,0.1984803907000702,0.1106723290899784,0.2303260525482747,0.8909467712342107,0.8377777777777777,0.5037593984962406,0.9990834086670727,0.1407129455909943,adult-sex,False,0.1354227398209,True,0.0630576508791702
0.1914274322169059,0.1914274322169059,0.1264332792598453,0.2440490119250246,0.8972377145279558,0.8405555555555555,0.5151515151515151,adult,sex,15,proxy_soft,random,25.0,1.0,0.1561802232854865,0.1561802232854865,0.1144303499426082,0.2313811584681609,0.9009346165819928,0.8444444444444444,0.553030303030303,-0.44571293665147327,0.6666666666666667,adult-sex,True,-0.03524720893141939,False,0.1561802232854865
0.0854355339569385,0.0732057416267942,0.0854355339569385,0.1933775980975698,0.8946353935524042,0.8394444444444444,0.6136363636363636,adult,sex,15,proxy_soft,random,50.0,10.0,0.1561802232854865,0.1561802232854865,0.1144303499426082,0.2313811584681609,0.9009346165819928,0.8444444444444444,0.553030303030303,0.9604512812786612,0.7692307692307693,adult-sex,False,0.07074468932854801,True,0.0854355339569385
0.0670482396684723,0.022488038277512,0.0670482396684723,0.1718422472209016,0.8972335746600341,0.8405555555555555,0.6590909090909091,adult,sex,15,proxy_soft,random,100.0,3.0,0.1561802232854865,0.1561802232854865,0.1144303499426082,0.2313811584681609,0.9009346165819928,0.8444444444444444,0.553030303030303,0.9369381122513952,0.2058823529411765,adult-sex,False,0.0891319836170142,True,0.0670482396684723
0.069209447913727,0.0211722488038277,0.069209447913727,0.173109032566588,0.8978334415218816,0.84,0.6590909090909091,adult,sex,15,proxy_soft,random,200.0,10.0,0.1561802232854865,0.1561802232854865,0.1144303499426082,0.2313811584681609,0.9009346165819928,0.8444444444444444,0.553030303030303,0.32820230368700604,0.1578947368421052,adult-sex,False,0.0869707753717595,True,0.069209447913727
0.0761922569304379,0.0353269537480064,0.0761922569304379,0.1819765299863925,0.8984540077233377,0.8422222222222222,0.6515151515151515,adult,sex,15,proxy_soft,random,400.0,3.0,0.1561802232854865,0.1561802232854865,0.1144303499426082,0.2313811584681609,0.9009346165819928,0.8444444444444444,0.553030303030303,0.9373700144548229,0.3249999999999999,adult-sex,False,0.07998796635504861,True,0.0761922569304379
0.0874800637958532,0.0874800637958532,0.0500563530000398,0.1376390428873697,0.8863074282478091,0.8316666666666667,0.6473684210526316,adult,sex,16,proxy_soft,random,25.0,30.0,0.1187187180255155,0.1008771929824561,0.1187187180255155,0.2225136610483564,0.8945528031873671,0.8361111111111111,0.5833333333333334,,0.1111111111111111,adult-sex,False,0.031238654229662294,False,0.1187187180255155
0.0586019262165236,0.0555422647527911,0.0586019262165236,0.1503068963442334,0.8876388097714132,0.8338888888888889,0.656578947368421,adult,sex,16,proxy_soft,random,50.0,1.0,0.1187187180255155,0.1008771929824561,0.1187187180255155,0.2225136610483564,0.8945528031873671,0.8361111111111111,0.5833333333333334,,0.25,adult-sex,False,0.06011679180899189,False,0.1187187180255155
0.0726668040144803,0.0110845295055821,0.0726668040144803,0.1680418911838425,0.8875895453431455,0.8338888888888889,0.6631578947368421,adult,sex,16,proxy_soft,random,100.0,3.0,0.1187187180255155,0.1008771929824561,0.1187187180255155,0.2225136610483564,0.8945528031873671,0.8361111111111111,0.5833333333333334,0.890150281598901,0.15,adult-sex,False,0.0460519140110352,True,0.0726668040144803
0.0744621361509256,0.0150318979266347,0.0744621361509256,0.1680418911838425,0.8875050920375436,0.8322222222222222,0.6592105263157895,adult,sex,16,proxy_soft,random,200.0,3.0,0.1187187180255155,0.1008771929824561,0.1187187180255155,0.2225136610483564,0.8945528031873671,0.8361111111111111,0.5833333333333334,0.9932136961609171,0.1031468531468531,adult-sex,False,0.04425658187458989,True,0.0744621361509256
0.0678452032430242,0.0176634768740031,0.0678452032430242,0.1617079644554107,0.8878905137410494,0.8311111111111111,0.656578947368421,adult,sex,16,proxy_soft,random,400.0,3.0,0.1187187180255155,0.1008771929824561,0.1187187180255155,0.2225136610483564,0.8945528031873671,0.8361111111111111,0.5833333333333334,0.9660717043756224,0.0731182795698924,adult-sex,False,0.05087351478249129,True,0.0678452032430242
0.0553531317307525,0.0026315789473684,0.0553531317307525,0.1594175371953149,0.8963729305342915,0.8425,0.6815789473684211,adult,sex,17,proxy_soft,random,25.0,0.3,0.1109022556390977,0.1109022556390977,0.1059718557099879,0.2163975941753719,0.9027935951378184,0.8419444444444445,0.5864661654135338,0.9949430231508724,0.8571428571428571,adult-sex,False,0.0555491239083452,True,0.0553531317307525
0.0605090686515108,0.0336466165413533,0.0605090686515108,0.1670148781259892,0.897646225144797,0.8391666666666666,0.6466165413533834,adult,sex,17,proxy_soft,random,50.0,3.0,0.1109022556390977,0.1109022556390977,0.1059718557099879,0.2163975941753719,0.9027935951378184,0.8419444444444445,0.5864661654135338,0.8236233913068334,0.3333333333333333,adult-sex,False,0.050393186987586894,True,0.0605090686515108
0.0494349776820515,0.0359022556390977,0.0494349776820515,0.1568850902184235,0.8945659939330284,0.8363888888888888,0.6390977443609023,adult,sex,17,proxy_soft,random,100.0,10.0,0.1109022556390977,0.1109022556390977,0.1059718557099879,0.2163975941753719,0.9027935951378184,0.8419444444444445,0.5864661654135338,-0.3537933472987854,0.3571428571428571,adult-sex,False,0.0614672779570462,False,0.1109022556390977
0.0643663492686757,0.0477443609022556,0.0643663492686757,0.1733459955682178,0.8984173171376437,0.8413888888888889,0.6390977443609023,adult,sex,17,proxy_soft,random,200.0,3.0,0.1109022556390977,0.1109022556390977,0.1059718557099879,0.2163975941753719,0.9027935951378184,0.8419444444444445,0.5864661654135338,0.9836110026753782,0.209726443768997,adult-sex,False,0.046535906370422,True,0.0643663492686757
0.0444112738842469,0.0026315789473684,0.0444112738842469,0.150553972776195,0.89897329763034,0.8425,0.6815789473684211,adult,sex,17,proxy_soft,random,400.0,3.0,0.1109022556390977,0.1109022556390977,0.1059718557099879,0.2163975941753719,0.9027935951378184,0.8419444444444445,0.5864661654135338,0.9987454757056933,0.1286549707602339,adult-sex,False,0.0664909817548508,True,0.0444112738842469
0.0861490134485128,0.0229323308270676,0.0861490134485128,0.189806900918012,0.8983151391750722,0.8458333333333333,0.6691729323308271,adult,sex,18,proxy_soft,random,25.0,3.0,0.1580827067669172,0.1580827067669172,0.1240294723956138,0.2404558404558404,0.9019554876391552,0.8469444444444445,0.556390977443609,0.9980931746254559,0.5,adult-sex,False,0.07193369331840441,True,0.0861490134485128
0.169172932330827,0.169172932330827,0.1254603618221609,0.2417220639442861,0.898654353463771,0.8441666666666666,0.5413533834586466,adult,sex,18,proxy_soft,random,50.0,3.0,0.1580827067669172,0.1580827067669172,0.1240294723956138,0.2404558404558404,0.9019554876391552,0.8469444444444445,0.556390977443609,0.6198540088760753,0.4285714285714286,adult-sex,True,-0.011090225563909789,True,0.169172932330827
0.0884119899063974,0.037593984962406,0.0884119899063974,0.1910731244064577,0.8954268536095917,0.8408333333333333,0.6466165413533834,adult,sex,18,proxy_soft,random,100.0,10.0,0.1580827067669172,0.1580827067669172,0.1240294723956138,0.2404558404558404,0.9019554876391552,0.8469444444444445,0.556390977443609,0.988279966575442,0.2820512820512821,adult-sex,False,0.06967071686051982,True,0.0884119899063974
0.0700200370714694,0.012781954887218,0.0700200370714694,0.1695473251028806,0.897593688297645,0.8419444444444445,0.6789473684210526,adult,sex,18,proxy_soft,random,200.0,3.0,0.1580827067669172,0.1580827067669172,0.1240294723956138,0.2404558404558404,0.9019554876391552,0.8469444444444445,0.556390977443609,0.9899091019639721,0.1999999999999999,adult-sex,False,0.08806266969544782,True,0.0700200370714694
0.0748416378429255,0.0379699248120301,0.0748416378429255,0.1822095599873378,0.8980938225354945,0.8447222222222223,0.6541353383458647,adult,sex,18,proxy_soft,random,400.0,3.0,0.1580827067669172,0.1580827067669172,0.1240294723956138,0.2404558404558404,0.9019554876391552,0.8469444444444445,0.556390977443609,0.9884634407966258,0.1176470588235294,adult-sex,False,0.08324106892399172,True,0.0748416378429255
0.0600079744816587,0.0600079744816587,0.0596343431860191,0.1756426032579607,0.9038350080479032,0.8488888888888889,0.6439393939393939,adult,sex,19,proxy_soft,random,25.0,1.0,0.1716507177033492,0.1716507177033492,0.1098753655154265,0.2313811584681609,0.907076110643766,0.8472222222222222,0.5454545454545454,-0.7283551134162086,0.4,adult-sex,False,0.11164274322169049,False,0.1716507177033492
0.0560096305055265,0.0241228070175438,0.0560096305055265,0.1655083204924698,0.9024121354432308,0.845,0.6666666666666666,adult,sex,19,proxy_soft,random,50.0,3.0,0.1716507177033492,0.1716507177033492,0.1098753655154265,0.2313811584681609,0.907076110643766,0.8472222222222222,0.5454545454545454,-0.6892543804435695,0.3571428571428571,adult-sex,False,0.11564108719782269,False,0.1716507177033492
0.0551786185233725,0.0293859649122807,0.0551786185233725,0.1667751058381562,0.9016458458909328,0.8472222222222222,0.6666666666666666,adult,sex,19,proxy_soft,random,100.0,10.0,0.1716507177033492,0.1716507177033492,0.1098753655154265,0.2313811584681609,0.907076110643766,0.8472222222222222,0.5454545454545454,0.9908840631303846,0.2727272727272727,adult-sex,False,0.1164720991799767,True,0.0551786185233725
0.0789859576287765,0.076475279106858,0.0789859576287765,0.1933775980975698,0.906427807327235,0.8483333333333334,0.6287878787878788,adult,sex,19,proxy_soft,random,200.0,3.0,0.1716507177033492,0.1716507177033492,0.1098753655154265,0.2313811584681609,0.907076110643766,0.8472222222222222,0.5454545454545454,0.8479556249287865,0.5608695652173914,adult-sex,False,0.0926647600745727,True,0.0789859576287765
0.0661179679217832,0.0649521531100478,0.0661179679217832,0.1807097446407062,0.904477515549344,0.8472222222222222,0.6363636363636364,adult,sex,19,proxy_soft,random,400.0,3.0,0.1716507177033492,0.1716507177033492,0.1098753655154265,0.2313811584681609,0.907076110643766,0.8472222222222222,0.5454545454545454,-0.07110464323452098,0.1378623274348878,adult-sex,False,0.10553274978156599,False,0.1716507177033492
0.0865844011109892,0.0774436090225564,0.0865844011109892,0.1923393478949034,0.8915232003958051,0.8352777777777778,0.6015037593984962,adult,sex,20,proxy_soft,random,25.0,3.0,0.1577067669172932,0.1577067669172932,0.1079004960185703,0.2252611585944919,0.8992080587386772,0.8430555555555556,0.5488721804511278,,0.0,adult-sex,False,0.07112236580630402,False,0.1577067669172932
0.1979323308270677,0.1979323308270677,0.1081337806546983,0.2303260525482747,0.893032703980514,0.8413888888888889,0.5112781954887218,adult,sex,20,proxy_soft,random,50.0,3.0,0.1577067669172932,0.1577067669172932,0.1079004960185703,0.2252611585944919,0.8992080587386772,0.8430555555555556,0.5488721804511278,,0.1111111111111111,adult-sex,True,-0.0402255639097745,False,0.1577067669172932
0.0406550447802562,0.0272556390977443,0.0406550447802562,0.1404241848686293,0.890266039147811,0.8358333333333333,0.6644736842105263,adult,sex,20,proxy_soft,random,100.0,3.0,0.1577067669172932,0.1577067669172932,0.1079004960185703,0.2252611585944919,0.8992080587386772,0.8430555555555556,0.5488721804511278,0.9799044887104424,0.1304347826086956,adult-sex,False,0.11705172213703702,True,0.0406550447802562
0.0601435508924292,0.0398496240601503,0.0601435508924292,0.1670148781259892,0.8929392132131413,0.8380555555555556,0.6390977443609023,adult,sex,20,proxy_soft,random,200.0,3.0,0.1577067669172932,0.1577067669172932,0.1079004960185703,0.2252611585944919,0.8992080587386772,0.8430555555555556,0.5488721804511278,0.9259797863196121,0.2234042553191489,adult-sex,False,0.09756321602486401,True,0.0601435508924292
0.067858112126759,0.0238721804511278,0.067858112126759,0.1733459955682178,0.8953815560917715,0.8425,0.6616541353383458,adult,sex,20,proxy_soft,random,400.0,3.0,0.1577067669172932,0.1577067669172932,0.1079004960185703,0.2252611585944919,0.8992080587386772,0.8430555555555556,0.5488721804511278,0.17177841114218928,0.1136898395721925,adult-sex,False,0.08984865479053421,True,0.067858112126759
0.0884119899063974,0.0729323308270677,0.0884119899063974,0.1961380183602405,0.8943854243756906,0.8408333333333333,0.6165413533834586,adult,sex,21,proxy_soft,random,25.0,30.0,0.1563909774436089,0.1563909774436089,0.1210042788097864,0.2353909465020576,0.8992816930598826,0.8425,0.5488721804511278,-0.6894271784431674,0.5,adult-sex,False,0.06797898753721149,False,0.1563909774436089
0.0823927843445221,0.0601503759398496,0.0823927843445221,0.1885406774295663,0.8934017029384644,0.8391666666666666,0.6240601503759399,adult,sex,21,proxy_soft,random,50.0,3.0,0.1563909774436089,0.1563909774436089,0.1210042788097864,0.2353909465020576,0.8992816930598826,0.8425,0.5488721804511278,-0.501304217450649,0.4545454545454546,adult-sex,False,0.07399819309908678,False,0.1563909774436089
0.0725474797752614,0.0114661654135338,0.0725474797752614,0.172079772079772,0.8920270577173112,0.8425,0.6802631578947368,adult,sex,21,proxy_soft,random,100.0,3.0,0.1563909774436089,0.1563909774436089,0.1210042788097864,0.2353909465020576,0.8992816930598826,0.8425,0.5488721804511278,0.18527053426092863,0.2745098039215686,adult-sex,False,0.08384349766834749,True,0.0725474797752614
0.0673603612447236,0.05,0.0673603612447236,0.1746122190566635,0.8913759317533946,0.8386111111111111,0.631578947368421,adult,sex,21,proxy_soft,random,200.0,3.0,0.1563909774436089,0.1563909774436089,0.1210042788097864,0.2353909465020576,0.8992816930598826,0.8425,0.5488721804511278,0.9528915442244671,0.3277027027027027,adult-sex,False,0.08903061619888529,True,0.0673603612447236
0.0761402941465189,0.0601503759398496,0.0761402941465189,0.1834757834757834,0.8928233839438295,0.8391666666666666,0.6240601503759399,adult,sex,21,proxy_soft,random,400.0,3.0,0.1563909774436089,0.1563909774436089,0.1210042788097864,0.2353909465020576,0.8992816930598826,0.8425,0.5488721804511278,0.9452359954884956,0.088008800880088,adult-sex,False,0.08025068329708998,True,0.0761402941465189
0.1080459849713791,0.0962519936204147,0.1080459849713791,0.2161797343199245,0.8957705453365215,0.8416666666666667,0.5984848484848485,adult,sex,22,proxy_soft,random,25.0,3.0,0.1446570972886762,0.1446570972886762,0.1156272380335717,0.2301143731224746,0.8980259453802387,0.8433333333333334,0.5606060606060606,0.1093762062923651,0.6666666666666666,adult-sex,False,0.036611112317297106,True,0.1080459849713791
0.0654854754686994,0.0047049441786284,0.0654854754686994,0.1680418911838425,0.8920024375542324,0.8405555555555555,0.6742424242424242,adult,sex,22,proxy_soft,random,50.0,1.0,0.1446570972886762,0.1446570972886762,0.1156272380335717,0.2301143731224746,0.8980259453802387,0.8433333333333334,0.5606060606060606,-0.7221930602045352,0.4545454545454546,adult-sex,False,0.0791716218199768,False,0.1446570972886762
0.0759256405861635,0.0577352472089314,0.0759256405861635,0.1819765299863925,0.8891103258241649,0.8366666666666667,0.6212121212121212,adult,sex,22,proxy_soft,random,100.0,10.0,0.1446570972886762,0.1446570972886762,0.1156272380335717,0.2301143731224746,0.8980259453802387,0.8433333333333334,0.5606060606060606,0.9802201285255473,0.2291666666666666,adult-sex,False,0.06873145670251271,True,0.0759256405861635
0.086632422047902,0.0794657097288675,0.086632422047902,0.1946443834432563,0.8938223234925913,0.8383333333333334,0.6060606060606061,adult,sex,22,proxy_soft,random,200.0,3.0,0.1446570972886762,0.1446570972886762,0.1156272380335717,0.2301143731224746,0.8980259453802387,0.8433333333333334,0.5606060606060606,0.9988844596363712,0.211734693877551,adult-sex,False,0.058024675240774204,True,0.086632422047902
0.0825425734940649,0.051475279106858,0.0825425734940649,0.187043671369138,0.8906507706778122,0.8377777777777777,0.6287878787878788,adult,sex,22,proxy_soft,random,400.0,3.0,0.1446570972886762,0.1446570972886762,0.1156272380335717,0.2301143731224746,0.8980259453802387,0.8433333333333334,0.5606060606060606,0.8127579457162368,0.0414802065404475,adult-sex,False,0.06211452379461131,False,0.1446570972886762
0.1046885989677751,0.1046885989677751,0.0745302329661299,0.1923393478949034,0.8966943568632386,0.8466666666666667,0.6015037593984962,adult,sex,23,proxy_soft,random,25.0,30.0,0.1687915440775853,0.1687915440775853,0.1009639161901332,0.2214624881291548,0.8994573047141504,0.8438888888888889,0.5413533834586466,0.8454659771922901,1.0,adult-sex,False,0.06410294510981018,True,0.1046885989677751
0.0856984358128523,0.0856984358128523,0.0829424980104765,0.1961380183602405,0.8927225675792041,0.8461111111111111,0.6165413533834586,adult,sex,23,proxy_soft,random,50.0,10.0,0.1687915440775853,0.1687915440775853,0.1009639161901332,0.2214624881291548,0.8994573047141504,0.8438888888888889,0.5413533834586466,0.8230177686019885,0.25,adult-sex,False,0.08309310826473298,True,0.0856984358128523
0.0624932552412906,0.0526018603821807,0.0624932552412906,0.1733459955682178,0.8950773244530408,0.8433333333333334,0.6390977443609023,adult,sex,23,proxy_soft,random,100.0,0.3,0.1687915440775853,0.1687915440775853,0.1009639161901332,0.2214624881291548,0.8994573047141504,0.8438888888888889,0.5413533834586466,0.9556264820531946,0.7368421052631579,adult-sex,False,0.10629828883629469,True,0.0624932552412906
0.0702078164756204,0.0631420448354086,0.0702078164756204,0.1834757834757834,0.8921661693305338,0.8477777777777777,0.6390977443609023,adult,sex,23,proxy_soft,random,200.0,3.0,0.1687915440775853,0.1687915440775853,0.1009639161901332,0.2214624881291548,0.8994573047141504,0.8438888888888889,0.5413533834586466,0.5387596681276872,0.048433734939759,adult-sex,False,0.09858372760196489,False,0.1687915440775853
0.0731007769384941,0.0494219739070997,0.0731007769384941,0.1847420069642291,0.8939107096727186,0.8494444444444444,0.6541353383458647,adult,sex,23,proxy_soft,random,400.0,3.0,0.1687915440775853,0.1687915440775853,0.1009639161901332,0.2214624881291548,0.8994573047141504,0.8438888888888889,0.5413533834586466,0.9997713475333697,0.0867469879518072,adult-sex,False,0.09569076713909119,True,0.0731007769384941
0.1028144290012068,0.1026315789473684,0.1028144290012068,0.2088002532446977,0.8882497825098631,0.8347222222222223,0.5789473684210527,adult,sex,24,proxy_soft,random,25.0,3.0,0.169360902255639,0.169360902255639,0.1233683067808452,0.2341247230136118,0.8917995359383062,0.8330555555555555,0.518796992481203,,0.1111111111111111,adult-sex,False,0.06654647325443219,False,0.169360902255639
0.0673291796349442,0.0024436090225563,0.0673291796349442,0.1632162076606521,0.8861143871949088,0.8313888888888888,0.6592105263157895,adult,sex,24,proxy_soft,random,50.0,3.0,0.169360902255639,0.169360902255639,0.1233683067808452,0.2341247230136118,0.8917995359383062,0.8330555555555555,0.518796992481203,-0.07417241460755189,0.1666666666666666,adult-sex,False,0.10203172262069479,False,0.169360902255639
0.0755103101415298,0.0708646616541354,0.0755103101415298,0.180943336498892,0.8844538918841327,0.8325,0.6015037593984962,adult,sex,24,proxy_soft,random,100.0,3.0,0.169360902255639,0.169360902255639,0.1233683067808452,0.2341247230136118,0.8917995359383062,0.8330555555555555,0.518796992481203,0.5132422688246282,0.1627906976744186,adult-sex,False,0.09385059211410919,True,0.0755103101415298
0.0744449384740644,0.0093984962406015,0.0744449384740644,0.1733459955682178,0.887225107152416,0.8363888888888888,0.6616541353383458,adult,sex,24,proxy_soft,random,200.0,3.0,0.169360902255639,0.169360902255639,0.1233683067808452,0.2341247230136118,0.8917995359383062,0.8330555555555555,0.518796992481203,0.9193834204133637,0.1628787878787878,adult-sex,False,0.09491596378157459,True,0.0744449384740644
0.0758758279006115,0.0381578947368421,0.0758758279006115,0.1771446660335549,0.8867775097617183,0.8336111111111111,0.631578947368421,adult,sex,24,proxy_soft,random,400.0,3.0,0.169360902255639,0.169360902255639,0.1233683067808452,0.2341247230136118,0.8917995359383062,0.8330555555555555,0.518796992481203,0.9781493219632897,0.1861842105263158,adult-sex,False,0.0934850743550275,True,0.0758758279006115
0.0757030917213984,0.0757030917213984,0.0673800673696797,0.1758784425451091,0.886169363652622,0.8344444444444444,0.6015037593984962,adult,sex,25,proxy_soft,random,25.0,3.0,0.244365855349837,0.244365855349837,0.1058847767261244,0.2353909465020576,0.8968961754244192,0.8422222222222222,0.4736842105263157,,0.0,adult-sex,False,0.16866276362843863,False,0.244365855349837
0.1146145997404578,0.1146145997404578,0.0682110793518337,0.180943336498892,0.8872941657669353,0.8322222222222222,0.5639097744360902,adult,sex,25,proxy_soft,random,50.0,10.0,0.244365855349837,0.244365855349837,0.1058847767261244,0.2353909465020576,0.8968961754244192,0.8422222222222222,0.4736842105263157,0.40149206596791126,0.3461538461538461,adult-sex,False,0.12975125560937922,True,0.1146145997404578
0.212586802975819,0.212586802975819,0.0863998541112298,0.2138651471984805,0.8898675076670354,0.84,0.4962406015037593,adult,sex,25,proxy_soft,random,100.0,30.0,0.244365855349837,0.244365855349837,0.1058847767261244,0.2353909465020576,0.8968961754244192,0.8422222222222222,0.4736842105263157,0.9764757193199984,0.2194805194805194,adult-sex,False,0.03177905237401801,True,0.212586802975819
0.1313560581295135,0.1313560581295135,0.0568065940800783,0.1758784425451091,0.8905033913798014,0.8355555555555556,0.556390977443609,adult,sex,25,proxy_soft,random,200.0,3.0,0.244365855349837,0.244365855349837,0.1058847767261244,0.2353909465020576,0.8968961754244192,0.8422222222222222,0.4736842105263157,0.6993230251019645,0.1107843137254901,adult-sex,False,0.1130097972203235,True,0.1313560581295135
0.0616281948515345,0.0584167929705686,0.0616281948515345,0.1708135485913264,0.8912870683773705,0.8383333333333334,0.6240601503759399,adult,sex,25,proxy_soft,random,400.0,3.0,0.244365855349837,0.244365855349837,0.1058847767261244,0.2353909465020576,0.8968961754244192,0.8422222222222222,0.4736842105263157,-0.6959827673122885,0.2738095238095238,adult-sex,False,0.1827376604983025,False,0.244365855349837
0.0520530901238265,0.0293859649122807,0.0520530901238265,0.1642415351467834,0.9010478419696498,0.8472222222222222,0.6666666666666666,adult,sex,26,proxy_soft,random,25.0,1.0,0.1680223285486444,0.1680223285486444,0.0918539473357698,0.2174465196656109,0.905416230600579,0.8494444444444444,0.553030303030303,0.9221465990902357,0.8571428571428571,adult-sex,False,0.1159692384248179,True,0.0520530901238265
0.1222488038277511,0.1222488038277511,0.0799502777830677,0.2009783101716881,0.9017897063012104,0.8488888888888889,0.5909090909090909,adult,sex,26,proxy_soft,random,50.0,3.0,0.1680223285486444,0.1680223285486444,0.0918539473357698,0.2174465196656109,0.905416230600579,0.8494444444444444,0.553030303030303,0.8905525152089744,0.4545454545454545,adult-sex,False,0.0457735247208933,True,0.1222488038277511
0.0623205741626794,0.0623205741626794,0.0579382708141089,0.173109032566588,0.9012403458280068,0.8461111111111111,0.6363636363636364,adult,sex,26,proxy_soft,random,100.0,3.0,0.1680223285486444,0.1680223285486444,0.0918539473357698,0.2174465196656109,0.905416230600579,0.8494444444444444,0.553030303030303,0.9834555243308158,0.2045454545454545,adult-sex,False,0.105701754385965,True,0.0623205741626794
0.103468899521531,0.103468899521531,0.0685457925113124,0.1908440274061972,0.9036700343112252,0.8522222222222222,0.6136363636363636,adult,sex,26,proxy_soft,random,200.0,3.0,0.1680223285486444,0.1680223285486444,0.0918539473357698,0.2174465196656109,0.905416230600579,0.8494444444444444,0.553030303030303,0.8944559401047164,0.0665760869565217,adult-sex,False,0.0645534290271134,True,0.103468899521531
0.0584374550950556,0.0537480063795853,0.0584374550950556,0.1743758179122743,0.9009816040829034,0.85,0.6515151515151515,adult,sex,26,proxy_soft,random,400.0,3.0,0.1680223285486444,0.1680223285486444,0.0918539473357698,0.2174465196656109,0.905416230600579,0.8494444444444444,0.553030303030303,0.9806297002200499,0.1506024096385542,adult-sex,False,0.1095848734535888,True,0.0584374550950556
0.1078684854428562,0.1078684854428562,0.0826758816662021,0.1961380183602405,0.8980928042471733,0.8405555555555555,0.5864661654135338,adult,sex,27,proxy_soft,random,25.0,3.0,0.1114347132653769,0.1114347132653769,0.091320714647221,0.2024691358024691,0.8986082178034192,0.8383333333333334,0.5789473684210527,,0.0833333333333333,adult-sex,False,0.0035662278225207095,False,0.1114347132653769
0.0813595252954521,0.0813595252954521,0.0764248248671102,0.1872744539411205,0.8976634999436978,0.8405555555555555,0.6090225563909775,adult,sex,27,proxy_soft,random,50.0,3.0,0.1114347132653769,0.1114347132653769,0.091320714647221,0.2024691358024691,0.8986082178034192,0.8383333333333334,0.5789473684210527,-0.5005665692234507,0.4,adult-sex,False,0.03007518796992481,False,0.1114347132653769
0.1432137656393949,0.1432137656393949,0.0936152310646129,0.2100664767331433,0.8969795937630406,0.8405555555555555,0.556390977443609,adult,sex,27,proxy_soft,random,100.0,3.0,0.1114347132653769,0.1114347132653769,0.091320714647221,0.2024691358024691,0.8986082178034192,0.8383333333333334,0.5789473684210527,0.9992852542621877,0.054421768707483,adult-sex,True,-0.031779052374017985,True,0.1432137656393949
0.0452688006361858,0.0178014205474159,0.0452688006361858,0.150553972776195,0.8922833275927164,0.8361111111111111,0.6541353383458647,adult,sex,27,proxy_soft,random,200.0,10.0,0.1114347132653769,0.1114347132653769,0.091320714647221,0.2024691358024691,0.8986082178034192,0.8383333333333334,0.5789473684210527,0.960155237265739,0.1338491295938104,adult-sex,False,0.06616591262919111,True,0.0452688006361858
0.0547786940069608,0.006716395732414,0.0547786940069608,0.1581513137068692,0.8953898844811256,0.8388888888888889,0.6691729323308271,adult,sex,27,proxy_soft,random,400.0,3.0,0.1114347132653769,0.1114347132653769,0.091320714647221,0.2024691358024691,0.8986082178034192,0.8383333333333334,0.5789473684210527,0.9916318831817984,0.1432398139010292,adult-sex,False,0.0566560192584161,True,0.0547786940069608
0.1061739587363364,0.0986842105263158,0.1061739587363364,0.2100664767331433,0.8934126653514529,0.8330555555555555,0.5789473684210527,adult,sex,28,proxy_soft,random,25.0,30.0,0.1216165413533834,0.1216165413533834,0.1006525040564964,0.2100664767331433,0.8944770536012354,0.8352777777777778,0.5639097744360902,0.01944337286750948,0.1875,adult-sex,False,0.015442582617047007,True,0.1061739587363364
0.1340225563909773,0.1340225563909773,0.1046108361868355,0.2138651471984805,0.8876054821993165,0.8330555555555555,0.5488721804511278,adult,sex,28,proxy_soft,random,50.0,3.0,0.1216165413533834,0.1216165413533834,0.1006525040564964,0.2100664767331433,0.8944770536012354,0.8352777777777778,0.5639097744360902,0.9572398489349206,0.15,adult-sex,True,-0.012406015037593893,True,0.1340225563909773
0.0372180451127819,0.0372180451127819,0.0344724244856477,0.1277619499841722,0.8852868284332727,0.8241666666666667,0.6394736842105263,adult,sex,28,proxy_soft,random,100.0,10.0,0.1216165413533834,0.1216165413533834,0.1006525040564964,0.2100664767331433,0.8944770536012354,0.8352777777777778,0.5639097744360902,0.19990101244356612,0.0793036750483558,adult-sex,False,0.0843984962406015,True,0.0372180451127819
0.0479323308270677,0.0479323308270677,0.0460442663371424,0.1391579613801836,0.8866569232188457,0.8308333333333333,0.6513157894736842,adult,sex,28,proxy_soft,random,200.0,3.0,0.1216165413533834,0.1216165413533834,0.1006525040564964,0.2100664767331433,0.8944770536012354,0.8352777777777778,0.5639097744360902,0.9935637048736157,0.2134502923976609,adult-sex,False,0.0736842105263157,True,0.0479323308270677
0.0603383458646616,0.0603383458646616,0.0405228116573025,0.1340930674264007,0.8872066985721148,0.8330555555555555,0.6539473684210526,adult,sex,28,proxy_soft,random,400.0,3.0,0.1216165413533834,0.1216165413533834,0.1006525040564964,0.2100664767331433,0.8944770536012354,0.8352777777777778,0.5639097744360902,0.8831233206106781,0.1523975083297117,adult-sex,False,0.0612781954887218,True,0.0603383458646616
0.0938323930730631,0.0516917293233082,0.0938323930730631,0.198670465337132,0.8986344970176032,0.8430555555555556,0.6390977443609023,adult,sex,29,proxy_soft,random,25.0,0.3,0.1039421638882312,0.1011278195488721,0.1039421638882312,0.2151313706869262,0.90012538518403,0.8452777777777778,0.6015037593984962,,0.0,adult-sex,False,0.010109770815168104,False,0.1039421638882312
0.083489337621767,0.0062030075187969,0.083489337621767,0.1834757834757834,0.8930010577694343,0.8425,0.6766917293233082,adult,sex,29,proxy_soft,random,50.0,30.0,0.1039421638882312,0.1011278195488721,0.1039421638882312,0.2151313706869262,0.90012538518403,0.8452777777777778,0.6015037593984962,0.959317473518813,0.2777777777777778,adult-sex,False,0.020452826266464205,True,0.083489337621767
0.0649651516638853,0.0242481203007518,0.0649651516638853,0.1632162076606521,0.8947629036908582,0.8408333333333333,0.675,adult,sex,29,proxy_soft,random,100.0,3.0,0.1039421638882312,0.1011278195488721,0.1039421638882312,0.2151313706869262,0.90012538518403,0.8452777777777778,0.6015037593984962,-0.753014737257792,0.2166666666666666,adult-sex,False,0.038977012224345894,False,0.1039421638882312
0.0720497288932261,0.0118421052631578,0.0720497288932261,0.1695473251028806,0.8921021399043828,0.8386111111111111,0.6723684210526316,adult,sex,29,proxy_soft,random,200.0,3.0,0.1039421638882312,0.1011278195488721,0.1039421638882312,0.2151313706869262,0.90012538518403,0.8452777777777778,0.6015037593984962,0.9344843787994734,0.1847033313621131,adult-sex,False,0.0318924349950051,True,0.0720497288932261
0.0619711396878374,0.0353383458646616,0.0619711396878374,0.1606837606837606,0.8957958525675418,0.8436111111111111,0.6789473684210526,adult,sex,29,proxy_soft,random,400.0,3.0,0.1039421638882312,0.1011278195488721,0.1039421638882312,0.2151313706869262,0.90012538518403,0.8452777777777778,0.6015037593984962,0.9981576479082831,0.306368330464716,adult-sex,False,0.0419710242003938,True,0.0619711396878374
0.2658758813172905,0.1777257709251101,0.2658758813172905,0.2565058543959104,0.7191225117892083,0.6654040404040404,0.6035242290748899,compas,race,0,proxy_soft,random,25.0,1.0,0.255693573381581,0.1645099118942731,0.255693573381581,0.2470187563503691,0.7268758757926123,0.6736111111111112,0.6167400881057269,0.9777239890761674,0.5,compas-race,True,-0.010182307935709511,True,0.2658758813172905
0.2559369751649047,0.1550913179148312,0.2559369751649047,0.2370394267497916,0.7162479924753818,0.6553030303030303,0.6079295154185022,compas,race,0,proxy_soft,random,50.0,1.0,0.255693573381581,0.1645099118942731,0.255693573381581,0.2470187563503691,0.7268758757926123,0.6736111111111112,0.6167400881057269,0.9896758131002683,0.3286713286713286,compas-race,False,-0.00024340178332371565,True,0.2559369751649047
0.2579409831809368,0.1584985315712188,0.2579409831809368,0.240744466968103,0.715427386794807,0.6590909090909091,0.6123348017621145,compas,race,0,proxy_soft,random,100.0,1.0,0.255693573381581,0.1645099118942731,0.255693573381581,0.2470187563503691,0.7268758757926123,0.6736111111111112,0.6167400881057269,0.9792046866617155,0.3131313131313131,compas-race,False,-0.0022474097993557818,True,0.2579409831809368
0.2699650312771292,0.1887389867841409,0.2699650312771292,0.2628233803336864,0.7221186023149718,0.6597222222222222,0.5925110132158591,compas,race,0,proxy_soft,random,200.0,1.0,0.255693573381581,0.1645099118942731,0.255693573381581,0.2470187563503691,0.7268758757926123,0.6736111111111112,0.6167400881057269,0.990092635030261,0.2794117647058823,compas-race,True,-0.014271457895548179,True,0.2699650312771292
0.2578598492531622,0.1865363436123348,0.2578598492531622,0.2565058543959104,0.7214467614068989,0.6603535353535354,0.5947136563876652,compas,race,0,proxy_soft,random,400.0,1.0,0.255693573381581,0.1645099118942731,0.255693573381581,0.2470187563503691,0.7268758757926123,0.6736111111111112,0.6167400881057269,0.9980509254482846,0.3790106951871658,compas-race,False,-0.0021662758715811914,True,0.2578598492531622
0.3017413784693429,0.1653069397562789,0.3017413784693429,0.2634028294862249,0.721061346601499,0.6584595959595959,0.6035242290748899,compas,race,1,proxy_soft,random,25.0,0.3,0.317870672975302,0.1304594084329767,0.317870672975302,0.2544942027443889,0.7246274327859148,0.6710858585858586,0.6409691629955947,0.9999408274750194,0.5555555555555556,compas-race,False,0.016129294505959124,True,0.3017413784693429
0.2674097198510642,0.1431145946564449,0.2674097198510642,0.2360121263695351,0.7177176408476054,0.6571969696969697,0.6101321585903083,compas,race,1,proxy_soft,random,50.0,3.0,0.317870672975302,0.1304594084329767,0.317870672975302,0.2544942027443889,0.7246274327859148,0.6710858585858586,0.6409691629955947,0.9952118893759986,0.2152777777777778,compas-race,False,0.05046095312423782,True,0.2674097198510642
0.3098060257223224,0.1649121803306825,0.3098060257223224,0.2665540899904265,0.7209525561750566,0.6578282828282829,0.6013215859030837,compas,race,1,proxy_soft,random,100.0,1.0,0.317870672975302,0.1304594084329767,0.317870672975302,0.2544942027443889,0.7246274327859148,0.6710858585858586,0.6409691629955947,0.9039395178247012,0.2002635046113308,compas-race,False,0.008064647252979618,True,0.3098060257223224
0.3118790953286832,0.1663253046512959,0.3118790953286832,0.2665540899904265,0.7173496732287559,0.6515151515151515,0.5947136563876652,compas,race,1,proxy_soft,random,200.0,1.0,0.317870672975302,0.1304594084329767,0.317870672975302,0.2544942027443889,0.7246274327859148,0.6710858585858586,0.6409691629955947,0.8831250579337024,0.2726070861977789,compas-race,False,0.00599157764661884,True,0.3118790953286832
0.2936116937385168,0.1513015618742491,0.2936116937385168,0.2533905967450271,0.7227124013086849,0.6628787878787878,0.6123348017621145,compas,race,1,proxy_soft,random,400.0,1.0,0.317870672975302,0.1304594084329767,0.317870672975302,0.2544942027443889,0.7246274327859148,0.6710858585858586,0.6409691629955947,0.9973406097114841,0.2916558018252934,compas-race,False,0.024258979236785216,True,0.2936116937385168
0.2013825221292787,0.160701174743025,0.2013825221292787,0.2180652306587089,0.7146163788414903,0.6616161616161617,0.6101321585903083,compas,race,2,proxy_soft,random,25.0,10.0,0.2537706992933234,0.1923526982378854,0.2537706992933234,0.2613034491130686,0.7302830689692681,0.6736111111111112,0.6123348017621145,0.7990142061667994,0.8333333333333334,compas-race,False,0.0523881771640447,True,0.2013825221292787
0.2193374603457928,0.2019663179148312,0.2193374603457928,0.2533579005658999,0.7255689852642894,0.6799242424242424,0.6079295154185022,compas,race,2,proxy_soft,random,50.0,10.0,0.2537706992933234,0.1923526982378854,0.2537706992933234,0.2613034491130686,0.7302830689692681,0.6736111111111112,0.6123348017621145,0.763065150231197,0.0666666666666667,compas-race,False,0.034433238947530614,True,0.2193374603457928
0.2013825221292787,0.1669075807635829,0.2013825221292787,0.2206777163781735,0.7159840549757817,0.6584595959595959,0.6013215859030837,compas,race,2,proxy_soft,random,100.0,10.0,0.2537706992933234,0.1923526982378854,0.2537706992933234,0.2613034491130686,0.7302830689692681,0.6736111111111112,0.6123348017621145,0.9782122967203704,0.1908045977011494,compas-race,False,0.0523881771640447,True,0.2013825221292787
0.1852287571093603,0.1651064610866373,0.1852287571093603,0.2133108724970607,0.7177052473974163,0.6609848484848485,0.6057268722466961,compas,race,2,proxy_soft,random,200.0,3.0,0.2537706992933234,0.1923526982378854,0.2537706992933234,0.2613034491130686,0.7302830689692681,0.6736111111111112,0.6123348017621145,0.987884369385963,0.2522522522522523,compas-race,False,0.06854194218396312,True,0.1852287571093603
0.2154511452053905,0.1799284140969163,0.2154511452053905,0.235433022418154,0.7262200310966364,0.6641414141414141,0.6013215859030837,compas,race,2,proxy_soft,random,400.0,3.0,0.2537706992933234,0.1923526982378854,0.2537706992933234,0.2613034491130686,0.7302830689692681,0.6736111111111112,0.6123348017621145,0.9375858831245475,0.2766714082503556,compas-race,False,0.03831955408793292,True,0.2154511452053905
0.2355723592934858,0.1266634544787078,0.2355723592934858,0.2191794034353105,0.738766660054899,0.6805555555555556,0.6519823788546255,compas,race,3,proxy_soft,random,25.0,1.0,0.2213820353257121,0.1262619309838472,0.2213820353257121,0.2133541090525706,0.7385411134643317,0.6824494949494949,0.6497797356828194,,0.0181818181818181,compas-race,True,-0.0141903239677737,False,0.2213820353257121
0.243588391357614,0.1500894823788546,0.243588391357614,0.2338482363642713,0.7373685911176233,0.6736111111111112,0.6233480176211453,compas,race,3,proxy_soft,random,50.0,3.0,0.2213820353257121,0.1262619309838472,0.2213820353257121,0.2133541090525706,0.7385411134643317,0.6824494949494949,0.6497797356828194,0.9091962150793863,0.1944444444444444,compas-race,True,-0.022206356031901908,True,0.243588391357614
0.191159647229682,0.1234512665198237,0.191159647229682,0.1959214624598607,0.7281899646163787,0.6717171717171717,0.6343612334801763,compas,race,3,proxy_soft,random,100.0,1.0,0.2213820353257121,0.1262619309838472,0.2213820353257121,0.2133541090525706,0.7385411134643317,0.6824494949494949,0.6497797356828194,0.9063060276682806,0.2693548387096773,compas-race,False,0.03022238809603009,True,0.191159647229682
0.2113619952455518,0.1300591960352423,0.2113619952455518,0.2075071963920757,0.7294616634780884,0.6685606060606061,0.6277533039647577,compas,race,3,proxy_soft,random,200.0,3.0,0.2213820353257121,0.1262619309838472,0.2213820353257121,0.2133541090525706,0.7385411134643317,0.6824494949494949,0.6497797356828194,0.9522640229526762,0.2487179487179487,compas-race,False,0.010020040080160303,True,0.2113619952455518
0.2133660032615839,0.1310687408223201,0.2133660032615839,0.2117909412764429,0.7342381324102452,0.6799242424242424,0.6475770925110133,compas,race,3,proxy_soft,random,400.0,1.0,0.2213820353257121,0.1262619309838472,0.2213820353257121,0.2133541090525706,0.7385411134643317,0.6824494949494949,0.6497797356828194,0.9818840478534808,0.1999823259102155,compas-race,False,0.008016032064128209,True,0.2133660032615839
0.2695593616382562,0.1553092878120411,0.2695593616382562,0.2554781547303286,0.7476381592838816,0.702020202020202,0.6519823788546255,compas,race,4,proxy_soft,random,25.0,1.0,0.2858753945137238,0.1609076725403818,0.2858753945137238,0.2601892763364669,0.742034686186311,0.6811868686868687,0.6255506607929515,0.7959125745857096,0.3846153846153846,compas-race,False,0.016316032875467568,True,0.2695593616382562
0.2639124402651456,0.1336614353891335,0.2639124402651456,0.2301648144237149,0.7224313282614676,0.6603535353535354,0.6189427312775331,compas,race,4,proxy_soft,random,50.0,30.0,0.2858753945137238,0.1609076725403818,0.2858753945137238,0.2601892763364669,0.742034686186311,0.6811868686868687,0.6255506607929515,0.8034914928789121,0.3205741626794258,compas-race,False,0.021962954248578193,True,0.2639124402651456
0.2677176214777734,0.1613091960352423,0.2677176214777734,0.2528224324553541,0.7413484486873508,0.6824494949494949,0.6277533039647577,compas,race,4,proxy_soft,random,100.0,3.0,0.2858753945137238,0.1609076725403818,0.2858753945137238,0.2601892763364669,0.742034686186311,0.6811868686868687,0.6255506607929515,0.99577294153365,0.35,compas-race,False,0.018157773035950397,True,0.2677176214777734
0.2596204554858706,0.1192524779735683,0.2596204554858706,0.2275523287042503,0.7389602142212724,0.6875,0.6541850220264317,compas,race,4,proxy_soft,random,200.0,3.0,0.2858753945137238,0.1609076725403818,0.2858753945137238,0.2601892763364669,0.742034686186311,0.6811868686868687,0.6255506607929515,0.9246517240729683,0.5004314063848144,compas-race,False,0.026254939027853197,True,0.2596204554858706
0.2475558404257908,0.1102354074889867,0.2475558404257908,0.2154095083837344,0.7240997331831822,0.6799242424242424,0.6475770925110133,compas,race,4,proxy_soft,random,400.0,3.0,0.2858753945137238,0.1609076725403818,0.2858753945137238,0.2601892763364669,0.742034686186311,0.6811868686868687,0.6255506607929515,0.9984568830861581,0.3056894889103183,compas-race,False,0.038319554087933,True,0.2475558404257908
0.2050574975685108,0.2050574975685108,0.1703087654260767,0.2344431443463461,0.731038868579565,0.6824494949494949,0.6079295154185022,compas,race,5,proxy_soft,random,25.0,10.0,0.2229078256345218,0.1878940442817095,0.2229078256345218,0.2439102223167748,0.7280375326971227,0.6672979797979798,0.5991189427312775,-0.13043373792044802,0.0571428571428571,compas-race,False,0.017850328066011,False,0.2229078256345218
0.233143098710632,0.1775044338920991,0.233143098710632,0.2397218381023295,0.7164577517178489,0.6565656565656566,0.5991189427312775,compas,race,5,proxy_soft,random,50.0,1.0,0.2229078256345218,0.1878940442817095,0.2229078256345218,0.2439102223167748,0.7280375326971227,0.6672979797979798,0.5991189427312775,0.6403514083454613,0.1785714285714286,compas-race,True,-0.01023527307611019,True,0.233143098710632
0.2229403443734451,0.1834887579380971,0.2229403443734451,0.2412908201255185,0.7269832254761581,0.6666666666666666,0.6035242290748899,compas,race,5,proxy_soft,random,100.0,1.0,0.2229078256345218,0.1878940442817095,0.2229078256345218,0.2439102223167748,0.7280375326971227,0.6672979797979798,0.5991189427312775,0.9221148639837956,0.2047619047619047,compas-race,False,-3.251873892329282e-05,True,0.2229403443734451
0.2007544347430206,0.1734939069740831,0.2007544347430206,0.2254946282310392,0.7190639223748311,0.6641414141414141,0.6057268722466961,compas,race,5,proxy_soft,random,200.0,1.0,0.2229078256345218,0.1878940442817095,0.2229078256345218,0.2439102223167748,0.7280375326971227,0.6672979797979798,0.5991189427312775,0.9988585833705325,0.2959326788218793,compas-race,False,0.0221533908915012,True,0.2007544347430206
0.2108596328634375,0.1801018364895017,0.2108596328634375,0.2328608658653335,0.7220796569901848,0.6616161616161617,0.5991189427312775,compas,race,5,proxy_soft,random,400.0,1.0,0.2229078256345218,0.1878940442817095,0.2229078256345218,0.2439102223167748,0.7280375326971227,0.6672979797979798,0.5991189427312775,0.9847370812539599,0.3311515151515151,compas-race,False,0.012048192771084293,True,0.2108596328634375
0.241584383341582,0.1955534140969163,0.241584383341582,0.2575551723392473,0.7155737521354942,0.6723484848484849,0.6013215859030837,compas,race,6,proxy_soft,random,25.0,3.0,0.2738919133814188,0.2025628671071953,0.2738919133814188,0.2749445823764473,0.7130095593363491,0.6704545454545454,0.5969162995594713,0.975693016586884,0.5714285714285714,compas-race,False,0.032307530039836774,True,0.241584383341582
0.2659164482811777,0.197354533773862,0.2659164482811777,0.2670638886625437,0.7092152578269466,0.6647727272727273,0.5969162995594713,compas,race,6,proxy_soft,random,50.0,30.0,0.2738919133814188,0.2025628671071953,0.2738919133814188,0.2749445823764473,0.7130095593363491,0.6704545454545454,0.5969162995594713,0.9960814046826397,0.2631578947368421,compas-race,False,0.007975465100241053,True,0.2659164482811777
0.2254711852855508,0.1807314610866373,0.2254711852855508,0.24175054835593,0.7189169604637622,0.6698232323232324,0.6057268722466961,compas,race,6,proxy_soft,random,100.0,30.0,0.2738919133814188,0.2025628671071953,0.2738919133814188,0.2749445823764473,0.7130095593363491,0.6704545454545454,0.5969162995594713,0.9845225780475222,0.2476489028213166,compas-race,False,0.048420728095867976,True,0.2254711852855508
0.2336494852052282,0.1963564610866373,0.2336494852052282,0.2534011371214099,0.714797935848791,0.6685606060606061,0.6057268722466961,compas,race,6,proxy_soft,random,200.0,1.0,0.2738919133814188,0.2025628671071953,0.2738919133814188,0.2749445823764473,0.7130095593363491,0.6704545454545454,0.5969162995594713,0.9991878159207459,0.2508417508417508,compas-race,False,0.04024242817619056,True,0.2336494852052282
0.2174551532214225,0.1777257709251101,0.2174551532214225,0.235433022418154,0.7172117642542246,0.6654040404040404,0.6035242290748899,compas,race,6,proxy_soft,random,400.0,3.0,0.2738919133814188,0.2025628671071953,0.2738919133814188,0.2749445823764473,0.7130095593363491,0.6704545454545454,0.5969162995594713,0.9998143039972403,0.1851156973108192,compas-race,False,0.05643676015999627,True,0.2174551532214225
0.2068435686064094,0.2007151438869501,0.2068435686064094,0.2412775236676949,0.7077033221076545,0.6571969696969697,0.5837004405286343,compas,race,7,proxy_soft,random,25.0,3.0,0.2005918410484041,0.1932547628582871,0.2005918410484041,0.2412908201255185,0.7236555183143882,0.6830808080808081,0.6145374449339207,0.9567831445961733,0.3571428571428571,compas-race,False,-0.006251727558005293,True,0.2068435686064094
0.2069411248231793,0.1807254419589221,0.2069411248231793,0.2281273268801191,0.707820111830159,0.648989898989899,0.5881057268722467,compas,race,7,proxy_soft,random,50.0,3.0,0.2005918410484041,0.1932547628582871,0.2005918410484041,0.2412908201255185,0.7236555183143882,0.6830808080808081,0.6145374449339207,0.9287559516095532,0.4923076923076923,compas-race,False,-0.0063492837747751996,True,0.2069411248231793
0.1804790010243402,0.1790834715944849,0.1804790010243402,0.2217982129560685,0.7169793058210878,0.6717171717171717,0.6079295154185022,compas,race,7,proxy_soft,random,100.0,10.0,0.2005918410484041,0.1932547628582871,0.2005918410484041,0.2412908201255185,0.7236555183143882,0.6830808080808081,0.6145374449339207,0.9778247999604648,0.25,compas-race,False,0.02011284002406391,True,0.1804790010243402
0.1867097660049201,0.1867097660049201,0.1624067118677137,0.214950537176896,0.7086664373535129,0.6597222222222222,0.5925110132158591,compas,race,7,proxy_soft,random,200.0,3.0,0.2005918410484041,0.1932547628582871,0.2005918410484041,0.2412908201255185,0.7236555183143882,0.6830808080808081,0.6145374449339207,0.7606892654145064,0.1546489563567362,compas-race,False,0.013882075043484016,True,0.1867097660049201
0.1964757709251101,0.1964757709251101,0.170341284165,0.2281140304222955,0.7193902936541585,0.6761363636363636,0.6035242290748899,compas,race,7,proxy_soft,random,400.0,3.0,0.2005918410484041,0.1932547628582871,0.2005918410484041,0.2412908201255185,0.7236555183143882,0.6830808080808081,0.6145374449339207,0.9934435153906799,0.1167096846594097,compas-race,False,0.004116070123294013,True,0.1964757709251101
0.1925281766691459,0.1925281766691459,0.1807066321968033,0.2228619295819593,0.7008679236227212,0.6477272727272727,0.5814977973568282,compas,race,8,proxy_soft,random,25.0,1.0,0.2007219160040974,0.1756965501458893,0.2007219160040974,0.2270636102542282,0.7101903032533137,0.6654040404040404,0.6035242290748899,0.8527619069500313,0.3333333333333333,compas-race,False,0.008193739334951489,True,0.1925281766691459
0.218924280116417,0.1900966874535157,0.218924280116417,0.2423412402935857,0.707721720488597,0.663510101010101,0.5969162995594713,compas,race,8,proxy_soft,random,50.0,1.0,0.2007219160040974,0.1756965501458893,0.2007219160040974,0.2270636102542282,0.7101903032533137,0.6654040404040404,0.6035242290748899,0.9948055407875068,0.35,compas-race,True,-0.018202364112319624,True,0.218924280116417
0.2007869534819439,0.1852966416843069,0.2007869534819439,0.2312918838421445,0.7075121389317739,0.6616161616161617,0.5991189427312775,compas,race,8,proxy_soft,random,100.0,1.0,0.2007219160040974,0.1756965501458893,0.2007219160040974,0.2270636102542282,0.7101903032533137,0.6654040404040404,0.6035242290748899,0.9161335657388814,0.3054545454545454,compas-race,False,-6.503747784650238e-05,True,0.2007869534819439
0.1845071228331141,0.1845071228331141,0.1766580492008519,0.2181416870545686,0.7054995160425882,0.6534090909090909,0.5947136563876652,compas,race,8,proxy_soft,random,200.0,3.0,0.2007219160040974,0.1756965501458893,0.2007219160040974,0.2270636102542282,0.7101903032533137,0.6654040404040404,0.6035242290748899,0.986511761435552,0.1865307930881701,compas-race,False,0.016214793170983288,True,0.1845071228331141
0.1925597125343479,0.1702728989072601,0.1925597125343479,0.2233804914370811,0.7086848357344554,0.6761363636363636,0.6167400881057269,compas,race,8,proxy_soft,random,400.0,3.0,0.2007219160040974,0.1756965501458893,0.2007219160040974,0.2270636102542282,0.7101903032533137,0.6654040404040404,0.6035242290748899,0.9671739328631591,0.2791744840525328,compas-race,False,0.008162203469749496,True,0.1925597125343479
0.2516044234217423,0.1749265785609397,0.2516044234217423,0.2522869643448081,0.7212300127329849,0.6786616161616161,0.6167400881057269,compas,race,9,proxy_soft,random,25.0,3.0,0.2475558404257908,0.1813394823788546,0.2475558404257908,0.2554781547303286,0.7285626763582383,0.6843434343434344,0.6233480176211453,0.7403940893957973,0.3571428571428571,compas-race,False,-0.004048582995951483,True,0.2516044234217423
0.2516855573495168,0.1785288179148312,0.2516855573495168,0.2522869643448081,0.7276300971929848,0.6710858585858586,0.6079295154185022,compas,race,9,proxy_soft,random,50.0,1.0,0.2475558404257908,0.1813394823788546,0.2475558404257908,0.2554781547303286,0.7285626763582383,0.6843434343434344,0.6233480176211453,0.7993472860643742,0.2706766917293233,compas-race,False,-0.004129716923726018,True,0.2516855573495168
0.2517666912772914,0.2023678414096916,0.2517666912772914,0.2660578072747167,0.7243172816677012,0.6742424242424242,0.6101321585903083,compas,race,9,proxy_soft,random,100.0,1.0,0.2475558404257908,0.1813394823788546,0.2475558404257908,0.2554781547303286,0.7285626763582383,0.6843434343434344,0.6233480176211453,0.9005878640375286,0.2695374800637958,compas-race,False,-0.004210850851500608,True,0.2517666912772914
0.2354100914379366,0.1757296255506607,0.2354100914379366,0.2470187563503691,0.730531810067376,0.6837121212121212,0.6211453744493393,compas,race,9,proxy_soft,random,200.0,1.0,0.2475558404257908,0.1813394823788546,0.2475558404257908,0.2554781547303286,0.7285626763582383,0.6843434343434344,0.6233480176211453,0.9983575020089713,0.2948863636363636,compas-race,False,0.012145748987854199,True,0.2354100914379366
0.2517261243134042,0.1861462922173273,0.2517261243134042,0.2581554952830581,0.7275661123445969,0.678030303030303,0.6211453744493393,compas,race,9,proxy_soft,random,400.0,1.0,0.2475558404257908,0.1813394823788546,0.2475558404257908,0.2554781547303286,0.7285626763582383,0.6843434343434344,0.6233480176211453,0.9809063216726087,0.3573426573426573,compas-race,False,-0.004170283887613396,True,0.2517261243134042
0.247264361088077,0.1567252131128783,0.247264361088077,0.2333794277204552,0.7170281015270655,0.6521464646464646,0.5991189427312775,compas,race,10,proxy_soft,random,25.0,10.0,0.2491097995219744,0.1610675667944391,0.2491097995219744,0.2428730986065311,0.7336922350833127,0.6761363636363636,0.6233480176211453,0.88310240484889,0.25,compas-race,False,0.001845438433897395,True,0.247264361088077
0.2652716127668568,0.1816808741918875,0.2652716127668568,0.2602382725241995,0.7282991096783482,0.6723484848484849,0.6079295154185022,compas,race,10,proxy_soft,random,50.0,30.0,0.2491097995219744,0.1610675667944391,0.2491097995219744,0.2428730986065311,0.7336922350833127,0.6761363636363636,0.6233480176211453,0.47980504619485814,0.2467532467532467,compas-race,True,-0.01616181324488239,True,0.2652716127668568
0.1743898671609515,0.1226672006407689,0.1743898671609515,0.1896872673119881,0.729119837454304,0.67739898989899,0.6409691629955947,compas,race,10,proxy_soft,random,100.0,3.0,0.2491097995219744,0.1610675667944391,0.2491097995219744,0.2428730986065311,0.7336922350833127,0.6761363636363636,0.6233480176211453,0.8974536912344849,0.2467948717948717,compas-race,False,0.0747199323610229,True,0.1743898671609515
0.2270214461083198,0.1384804622690085,0.2270214461083198,0.2181416870545686,0.7196246730287734,0.6660353535353535,0.6277533039647577,compas,race,10,proxy_soft,random,200.0,3.0,0.2491097995219744,0.1610675667944391,0.2491097995219744,0.2428730986065311,0.7336922350833127,0.6761363636363636,0.6233480176211453,0.9993777351851326,0.1773684210526315,compas-race,False,0.022088353413654588,True,0.2270214461083198
0.1906492366226037,0.1444647863150066,0.1906492366226037,0.2070923306031273,0.7229667789234548,0.6717171717171717,0.6321585903083701,compas,race,10,proxy_soft,random,400.0,3.0,0.2491097995219744,0.1610675667944391,0.2491097995219744,0.2428730986065311,0.7336922350833127,0.6761363636363636,0.6233480176211453,0.880346853123064,0.4015151515151515,compas-race,False,0.05846056289937071,True,0.1906492366226037
0.2068435686064094,0.1566622804508267,0.2068435686064094,0.2202691203063504,0.7121293326187296,0.6698232323232324,0.6277533039647577,compas,race,11,proxy_soft,random,25.0,1.0,0.2087215257792302,0.1488700726586189,0.2087215257792302,0.2186469524518668,0.716704929966163,0.6761363636363636,0.6277533039647577,0.9910070453036371,0.3888888888888889,compas-race,False,0.0018779571728207989,True,0.2068435686064094
0.1379197894616397,0.1379197894616397,0.1039136302294197,0.1612461440272311,0.7010343089808097,0.6540404040404041,0.6101321585903083,compas,race,11,proxy_soft,random,50.0,30.0,0.2087215257792302,0.1488700726586189,0.2087215257792302,0.2186469524518668,0.716704929966163,0.6761363636363636,0.6277533039647577,0.9965186370358609,0.1208791208791209,compas-race,False,0.07080173631759049,True,0.1379197894616397
0.202697429393688,0.1406831054408147,0.202697429393688,0.2102169981916816,0.7124205069953844,0.6710858585858586,0.6255506607929515,compas,race,11,proxy_soft,random,100.0,1.0,0.2087215257792302,0.1488700726586189,0.2087215257792302,0.2186469524518668,0.716704929966163,0.6761363636363636,0.6277533039647577,0.9786371742010994,0.3393665158371041,compas-race,False,0.006024096385542188,True,0.202697429393688
0.1784709688958262,0.1498884375536358,0.1784709688958262,0.2044197425805765,0.71403796465911,0.6698232323232324,0.6189427312775331,compas,race,11,proxy_soft,random,200.0,1.0,0.2087215257792302,0.1488700726586189,0.2087215257792302,0.2186469524518668,0.716704929966163,0.6761363636363636,0.6277533039647577,0.8645362771258581,0.3053763440860215,compas-race,False,0.030250556883404,True,0.1784709688958262
0.1704713591206932,0.1535042050460553,0.1704713591206932,0.2007366237634294,0.706862596091544,0.6616161616161617,0.6101321585903083,compas,race,11,proxy_soft,random,400.0,3.0,0.2087215257792302,0.1488700726586189,0.2087215257792302,0.2186469524518668,0.716704929966163,0.6761363636363636,0.6277533039647577,0.9987423314626102,0.2237083661159192,compas-race,False,0.038250166658537005,True,0.1704713591206932
0.2713607466302457,0.1244750843869787,0.2713607466302457,0.2312918838421445,0.7171376918831143,0.6717171717171717,0.6365638766519823,compas,race,12,proxy_soft,random,25.0,1.0,0.2873924849194348,0.1614623262200355,0.2873924849194348,0.2612886926922668,0.7244330498916095,0.6818181818181818,0.6255506607929515,0.9836200720838376,0.6000000000000001,compas-race,False,0.016031738289189135,True,0.2713607466302457
0.2733687787587597,0.1178671548715601,0.2733687787587597,0.22919104350601,0.7174608634440168,0.6742424242424242,0.6431718061674009,compas,race,12,proxy_soft,random,50.0,1.0,0.2873924849194348,0.1614623262200355,0.2873924849194348,0.2612886926922668,0.7244330498916095,0.6818181818181818,0.6255506607929515,0.9636689433602216,0.6333333333333333,compas-race,False,0.014023706160675109,True,0.2733687787587597
0.2693852332406549,0.1343040219692202,0.2693852332406549,0.2333794277204552,0.7107446544704066,0.6622474747474747,0.6189427312775331,compas,race,12,proxy_soft,random,100.0,3.0,0.2873924849194348,0.1614623262200355,0.2873924849194348,0.2612886926922668,0.7244330498916095,0.6818181818181818,0.6255506607929515,0.9998779818215681,0.2714285714285714,compas-race,False,0.018007251678779923,True,0.2693852332406549
0.2694177519795782,0.1554780021740374,0.2694177519795782,0.2460509520263801,0.7212349313260433,0.6666666666666666,0.6211453744493393,compas,race,12,proxy_soft,random,200.0,1.0,0.2873924849194348,0.1614623262200355,0.2873924849194348,0.2612886926922668,0.7244330498916095,0.6818181818181818,0.6255506607929515,0.9550577237443154,0.4337899543378995,compas-race,False,0.01797473293985663,True,0.2694177519795782
0.2412077459636115,0.1567252131128783,0.2412077459636115,0.2307467290713754,0.711071025749734,0.6521464646464646,0.5991189427312775,compas,race,12,proxy_soft,random,400.0,3.0,0.2873924849194348,0.1614623262200355,0.2873924849194348,0.2612886926922668,0.7244330498916095,0.6818181818181818,0.6255506607929515,0.999002204859905,0.1928104575163398,compas-race,False,0.04618473895582331,True,0.2412077459636115
0.2375763673095178,0.1907466042584434,0.2375763673095178,0.2528224324553541,0.7145260002431424,0.6710858585858586,0.6035242290748899,compas,race,13,proxy_soft,random,25.0,3.0,0.243588391357614,0.1911481277533039,0.243588391357614,0.2565058543959104,0.7220938081862216,0.6742424242424242,0.6057268722466961,-0.9988479503205961,0.1,compas-race,False,0.006012024048096198,False,0.243588391357614
0.2396615092533244,0.2065666299559471,0.2396615092533244,0.2607247444470127,0.7197823555382086,0.6647727272727273,0.5903083700440529,compas,race,13,proxy_soft,random,50.0,1.0,0.243588391357614,0.1911481277533039,0.243588391357614,0.2565058543959104,0.7220938081862216,0.6742424242424242,0.6057268722466961,0.9394684923782378,0.3472222222222222,compas-race,False,0.003926882104289597,True,0.2396615092533244
0.2395398083616626,0.2107768906020558,0.2395398083616626,0.2659929524414519,0.7225017115946943,0.6761363636363636,0.5991189427312775,compas,race,13,proxy_soft,random,100.0,3.0,0.243588391357614,0.1911481277533039,0.243588391357614,0.2565058543959104,0.7220938081862216,0.6742424242424242,0.6057268722466961,0.9575332225796968,0.2913533834586466,compas-race,False,0.0040485829959514,True,0.2395398083616626
0.2215443031812613,0.1775307452276064,0.2215443031812613,0.2381319812486385,0.7178132218290708,0.6698232323232324,0.6167400881057269,compas,race,13,proxy_soft,random,200.0,3.0,0.243588391357614,0.1911481277533039,0.243588391357614,0.2565058543959104,0.7220938081862216,0.6742424242424242,0.6057268722466961,0.9992814360698619,0.2570564516129032,compas-race,False,0.0220440881763527,True,0.2215443031812613
0.2496815493334848,0.1911481277533039,0.2496815493334848,0.2586261085603391,0.7182867097071414,0.6723484848484849,0.6057268722466961,compas,race,13,proxy_soft,random,400.0,1.0,0.243588391357614,0.1911481277533039,0.243588391357614,0.2565058543959104,0.7220938081862216,0.6742424242424242,0.6057268722466961,0.9949772997158414,0.3169446883230905,compas-race,False,-0.006093157975870789,True,0.2496815493334848
0.2473293985659236,0.1245380170490303,0.2473293985659236,0.2139001170088288,0.7083456655814289,0.6452020202020202,0.6079295154185022,compas,race,14,proxy_soft,random,25.0,30.0,0.2895631107425653,0.2022941815893357,0.2895631107425653,0.2802494415487713,0.7262480901680652,0.6654040404040404,0.5925110132158591,0.8403035231711133,0.6571428571428573,compas-race,False,0.04223371217664171,True,0.2473293985659236
0.2107945953855909,0.1590937696664569,0.2107945953855909,0.2228486331241357,0.7101775043796146,0.6672979797979798,0.6123348017621145,compas,race,14,proxy_soft,random,50.0,3.0,0.2895631107425653,0.2022941815893357,0.2895631107425653,0.2802494415487713,0.7262480901680652,0.6654040404040404,0.5925110132158591,0.7894449111735425,0.1923076923076923,compas-race,False,0.0787685153569744,True,0.2107945953855909
0.2552314521242866,0.1826992390869043,0.2552314521242866,0.2544410169130943,0.7238243034612954,0.6647727272727273,0.5991189427312775,compas,race,14,proxy_soft,random,100.0,0.3,0.2895631107425653,0.2022941815893357,0.2895631107425653,0.2802494415487713,0.7262480901680652,0.6654040404040404,0.5925110132158591,0.9260079922019457,0.4277777777777778,compas-race,False,0.03433165861827869,True,0.2552314521242866
0.2492398744776677,0.1974941358201271,0.2492398744776677,0.2592011488139559,0.7217300877522778,0.6622474747474747,0.5947136563876652,compas,race,14,proxy_soft,random,200.0,1.0,0.2895631107425653,0.2022941815893357,0.2895631107425653,0.2802494415487713,0.7262480901680652,0.6654040404040404,0.5925110132158591,0.9928744140565156,0.0900497512437811,compas-race,False,0.04032323626489759,True,0.2492398744776677
0.1927223062289644,0.1213170089822072,0.1927223062289644,0.1912562493351771,0.6951868235595268,0.6559343434343434,0.6189427312775331,compas,race,14,proxy_soft,random,400.0,10.0,0.2895631107425653,0.2022941815893357,0.2895631107425653,0.2802494415487713,0.7262480901680652,0.6654040404040404,0.5925110132158591,0.95619689858811,0.3037902536335138,compas-race,False,0.09684080451360089,True,0.1927223062289644
0.2176174210769717,0.1897370594713656,0.2176174210769717,0.2380671264153735,0.714597183386974,0.6502525252525253,0.5837004405286343,compas,race,15,proxy_soft,random,25.0,1.0,0.1992568132215848,0.1522921255506607,0.1992568132215848,0.2148956585509434,0.7189305572440445,0.6704545454545454,0.6211453744493393,0.6372365224695428,0.6666666666666667,compas-race,True,-0.0183606078553869,True,0.2176174210769717
0.2091957193739706,0.1394777900146843,0.2091957193739706,0.2154095083837344,0.7166127061111929,0.6824494949494949,0.6365638766519823,compas,race,15,proxy_soft,random,50.0,30.0,0.1992568132215848,0.1522921255506607,0.1992568132215848,0.2148956585509434,0.7189305572440445,0.6704545454545454,0.6211453744493393,0.9999317846772398,0.1984126984126984,compas-race,False,-0.009938906152385796,True,0.2091957193739706
0.2174551532214225,0.1655079845814978,0.2174551532214225,0.2285800283698322,0.7150002879318178,0.6647727272727273,0.6079295154185022,compas,race,15,proxy_soft,random,100.0,1.0,0.1992568132215848,0.1522921255506607,0.1992568132215848,0.2148956585509434,0.7189305572440445,0.6704545454545454,0.6211453744493393,0.8906522599059552,0.4817391304347825,compas-race,True,-0.018198339999837693,True,0.2174551532214225
0.2051877033419065,0.1210535976505139,0.2051877033419065,0.2038453927292743,0.7191800981527574,0.6837121212121212,0.6497797356828194,compas,race,15,proxy_soft,random,200.0,3.0,0.1992568132215848,0.1522921255506607,0.1992568132215848,0.2148956585509434,0.7189305572440445,0.6704545454545454,0.6211453744493393,0.8943776494165838,0.319088319088319,compas-race,False,-0.005930890120321691,True,0.2051877033419065
0.171079000105474,0.1218451725403818,0.171079000105474,0.1838002604170997,0.7093456269555369,0.6622474747474747,0.6255506607929515,compas,race,15,proxy_soft,random,400.0,3.0,0.1992568132215848,0.1522921255506607,0.1992568132215848,0.2148956585509434,0.7189305572440445,0.6704545454545454,0.6211453744493393,0.9889583197896235,0.3651685393258427,compas-race,False,0.02817781311611081,True,0.171079000105474
0.2874575223972814,0.2108759082327365,0.2874575223972814,0.2865652590149983,0.7354416811320604,0.6748737373737373,0.5969162995594713,compas,race,16,proxy_soft,random,25.0,0.3,0.2631985431604962,0.2220550374735397,0.2631985431604962,0.2839458568237421,0.7404812376510868,0.6818181818181818,0.6013215859030837,0.9433497921260372,0.4444444444444444,compas-race,True,-0.024258979236785216,True,0.2874575223972814
0.263068468204803,0.223239315750329,0.263068468204803,0.2876156791830656,0.7384286182815913,0.6931818181818182,0.6079295154185022,compas,race,16,proxy_soft,random,50.0,1.0,0.2631985431604962,0.2220550374735397,0.2631985431604962,0.2839458568237421,0.7404812376510868,0.6818181818181818,0.6013215859030837,0.11709097564567081,0.0279720279720279,compas-race,False,0.0001300749556931713,False,0.2631985431604962
0.2369315317951969,0.1954574060300933,0.2369315317951969,0.2581374321880651,0.7430234139395733,0.6824494949494949,0.6123348017621145,compas,race,16,proxy_soft,random,100.0,3.0,0.2631985431604962,0.2220550374735397,0.2631985431604962,0.2839458568237421,0.7404812376510868,0.6818181818181818,0.6013215859030837,0.9860221141565573,0.3252173913043478,compas-race,False,0.02626701136529927,True,0.2369315317951969
0.257272002991724,0.1890783225584987,0.257272002991724,0.2597330071269014,0.7270536192815031,0.6685606060606061,0.6057268722466961,compas,race,16,proxy_soft,random,200.0,3.0,0.2631985431604962,0.2220550374735397,0.2631985431604962,0.2839458568237421,0.7404812376510868,0.6818181818181818,0.6013215859030837,0.9231784678593464,0.2206192821956368,compas-race,False,0.005926540168772199,True,0.257272002991724
0.2308098791928848,0.1866468333428685,0.2308098791928848,0.2523401765769599,0.74328899056883,0.6887626262626263,0.6211453744493393,compas,race,16,proxy_soft,random,400.0,3.0,0.2631985431604962,0.2220550374735397,0.2631985431604962,0.2839458568237421,0.7404812376510868,0.6818181818181818,0.6013215859030837,0.9979254873662733,0.2285714285714286,compas-race,False,0.03238866396761139,True,0.2308098791928848
0.2352812057948393,0.2199153269637851,0.2352812057948393,0.2613285820657377,0.7143771348121365,0.6470959595959596,0.5748898678414097,compas,race,17,proxy_soft,random,25.0,0.3,0.2391671950961741,0.207717832827965,0.2391671950961741,0.2586559940431869,0.7192983017494461,0.6553030303030303,0.579295154185022,0.7734086301412088,0.5,compas-race,False,0.003885989301334797,True,0.2352812057948393
0.2109897078191308,0.1963098575433377,0.2109897078191308,0.2392032762472077,0.7045715976994025,0.6521464646464646,0.5881057268722467,compas,race,17,proxy_soft,random,50.0,30.0,0.2391671950961741,0.207717832827965,0.2391671950961741,0.2586559940431869,0.7192983017494461,0.6553030303030303,0.579295154185022,0.9998377684923496,0.3137254901960783,compas-race,False,0.028177487277043306,True,0.2109897078191308
0.2473293985659236,0.2161336460895933,0.2473293985659236,0.2644532496542921,0.7118109606354641,0.6464646464646465,0.5682819383259912,compas,race,17,proxy_soft,random,100.0,1.0,0.2391671950961741,0.207717832827965,0.2391671950961741,0.2586559940431869,0.7192983017494461,0.6553030303030303,0.579295154185022,0.965565082019917,0.2727272727272727,compas-race,False,-0.008162203469749496,True,0.2473293985659236
0.2450937352649463,0.1596544424738257,0.2450937352649463,0.2407855547282203,0.7242994616473751,0.678030303030303,0.6299559471365639,compas,race,17,proxy_soft,random,200.0,3.0,0.2391671950961741,0.207717832827965,0.2391671950961741,0.2586559940431869,0.7192983017494461,0.6553030303030303,0.579295154185022,0.9928353900450724,0.28125,compas-race,False,-0.005926540168772199,True,0.2450937352649463
0.182779701803164,0.1713541964643287,0.182779701803164,0.2096851398787363,0.6815128268712354,0.6382575757575758,0.579295154185022,compas,race,17,proxy_soft,random,400.0,10.0,0.2391671950961741,0.207717832827965,0.2391671950961741,0.2586559940431869,0.7192983017494461,0.6553030303030303,0.579295154185022,0.9342373874470608,0.3511904761904762,compas-race,False,0.0563874932930101,True,0.182779701803164
0.2717256375098374,0.1659209801762114,0.2717256375098374,0.2591831949486399,0.7453155092874008,0.6906565656565656,0.6387665198237885,compas,race,18,proxy_soft,random,25.0,0.3,0.2938508596139647,0.1703262665198237,0.2938508596139647,0.2717966285464369,0.7448708145911048,0.6925505050505051,0.6343612334801763,0.9999611602180152,0.5666666666666667,compas-race,False,0.022125222104127262,True,0.2717256375098374
0.3040331675496742,0.1801349118942731,0.3040331675496742,0.2786280043170038,0.7393985104327294,0.6811868686868687,0.6167400881057269,compas,race,18,proxy_soft,random,50.0,1.0,0.2938508596139647,0.1703262665198237,0.2938508596139647,0.2717966285464369,0.7448708145911048,0.6925505050505051,0.6343612334801763,0.7499925628301928,0.3545454545454546,compas-race,True,-0.010182307935709511,True,0.3040331675496742
0.2818268115177723,0.1621122430249633,0.2818268115177723,0.2602108946142217,0.742346612322202,0.6856060606060606,0.6321585903083701,compas,race,18,proxy_soft,random,100.0,1.0,0.2938508596139647,0.1703262665198237,0.2938508596139647,0.2717966285464369,0.7448708145911048,0.6925505050505051,0.6343612334801763,0.9976029748678261,0.2899159663865546,compas-race,False,0.012024048096192397,True,0.2818268115177723
0.2716850705459501,0.1765326725403818,0.2716850705459501,0.2644081663875691,0.738750663842802,0.6881313131313131,0.6255506607929515,compas,race,18,proxy_soft,random,200.0,3.0,0.2938508596139647,0.1703262665198237,0.2938508596139647,0.2717966285464369,0.7448708145911048,0.6925505050505051,0.6343612334801763,0.9952728682019308,0.2780337941628264,compas-race,False,0.022165789068014585,True,0.2716850705459501
0.2677581884416607,0.1703262665198237,0.2677581884416607,0.258669345115849,0.7420650789892953,0.6862373737373737,0.6343612334801763,compas,race,18,proxy_soft,random,400.0,3.0,0.2938508596139647,0.1703262665198237,0.2938508596139647,0.2717966285464369,0.7448708145911048,0.6925505050505051,0.6343612334801763,0.9889600249086254,0.296875,compas-race,False,0.02609267117230396,True,0.2677581884416607
0.1858573144916757,0.1858573144916757,0.1561875030486317,0.2175965322837995,0.7220428602283,0.6818181818181818,0.6167400881057269,compas,race,19,proxy_soft,random,25.0,1.0,0.2329805050160154,0.1786887121688883,0.2329805050160154,0.2439102223167748,0.7237467102894946,0.6698232323232324,0.6057268722466961,0.7148679428691781,0.25,compas-race,False,0.04712319052433969,True,0.1858573144916757
0.2572394842528006,0.1768808284226787,0.2572394842528006,0.2534038932028507,0.7193630960475477,0.6698232323232324,0.6101321585903083,compas,race,19,proxy_soft,random,50.0,1.0,0.2329805050160154,0.1786887121688883,0.2329805050160154,0.2439102223167748,0.7237467102894946,0.6698232323232324,0.6057268722466961,0.7339310815805096,0.5357142857142857,compas-race,True,-0.02425897923678519,True,0.2572394842528006
0.1772755878482751,0.1772755878482751,0.1199778872575321,0.1939155408999043,0.7167761237011143,0.6698232323232324,0.6123348017621145,compas,race,19,proxy_soft,random,100.0,3.0,0.2329805050160154,0.1786887121688883,0.2329805050160154,0.2439102223167748,0.7237467102894946,0.6698232323232324,0.6057268722466961,0.6313433414840175,0.5888888888888888,compas-race,False,0.05570491716774029,True,0.1772755878482751
0.202697429393688,0.1620859316894559,0.202697429393688,0.2217982129560685,0.7198414539520521,0.6704545454545454,0.6145374449339207,compas,race,19,proxy_soft,random,200.0,3.0,0.2329805050160154,0.1786887121688883,0.2329805050160154,0.2439102223167748,0.7237467102894946,0.6698232323232324,0.6057268722466961,0.9962000989865564,0.3419203747072599,compas-race,False,0.030283075622327377,True,0.202697429393688
0.1905516804058338,0.1624806911150523,0.1905516804058338,0.2175832358259759,0.7229227827951139,0.6736111111111112,0.6167400881057269,compas,race,19,proxy_soft,random,400.0,3.0,0.2329805050160154,0.1786887121688883,0.2329805050160154,0.2439102223167748,0.7237467102894946,0.6698232323232324,0.6057268722466961,0.9857569343066778,0.2806550261418565,compas-race,False,0.042428824610181576,True,0.1905516804058338
0.2370941254898135,0.1786887121688883,0.2370941254898135,0.2444553770875438,0.7190663221636495,0.6654040404040404,0.6057268722466961,compas,race,20,proxy_soft,random,25.0,30.0,0.2229728631123685,0.1867097660049201,0.2229728631123685,0.2412775236676949,0.7207413747590212,0.6597222222222222,0.5925110132158591,0.26302563580589017,0.1333333333333334,compas-race,True,-0.014121262377445015,True,0.2370941254898135
0.2208997935060078,0.1612964128382631,0.2208997935060078,0.2281140304222955,0.7210965435041716,0.6660353535353535,0.6101321585903083,compas,race,20,proxy_soft,random,50.0,1.0,0.2229728631123685,0.1867097660049201,0.2229728631123685,0.2412775236676949,0.7207413747590212,0.6597222222222222,0.5925110132158591,0.9935194205909541,0.2180451127819548,compas-race,False,0.0020730696063606946,True,0.2208997935060078
0.1684958457311025,0.1335145031180273,0.1684958457311025,0.1875731305180299,0.7135756053467295,0.6565656565656566,0.6145374449339207,compas,race,20,proxy_soft,random,100.0,3.0,0.2229728631123685,0.1867097660049201,0.2229728631123685,0.2412775236676949,0.7207413747590212,0.6597222222222222,0.5925110132158591,0.9357461610984418,0.3513931888544892,compas-race,False,0.05447701738126601,True,0.1684958457311025
0.2068760873453327,0.1977229818639511,0.2068760873453327,0.238644825018615,0.7181160057914904,0.6534090909090909,0.5814977973568282,compas,race,20,proxy_soft,random,200.0,1.0,0.2229728631123685,0.1867097660049201,0.2229728631123685,0.2412775236676949,0.7207413747590212,0.6597222222222222,0.5925110132158591,0.7853470444127206,0.3278890600924499,compas-race,False,0.016096775767035804,True,0.2068760873453327
0.1785360063736728,0.1586990102408605,0.1785360063736728,0.2075842995426018,0.7186311604578797,0.663510101010101,0.6101321585903083,compas,race,20,proxy_soft,random,400.0,3.0,0.2229728631123685,0.1867097660049201,0.2229728631123685,0.2412775236676949,0.7207413747590212,0.6597222222222222,0.5925110132158591,0.9844670931327628,0.3203389830508474,compas-race,False,0.044436856738695685,True,0.1785360063736728
0.2371916817065834,0.2117283597459809,0.2371916817065834,0.2586559940431869,0.6979825775331772,0.6502525252525253,0.5726872246696035,compas,race,21,proxy_soft,random,25.0,3.0,0.2350535746223761,0.1888494765146747,0.2350535746223761,0.251861504095309,0.7119205509915127,0.6761363636363636,0.6189427312775331,,0.1333333333333334,compas-race,False,-0.0021381070842072802,False,0.2350535746223761
0.2128351462530283,0.1922993306253219,0.2128351462530283,0.2412775236676949,0.7067626048907696,0.6647727272727273,0.5947136563876652,compas,race,21,proxy_soft,random,50.0,3.0,0.2350535746223761,0.1888494765146747,0.2350535746223761,0.251861504095309,0.7119205509915127,0.6761363636363636,0.6189427312775331,0.8838515412050305,0.7222222222222222,compas-race,False,0.022218428369347815,True,0.2128351462530283
0.216916247987903,0.1876651982378855,0.216916247987903,0.2418492713541112,0.7160209901528666,0.6704545454545454,0.6123348017621145,compas,race,21,proxy_soft,random,100.0,3.0,0.2350535746223761,0.1888494765146747,0.2350535746223761,0.251861504095309,0.7119205509915127,0.6761363636363636,0.6189427312775331,0.8496205277787282,0.2833333333333333,compas-race,False,0.018137326634473122,True,0.216916247987903
0.2108271141245142,0.1513015618742491,0.2108271141245142,0.2175832358259759,0.7113813984369376,0.663510101010101,0.6123348017621145,compas,race,21,proxy_soft,random,200.0,3.0,0.2350535746223761,0.1888494765146747,0.2350535746223761,0.251861504095309,0.7119205509915127,0.6761363636363636,0.6189427312775331,0.9993886009198615,0.3111607142857142,compas-race,False,0.024226460497861924,True,0.2108271141245142
0.2047379802611255,0.1786887121688883,0.2047379802611255,0.2312785873843208,0.7148626920830967,0.6685606060606061,0.6057268722466961,compas,race,21,proxy_soft,random,400.0,3.0,0.2350535746223761,0.1888494765146747,0.2350535746223761,0.251861504095309,0.7119205509915127,0.6761363636363636,0.6189427312775331,0.9963668574195285,0.2244755244755244,compas-race,False,0.030315594361250614,True,0.2047379802611255
0.2309399541485781,0.1144802334229647,0.2309399541485781,0.2086347197106691,0.7218996728287911,0.672979797979798,0.6387665198237885,compas,race,22,proxy_soft,random,25.0,3.0,0.2430206656585857,0.1702728989072601,0.2430206656585857,0.2454925007977874,0.7236675172584814,0.6767676767676768,0.6167400881057269,0.6629800696664555,0.3571428571428571,compas-race,False,0.012080711510007613,True,0.2309399541485781
0.2531583825179259,0.1706676583328565,0.2531583825179259,0.2497207743857036,0.7222660405884282,0.6755050505050505,0.6189427312775331,compas,race,22,proxy_soft,random,50.0,30.0,0.2430206656585857,0.1702728989072601,0.2430206656585857,0.2454925007977874,0.7236675172584814,0.6767676767676768,0.6167400881057269,0.828734675654228,0.3666666666666667,compas-race,True,-0.010137716859340173,True,0.2531583825179259
0.2388745264458644,0.1354253675839579,0.2388745264458644,0.22919104350601,0.7261600979113838,0.6944444444444444,0.6541850220264317,compas,race,22,proxy_soft,random,100.0,1.0,0.2430206656585857,0.1702728989072601,0.2430206656585857,0.2454925007977874,0.7236675172584814,0.6767676767676768,0.6167400881057269,0.989288130249226,0.2857142857142857,compas-race,False,0.004146139212721306,True,0.2388745264458644
0.2308749166707315,0.1470621889124092,0.2308749166707315,0.2286458887352409,0.7188167441265169,0.6811868686868687,0.6321585903083701,compas,race,22,proxy_soft,random,200.0,3.0,0.2430206656585857,0.1702728989072601,0.2430206656585857,0.2454925007977874,0.7236675172584814,0.6767676767676768,0.6167400881057269,0.8994168486283206,0.4635387224420576,compas-race,False,0.012145748987854199,True,0.2308749166707315
0.2429881469196624,0.1662623719892443,0.2429881469196624,0.2444420806297201,0.7205541912311717,0.6811868686868687,0.6233480176211453,compas,race,22,proxy_soft,random,400.0,1.0,0.2430206656585857,0.1702728989072601,0.2430206656585857,0.2454925007977874,0.7236675172584814,0.6767676767676768,0.6167400881057269,0.9999981101471827,0.2675911658962506,compas-race,False,3.251873892332058e-05,True,0.2429881469196624
0.2450937352649463,0.1498884375536358,0.2450937352649463,0.2333794277204552,0.7219516682531938,0.6698232323232324,0.6189427312775331,compas,race,23,proxy_soft,random,25.0,3.0,0.2712631904134758,0.1490359860403913,0.2712631904134758,0.24868365067546,0.7269592275879723,0.6868686868686869,0.6431718061674009,0.7850454052049788,0.3,compas-race,False,0.026169455148529502,True,0.2450937352649463
0.2631985431604962,0.1584701641970365,0.2631985431604962,0.2481251994468672,0.7251625856924591,0.678030303030303,0.6233480176211453,compas,race,23,proxy_soft,random,50.0,1.0,0.2712631904134758,0.1490359860403913,0.2712631904134758,0.24868365067546,0.7269592275879723,0.6868686868686869,0.6431718061674009,0.9964302259960901,0.1842105263157895,compas-race,False,0.008064647252979618,True,0.2631985431604962
0.1987464026145066,0.1324961382230105,0.1987464026145066,0.2018003403893203,0.7251561862556095,0.6628787878787878,0.6233480176211453,compas,race,23,proxy_soft,random,100.0,10.0,0.2712631904134758,0.1490359860403913,0.2712631904134758,0.24868365067546,0.7269592275879723,0.6868686868686869,0.6431718061674009,0.9728052141626714,0.319327731092437,compas-race,False,0.0725167877989692,True,0.1987464026145066
0.2510853129115653,0.1488700726586189,0.2510853129115653,0.2375944048505478,0.7259081200854325,0.678030303030303,0.6277533039647577,compas,race,23,proxy_soft,random,200.0,1.0,0.2712631904134758,0.1490359860403913,0.2712631904134758,0.24868365067546,0.7269592275879723,0.6868686868686869,0.6431718061674009,0.999989114647837,0.2087542087542087,compas-race,False,0.020177877501910524,True,0.2510853129115653
0.2208997935060078,0.1182619142971566,0.2208997935060078,0.2065604722901818,0.7276183695834766,0.6742424242424242,0.6453744493392071,compas,race,23,proxy_soft,random,400.0,3.0,0.2712631904134758,0.1490359860403913,0.2712631904134758,0.24868365067546,0.7269592275879723,0.6868686868686869,0.6431718061674009,0.9838169532426123,0.237527512839325,compas-race,False,0.050363396907467994,True,0.2208997935060078
0.2255928861772126,0.1753281020558003,0.2255928861772126,0.2386674493591843,0.7242061079936271,0.6698232323232324,0.6189427312775331,compas,race,24,proxy_soft,random,25.0,1.0,0.2012608212376169,0.1759246512481644,0.2012608212376169,0.2285800283698322,0.7324009674509078,0.6698232323232324,0.6079295154185022,0.9113852488869593,0.6031746031746033,compas-race,True,-0.024332064939595693,True,0.2255928861772126
0.1790138982418277,0.1623072687224669,0.1790138982418277,0.2127754043865148,0.7236062500399906,0.6748737373737373,0.6189427312775331,compas,race,24,proxy_soft,random,50.0,3.0,0.2012608212376169,0.1759246512481644,0.2012608212376169,0.2285800283698322,0.7324009674509078,0.6698232323232324,0.6079295154185022,0.9873590081832763,0.1527777777777778,compas-race,False,0.022246922995789203,True,0.1790138982418277
0.1709167322499249,0.1494929331864903,0.1709167322499249,0.2038453927292743,0.7275461170794756,0.6811868686868687,0.6343612334801763,compas,race,24,proxy_soft,random,100.0,1.0,0.2012608212376169,0.1759246512481644,0.2012608212376169,0.2285800283698322,0.7324009674509078,0.6698232323232324,0.6079295154185022,0.9979931265300804,0.3481481481481481,compas-race,False,0.030344088987692003,True,0.1709167322499249
0.1972933721694401,0.1566974118942731,0.1972933721694401,0.2154311266614894,0.7154673773250494,0.6666666666666666,0.6167400881057269,compas,race,24,proxy_soft,random,200.0,3.0,0.2012608212376169,0.1759246512481644,0.2012608212376169,0.2285800283698322,0.7324009674509078,0.6698232323232324,0.6079295154185022,0.9209928395956423,0.4790764790764791,compas-race,False,0.003967449068176809,True,0.1972933721694401
0.1872327651253924,0.1727239353891335,0.1872327651253924,0.2207425712114384,0.7232479348890184,0.6704545454545454,0.6189427312775331,compas,race,24,proxy_soft,random,400.0,3.0,0.2012608212376169,0.1759246512481644,0.2012608212376169,0.2285800283698322,0.7324009674509078,0.6698232323232324,0.6079295154185022,0.9724197189216174,0.3984375,compas-race,False,0.014028056112224518,True,0.1872327651253924
0.2253900513577763,0.1176463839941263,0.2253900513577763,0.2096274505565043,0.7288482087441693,0.6792929292929293,0.6453744493392071,compas,race,25,proxy_soft,random,25.0,3.0,0.2539329671488726,0.1645099118942731,0.2539329671488726,0.2428863394102866,0.7265383557173661,0.6616161616161617,0.6167400881057269,0.9481166785912912,0.2285714285714286,compas-race,False,0.0285429157910963,True,0.2253900513577763
0.2721313071487104,0.2023563693098384,0.2721313071487104,0.2686486747164264,0.7156001458854542,0.6502525252525253,0.5814977973568282,compas,race,25,proxy_soft,random,50.0,3.0,0.2539329671488726,0.1645099118942731,0.2539329671488726,0.2428863394102866,0.7265383557173661,0.6616161616161617,0.6167400881057269,0.9675833523900867,0.4285714285714286,compas-race,True,-0.01819833999983783,True,0.2721313071487104
0.231767178080858,0.1723109397944199,0.231767178080858,0.2338482363642713,0.7177644333821751,0.6470959595959596,0.5881057268722467,compas,race,25,proxy_soft,random,100.0,3.0,0.2539329671488726,0.1645099118942731,0.2539329671488726,0.2428863394102866,0.7265383557173661,0.6616161616161617,0.6167400881057269,0.960964918022682,0.25,compas-race,False,0.022165789068014585,True,0.231767178080858
0.217657988040859,0.1408659140969163,0.217657988040859,0.2101413003892953,0.72133478792222,0.6458333333333334,0.6013215859030837,compas,race,25,proxy_soft,random,200.0,1.0,0.2539329671488726,0.1645099118942731,0.2539329671488726,0.2428863394102866,0.7265383557173661,0.6616161616161617,0.6167400881057269,0.9996237485867524,0.1792132102962603,compas-race,False,0.03627497910801358,True,0.217657988040859
0.2133254362976966,0.0924077643171805,0.2133254362976966,0.1890684684115388,0.7227664489048994,0.6736111111111112,0.6497797356828194,compas,race,25,proxy_soft,random,400.0,3.0,0.2539329671488726,0.1645099118942731,0.2539329671488726,0.2428863394102866,0.7265383557173661,0.6616161616161617,0.6167400881057269,0.9874157125065661,0.3406902086677368,compas-race,False,0.040607530851175994,True,0.2133254362976966
0.221029868461701,0.142325075805252,0.221029868461701,0.2139001170088288,0.7053027333594644,0.6515151515151515,0.6057268722466961,compas,race,26,proxy_soft,random,25.0,10.0,0.2955546883891843,0.21048114880714,0.2955546883891843,0.2891979576640782,0.7299741622737199,0.6723484848484849,0.5947136563876652,0.8980208532749466,0.2333333333333334,compas-race,False,0.0745248199274833,True,0.221029868461701
0.239037120140481,0.1624806911150523,0.239037120140481,0.2381262631634932,0.7190711217412868,0.6717171717171717,0.6167400881057269,compas,race,26,proxy_soft,random,50.0,3.0,0.2955546883891843,0.21048114880714,0.2955546883891843,0.2891979576640782,0.7299741622737199,0.6723484848484849,0.5947136563876652,0.9623720883653549,0.4423076923076923,compas-race,False,0.0565175682487033,True,0.239037120140481
0.1886086857551664,0.1346987813948166,0.1886086857551664,0.1991543452824167,0.7215269056323044,0.6647727272727273,0.6211453744493393,compas,race,26,proxy_soft,random,100.0,10.0,0.2955546883891843,0.21048114880714,0.2955546883891843,0.2891979576640782,0.7299741622737199,0.6723484848484849,0.5947136563876652,0.9785359424111418,0.4518518518518518,compas-race,False,0.1069460026340179,True,0.1886086857551664
0.2874900411362047,0.1978888952457235,0.2874900411362047,0.2781353047548133,0.7269328299109679,0.6698232323232324,0.5969162995594713,compas,race,26,proxy_soft,random,200.0,3.0,0.2955546883891843,0.21048114880714,0.2955546883891843,0.2891979576640782,0.7299741622737199,0.6723484848484849,0.5947136563876652,0.8520781179992326,0.2683438155136268,compas-race,False,0.008064647252979618,True,0.2874900411362047
0.2775799554493277,0.1605068939870702,0.2775799554493277,0.2492022125305818,0.7169497084256586,0.6546717171717171,0.6057268722466961,compas,race,26,proxy_soft,random,400.0,3.0,0.2955546883891843,0.21048114880714,0.2955546883891843,0.2891979576640782,0.7299741622737199,0.6723484848484849,0.5947136563876652,0.9999285698807273,0.2314102564102564,compas-race,False,0.01797473293985663,True,0.2775799554493277
0.243150740614279,0.1462726700612163,0.243150740614279,0.2302547601319008,0.7232131572421626,0.6691919191919192,0.6277533039647577,compas,race,27,proxy_soft,random,25.0,30.0,0.2792302814496853,0.1490359860403913,0.2792302814496853,0.2539224550579725,0.7433025893721352,0.6931818181818182,0.6431718061674009,-0.9972832811360626,0.15,compas-race,False,0.03607954083540632,False,0.2792302814496853
0.251052794172642,0.1360489730533783,0.251052794172642,0.2323423040102117,0.7358152482581533,0.6849747474747475,0.6431718061674009,compas,race,27,proxy_soft,random,50.0,3.0,0.2792302814496853,0.1490359860403913,0.2792302814496853,0.2539224550579725,0.7433025893721352,0.6931818181818182,0.6431718061674009,0.17529839252742843,0.0592105263157894,compas-race,False,0.028177487277043334,True,0.251052794172642
0.2652065752890103,0.1442359402711825,0.2652065752890103,0.2434182533773002,0.7362408108086489,0.6868686868686869,0.6453744493392071,compas,race,27,proxy_soft,random,100.0,10.0,0.2792302814496853,0.1490359860403913,0.2792302814496853,0.2539224550579725,0.7433025893721352,0.6931818181818182,0.6431718061674009,0.8102699539779687,0.2811059907834101,compas-race,False,0.014023706160674998,True,0.2652065752890103
0.2853194153130742,0.1538360318096001,0.2853194153130742,0.2586692905010105,0.743753749670029,0.6912878787878788,0.6409691629955947,compas,race,27,proxy_soft,random,200.0,1.0,0.2792302814496853,0.1490359860403913,0.2792302814496853,0.2539224550579725,0.7433025893721352,0.6931818181818182,0.6431718061674009,0.9059667727720523,0.4479166666666666,compas-race,False,-0.006089133863388885,True,0.2853194153130742
0.2429231094418158,0.1430516619943933,0.2429231094418158,0.2333794277204552,0.7371335322491621,0.6875,0.6387665198237885,compas,race,27,proxy_soft,random,400.0,3.0,0.2792302814496853,0.1490359860403913,0.2792302814496853,0.2539224550579725,0.7433025893721352,0.6931818181818182,0.6431718061674009,0.9906539122061265,0.2587589395362277,compas-race,False,0.03630717200786951,True,0.2429231094418158
0.2753442921483505,0.1746781852508725,0.2753442921483505,0.2612886926922668,0.7260273095967554,0.6742424242424242,0.6123348017621145,compas,race,28,proxy_soft,random,25.0,30.0,0.2612230297709055,0.1598832885176497,0.2612230297709055,0.2465429209658546,0.7275439761301005,0.6723484848484849,0.6167400881057269,0.0,0.0,compas-race,True,-0.014121262377444987,False,0.2612230297709055
0.2652065752890103,0.1632702099662452,0.2652065752890103,0.2518083182640144,0.7272672004863573,0.6786616161616161,0.6211453744493393,compas,race,28,proxy_soft,random,50.0,1.0,0.2612230297709055,0.1598832885176497,0.2612230297709055,0.2465429209658546,0.7275439761301005,0.6723484848484849,0.6167400881057269,0.9950297478905104,0.3714285714285714,compas-race,False,-0.003983545518104814,True,0.2652065752890103
0.2755394045818903,0.1845071228331141,0.2755394045818903,0.2618338474630359,0.7185735655262336,0.6559343434343434,0.5947136563876652,compas,race,28,proxy_soft,random,100.0,3.0,0.2612230297709055,0.1598832885176497,0.2612230297709055,0.2465429209658546,0.7275439761301005,0.6723484848484849,0.6167400881057269,0.989378608559056,0.3949579831932772,compas-race,True,-0.0143163748109848,True,0.2755394045818903
0.2693852332406549,0.145088391784427,0.2693852332406549,0.2402403999574512,0.722067658046092,0.6660353535353535,0.6211453744493393,compas,race,28,proxy_soft,random,200.0,10.0,0.2612230297709055,0.1598832885176497,0.2612230297709055,0.2465429209658546,0.7275439761301005,0.6723484848484849,0.6167400881057269,0.9762980215256353,0.2895894428152492,compas-race,False,-0.008162203469749385,True,0.2693852332406549
0.2613205859876754,0.1199038846615939,0.2613205859876754,0.2217982129560685,0.715722616409756,0.6616161616161617,0.6255506607929515,compas,race,28,proxy_soft,random,400.0,10.0,0.2612230297709055,0.1598832885176497,0.2612230297709055,0.2465429209658546,0.7275439761301005,0.6723484848484849,0.6167400881057269,0.99145729155551,0.1757211538461538,compas-race,False,-9.755621676987847e-05,True,0.2613205859876754
0.2349234996666829,0.1198409519995423,0.2349234996666829,0.216559408573556,0.746922270840166,0.6856060606060606,0.6541850220264317,compas,race,29,proxy_soft,random,25.0,3.0,0.251052794172642,0.1400594999713943,0.251052794172642,0.2339112860334007,0.7427850349169274,0.6824494949494949,0.6365638766519823,0.5825446102810662,0.2333333333333333,compas-race,False,0.01612929450595907,True,0.2349234996666829
0.2450937352649463,0.1402883460152183,0.2450937352649463,0.2281140304222955,0.7398204957963699,0.6698232323232324,0.6233480176211453,compas,race,29,proxy_soft,random,50.0,1.0,0.251052794172642,0.1400594999713943,0.251052794172642,0.2339112860334007,0.7427850349169274,0.6824494949494949,0.6365638766519823,0.464463736767051,0.2878787878787878,compas-race,False,0.005959058907695686,True,0.2450937352649463
0.2492073557387444,0.1317066193718176,0.2492073557387444,0.2228486331241357,0.7219484685347689,0.6609848484848485,0.6189427312775331,compas,race,29,proxy_soft,random,100.0,3.0,0.251052794172642,0.1400594999713943,0.251052794172642,0.2339112860334007,0.7427850349169274,0.6824494949494949,0.6365638766519823,0.9900056475589737,0.324074074074074,compas-race,False,0.0018454384338975893,True,0.2492073557387444
0.2006243597873274,0.1436752674638137,0.2006243597873274,0.2123178385278161,0.7343153802465384,0.6761363636363636,0.6277533039647577,compas,race,29,proxy_soft,random,200.0,10.0,0.251052794172642,0.1400594999713943,0.251052794172642,0.2339112860334007,0.7427850349169274,0.6824494949494949,0.6365638766519823,0.9720641744705061,0.3944281524926686,compas-race,False,0.05042843438531458,True,0.2006243597873274
0.2389070451847877,0.1330568110303793,0.2389070451847877,0.2254813317732156,0.7385342089896089,0.6849747474747475,0.6409691629955947,compas,race,29,proxy_soft,random,400.0,3.0,0.251052794172642,0.1400594999713943,0.251052794172642,0.2339112860334007,0.7427850349169274,0.6824494949494949,0.6365638766519823,0.9901879623128744,0.3606672932330827,compas-race,False,0.012145748987854282,True,0.2389070451847877
0.122432859399684,0.1164689011802896,0.122432859399684,0.1516129032258064,0.6843773747910185,0.6275252525252525,0.6209048361934477,compas,sex,0,proxy_soft,random,25.0,10.0,0.1382306477093207,0.1008682771553286,0.1382306477093207,0.1516129032258064,0.6897657006183456,0.6401515151515151,0.6365054602184087,0.14299678782663752,0.6666666666666666,compas-sex,False,0.0157977883096367,True,0.122432859399684
0.141390205371248,0.1230006776028617,0.141390205371248,0.1677419354838709,0.6870379406612218,0.6458333333333334,0.6396255850234009,compas,sex,0,proxy_soft,random,50.0,1.0,0.1382306477093207,0.1008682771553286,0.1382306477093207,0.1516129032258064,0.6897657006183456,0.6401515151515151,0.6365054602184087,0.8800480176871777,0.4666666666666667,compas-sex,False,-0.003159557661927298,True,0.141390205371248
0.1361007673211464,0.1067382089222963,0.1361007673211464,0.1516129032258064,0.6859884330178945,0.6300505050505051,0.625585023400936,compas,sex,0,proxy_soft,random,100.0,3.0,0.1382306477093207,0.1008682771553286,0.1382306477093207,0.1516129032258064,0.6897657006183456,0.6401515151515151,0.6365054602184087,0.5135450012871092,0.2896825396825397,compas-sex,False,0.002129880388174299,True,0.1361007673211464
0.1534783344617467,0.0880174600923431,0.1534783344617467,0.1508279738694485,0.6899656830198942,0.6445707070707071,0.6443057722308893,compas,sex,0,proxy_soft,random,200.0,1.0,0.1382306477093207,0.1008682771553286,0.1382306477093207,0.1516129032258064,0.6897657006183456,0.6401515151515151,0.6365054602184087,0.957737724206478,0.1755813953488372,compas-sex,True,-0.015247686752425993,True,0.1534783344617467
0.1529282329045362,0.1128996675018515,0.1529282329045362,0.1646022180584392,0.6893529369415491,0.6407828282828283,0.6396255850234009,compas,sex,0,proxy_soft,random,400.0,1.0,0.1382306477093207,0.1008682771553286,0.1382306477093207,0.1516129032258064,0.6897657006183456,0.6401515151515151,0.6365054602184087,0.9994648713736135,0.1747412008281573,compas-sex,True,-0.014697585195215496,True,0.1529282329045362
0.1147455427668697,0.0370669070322754,0.1147455427668697,0.118713116314487,0.7529113438017454,0.6963383838383839,0.7040498442367601,compas,sex,1,proxy_soft,random,25.0,10.0,0.1688670728955089,0.0624476176921738,0.1688670728955089,0.1557814582143536,0.757125372967179,0.7001262626262627,0.7040498442367601,-0.31905035491145034,0.4166666666666666,compas-sex,False,0.0541215301286392,False,0.1688670728955089
0.1503893026404875,0.0533943735471321,0.1503893026404875,0.1348943460879498,0.7347033461055428,0.6691919191919192,0.677570093457944,compas,sex,1,proxy_soft,random,50.0,3.0,0.1688670728955089,0.0624476176921738,0.1688670728955089,0.1557814582143536,0.757125372967179,0.7001262626262627,0.7040498442367601,0.9765835989107653,0.631578947368421,compas-sex,False,0.018477770255021397,True,0.1503893026404875
0.150939404197698,0.0659107800812816,0.150939404197698,0.1453873976775176,0.7454639991680732,0.6792929292929293,0.6853582554517134,compas,sex,1,proxy_soft,random,100.0,3.0,0.1688670728955089,0.0624476176921738,0.1688670728955089,0.1557814582143536,0.757125372967179,0.7001262626262627,0.7040498442367601,0.24344293633068867,0.1638513513513513,compas-sex,False,0.0179276686978109,True,0.150939404197698
0.1583587226359738,0.0671205148884355,0.1583587226359738,0.1541138397106415,0.7532025181784003,0.6982323232323232,0.6993769470404985,compas,sex,1,proxy_soft,random,200.0,3.0,0.1688670728955089,0.0624476176921738,0.1688670728955089,0.1557814582143536,0.757125372967179,0.7001262626262627,0.7040498442367601,0.8362037592836484,0.1596385542168674,compas-sex,False,0.010508350259535088,True,0.1583587226359738
0.1856945384788986,0.0690813922229074,0.1856945384788986,0.16695983247668,0.7538040652422587,0.7026515151515151,0.7024922118380063,compas,sex,1,proxy_soft,random,400.0,3.0,0.1688670728955089,0.0624476176921738,0.1688670728955089,0.1557814582143536,0.757125372967179,0.7001262626262627,0.7040498442367601,0.93457435321404,0.1590909090909091,compas-sex,True,-0.01682746558338971,True,0.1856945384788986
0.2050609343263372,0.118612017207961,0.2050609343263372,0.1981718742087405,0.7232859508363264,0.678030303030303,0.6692667706708268,compas,sex,2,proxy_soft,random,25.0,30.0,0.1598679756262694,0.1088813249499677,0.1598679756262694,0.1749784777434547,0.7218844741662734,0.678030303030303,0.6739469578783152,0.3837421155022046,0.111111111111111,compas-sex,True,-0.045192958700067815,True,0.2050609343263372
0.1409106296547054,0.1085110071069509,0.1409106296547054,0.1646883070846204,0.7182079976962028,0.6679292929292929,0.6692667706708268,compas,sex,2,proxy_soft,random,50.0,1.0,0.1598679756262694,0.1088813249499677,0.1598679756262694,0.1749784777434547,0.7218844741662734,0.678030303030303,0.6739469578783152,0.7668549693223227,0.15,compas-sex,False,0.018957345971563982,True,0.1409106296547054
0.1288225005642067,0.0957389810743944,0.1288225005642067,0.1500430445130905,0.716771324123477,0.6590909090909091,0.656786271450858,compas,sex,2,proxy_soft,random,100.0,1.0,0.1598679756262694,0.1088813249499677,0.1598679756262694,0.1749784777434547,0.7218844741662734,0.678030303030303,0.6739469578783152,0.9997009550194671,0.2142857142857143,compas-sex,False,0.031045475062062705,True,0.1288225005642067
0.1466796434213495,0.1070297357348839,0.1466796434213495,0.162860181293361,0.714144355296734,0.6559343434343434,0.6505460218408736,compas,sex,2,proxy_soft,random,200.0,10.0,0.1598679756262694,0.1088813249499677,0.1598679756262694,0.1749784777434547,0.7218844741662734,0.678030303030303,0.6739469578783152,0.1433868111099382,0.07633973710819,compas-sex,False,0.013188332204919884,True,0.1466796434213495
0.1220238095238095,0.1065806268614381,0.1220238095238095,0.1572795867726744,0.718673556727008,0.6710858585858586,0.6661466458658346,compas,sex,2,proxy_soft,random,400.0,3.0,0.1598679756262694,0.1088813249499677,0.1598679756262694,0.1749784777434547,0.7218844741662734,0.678030303030303,0.6739469578783152,0.8642236474496069,0.1102728400165357,compas-sex,False,0.037844166102459886,True,0.1220238095238095
0.1204440306928458,0.0735277895964323,0.1204440306928458,0.1364409783764623,0.7246258329267024,0.6704545454545454,0.6739469578783152,compas,sex,3,proxy_soft,random,25.0,10.0,0.1330822613405551,0.0758284876849619,0.1330822613405551,0.1452473793487618,0.7317724040284455,0.6799242424242424,0.6817472698907956,-0.7023106204056144,0.2307692307692307,compas-sex,False,0.01263823064770929,False,0.1330822613405551
0.1115154592642744,0.0649868418979183,0.1115154592642744,0.1275484883779813,0.7299341657934102,0.6691919191919192,0.672386895475819,compas,sex,3,proxy_soft,random,50.0,1.0,0.1330822613405551,0.0758284876849619,0.1330822613405551,0.1452473793487618,0.7317724040284455,0.6799242424242424,0.6817472698907956,0.9987514386656953,0.3188405797101449,compas-sex,False,0.021566802076280686,True,0.1115154592642744
0.1351416158880614,0.0637970973384389,0.1351416158880614,0.1357421380462855,0.7236739166953308,0.6691919191919192,0.6786271450858035,compas,sex,3,proxy_soft,random,100.0,3.0,0.1330822613405551,0.0758284876849619,0.1330822613405551,0.1452473793487618,0.7317724040284455,0.6799242424242424,0.6817472698907956,0.9973608087568668,0.1590909090909091,compas-sex,False,-0.0020593545475063035,True,0.1351416158880614
0.1388512751071993,0.0785782946469373,0.1388512751071993,0.1476021674178357,0.7265456639815697,0.6742424242424242,0.6739469578783152,compas,sex,3,proxy_soft,random,200.0,10.0,0.1330822613405551,0.0758284876849619,0.1330822613405551,0.1452473793487618,0.7317724040284455,0.6799242424242424,0.6817472698907956,0.9864090765953988,0.2108433734939759,compas-sex,False,-0.00576901376664421,True,0.1388512751071993
0.1430405100428797,0.0587465922879338,0.1430405100428797,0.1364409783764623,0.722002063818384,0.6717171717171717,0.6786271450858035,compas,sex,3,proxy_soft,random,400.0,10.0,0.1330822613405551,0.0758284876849619,0.1330822613405551,0.1452473793487618,0.7317724040284455,0.6799242424242424,0.6817472698907956,0.9800947457807833,0.1851851851851851,compas-sex,False,-0.009958248702324618,True,0.1430405100428797
0.1217321420129532,0.1217321420129532,0.1209941322500564,0.1676558464576898,0.7351913031653214,0.6767676767676768,0.6661466458658346,compas,sex,4,proxy_soft,random,25.0,10.0,0.1294431279620853,0.1162325280890024,0.1294431279620853,0.1716665822656606,0.7408404060442682,0.6919191919191919,0.6817472698907956,0.5200789989266813,0.875,compas-sex,False,0.007710985949132096,True,0.1217321420129532
0.1288930264048747,0.1232134133850202,0.1288930264048747,0.1750645667696359,0.7387349913207638,0.6900252525252525,0.6848673946957878,compas,sex,4,proxy_soft,random,50.0,1.0,0.1294431279620853,0.1162325280890024,0.1294431279620853,0.1716665822656606,0.7408404060442682,0.6919191919191919,0.6817472698907956,0.9714176283361483,0.3,compas-sex,False,0.0005501015572105805,True,0.1288930264048747
0.1562288422477996,0.1411147354985109,0.1562288422477996,0.1966020154960246,0.7384326179296221,0.6906565656565656,0.6770670826833073,compas,sex,4,proxy_soft,random,100.0,1.0,0.1294431279620853,0.1162325280890024,0.1294431279620853,0.1716665822656606,0.7408404060442682,0.6919191919191919,0.6817472698907956,0.5746565298547592,0.2410714285714286,compas-sex,True,-0.0267857142857143,True,0.1562288422477996
0.1168048973143759,0.1088813249499677,0.1168048973143759,0.1596343748417481,0.7377798753709675,0.6818181818181818,0.6739469578783152,compas,sex,4,proxy_soft,random,200.0,1.0,0.1294431279620853,0.1162325280890024,0.1294431279620853,0.1716665822656606,0.7408404060442682,0.6919191919191919,0.6817472698907956,0.966741416301687,0.1079059829059828,compas-sex,False,0.012638230647709386,True,0.1168048973143759
0.1588382983525163,0.1379946106935187,0.1588382983525163,0.1951182458094901,0.7384758141283567,0.6887626262626263,0.6801872074882995,compas,sex,4,proxy_soft,random,400.0,1.0,0.1294431279620853,0.1162325280890024,0.1294431279620853,0.1716665822656606,0.7408404060442682,0.6919191919191919,0.6817472698907956,0.9349879025764605,0.1522012578616353,compas-sex,True,-0.02939517039043102,True,0.1588382983525163
0.0607239432610655,0.0607239432610655,0.0541638456330399,0.0945897582333904,0.6917511259009207,0.639520202020202,0.6448598130841121,compas,sex,5,proxy_soft,random,25.0,10.0,0.1398809523809523,0.0877176336638361,0.1398809523809523,0.150877593755949,0.7258233275471758,0.6660353535353535,0.6635514018691588,-0.273954126111846,0.2727272727272727,compas-sex,False,0.0791570091198868,False,0.1398809523809523
0.1010071090047393,0.0912361433970618,0.1010071090047393,0.1388159147154007,0.7211485389285743,0.6685606060606061,0.6651090342679128,compas,sex,5,proxy_soft,random,50.0,30.0,0.1398809523809523,0.0877176336638361,0.1398809523809523,0.150877593755949,0.7258233275471758,0.6660353535353535,0.6635514018691588,0.6070417527771415,0.7727272727272727,compas-sex,False,0.038873843376212996,True,0.1010071090047393
0.1036870909501241,0.0854642060818824,0.1036870909501241,0.143034456501047,0.730114149954804,0.6938131313131313,0.6962616822429907,compas,sex,5,proxy_soft,random,100.0,3.0,0.1398809523809523,0.0877176336638361,0.1398809523809523,0.150877593755949,0.7258233275471758,0.6660353535353535,0.6635514018691588,0.590713473162562,0.2759740259740259,compas-sex,False,0.0361938614308282,True,0.1036870909501241
0.1320525840668021,0.0831000838116925,0.1320525840668021,0.1509765848086808,0.7323811504587596,0.6881313131313131,0.6884735202492211,compas,sex,5,proxy_soft,random,200.0,10.0,0.1398809523809523,0.0877176336638361,0.1398809523809523,0.150877593755949,0.7258233275471758,0.6660353535353535,0.6635514018691588,0.7075189790788229,0.2456709956709957,compas-sex,False,0.007828368314150208,True,0.1320525840668021
0.0857594222523132,0.0432420892831728,0.0857594222523132,0.1035141823719779,0.7137779875370966,0.6672979797979798,0.677570093457944,compas,sex,5,proxy_soft,random,400.0,30.0,0.1398809523809523,0.0877176336638361,0.1398809523809523,0.150877593755949,0.7258233275471758,0.6660353535353535,0.6635514018691588,0.9759556447360801,0.1777296470888011,compas-sex,False,0.0541215301286391,True,0.0857594222523132
0.1244819489749287,0.1244819489749287,0.1141249153689911,0.1637311996759002,0.7121253329706986,0.6660353535353535,0.6583463338533542,compas,sex,6,proxy_soft,random,25.0,30.0,0.1524486571879936,0.1283427094659543,0.1524486571879936,0.180032409986327,0.7150770732175569,0.6641414141414141,0.6645865834633385,0.4558936444123321,0.1538461538461538,compas-sex,False,0.027966708213064906,True,0.1244819489749287
0.0747963251863408,0.0747963251863408,0.036306702775897,0.0979034790094697,0.6927638367823631,0.6439393939393939,0.6474258970358814,compas,sex,6,proxy_soft,random,50.0,30.0,0.1524486571879936,0.1283427094659543,0.1524486571879936,0.180032409986327,0.7150770732175569,0.6641414141414141,0.6645865834633385,0.5418773294732238,0.1624999999999999,compas-sex,False,0.07765233200165281,True,0.0747963251863408
0.1287918183394002,0.1287918183394002,0.1093855788761001,0.162860181293361,0.708268072409628,0.6597222222222222,0.6489859594383776,compas,sex,6,proxy_soft,random,100.0,3.0,0.1524486571879936,0.1283427094659543,0.1524486571879936,0.180032409986327,0.7150770732175569,0.6641414141414141,0.6645865834633385,0.7856409748882454,0.2222222222222222,compas-sex,False,0.023656838848593403,True,0.1287918183394002
0.0957176709546377,0.0938086008288816,0.0957176709546377,0.135569959993923,0.7025421762884867,0.6565656565656566,0.6536661466458659,compas,sex,6,proxy_soft,random,200.0,10.0,0.1524486571879936,0.1283427094659543,0.1524486571879936,0.180032409986327,0.7150770732175569,0.6641414141414141,0.6645865834633385,0.9763882952248796,0.2202531645569619,compas-sex,False,0.0567309862333559,True,0.0957176709546377
0.1070297357348839,0.1070297357348839,0.0941378921236741,0.1428065022535068,0.7086968346785483,0.6559343434343434,0.6505460218408736,compas,sex,6,proxy_soft,random,400.0,10.0,0.1524486571879936,0.1283427094659543,0.1524486571879936,0.180032409986327,0.7150770732175569,0.6641414141414141,0.6645865834633385,0.9111859995116314,0.1071808510638298,compas-sex,False,0.045418921453109704,True,0.1070297357348839
0.1473002708192281,0.0729477995477331,0.1473002708192281,0.150877593755949,0.7357712521298125,0.6887626262626263,0.6884735202492211,compas,sex,7,proxy_soft,random,25.0,30.0,0.2014218009478673,0.0803880639499027,0.2014218009478673,0.1775518751189795,0.7390957595731575,0.6944444444444444,0.6962616822429907,-0.6812756367878037,0.0909090909090909,compas-sex,False,0.054121530128639184,False,0.2014218009478673
0.1725062062739787,0.075311921817923,0.1725062062739787,0.1623529411764706,0.7357952500179985,0.6906565656565656,0.6962616822429907,compas,sex,7,proxy_soft,random,50.0,3.0,0.2014218009478673,0.0803880639499027,0.2014218009478673,0.1775518751189795,0.7390957595731575,0.6944444444444444,0.6962616822429907,0.03572585231410913,0.6,compas-sex,False,0.0289155946738886,True,0.1725062062739787
0.1819848792597607,0.0682749023514713,0.1819848792597607,0.162154959071007,0.7356368639559718,0.6919191919191919,0.6931464174454829,compas,sex,7,proxy_soft,random,100.0,3.0,0.2014218009478673,0.0803880639499027,0.2014218009478673,0.1775518751189795,0.7390957595731575,0.6944444444444444,0.6962616822429907,0.9785313750100727,0.0964912280701754,compas-sex,False,0.019436921688106595,True,0.1819848792597607
0.1819848792597607,0.0717934120846972,0.1819848792597607,0.1646068913002094,0.7346417515258657,0.6931818181818182,0.6947040498442367,compas,sex,7,proxy_soft,random,200.0,3.0,0.2014218009478673,0.0803880639499027,0.2014218009478673,0.1775518751189795,0.7390957595731575,0.6944444444444444,0.6962616822429907,0.964133953600058,0.0911680911680912,compas-sex,False,0.019436921688106595,True,0.1819848792597607
0.1609681787406905,0.075311921817923,0.1609681787406905,0.1590177041690462,0.7361904152434586,0.6944444444444444,0.6962616822429907,compas,sex,7,proxy_soft,random,400.0,3.0,0.2014218009478673,0.0803880639499027,0.2014218009478673,0.1775518751189795,0.7390957595731575,0.6944444444444444,0.6962616822429907,0.8690202750156804,0.1385618166526493,compas-sex,False,0.0404536222071768,True,0.1609681787406905
0.0904850008697439,0.0904850008697439,0.0815701873166328,0.1325414049114792,0.7311716568941933,0.6748737373737373,0.67601246105919,compas,sex,8,proxy_soft,random,25.0,0.3,0.078960731211916,0.0725445546120151,0.078960731211916,0.1220483533219113,0.7346353520890162,0.6799242424242424,0.6838006230529595,,0.6923076923076923,compas-sex,True,-0.011524269657827893,False,0.078960731211916
0.1126156623786955,0.0893306134067081,0.1126156623786955,0.1468570340757662,0.7360448280551313,0.6862373737373737,0.6822429906542056,compas,sex,8,proxy_soft,random,50.0,1.0,0.078960731211916,0.0725445546120151,0.078960731211916,0.1220483533219113,0.7346353520890162,0.6799242424242424,0.6838006230529595,0.9999995294579914,0.631578947368421,compas-sex,True,-0.03365493116677949,True,0.1126156623786955
0.1136453396524486,0.0507377010294606,0.1136453396524486,0.1246982676565772,0.7354560798649719,0.6900252525252525,0.705607476635514,compas,sex,8,proxy_soft,random,100.0,30.0,0.078960731211916,0.0725445546120151,0.078960731211916,0.1220483533219113,0.7346353520890162,0.6799242424242424,0.6838006230529595,0.9771782457836203,0.2097902097902098,compas-sex,True,-0.03468460844053259,True,0.1136453396524486
0.0642978003384094,0.0642978003384094,0.0221592191378921,0.0898838758804493,0.7232827511179016,0.6597222222222222,0.6666666666666666,compas,sex,8,proxy_soft,random,200.0,3.0,0.078960731211916,0.0725445546120151,0.078960731211916,0.1220483533219113,0.7346353520890162,0.6799242424242424,0.6838006230529595,0.6952425823246718,0.0555555555555555,compas-sex,False,0.014662930873506605,True,0.0642978003384094
0.0986764077992314,0.0986764077992314,0.0821202888738433,0.1388159147154007,0.7331042868227595,0.6786616161616161,0.6728971962616822,compas,sex,8,proxy_soft,random,400.0,3.0,0.078960731211916,0.0725445546120151,0.078960731211916,0.1220483533219113,0.7346353520890162,0.6799242424242424,0.6838006230529595,0.9246835842605716,0.2439345991561181,compas-sex,True,-0.019715676587315392,True,0.0986764077992314
0.0946879936808846,0.0653571597409351,0.0946879936808846,0.121269053527118,0.7238882978297909,0.6691919191919192,0.6770670826833073,compas,sex,9,proxy_soft,random,25.0,10.0,0.1336323628977657,0.094470445484486,0.1336323628977657,0.1588494454853902,0.7322395629184633,0.6875,0.6833073322932918,0.46919695016764956,0.3333333333333333,compas-sex,False,0.0389443692168811,True,0.0946879936808846
0.1330822613405551,0.0956601900439654,0.1330822613405551,0.1572795867726744,0.7294686067626048,0.6799242424242424,0.6770670826833073,compas,sex,9,proxy_soft,random,50.0,1.0,0.1336323628977657,0.094470445484486,0.1336323628977657,0.1588494454853902,0.7322395629184633,0.6875,0.6833073322932918,0.9955194193439106,0.2499999999999999,compas-sex,False,0.0005501015572106083,True,0.1330822613405551
0.1162547957571654,0.0754581698419452,0.1162547957571654,0.1372259077328201,0.7296925870523394,0.6748737373737373,0.6770670826833073,compas,sex,9,proxy_soft,random,100.0,1.0,0.1336323628977657,0.094470445484486,0.1336323628977657,0.1588494454853902,0.7322395629184633,0.6875,0.6833073322932918,0.14862525487486114,0.2680851063829788,compas-sex,False,0.017377567140600306,True,0.1162547957571654
0.1283429248476641,0.0878598780314848,0.1283429248476641,0.1510001519218109,0.7291662333714634,0.6811868686868687,0.6848673946957878,compas,sex,9,proxy_soft,random,200.0,3.0,0.1336323628977657,0.094470445484486,0.1336323628977657,0.1588494454853902,0.7322395629184633,0.6875,0.6833073322932918,-0.7111301805515264,0.1443907675791733,compas-sex,False,0.005289438050101597,False,0.1336323628977657
0.1236035883547732,0.0878598780314848,0.1236035883547732,0.1486453638527372,0.7289406532225164,0.6792929292929293,0.6848673946957878,compas,sex,9,proxy_soft,random,400.0,1.0,0.1336323628977657,0.094470445484486,0.1336323628977657,0.1588494454853902,0.7322395629184633,0.6875,0.6833073322932918,0.1667261964988461,0.0967172954434101,compas-sex,False,0.010028774542992502,True,0.1236035883547732
0.0998307952622673,0.0998307952622673,0.08836887835703,0.138229583095374,0.7266368559566758,0.6654040404040404,0.6666666666666666,compas,sex,10,proxy_soft,random,25.0,1.0,0.1540989618596253,0.0772174518082768,0.1540989618596253,0.1533295259851513,0.7358088488213037,0.6786616161616161,0.6791277258566978,,0.4444444444444444,compas-sex,False,0.05426816659735799,False,0.1540989618596253
0.1503893026404875,0.0905403482138621,0.1503893026404875,0.1610812868836855,0.7364535920838966,0.6837121212121212,0.6962616822429907,compas,sex,10,proxy_soft,random,50.0,10.0,0.1540989618596253,0.0772174518082768,0.1540989618596253,0.1533295259851513,0.7358088488213037,0.6786616161616161,0.6791277258566978,0.5980012696380576,0.3307692307692307,compas-sex,False,0.0037096592191377953,True,0.1503893026404875
0.1130983443237345,0.1130983443237345,0.1057464454976303,0.1548981534361317,0.7329690987193127,0.6723484848484849,0.6635514018691588,compas,sex,10,proxy_soft,random,100.0,30.0,0.1540989618596253,0.0772174518082768,0.1540989618596253,0.1533295259851513,0.7358088488213037,0.6786616161616161,0.6791277258566978,-0.9805996171854756,0.1478260869565217,compas-sex,False,0.04100061753589079,False,0.1540989618596253
0.1446202888738433,0.0982731628635134,0.1446202888738433,0.1605863316200266,0.7287214725104192,0.6717171717171717,0.6682242990654206,compas,sex,10,proxy_soft,random,200.0,3.0,0.1540989618596253,0.0772174518082768,0.1540989618596253,0.1533295259851513,0.7358088488213037,0.6786616161616161,0.6791277258566978,0.9998800854681779,0.2990142387732749,compas-sex,False,0.009478672985782005,True,0.1446202888738433
0.1089060031595576,0.0768142068725588,0.1089060031595576,0.134795355035218,0.7313660397884986,0.6748737373737373,0.6744548286604362,compas,sex,10,proxy_soft,random,400.0,3.0,0.1540989618596253,0.0772174518082768,0.1540989618596253,0.1533295259851513,0.7358088488213037,0.6786616161616161,0.6791277258566978,0.9472688258227309,0.0281609195402298,compas-sex,False,0.04519295870006769,False,0.1540989618596253
0.1140543895283232,0.0490693739424704,0.1140543895283232,0.1126365886160289,0.7041612338114245,0.6483585858585859,0.6666666666666666,compas,sex,11,proxy_soft,random,25.0,30.0,0.1419403069284585,0.0635466578110915,0.1419403069284585,0.1359756329716352,0.7100215181064068,0.6628787878787878,0.677570093457944,-0.912563620655247,0.625,compas-sex,False,0.027885917400135296,False,0.1419403069284585
0.1356211916046039,0.0447443743378085,0.1356211916046039,0.1179288025889967,0.708700034396973,0.6464646464646465,0.6557632398753894,compas,sex,11,proxy_soft,random,50.0,3.0,0.1419403069284585,0.0635466578110915,0.1419403069284585,0.1359756329716352,0.7100215181064068,0.6628787878787878,0.677570093457944,0.7453936948654991,0.4642857142857143,compas-sex,False,0.006319115323854596,True,0.1356211916046039
0.1277222974497855,0.0517813938042601,0.1277222974497855,0.1189110984199505,0.7056731007671324,0.6458333333333334,0.6588785046728972,compas,sex,11,proxy_soft,random,100.0,3.0,0.1419403069284585,0.0635466578110915,0.1419403069284585,0.1359756329716352,0.7100215181064068,0.6628787878787878,0.677570093457944,0.7740869937469939,0.1936507936507936,compas-sex,False,0.014218009478672994,True,0.1277222974497855
0.1009365831640713,0.070931574869143,0.1009365831640713,0.1222463354273748,0.7035404884370176,0.6534090909090909,0.6651090342679128,compas,sex,11,proxy_soft,random,200.0,30.0,0.1419403069284585,0.0635466578110915,0.1419403069284585,0.1359756329716352,0.7100215181064068,0.6628787878787878,0.677570093457944,0.9337752319703811,0.0402777777777777,compas-sex,False,0.0410037237643872,False,0.1419403069284585
0.0773104265402843,0.0467052516722804,0.0773104265402843,0.0978260041880829,0.7037564694306901,0.6502525252525253,0.6588785046728972,compas,sex,11,proxy_soft,random,400.0,10.0,0.1419403069284585,0.0635466578110915,0.1419403069284585,0.1359756329716352,0.7100215181064068,0.6628787878787878,0.677570093457944,0.8932261674010408,0.1089743589743589,compas-sex,False,0.06462988038817419,True,0.0773104265402843
0.1157752200406228,0.0315875199645776,0.1157752200406228,0.1139082429088139,0.7366567742038701,0.6893939393939394,0.6993769470404985,compas,sex,12,proxy_soft,random,25.0,10.0,0.1257334687429474,0.091694735676898,0.1257334687429474,0.1535275080906148,0.7395717176888434,0.6875,0.6900311526479751,,0.25,compas-sex,False,0.009958248702324618,False,0.1257334687429474
0.1078763258858045,0.0990796527349494,0.1078763258858045,0.1500932800304588,0.737120733375463,0.6830808080808081,0.677570093457944,compas,sex,12,proxy_soft,random,50.0,10.0,0.1257334687429474,0.091694735676898,0.1257334687429474,0.1535275080906148,0.7395717176888434,0.6875,0.6900311526479751,-0.978358782595795,0.25,compas-sex,False,0.01785714285714292,False,0.1257334687429474
0.1104857819905213,0.088524123535272,0.1104857819905213,0.1428364743955834,0.738978169921047,0.6761363636363636,0.6728971962616822,compas,sex,12,proxy_soft,random,100.0,1.0,0.1257334687429474,0.091694735676898,0.1257334687429474,0.1535275080906148,0.7395717176888434,0.6875,0.6900311526479751,0.9995390493672085,0.2818181818181818,compas-sex,False,0.015247686752426118,True,0.1104857819905213
0.0873392010832768,0.0861600012650821,0.0873392010832768,0.129990481629545,0.7311596579501004,0.6666666666666666,0.6651090342679128,compas,sex,12,proxy_soft,random,200.0,10.0,0.1257334687429474,0.091694735676898,0.1257334687429474,0.1535275080906148,0.7395717176888434,0.6875,0.6900311526479751,0.9033921218981329,0.126890756302521,compas-sex,False,0.03839426765967062,True,0.0873392010832768
0.1225739110810201,0.0944067555386878,0.1225739110810201,0.1526442033123929,0.7386278007535337,0.6824494949494949,0.6822429906542056,compas,sex,12,proxy_soft,random,400.0,1.0,0.1257334687429474,0.091694735676898,0.1257334687429474,0.1535275080906148,0.7395717176888434,0.6875,0.6900311526479751,0.9883555234454418,0.1051587301587301,compas-sex,False,0.003159557661927312,True,0.1225739110810201
0.1078763258858045,0.0941001276414692,0.1078763258858045,0.1476021674178357,0.7323539528521491,0.6830808080808081,0.6786271450858035,compas,sex,13,proxy_soft,random,25.0,30.0,0.1199644549763033,0.097960888132495,0.1199644549763033,0.1557097280599585,0.7339762100935118,0.6875,0.6848673946957878,,0.0307692307692307,compas-sex,False,0.012088129090498806,False,0.1199644549763033
0.1199644549763033,0.097960888132495,0.1199644549763033,0.1557097280599585,0.7334354576797242,0.6875,0.6848673946957878,compas,sex,13,proxy_soft,random,50.0,30.0,0.1199644549763033,0.097960888132495,0.1199644549763033,0.1557097280599585,0.7339762100935118,0.6875,0.6848673946957878,-0.9211766625675925,0.4318181818181818,compas-sex,False,0.0,False,0.1199644549763033
0.1094561047167682,0.0843694353834758,0.1094561047167682,0.1428065022535068,0.7322339634112198,0.6849747474747475,0.6833073322932918,compas,sex,13,proxy_soft,random,100.0,3.0,0.1199644549763033,0.097960888132495,0.1199644549763033,0.1557097280599585,0.7339762100935118,0.6875,0.6848673946957878,0.6642811923020332,0.3888888888888888,compas-sex,False,0.010508350259535101,True,0.1094561047167682
0.0809577837658961,0.0809577837658961,0.0657723990069961,0.117172228692966,0.7262616889713706,0.6597222222222222,0.6614664586583463,compas,sex,13,proxy_soft,random,200.0,3.0,0.1199644549763033,0.097960888132495,0.1199644549763033,0.1557097280599585,0.7339762100935118,0.6875,0.6848673946957878,0.8039081523176789,0.369047619047619,compas-sex,False,0.0390066712104072,True,0.0809577837658961
0.1089060031595576,0.0637970973384389,0.1089060031595576,0.1275484883779813,0.724361056227052,0.6755050505050505,0.6786271450858035,compas,sex,13,proxy_soft,random,400.0,3.0,0.1199644549763033,0.097960888132495,0.1199644549763033,0.1557097280599585,0.7339762100935118,0.6875,0.6848673946957878,0.8789926339827743,0.4125,compas-sex,False,0.011058451816745696,True,0.1089060031595576
0.1587677725118483,0.0787197368629125,0.1587677725118483,0.1500932800304588,0.7169673068769948,0.6565656565656566,0.6573208722741433,compas,sex,14,proxy_soft,random,25.0,10.0,0.1677668697810878,0.1037525499312111,0.1677668697810878,0.1750009518370455,0.7282591131980386,0.6799242424242424,0.6728971962616822,0.9634929364987108,0.375,compas-sex,False,0.008999097269239503,True,0.1587677725118483
0.1724356804333107,0.0674130651359172,0.1724356804333107,0.1493089663049686,0.7211077425186583,0.6597222222222222,0.6635514018691588,compas,sex,14,proxy_soft,random,50.0,10.0,0.1677668697810878,0.1037525499312111,0.1677668697810878,0.1750009518370455,0.7282591131980386,0.6799242424242424,0.6728971962616822,-0.3391170834875533,0.0777777777777777,compas-sex,False,-0.00466881065222291,False,0.1677668697810878
0.1667371925073346,0.0425462940999731,0.1667371925073346,0.1414658290500666,0.7297149850813128,0.6950757575757576,0.7087227414330218,compas,sex,14,proxy_soft,random,100.0,3.0,0.1677668697810878,0.1037525499312111,0.1677668697810878,0.1750009518370455,0.7282591131980386,0.6799242424242424,0.6728971962616822,0.8787205318114695,0.3589743589743589,compas-sex,False,0.0010296772737531934,True,0.1667371925073346
0.189813247573911,0.0651042902098455,0.189813247573911,0.1581343993908242,0.7254081640815608,0.672979797979798,0.67601246105919,compas,sex,14,proxy_soft,random,200.0,1.0,0.1677668697810878,0.1037525499312111,0.1677668697810878,0.1750009518370455,0.7282591131980386,0.6799242424242424,0.6728971962616822,0.9833453538654443,0.3333333333333333,compas-sex,True,-0.022046377792823202,True,0.189813247573911
0.1146750169262018,0.0303777851574237,0.1146750169262018,0.1083190557776508,0.7178184319779859,0.672979797979798,0.6853582554517134,compas,sex,14,proxy_soft,random,400.0,10.0,0.1677668697810878,0.1037525499312111,0.1677668697810878,0.1750009518370455,0.7282591131980386,0.6799242424242424,0.6728971962616822,0.9950069056005063,0.1245421245421245,compas-sex,False,0.05309185285488599,True,0.1146750169262018
0.1097007516664302,0.1097007516664302,0.1010071090047393,0.1508279738694485,0.7282055179144236,0.6698232323232324,0.6630265210608425,compas,sex,15,proxy_soft,random,25.0,3.0,0.1337635323594761,0.1337635323594761,0.1315024825095915,0.1797741429077834,0.7371743286590781,0.6799242424242424,0.6692667706708268,0.8968291429224946,0.380952380952381,compas-sex,False,0.024062780693045904,True,0.1097007516664302
0.1451703904310539,0.123662522258466,0.1451703904310539,0.1789031245252443,0.7307268960331489,0.6799242424242424,0.6692667706708268,compas,sex,15,proxy_soft,random,50.0,3.0,0.1337635323594761,0.1337635323594761,0.1315024825095915,0.1797741429077834,0.7371743286590781,0.6799242424242424,0.6692667706708268,0.7918059281714659,0.1826086956521739,compas-sex,True,-0.011406858071577791,True,0.1451703904310539
0.1666666666666666,0.0980396791629241,0.1666666666666666,0.1677419354838709,0.7275575749334059,0.6660353535353535,0.6645865834633385,compas,sex,15,proxy_soft,random,100.0,3.0,0.1337635323594761,0.1337635323594761,0.1315024825095915,0.1797741429077834,0.7371743286590781,0.6799242424242424,0.6692667706708268,0.7576572218454675,0.1203007518796992,compas-sex,True,-0.032903134307190496,True,0.1666666666666666
0.1271529649064751,0.1271529649064751,0.0957881967953058,0.162860181293361,0.7372815192263081,0.6824494949494949,0.6708268330733229,compas,sex,15,proxy_soft,random,200.0,3.0,0.1337635323594761,0.1337635323594761,0.1315024825095915,0.1797741429077834,0.7371743286590781,0.6799242424242424,0.6692667706708268,0.8959064766597016,0.3563218390804597,compas-sex,False,0.0066105674530010095,True,0.1271529649064751
0.1251833671857368,0.113561512157456,0.1251833671857368,0.1637311996759002,0.73017174488645,0.6748737373737373,0.6692667706708268,compas,sex,15,proxy_soft,random,400.0,3.0,0.1337635323594761,0.1337635323594761,0.1315024825095915,0.1797741429077834,0.7371743286590781,0.6799242424242424,0.6692667706708268,0.9175099384612302,0.1306818181818181,compas-sex,False,0.008580165173739301,True,0.1251833671857368
0.1325321597833446,0.0814871040688205,0.1325321597833446,0.1452884066247858,0.7374191071185736,0.6698232323232324,0.6697819314641744,compas,sex,16,proxy_soft,random,25.0,3.0,0.1762158654931166,0.1084807944715909,0.1762158654931166,0.1854940034266133,0.7513442817032101,0.6963383838383839,0.6884735202492211,0.7560630775243125,0.25,compas-sex,False,0.04368370570977201,True,0.1325321597833446
0.1625479575716542,0.0960197352815598,0.1625479575716542,0.1736303064915286,0.7517090496036348,0.7001262626262627,0.7009345794392523,compas,sex,16,proxy_soft,random,50.0,30.0,0.1762158654931166,0.1084807944715909,0.1762158654931166,0.1854940034266133,0.7513442817032101,0.6963383838383839,0.6884735202492211,-0.9238026271973562,0.1866666666666667,compas-sex,False,0.013667907921462413,False,0.1762158654931166
0.1267631460167005,0.1017916725967392,0.1267631460167005,0.1565657719398439,0.7342433865819809,0.6742424242424242,0.6697819314641744,compas,sex,16,proxy_soft,random,100.0,10.0,0.1762158654931166,0.1084807944715909,0.1762158654931166,0.1854940034266133,0.7513442817032101,0.6963383838383839,0.6884735202492211,-0.9505208721677101,0.2342342342342342,compas-sex,False,0.04945271947641611,False,0.1762158654931166
0.1130952380952381,0.0549520059458861,0.1130952380952381,0.1219493622691795,0.7348065370247419,0.6704545454545454,0.67601246105919,compas,sex,16,proxy_soft,random,200.0,30.0,0.1762158654931166,0.1084807944715909,0.1762158654931166,0.1854940034266133,0.7513442817032101,0.6963383838383839,0.6884735202492211,0.9601980054434637,0.0753968253968253,compas-sex,False,0.0631206273978785,True,0.1130952380952381
0.1551991649740464,0.0956164903458418,0.1551991649740464,0.1702950694841043,0.7530305333130685,0.6988636363636364,0.6962616822429907,compas,sex,16,proxy_soft,random,400.0,3.0,0.1762158654931166,0.1084807944715909,0.1762158654931166,0.1854940034266133,0.7513442817032101,0.6963383838383839,0.6884735202492211,0.4960806675921047,0.1393433112890126,compas-sex,False,0.021016700519070203,True,0.1551991649740464
0.0436554953735048,0.0142875215459303,0.0436554953735048,0.0624252807919284,0.7083424658630041,0.639520202020202,0.6557632398753894,compas,sex,17,proxy_soft,random,25.0,1.0,0.0794403069284585,0.0151493587614846,0.0794403069284585,0.0835103750237958,0.7163129644591276,0.6654040404040404,0.6853582554517134,0.9713141602855029,0.9,compas-sex,False,0.03578481155495371,True,0.0436554953735048
0.1067761227713834,0.0049970744975251,0.1067761227713834,0.0882162573767371,0.7163609602354992,0.6666666666666666,0.6853582554517134,compas,sex,17,proxy_soft,random,50.0,1.0,0.0794403069284585,0.0151493587614846,0.0794403069284585,0.0835103750237958,0.7163129644591276,0.6654040404040404,0.6853582554517134,-0.7305634184893368,0.36,compas-sex,True,-0.027335815842924896,False,0.0794403069284585
0.0957176709546377,0.0288201527586697,0.0957176709546377,0.0981229773462782,0.7154378414699507,0.6660353535353535,0.6869158878504673,compas,sex,17,proxy_soft,random,100.0,1.0,0.0794403069284585,0.0151493587614846,0.0794403069284585,0.0835103750237958,0.7163129644591276,0.6654040404040404,0.6853582554517134,0.9928857555601341,0.4415584415584416,compas-sex,True,-0.0162773640261792,True,0.0957176709546377
0.0705117354998871,0.0030361971630532,0.0705117354998871,0.0721340186560061,0.7114573917495259,0.6628787878787878,0.6822429906542056,compas,sex,17,proxy_soft,random,200.0,1.0,0.0794403069284585,0.0151493587614846,0.0794403069284585,0.0835103750237958,0.7163129644591276,0.6654040404040404,0.6853582554517134,0.9265947720007229,0.4085365853658536,compas-sex,False,0.00892857142857141,True,0.0705117354998871
0.0889189799142405,0.0268592754241978,0.0889189799142405,0.0954730630116124,0.7153562486501188,0.6698232323232324,0.6838006230529595,compas,sex,17,proxy_soft,random,400.0,1.0,0.0794403069284585,0.0151493587614846,0.0794403069284585,0.0835103750237958,0.7163129644591276,0.6654040404040404,0.6853582554517134,0.9964007970337457,0.176056338028169,compas-sex,False,-0.009478672985781991,True,0.0889189799142405
0.1130952380952381,0.096479616760428,0.1130952380952381,0.1476021674178357,0.7280775291774324,0.6704545454545454,0.6661466458658346,compas,sex,18,proxy_soft,random,25.0,30.0,0.1493596253667343,0.1104413873524639,0.1493596253667343,0.1717526712918418,0.7324723424338658,0.67739898989899,0.672386895475819,0.17421572131166432,0.2222222222222222,compas-sex,False,0.03626438727149621,True,0.1130952380952381
0.1424904084856691,0.0976693613199073,0.1424904084856691,0.1572795867726744,0.7247002263800786,0.6622474747474747,0.6599063962558502,compas,sex,18,proxy_soft,random,50.0,3.0,0.1493596253667343,0.1104413873524639,0.1493596253667343,0.1717526712918418,0.7324723424338658,0.67739898989899,0.672386895475819,0.8080019910417605,0.2391304347826087,compas-sex,False,0.006869216881065204,True,0.1424904084856691
0.1582881967953058,0.0738193164090199,0.1582881967953058,0.1551830657821441,0.7294566078185121,0.6862373737373737,0.6989079563182528,compas,sex,18,proxy_soft,random,100.0,30.0,0.1493596253667343,0.1104413873524639,0.1493596253667343,0.1717526712918418,0.7324723424338658,0.67739898989899,0.672386895475819,-0.9966781888359285,0.1243243243243243,compas-sex,False,-0.008928571428571508,False,0.1493596253667343
0.1424904084856691,0.1272317559369041,0.1424904084856691,0.1748923887172735,0.7292774235867243,0.6609848484848485,0.6505460218408736,compas,sex,18,proxy_soft,random,200.0,3.0,0.1493596253667343,0.1104413873524639,0.1493596253667343,0.1717526712918418,0.7324723424338658,0.67739898989899,0.672386895475819,0.9135366372260025,0.0812445980985306,compas-sex,False,0.006869216881065204,True,0.1424904084856691
0.1115154592642744,0.1097007516664302,0.1115154592642744,0.1548387096774193,0.725610546271928,0.6698232323232324,0.6630265210608425,compas,sex,18,proxy_soft,random,400.0,3.0,0.1493596253667343,0.1104413873524639,0.1493596253667343,0.1717526712918418,0.7324723424338658,0.67739898989899,0.672386895475819,0.840224573187,0.2781385281385282,compas-sex,False,0.0378441661024599,True,0.1115154592642744
0.1267137909768015,0.1267137909768015,0.0852093206951026,0.150877593755949,0.7215869003527688,0.6559343434343434,0.6448598130841121,compas,sex,19,proxy_soft,random,25.0,1.0,0.136518177649161,0.136518177649161,0.0936583164071315,0.1646068913002094,0.7277287598691315,0.672979797979798,0.660436137071651,0.9344121005480703,0.6666666666666667,compas-sex,False,0.0098043866723595,True,0.1267137909768015
0.0894690814714511,0.088524123535272,0.0894690814714511,0.134795355035218,0.725820127828751,0.6761363636363636,0.6728971962616822,compas,sex,19,proxy_soft,random,50.0,0.3,0.136518177649161,0.136518177649161,0.0936583164071315,0.1646068913002094,0.7277287598691315,0.672979797979798,0.660436137071651,0.7825594596985874,0.4666666666666667,compas-sex,False,0.04704909617770989,True,0.0894690814714511
0.0916393883327798,0.0916393883327798,0.0863095238095238,0.134795355035218,0.7257977297997776,0.6736111111111112,0.6697819314641744,compas,sex,19,proxy_soft,random,100.0,0.3,0.136518177649161,0.136518177649161,0.0936583164071315,0.1646068913002094,0.7277287598691315,0.672979797979798,0.660436137071651,0.9030094302447796,0.35,compas-sex,False,0.04487878931638119,True,0.0916393883327798
0.0994273301737757,0.0947546531302876,0.0994273301737757,0.1404835332191129,0.723145163225636,0.6691919191919192,0.6666666666666666,compas,sex,19,proxy_soft,random,200.0,1.0,0.136518177649161,0.136518177649161,0.0936583164071315,0.1646068913002094,0.7277287598691315,0.672979797979798,0.660436137071651,0.9819379321870871,0.3125,compas-sex,False,0.0370908474753853,True,0.0994273301737757
0.1010071090047393,0.0565096383446399,0.1010071090047393,0.1179288025889967,0.7202766156578222,0.6691919191919192,0.6744548286604362,compas,sex,19,proxy_soft,random,400.0,3.0,0.136518177649161,0.136518177649161,0.0936583164071315,0.1646068913002094,0.7277287598691315,0.672979797979798,0.660436137071651,0.8166397840351712,0.2867996201329534,compas-sex,False,0.03551106864442169,True,0.1010071090047393
0.0483182314151524,0.0483182314151524,0.0037519747235387,0.0732153055396915,0.7216748926094504,0.6603535353535354,0.677570093457944,compas,sex,20,proxy_soft,random,25.0,30.0,0.0437260212141728,0.0296266426301057,0.0437260212141728,0.0812564249000571,0.7318227995936358,0.6755050505050505,0.6962616822429907,0.9868663664370861,0.6363636363636364,compas-sex,False,-0.0045922102009796,True,0.0483182314151524
0.0952380952380952,0.0171102360959565,0.0952380952380952,0.09302113078241,0.7280903280511315,0.6736111111111112,0.6884735202492211,compas,sex,20,proxy_soft,random,50.0,1.0,0.0437260212141728,0.0296266426301057,0.0437260212141728,0.0812564249000571,0.7318227995936358,0.6755050505050505,0.6962616822429907,0.9344190327059445,0.4285714285714286,compas-sex,True,-0.051512074023922404,True,0.0952380952380952
0.073698942075051,0.073698942075051,0.0490154592642744,0.1106719969541214,0.7258761229011848,0.67739898989899,0.677570093457944,compas,sex,20,proxy_soft,random,100.0,3.0,0.0437260212141728,0.0296266426301057,0.0437260212141728,0.0812564249000571,0.7318227995936358,0.6755050505050505,0.6962616822429907,0.21286897137654642,0.3284823284823285,compas-sex,True,-0.029972920860878195,True,0.073698942075051
0.0600834954219839,0.0600834954219839,0.0574644549763033,0.1098876832286313,0.7325555351129102,0.6931818181818182,0.6962616822429907,compas,sex,20,proxy_soft,random,200.0,1.0,0.0437260212141728,0.0296266426301057,0.0437260212141728,0.0812564249000571,0.7318227995936358,0.6755050505050505,0.6962616822429907,0.9841977834769475,0.3293172690763052,compas-sex,True,-0.0163574742078111,True,0.0600834954219839
0.0389866847212818,0.0276104179515157,0.0389866847212818,0.0744869598324766,0.7181792002303797,0.6609848484848485,0.6728971962616822,compas,sex,20,proxy_soft,random,400.0,3.0,0.0437260212141728,0.0296266426301057,0.0437260212141728,0.0812564249000571,0.7318227995936358,0.6755050505050505,0.6962616822429907,0.9905071661348395,0.298292220113852,compas-sex,False,0.0047393364928910026,True,0.0389866847212818
0.1692761227713834,0.0428388443474548,0.1692761227713834,0.1333257186369694,0.7172264840694019,0.6603535353535354,0.6728971962616822,compas,sex,21,proxy_soft,random,25.0,30.0,0.1335618370570977,0.0483182314151524,0.1335618370570977,0.1245002855511137,0.7231203654078441,0.6660353535353535,0.677570093457944,0.08033351376270198,0.4285714285714285,compas-sex,True,-0.0357142857142857,True,0.1692761227713834
0.0931082148499209,0.0525878836756962,0.0931082148499209,0.1106719969541214,0.7172920782971098,0.6622474747474747,0.6682242990654206,compas,sex,21,proxy_soft,random,50.0,10.0,0.1335618370570977,0.0483182314151524,0.1335618370570977,0.1245002855511137,0.7231203654078441,0.6660353535353535,0.677570093457944,0.9617273695553941,0.217391304347826,compas-sex,False,0.0404536222071768,True,0.0931082148499209
0.1204440306928458,0.0299745402217056,0.1204440306928458,0.109103369503141,0.7208453656078265,0.6685606060606061,0.6806853582554517,compas,sex,21,proxy_soft,random,100.0,30.0,0.1335618370570977,0.0483182314151524,0.1335618370570977,0.1245002855511137,0.7231203654078441,0.6660353535353535,0.677570093457944,0.7512974765785257,0.1256038647342995,compas-sex,False,0.013117806364251902,True,0.1204440306928458
0.1267631460167005,0.056912883280358,0.1267631460167005,0.1292061679040548,0.7219780659301982,0.6736111111111112,0.6791277258566978,compas,sex,21,proxy_soft,random,200.0,3.0,0.1335618370570977,0.0483182314151524,0.1335618370570977,0.1245002855511137,0.7231203654078441,0.6660353535353535,0.677570093457944,0.8779577472758096,0.128167641325536,compas-sex,False,0.006798691040397209,True,0.1267631460167005
0.1220238095238095,0.0498758638139064,0.1220238095238095,0.1219493622691795,0.7162057738918974,0.6691919191919192,0.67601246105919,compas,sex,21,proxy_soft,random,400.0,10.0,0.1335618370570977,0.0483182314151524,0.1335618370570977,0.1245002855511137,0.7231203654078441,0.6660353535353535,0.677570093457944,0.9111516609550567,0.1041666666666666,compas-sex,False,0.011538027533288198,True,0.1220238095238095
0.064672195892575,0.0626848205955374,0.064672195892575,0.1002779364172853,0.6990608826423275,0.6414141414141414,0.6479750778816199,compas,sex,22,proxy_soft,random,25.0,3.0,0.0877176336638361,0.0877176336638361,0.0615831640713157,0.1203807348181991,0.7148770908160083,0.6641414141414141,0.6635514018691588,0.7816206704415571,0.625,compas-sex,False,0.0230454377712611,True,0.064672195892575
0.0900817559340259,0.0900817559340259,0.064742721733243,0.1245002855511137,0.7139091759925128,0.6698232323232324,0.6713395638629284,compas,sex,22,proxy_soft,random,50.0,10.0,0.0877176336638361,0.0877176336638361,0.0615831640713157,0.1203807348181991,0.7148770908160083,0.6641414141414141,0.6635514018691588,0.9387763389947192,0.1111111111111111,compas-sex,False,-0.0023641222701897974,True,0.0900817559340259
0.1060613248572829,0.1060613248572829,0.0994273301737757,0.1468570340757662,0.7069929846173536,0.6672979797979798,0.660436137071651,compas,sex,22,proxy_soft,random,100.0,3.0,0.0877176336638361,0.0877176336638361,0.0615831640713157,0.1203807348181991,0.7148770908160083,0.6641414141414141,0.6635514018691588,0.8234688007357898,0.3345864661654135,compas-sex,True,-0.018343691193446796,True,0.1060613248572829
0.0935449183231336,0.0935449183231336,0.0521044910855337,0.1179288025889967,0.7082888705793889,0.6553030303030303,0.6526479750778816,compas,sex,22,proxy_soft,random,200.0,10.0,0.0877176336638361,0.0877176336638361,0.0615831640713157,0.1203807348181991,0.7148770908160083,0.6641414141414141,0.6635514018691588,0.9919367613414534,0.1924242424242424,compas-sex,False,-0.005827284659297494,True,0.0935449183231336
0.104100447522811,0.104100447522811,0.0631629429022793,0.1307747953550352,0.7103366903712474,0.663510101010101,0.6573208722741433,compas,sex,22,proxy_soft,random,400.0,3.0,0.0877176336638361,0.0877176336638361,0.0615831640713157,0.1203807348181991,0.7148770908160083,0.6641414141414141,0.6635514018691588,0.9555120664874506,0.2549568965517241,compas-sex,True,-0.0163828138589749,True,0.104100447522811
0.1447095845786485,0.1447095845786485,0.107326224328594,0.1750009518370455,0.726185695658782,0.6736111111111112,0.6573208722741433,compas,sex,23,proxy_soft,random,25.0,30.0,0.139285544855069,0.139285544855069,0.1372714962762356,0.1849076718065866,0.7294110118309589,0.6805555555555556,0.6728971962616822,-0.6774075546381273,0.0999999999999999,compas-sex,False,-0.0054240397235794935,False,0.139285544855069
0.1306355456457454,0.1306355456457454,0.1104152561498533,0.1631372549019607,0.7042500259977121,0.6571969696969697,0.6510903426791277,compas,sex,23,proxy_soft,random,50.0,30.0,0.139285544855069,0.139285544855069,0.1372714962762356,0.1849076718065866,0.7294110118309589,0.6805555555555556,0.6728971962616822,-0.9951740756076187,0.1133333333333334,compas-sex,False,0.008649999209323606,False,0.139285544855069
0.1535488603024148,0.1513433591093821,0.1535488603024148,0.1959870550161812,0.727681564022366,0.6710858585858586,0.6557632398753894,compas,sex,23,proxy_soft,random,100.0,1.0,0.139285544855069,0.139285544855069,0.1372714962762356,0.1849076718065866,0.7294110118309589,0.6805555555555556,0.6728971962616822,0.9992773294295297,0.3440860215053763,compas-sex,True,-0.014263315447345798,True,0.1535488603024148
0.152900991508136,0.152900991508136,0.1341119386143083,0.1895145631067961,0.7253409699946405,0.6710858585858586,0.6542056074766355,compas,sex,23,proxy_soft,random,200.0,10.0,0.139285544855069,0.139285544855069,0.1372714962762356,0.1849076718065866,0.7294110118309589,0.6805555555555556,0.6728971962616822,0.8759039748978583,0.1032702237521514,compas-sex,True,-0.013615446653066993,True,0.152900991508136
0.1224994860603759,0.1224994860603759,0.107326224328594,0.1631372549019607,0.7309020806169056,0.6799242424242424,0.6744548286604362,compas,sex,23,proxy_soft,random,400.0,3.0,0.139285544855069,0.139285544855069,0.1372714962762356,0.1849076718065866,0.7294110118309589,0.6805555555555556,0.6728971962616822,0.9980113000402215,0.1240384615384615,compas-sex,False,0.016786058794693096,True,0.1224994860603759
0.1966119386143083,0.1003403772514537,0.1966119386143083,0.1815161796728617,0.722046859876331,0.6698232323232324,0.672386895475819,compas,sex,24,proxy_soft,random,25.0,3.0,0.2512835703001579,0.1034605020564458,0.2512835703001579,0.2054084164683243,0.7227539976482069,0.6736111111111112,0.6692667706708268,0.020942430393610365,0.25,compas-sex,False,0.0546716316858496,True,0.1966119386143083
0.2470943353644775,0.120172079610457,0.2470943353644775,0.2149997467969818,0.7189239346937469,0.67739898989899,0.6677067082683308,compas,sex,24,proxy_soft,random,50.0,1.0,0.2512835703001579,0.1034605020564458,0.2512835703001579,0.2054084164683243,0.7227539976482069,0.6736111111111112,0.6692667706708268,0.6482978235411777,0.6086956521739131,compas-sex,False,0.004189234935680408,True,0.2470943353644775
0.2360358835477319,0.0956601900439654,0.2360358835477319,0.1951182458094901,0.7229971762484902,0.6748737373737373,0.6770670826833073,compas,sex,24,proxy_soft,random,100.0,30.0,0.2512835703001579,0.1034605020564458,0.2512835703001579,0.2054084164683243,0.7227539976482069,0.6736111111111112,0.6692667706708268,-0.8326742465073192,0.2267080745341614,compas-sex,False,0.01524768675242602,False,0.2512835703001579
0.1450998645903858,0.0739768984698782,0.1450998645903858,0.1420215728971489,0.7083328667077297,0.6553030303030303,0.6583463338533542,compas,sex,24,proxy_soft,random,200.0,10.0,0.2512835703001579,0.1034605020564458,0.2512835703001579,0.2054084164683243,0.7227539976482069,0.6736111111111112,0.6692667706708268,0.8386280574385233,0.2073330423395897,compas-sex,False,0.10618370570977212,True,0.1450998645903858
0.189742721733243,0.0355032383113507,0.189742721733243,0.1340001012812072,0.6991848717312877,0.648989898989899,0.6614664586583463,compas,sex,24,proxy_soft,random,400.0,10.0,0.2512835703001579,0.1034605020564458,0.2512835703001579,0.2054084164683243,0.7227539976482069,0.6736111111111112,0.6692667706708268,0.9905602083044328,0.0952380952380952,compas-sex,False,0.06154084856691491,True,0.189742721733243
0.1136453396524486,0.1108117051954805,0.1136453396524486,0.1597204638679292,0.7441881114461928,0.6824494949494949,0.6770670826833073,compas,sex,25,proxy_soft,random,25.0,30.0,0.1216533509825241,0.1216533509825241,0.1100062062739787,0.1685268648402288,0.7478645879162633,0.6957070707070707,0.6864274570982839,0.3487924579855401,0.5357142857142857,compas-sex,False,0.008008011330075504,True,0.1136453396524486
0.0701026856240126,0.0691391292015316,0.0701026856240126,0.1235377525700106,0.7460727455983873,0.7032828282828283,0.7035881435257411,compas,sex,25,proxy_soft,random,50.0,3.0,0.1216533509825241,0.1216533509825241,0.1100062062739787,0.1685268648402288,0.7478645879162633,0.6957070707070707,0.6864274570982839,0.9873110042987535,0.1388888888888889,compas-sex,False,0.051550665358511494,True,0.0701026856240126
0.0862998156289888,0.0862998156289888,0.0632334687429474,0.1275484883779813,0.7443065010279095,0.6893939393939394,0.6864274570982839,compas,sex,25,proxy_soft,random,100.0,3.0,0.1216533509825241,0.1216533509825241,0.1100062062739787,0.1685268648402288,0.7478645879162633,0.6957070707070707,0.6864274570982839,0.7305710404438349,0.3678571428571429,compas-sex,False,0.035353535353535304,True,0.0862998156289888
0.1110358835477318,0.0894199404339809,0.1110358835477318,0.1468172380614777,0.7424170672980778,0.6862373737373737,0.6833073322932918,compas,sex,25,proxy_soft,random,200.0,10.0,0.1216533509825241,0.1216533509825241,0.1100062062739787,0.1685268648402288,0.7478645879162633,0.6957070707070707,0.6864274570982839,0.8813811934337198,0.2450396825396825,compas-sex,False,0.010617467434792291,True,0.1110358835477318
0.0983312059755117,0.0983312059755117,0.0921490634168359,0.1476021674178357,0.7470358608442458,0.6957070707070707,0.6895475819032761,compas,sex,25,proxy_soft,random,400.0,1.0,0.1216533509825241,0.1216533509825241,0.1100062062739787,0.1685268648402288,0.7478645879162633,0.6957070707070707,0.6864274570982839,0.9659678325437637,0.1556598502625992,compas-sex,False,0.023322145007012393,True,0.0983312059755117
0.1277928232904536,0.0760077170011227,0.1277928232904536,0.1388159147154007,0.7155802289398534,0.6647727272727273,0.6651090342679128,compas,sex,26,proxy_soft,random,25.0,3.0,0.2071202888738433,0.0830447364675743,0.2071202888738433,0.1735313154387968,0.7184167793234195,0.6654040404040404,0.6682242990654206,0.8981653551948303,0.6,compas-sex,False,0.07932746558338968,True,0.1277928232904536
0.1751156623786955,0.1252115059221659,0.1751156623786955,0.1902988768322863,0.7204534001007912,0.678030303030303,0.6666666666666666,compas,sex,26,proxy_soft,random,50.0,30.0,0.2071202888738433,0.0830447364675743,0.2071202888738433,0.1735313154387968,0.7184167793234195,0.6654040404040404,0.6682242990654206,0.06972651143892962,0.1527777777777778,compas-sex,False,0.03200462649514779,True,0.1751156623786955
0.18507391108102,0.0686227999430713,0.18507391108102,0.1582333904435561,0.7209573557526937,0.6723484848484849,0.677570093457944,compas,sex,26,proxy_soft,random,100.0,30.0,0.2071202888738433,0.0830447364675743,0.2071202888738433,0.1735313154387968,0.7184167793234195,0.6654040404040404,0.6682242990654206,0.697391624034421,0.2556390977443609,compas-sex,False,0.022046377792823285,True,0.18507391108102
0.1751156623786955,0.0674684124800354,0.1751156623786955,0.1557814582143536,0.7235731255649502,0.6799242424242424,0.6838006230529595,compas,sex,26,proxy_soft,random,200.0,3.0,0.2071202888738433,0.0830447364675743,0.2071202888738433,0.1735313154387968,0.7184167793234195,0.6654040404040404,0.6682242990654206,0.9990908651966277,0.2183098591549295,compas-sex,False,0.03200462649514779,True,0.1751156623786955
0.2155692845858722,0.0619890254123377,0.2155692845858722,0.16695983247668,0.7199526441673133,0.6761363636363636,0.6791277258566978,compas,sex,26,proxy_soft,random,400.0,1.0,0.2071202888738433,0.0830447364675743,0.2071202888738433,0.1735313154387968,0.7184167793234195,0.6654040404040404,0.6682242990654206,0.9960791312340164,0.1666666666666666,compas-sex,False,-0.008448995712028923,True,0.2155692845858722
0.1240831640713157,0.0689706975346711,0.1240831640713157,0.1308737864077669,0.7122125252977738,0.6565656565656566,0.661993769470405,compas,sex,27,proxy_soft,random,25.0,30.0,0.1646073121191604,0.0955611430017236,0.1646073121191604,0.1686274509803921,0.7273055971074547,0.6792929292929293,0.67601246105919,-0.1962119610720448,0.1999999999999999,compas-sex,False,0.04052414804784471,False,0.1646073121191604
0.1630275332881968,0.0818903490045385,0.1630275332881968,0.1589187131163144,0.7230467718840743,0.6761363636363636,0.6744548286604362,compas,sex,27,proxy_soft,random,50.0,1.0,0.1646073121191604,0.0955611430017236,0.1646073121191604,0.1686274509803921,0.7273055971074547,0.6792929292929293,0.67601246105919,-0.8664709036851007,0.0857142857142857,compas-sex,False,0.0015797788309636074,False,0.1646073121191604
0.1567084179643421,0.0814871040688205,0.1567084179643421,0.1548981534361317,0.7210549471646495,0.6710858585858586,0.6697819314641744,compas,sex,27,proxy_soft,random,100.0,10.0,0.1646073121191604,0.0955611430017236,0.1646073121191604,0.1686274509803921,0.7273055971074547,0.6792929292929293,0.67601246105919,-0.9938313053980382,0.1158536585365853,compas-sex,False,0.007898894154818314,False,0.1646073121191604
0.1398809523809523,0.0963122855290414,0.1398809523809523,0.1565657719398439,0.7198918495172425,0.6679292929292929,0.6651090342679128,compas,sex,27,proxy_soft,random,200.0,30.0,0.1646073121191604,0.0955611430017236,0.1646073121191604,0.1686274509803921,0.7273055971074547,0.6792929292929293,0.67601246105919,-0.7283224031417032,0.0863787375415282,compas-sex,False,0.02472635973820811,False,0.1646073121191604
0.1330822613405551,0.0869664911365181,0.1330822613405551,0.150877593755949,0.7233411459791538,0.67739898989899,0.6744548286604362,compas,sex,27,proxy_soft,random,400.0,3.0,0.1646073121191604,0.0955611430017236,0.1646073121191604,0.1686274509803921,0.7273055971074547,0.6792929292929293,0.67601246105919,0.9675590616302591,0.1858660130718954,compas-sex,False,0.03152505077860532,True,0.1330822613405551
0.1572585195215526,0.1018470199408574,0.1572585195215526,0.1720616790405482,0.7325179384214189,0.6887626262626263,0.6900311526479751,compas,sex,28,proxy_soft,random,25.0,30.0,0.1546490634168359,0.107674304600155,0.1546490634168359,0.1742166381115553,0.733767428466295,0.6868686868686869,0.6791277258566978,0.344956645052149,0.3,compas-sex,False,-0.0026094561047166898,True,0.1572585195215526
0.155678740690589,0.1018470199408574,0.155678740690589,0.171277365315058,0.7329035044916047,0.6881313131313131,0.6900311526479751,compas,sex,28,proxy_soft,random,50.0,30.0,0.1546490634168359,0.107674304600155,0.1546490634168359,0.1742166381115553,0.733767428466295,0.6868686868686869,0.6791277258566978,-0.9825772179441309,0.4,compas-sex,False,-0.0010296772737531101,False,0.1546490634168359
0.1682464454976303,0.0463573540806806,0.1682464454976303,0.1364629735389302,0.7125612946060748,0.6654040404040404,0.6744548286604362,compas,sex,28,proxy_soft,random,100.0,3.0,0.1546490634168359,0.107674304600155,0.1546490634168359,0.1742166381115553,0.733767428466295,0.6868686868686869,0.6791277258566978,0.93182926991864,0.3928571428571428,compas-sex,True,-0.01359738208079439,True,0.1682464454976303
0.1388512751071993,0.0967155304647595,0.1388512751071993,0.1581343993908242,0.7242418667157291,0.6742424242424242,0.6697819314641744,compas,sex,28,proxy_soft,random,200.0,30.0,0.1546490634168359,0.107674304600155,0.1546490634168359,0.1742166381115553,0.733767428466295,0.6868686868686869,0.6791277258566978,-0.12172843263029282,0.1904761904761904,compas-sex,False,0.0157977883096366,False,0.1546490634168359
0.1341119386143083,0.0818903490045385,0.1341119386143083,0.146956025128498,0.7208997608210478,0.672979797979798,0.6744548286604362,compas,sex,28,proxy_soft,random,400.0,10.0,0.1546490634168359,0.107674304600155,0.1546490634168359,0.1742166381115553,0.733767428466295,0.6868686868686869,0.6791277258566978,0.4849265719378386,0.0567375886524823,compas-sex,False,0.02053712480252759,True,0.1341119386143083
0.237065560821485,0.0127852364912945,0.237065560821485,0.1412678469446031,0.7208685635664062,0.6609848484848485,0.677570093457944,compas,sex,29,proxy_soft,random,25.0,1.0,0.1955822613405552,0.0284169078229518,0.1955822613405552,0.1372472872644203,0.7214717104894769,0.6698232323232324,0.6822429906542056,0.9999135503356639,0.8333333333333334,compas-sex,True,-0.0414832994809298,True,0.237065560821485
0.1708559016023471,0.0159005012888023,0.1708559016023471,0.1171444888635065,0.7167057298957692,0.6584595959595959,0.6744548286604362,compas,sex,29,proxy_soft,random,50.0,3.0,0.1955822613405552,0.0284169078229518,0.1955822613405552,0.1372472872644203,0.7214717104894769,0.6698232323232324,0.6822429906542056,0.9908135352295975,0.1857142857142857,compas-sex,False,0.02472635973820811,True,0.1708559016023471
0.2003215978334462,0.0334930499549315,0.2003215978334462,0.1428364743955834,0.7231963587204326,0.6723484848484849,0.6822429906542056,compas,sex,29,proxy_soft,random,100.0,30.0,0.1955822613405552,0.0284169078229518,0.1955822613405552,0.1372472872644203,0.7214717104894769,0.6698232323232324,0.6822429906542056,-0.28412802155999856,0.1594684385382059,compas-sex,False,-0.004739336492890989,False,0.1955822613405552
0.1761453396524486,0.0432420892831728,0.1761453396524486,0.1388159147154007,0.7211229411811761,0.6698232323232324,0.677570093457944,compas,sex,29,proxy_soft,random,200.0,1.0,0.1955822613405552,0.0284169078229518,0.1955822613405552,0.1372472872644203,0.7214717104894769,0.6698232323232324,0.6822429906542056,0.9661079759983291,0.2387218045112781,compas-sex,False,0.019436921688106595,True,0.1761453396524486
0.1834941322500564,0.0120340939639768,0.1834941322500564,0.1228326670474015,0.721102143011415,0.6704545454545454,0.6884735202492211,compas,sex,29,proxy_soft,random,400.0,3.0,0.1955822613405552,0.0284169078229518,0.1955822613405552,0.1372472872644203,0.7214717104894769,0.6698232323232324,0.6822429906542056,0.6632635265854392,0.2290372670807453,compas-sex,False,0.012088129090498806,True,0.1834941322500564
0.1313469675599435,0.1263288292837282,0.1313469675599435,0.1495033148965402,0.7200487826495272,0.7825,0.7445887445887446,credit,age,0,proxy_soft,random,25.0,30.0,0.1907707378158388,0.1907707378158388,0.1711597640723169,0.2079761980969561,0.7314181212010253,0.7869444444444444,0.6883116883116883,,0.3333333333333333,credit-age,False,0.05942377025589532,False,0.1907707378158388
0.1213937684318502,0.1161156106723758,0.1213937684318502,0.1391845708023492,0.7258469259723965,0.7813888888888889,0.7532467532467533,credit,age,0,proxy_soft,random,50.0,30.0,0.1907707378158388,0.1907707378158388,0.1711597640723169,0.2079761980969561,0.7314181212010253,0.7869444444444444,0.6883116883116883,,0.1428571428571429,credit-age,False,0.06937696938398862,False,0.1907707378158388
0.1680183356840621,0.1586802259430564,0.1680183356840621,0.1804595471791134,0.7178607702537745,0.7680555555555556,0.7056277056277056,credit,age,0,proxy_soft,random,100.0,1.0,0.1907707378158388,0.1907707378158388,0.1711597640723169,0.2079761980969561,0.7314181212010253,0.7869444444444444,0.6883116883116883,-0.35571882103563973,0.4705882352941176,credit-age,False,0.022752402131776706,False,0.1907707378158388
0.1399698679317861,0.1215588455090788,0.1399698679317861,0.1495033148965402,0.7312283263450927,0.7891666666666667,0.7532467532467533,credit,age,0,proxy_soft,random,200.0,0.3,0.1907707378158388,0.1907707378158388,0.1711597640723169,0.2079761980969561,0.7314181212010253,0.7869444444444444,0.6883116883116883,0.8852876899571376,0.3666666666666667,credit-age,False,0.05080086988405272,True,0.1399698679317861
0.1470220541095012,0.1290504467020796,0.1470220541095012,0.156382477626001,0.7305322626635471,0.7863888888888889,0.7445887445887446,credit,age,0,proxy_soft,random,400.0,0.3,0.1907707378158388,0.1907707378158388,0.1711597640723169,0.2079761980969561,0.7314181212010253,0.7869444444444444,0.6883116883116883,0.9445119590294675,0.1869458128078817,credit-age,False,0.04374868370633761,True,0.1470220541095012
0.124336096245926,0.124336096245926,0.1130914219771765,0.1448932926829268,0.7252218115471369,0.7947222222222222,0.7543103448275862,credit,age,1,proxy_soft,random,25.0,3.0,0.1428708808821644,0.1372671307286845,0.1428708808821644,0.1620426829268293,0.7359156773684407,0.7930555555555555,0.7413793103448276,0.23309395164128882,0.6666666666666666,credit-age,False,0.018534784636238408,True,0.124336096245926
0.1803705790045466,0.1803705790045466,0.1697493268367739,0.1997713414634145,0.7297625639494519,0.7875,0.6982758620689655,credit,age,1,proxy_soft,random,50.0,30.0,0.1428708808821644,0.1372671307286845,0.1428708808821644,0.1620426829268293,0.7359156773684407,0.7930555555555555,0.7413793103448276,,0.1714285714285713,credit-age,True,-0.037499698122382186,False,0.1428708808821644
0.1272759328118989,0.095751351278853,0.1272759328118989,0.1277439024390244,0.7286470715414699,0.7941666666666667,0.7801724137931034,credit,age,1,proxy_soft,random,100.0,30.0,0.1428708808821644,0.1372671307286845,0.1428708808821644,0.1620426829268293,0.7359156773684407,0.7930555555555555,0.7413793103448276,0.9005814895009727,0.2299999999999999,credit-age,False,0.015594948070265513,True,0.1272759328118989
0.1116008462623413,0.1024272723614855,0.1116008462623413,0.1277439024390244,0.7313037518951508,0.7902777777777777,0.771551724137931,credit,age,1,proxy_soft,random,200.0,1.0,0.1428708808821644,0.1372671307286845,0.1428708808821644,0.1620426829268293,0.7359156773684407,0.7930555555555555,0.7413793103448276,0.6483312344503234,0.0615384615384615,credit-age,False,0.0312700346198231,True,0.1116008462623413
0.1172425952045134,0.0914728604192652,0.1172425952045134,0.1208841463414635,0.7230082842768839,0.7880555555555555,0.7801724137931034,credit,age,1,proxy_soft,random,400.0,1.0,0.1428708808821644,0.1372671307286845,0.1428708808821644,0.1620426829268293,0.7359156773684407,0.7930555555555555,0.7413793103448276,0.9999911865897011,0.1970740103270223,credit-age,False,0.025628285677651005,True,0.1172425952045134
0.1413001666880369,0.051621525182956,0.1413001666880369,0.0979095944255851,0.711092837885202,0.7836111111111111,0.8138528138528138,credit,age,2,proxy_soft,random,25.0,1.0,0.1739005000641107,0.1393158422707412,0.1739005000641107,0.1701408030849223,0.7182276025283898,0.7808333333333334,0.7316017316017316,0.7123590836449173,0.4285714285714285,credit-age,False,0.03260033337607379,True,0.1413001666880369
0.1965476343120912,0.1696188725737715,0.1965476343120912,0.197657454002765,0.7116205929209205,0.7769444444444444,0.7012987012987013,credit,age,2,proxy_soft,random,50.0,1.0,0.1739005000641107,0.1393158422707412,0.1739005000641107,0.1701408030849223,0.7182276025283898,0.7808333333333334,0.7316017316017316,,0.1388888888888888,credit-age,True,-0.02264713424798051,False,0.1739005000641107
0.1412200282087446,0.0622757232399534,0.1412200282087446,0.1047887571550457,0.7111528202217468,0.7786111111111111,0.8008658008658008,credit,age,2,proxy_soft,random,100.0,1.0,0.1739005000641107,0.1393158422707412,0.1739005000641107,0.1701408030849223,0.7182276025283898,0.7808333333333334,0.7316017316017316,0.9931911690878088,0.3225108225108225,credit-age,False,0.0326804718553661,True,0.1412200282087446
0.1355782792665726,0.0355240922892555,0.1355782792665726,0.0841512689666638,0.7103412681608833,0.7808333333333334,0.8268398268398268,credit,age,2,proxy_soft,random,200.0,1.0,0.1739005000641107,0.1393158422707412,0.1739005000641107,0.1701408030849223,0.7182276025283898,0.7808333333333334,0.7316017316017316,0.8485572391288478,0.4358974358974359,credit-age,False,0.03832222079753811,True,0.1355782792665726
0.1597159892293883,0.0689375424989733,0.1597159892293883,0.1151075012492368,0.7103063530694618,0.7813888888888889,0.7965367965367965,credit,age,2,proxy_soft,random,400.0,1.0,0.1739005000641107,0.1393158422707412,0.1739005000641107,0.1701408030849223,0.7182276025283898,0.7808333333333334,0.7316017316017316,0.8450565930089684,0.5375,credit-age,False,0.014184510834722414,True,0.1597159892293883
0.1398897294524939,0.108624009479375,0.1398897294524939,0.1391845708023492,0.7152403478796467,0.7841666666666667,0.7619047619047619,credit,age,3,proxy_soft,random,25.0,10.0,0.1187331709193486,0.0767135922656917,0.1187331709193486,0.1116679198845065,0.7274221337507627,0.7925,0.7965367965367965,0.9756165543805443,0.5,credit-age,True,-0.021156558533145298,True,0.1398897294524939
0.0647358635722528,0.0362495203086182,0.0647358635722528,0.066953362143012,0.7262247251667531,0.7886111111111112,0.8311688311688312,credit,age,3,proxy_soft,random,50.0,0.3,0.1187331709193486,0.0767135922656917,0.1187331709193486,0.1116679198845065,0.7274221337507627,0.7925,0.7965367965367965,0.9986007321301802,0.6,credit-age,False,0.05399730734709579,True,0.0647358635722528
0.0874631362995256,0.0606161593719913,0.0874631362995256,0.0910304316961244,0.7206119004060445,0.7897222222222222,0.8095238095238095,credit,age,3,proxy_soft,random,100.0,0.3,0.1187331709193486,0.0767135922656917,0.1187331709193486,0.1116679198845065,0.7274221337507627,0.7925,0.7965367965367965,0.9921765190354082,0.4782608695652174,credit-age,False,0.031270034619823,True,0.0874631362995256
0.1087799717912553,0.0853716009237004,0.1087799717912553,0.1151075012492368,0.7226665192473918,0.7913888888888889,0.7878787878787878,credit,age,3,proxy_soft,random,200.0,3.0,0.1187331709193486,0.0767135922656917,0.1187331709193486,0.1116679198845065,0.7274221337507627,0.7925,0.7965367965367965,0.982539277946301,0.4594594594594595,credit-age,False,0.009953199128093296,True,0.1087799717912553
0.0606683363293004,0.0606683363293004,0.0405180151301449,0.077272106237203,0.7156364998784686,0.7830555555555555,0.8051948051948052,credit,age,3,proxy_soft,random,400.0,1.0,0.1187331709193486,0.0767135922656917,0.1187331709193486,0.1116679198845065,0.7274221337507627,0.7925,0.7965367965367965,0.8767604032229931,0.1006944444444444,credit-age,False,0.058064834590048194,True,0.0606683363293004
0.1454513399153737,0.103569577131008,0.1454513399153737,0.1357449894376189,0.7220467763746587,0.7769444444444444,0.7619047619047619,credit,age,4,proxy_soft,random,25.0,0.3,0.1597159892293883,0.1255512243070563,0.1597159892293883,0.156382477626001,0.7227267253986251,0.7813888888888889,0.7445887445887446,0.7980746353750565,1.0,credit-age,False,0.014264649314014582,True,0.1454513399153737
0.1184927554814719,0.0898049591673231,0.1184927554814719,0.1185470826139672,0.7101192439897923,0.7775,0.7748917748917749,credit,age,4,proxy_soft,random,50.0,30.0,0.1597159892293883,0.1255512243070563,0.1597159892293883,0.156382477626001,0.7227267253986251,0.7813888888888889,0.7445887445887446,0.8614288344488283,0.4615384615384615,credit-age,False,0.041223233747916393,True,0.1184927554814719
0.1100301320682138,0.0638309331932971,0.1100301320682138,0.0979095944255851,0.7167857883044291,0.7808333333333334,0.8008658008658008,credit,age,4,proxy_soft,random,100.0,3.0,0.1597159892293883,0.1255512243070563,0.1597159892293883,0.156382477626001,0.7227267253986251,0.7813888888888889,0.7445887445887446,0.9874750517301321,0.3888888888888889,credit-age,False,0.04968585716117449,True,0.1100301320682138
0.0815809719194768,0.0752627362269664,0.0815809719194768,0.0979095944255851,0.7169876691535463,0.7769444444444444,0.7878787878787878,credit,age,4,proxy_soft,random,200.0,0.3,0.1597159892293883,0.1255512243070563,0.1597159892293883,0.156382477626001,0.7227267253986251,0.7813888888888889,0.7445887445887446,0.9473111454127704,0.3611111111111111,credit-age,False,0.07813501730991149,True,0.0815809719194768
0.0745287857417617,0.0441821009472641,0.0745287857417617,0.0738325248724727,0.7104281082600601,0.7797222222222222,0.8181818181818182,credit,age,4,proxy_soft,random,400.0,1.0,0.1597159892293883,0.1255512243070563,0.1597159892293883,0.156382477626001,0.7227267253986251,0.7813888888888889,0.7445887445887446,0.951807356922996,0.1833333333333333,credit-age,False,0.0851872034876266,True,0.0745287857417617
0.1824432619566611,0.1580728014055982,0.1824432619566611,0.1860518292682926,0.7171045004209953,0.7825,0.7155172413793104,credit,age,5,proxy_soft,random,25.0,30.0,0.17257020130786,0.160795477407154,0.17257020130786,0.1860518292682926,0.7214487435267196,0.7863888888888889,0.7155172413793104,,0.8275862068965517,credit-age,False,-0.009873060648801113,False,0.17257020130786
0.1341555010126208,0.1341555010126208,0.0902840107706116,0.1448932926829268,0.72059824771004,0.7886111111111112,0.7413793103448276,credit,age,5,proxy_soft,random,50.0,0.3,0.17257020130786,0.160795477407154,0.17257020130786,0.1860518292682926,0.7214487435267196,0.7863888888888889,0.7155172413793104,0.9664880441488851,0.4189189189189189,credit-age,False,0.03841470029523919,True,0.1341555010126208
0.1376879384111912,0.1376879384111912,0.10728939607642,0.1517530487804878,0.7150413766214816,0.7869444444444444,0.7370689655172413,credit,age,5,proxy_soft,random,100.0,10.0,0.17257020130786,0.160795477407154,0.17257020130786,0.1860518292682926,0.7214487435267196,0.7863888888888889,0.7155172413793104,0.9971364966400933,0.3824175824175825,credit-age,False,0.03488226289666879,True,0.1376879384111912
0.1142614437748429,0.04295591410829,0.1142614437748429,0.083155487804878,0.7086416194156556,0.7791666666666667,0.8189655172413793,credit,age,5,proxy_soft,random,200.0,10.0,0.17257020130786,0.160795477407154,0.17257020130786,0.1860518292682926,0.7214487435267196,0.7863888888888889,0.7155172413793104,0.9710972087280989,0.1417293233082707,credit-age,False,0.05830875753301709,True,0.1142614437748429
0.1512533658161302,0.0844398395901233,0.1512533658161302,0.1243140243902438,0.7117768155735632,0.7847222222222222,0.7844827586206896,credit,age,5,proxy_soft,random,400.0,1.0,0.17257020130786,0.160795477407154,0.17257020130786,0.1860518292682926,0.7214487435267196,0.7863888888888889,0.7155172413793104,0.9939576907542857,0.323058542413381,credit-age,False,0.021316835491729802,True,0.1512533658161302
0.1442011796384151,0.082649983505349,0.1442011796384151,0.1219866639786975,0.7158504667207701,0.7875,0.7878787878787878,credit,age,6,proxy_soft,random,25.0,10.0,0.1428708808821644,0.1054092356580692,0.1428708808821644,0.1391845708023492,0.7200286393275532,0.7930555555555555,0.7705627705627706,,0.1363636363636363,credit-age,False,-0.0013302987562507085,False,0.1428708808821644
0.0931048852416976,0.0590609494186477,0.0931048852416976,0.0910304316961244,0.7169686449050153,0.7875,0.8095238095238095,credit,age,6,proxy_soft,random,50.0,1.0,0.1428708808821644,0.1054092356580692,0.1428708808821644,0.1391845708023492,0.7200286393275532,0.7930555555555555,0.7705627705627706,0.9335384454461712,0.3,credit-age,False,0.0497659956404668,True,0.0931048852416976
0.131507244518528,0.0719957854483516,0.131507244518528,0.1116679198845065,0.7212448483454051,0.7925,0.8008658008658008,credit,age,6,proxy_soft,random,100.0,1.0,0.1428708808821644,0.1054092356580692,0.1428708808821644,0.1391845708023492,0.7200286393275532,0.7930555555555555,0.7705627705627706,0.9623592658601982,0.2705223880597015,credit-age,False,0.011363636363636409,True,0.131507244518528
0.1059590973201692,0.062560171813671,0.1059590973201692,0.0979095944255851,0.7187658768544725,0.7925,0.8095238095238095,credit,age,6,proxy_soft,random,200.0,1.0,0.1428708808821644,0.1054092356580692,0.1428708808821644,0.1391845708023492,0.7200286393275532,0.7930555555555555,0.7705627705627706,0.916792279479672,0.0579710144927535,credit-age,False,0.036911783561995204,True,0.1059590973201692
0.1045486600846262,0.0629489743020069,0.1045486600846262,0.0979095944255851,0.7184019541708092,0.7930555555555555,0.8095238095238095,credit,age,6,proxy_soft,random,400.0,1.0,0.1428708808821644,0.1054092356580692,0.1428708808821644,0.1391845708023492,0.7200286393275532,0.7930555555555555,0.7705627705627706,0.46432780843275573,0.1606425702811245,credit-age,False,0.038322220797538206,True,0.1045486600846262
0.1424190909212838,0.1424190909212838,0.0603442749070393,0.1414634146341463,0.710912667060879,0.7802777777777777,0.728448275862069,credit,age,7,proxy_soft,random,25.0,3.0,0.1498410654649338,0.1498410654649338,0.0504712142582382,0.1448932926829268,0.7256181873606474,0.7841666666666667,0.7241379310344828,,0.1212121212121212,credit-age,False,0.007421974543650012,False,0.1498410654649338
0.1192796979573224,0.1192796979573224,0.0164604436466214,0.1140243902439024,0.7230957958201265,0.7875,0.7543103448275862,credit,age,7,proxy_soft,random,50.0,3.0,0.1498410654649338,0.1498410654649338,0.0504712142582382,0.1448932926829268,0.7256181873606474,0.7841666666666667,0.7241379310344828,0.6481277193191428,0.5,credit-age,False,0.030561367507611403,True,0.1192796979573224
0.1663045373462627,0.1663045373462627,0.0461597640723169,0.1551829268292683,0.7191293519087589,0.7808333333333334,0.7068965517241379,credit,age,7,proxy_soft,random,100.0,1.0,0.1498410654649338,0.1498410654649338,0.0504712142582382,0.1448932926829268,0.7256181873606474,0.7841666666666667,0.7241379310344828,,0.0985915492957746,credit-age,True,-0.01646347188132888,False,0.1498410654649338
0.131432825011065,0.131432825011065,0.0362867034235158,0.1277439024390244,0.7233348299075512,0.7847222222222222,0.7413793103448276,credit,age,7,proxy_soft,random,200.0,1.0,0.1498410654649338,0.1498410654649338,0.0504712142582382,0.1448932926829268,0.7256181873606474,0.7841666666666667,0.7241379310344828,0.20385167217044745,0.0787262273330384,credit-age,False,0.018408240453868796,True,0.131432825011065
0.1052136562990383,0.1052136562990383,0.0078375432747788,0.1003048780487805,0.7202336535823107,0.7808333333333334,0.7629310344827587,credit,age,7,proxy_soft,random,400.0,1.0,0.1498410654649338,0.1498410654649338,0.0504712142582382,0.1448932926829268,0.7256181873606474,0.7841666666666667,0.7241379310344828,0.4202684086964515,0.1167800453514739,credit-age,False,0.04462740916589551,True,0.1052136562990383
0.1945003285988278,0.1945003285988278,0.1611264264649313,0.2066310975609756,0.7045348436945359,0.7808333333333334,0.6810344827586207,credit,age,8,proxy_soft,random,25.0,1.0,0.1781318117707398,0.1651376762027387,0.1781318117707398,0.1894817073170732,0.7154789343376944,0.7791666666666667,0.7068965517241379,0.719189736713205,1.0,credit-age,True,-0.016368516828087987,True,0.1945003285988278
0.1745362732869271,0.1745362732869271,0.152583664572381,0.1894817073170732,0.7129153608944709,0.7791666666666667,0.6982758620689655,credit,age,8,proxy_soft,random,50.0,30.0,0.1781318117707398,0.1651376762027387,0.1781318117707398,0.1894817073170732,0.7154789343376944,0.7791666666666667,0.7068965517241379,0.9473505878759542,0.5555555555555556,credit-age,False,0.0035955384838126936,True,0.1745362732869271
0.151173227336838,0.043344867822798,0.151173227336838,0.0934451219512195,0.7072967169518589,0.7797222222222222,0.8189655172413793,credit,age,8,proxy_soft,random,100.0,10.0,0.1781318117707398,0.1651376762027387,0.1781318117707398,0.1894817073170732,0.7154789343376944,0.7791666666666667,0.7068965517241379,0.8620673341116455,0.2303921568627451,credit-age,False,0.02695858443390181,True,0.151173227336838
0.1625368637004743,0.1095240011266246,0.1625368637004743,0.1448932926829268,0.7121454383656873,0.7802777777777777,0.7586206896551724,credit,age,8,proxy_soft,random,200.0,0.3,0.1781318117707398,0.1651376762027387,0.1781318117707398,0.1894817073170732,0.7154789343376944,0.7791666666666667,0.7068965517241379,0.6986753917177049,0.1893939393939394,credit-age,False,0.015594948070265513,True,0.1625368637004743
0.0840508858756153,0.0840508858756153,0.0504712142582382,0.0968749999999999,0.7065044129542151,0.7841666666666667,0.7844827586206896,credit,age,8,proxy_soft,random,400.0,3.0,0.1781318117707398,0.1651376762027387,0.1781318117707398,0.1894817073170732,0.7154789343376944,0.7791666666666667,0.7068965517241379,0.9734942747762105,0.3834586466165413,credit-age,False,0.09408092589512451,True,0.0840508858756153
0.1459254845724519,0.1459254845724519,0.1243749198615207,0.1632616403554616,0.7231593591916887,0.7902777777777777,0.7316017316017316,credit,age,9,proxy_soft,random,25.0,1.0,0.2605782792665726,0.2096419650851998,0.2605782792665726,0.2458115931089898,0.7223661599352906,0.7869444444444444,0.670995670995671,0.7590609713398667,0.2708333333333333,credit-age,False,0.11465279469412071,True,0.1459254845724519
0.206661110398769,0.1443702746191082,0.206661110398769,0.1838991285438437,0.7186835130490677,0.7880555555555555,0.7316017316017316,credit,age,9,proxy_soft,random,50.0,30.0,0.2605782792665726,0.2096419650851998,0.2605782792665726,0.2458115931089898,0.7223661599352906,0.7869444444444444,0.670995670995671,0.8042044490933539,0.3333333333333333,credit-age,False,0.05391716886780362,True,0.206661110398769
0.205250673163226,0.1400412702901039,0.205250673163226,0.1804595471791134,0.7223419879489219,0.7886111111111112,0.7359307359307359,credit,age,9,proxy_soft,random,100.0,0.3,0.2605782792665726,0.2096419650851998,0.2605782792665726,0.2458115931089898,0.7223661599352906,0.7869444444444444,0.670995670995671,0.544158206430781,0.3271221532091097,credit-age,False,0.05532760610334661,True,0.205250673163226
0.1839338376714963,0.1435926696424363,0.1839338376714963,0.1770199658143829,0.7218039374375278,0.7869444444444444,0.7316017316017316,credit,age,9,proxy_soft,random,200.0,0.3,0.2605782792665726,0.2096419650851998,0.2605782792665726,0.2458115931089898,0.7223661599352906,0.7869444444444444,0.670995670995671,0.9180373781346696,0.4545454545454545,credit-age,False,0.07664444159507633,True,0.1839338376714963
0.1683388896012309,0.107016622568722,0.1683388896012309,0.1463685186582957,0.7168325655743466,0.7883333333333333,0.7662337662337663,credit,age,9,proxy_soft,random,400.0,1.0,0.2605782792665726,0.2096419650851998,0.2605782792665726,0.2458115931089898,0.7223661599352906,0.7869444444444444,0.670995670995671,0.900294603602678,0.3192686357243319,credit-age,False,0.09223938966534173,True,0.1683388896012309
0.0803308116425182,0.0628881154521923,0.0803308116425182,0.0900152439024389,0.735187608186425,0.7875,0.8060344827586207,credit,age,10,proxy_soft,random,25.0,0.3,0.1755513527375304,0.1059278557920573,0.1755513527375304,0.1483231707317073,0.7401786757422031,0.7952777777777778,0.771551724137931,-0.5395947874308278,0.1904761904761904,credit-age,False,0.0952205410950122,False,0.1755513527375304
0.1286863700474419,0.0859638004801566,0.1286863700474419,0.1208841463414635,0.7408492245492484,0.7936111111111112,0.7887931034482759,credit,age,10,proxy_soft,random,50.0,30.0,0.1755513527375304,0.1059278557920573,0.1755513527375304,0.1483231707317073,0.7401786757422031,0.7952777777777778,0.771551724137931,-0.16303044778959638,0.2432432432432432,credit-age,False,0.046864982690088486,False,0.1755513527375304
0.1172425952045134,0.0773749647929826,0.1172425952045134,0.1105945121951219,0.7358415947065141,0.7880555555555555,0.7931034482758621,credit,age,10,proxy_soft,random,100.0,1.0,0.1755513527375304,0.1059278557920573,0.1755513527375304,0.1483231707317073,0.7401786757422031,0.7952777777777778,0.771551724137931,-0.7015661185540332,0.5,credit-age,False,0.058308757533016994,False,0.1755513527375304
0.1173227336838055,0.043281159886801,0.1173227336838055,0.0865853658536586,0.729441389871311,0.7930555555555555,0.8275862068965517,credit,age,10,proxy_soft,random,200.0,10.0,0.1755513527375304,0.1059278557920573,0.1755513527375304,0.1483231707317073,0.7401786757422031,0.7952777777777778,0.771551724137931,0.6839663494195801,0.1764705882352941,credit-age,False,0.058228619053724895,True,0.1173227336838055
0.0628881154521923,0.0628881154521923,0.0420085908449801,0.0797256097560975,0.730200569295042,0.7875,0.8060344827586207,credit,age,10,proxy_soft,random,400.0,10.0,0.1755513527375304,0.1059278557920573,0.1755513527375304,0.1483231707317073,0.7401786757422031,0.7952777777777778,0.771551724137931,0.8552795046031678,0.2420634920634921,credit-age,False,0.11266323728533809,True,0.0628881154521923
0.0589338376714963,0.0535213723360024,0.0589338376714963,0.076295731707317,0.7153900799063202,0.7808333333333334,0.8103448275862069,credit,age,11,proxy_soft,random,25.0,0.3,0.1129311450185921,0.1126356308426883,0.1129311450185921,0.1346036585365854,0.7199151652804331,0.7847222222222222,0.7586206896551724,,0.1568627450980392,credit-age,False,0.0539973073470958,False,0.1129311450185921
0.07742979869214,0.0511557960809559,0.07742979869214,0.0800304878048779,0.7118605222670996,0.7838888888888889,0.8146551724137931,credit,age,11,proxy_soft,random,50.0,0.3,0.1129311450185921,0.1126356308426883,0.1129311450185921,0.1346036585365854,0.7199151652804331,0.7847222222222222,0.7586206896551724,0.9928232929262756,0.4,credit-age,False,0.03550134632645209,True,0.07742979869214
0.0962040129293579,0.0962040129293579,0.083071547634312,0.1140243902439024,0.7173211530395601,0.7813888888888889,0.771551724137931,credit,age,11,proxy_soft,random,100.0,3.0,0.1129311450185921,0.1126356308426883,0.1129311450185921,0.1346036585365854,0.7199151652804331,0.7847222222222222,0.7586206896551724,-0.26752554244095095,0.0757575757575756,credit-age,False,0.016727132089234195,False,0.1129311450185921
0.0828840247320914,0.0828840247320914,0.0674765995640466,0.1003048780487805,0.7128936508696767,0.7825,0.7844827586206896,credit,age,11,proxy_soft,random,200.0,0.3,0.1129311450185921,0.1126356308426883,0.1129311450185921,0.1346036585365854,0.7199151652804331,0.7847222222222222,0.7586206896551724,0.8642110260896906,0.4888888888888889,credit-age,False,0.030047120286500695,True,0.0828840247320914
0.0618348506218746,0.0374468541691814,0.0618348506218746,0.0660060975609756,0.7130015295495818,0.7847222222222222,0.8275862068965517,credit,age,11,proxy_soft,random,400.0,1.0,0.1129311450185921,0.1126356308426883,0.1129311450185921,0.1346036585365854,0.7199151652804331,0.7847222222222222,0.7586206896551724,0.5822060647153557,0.1823331292100428,credit-age,False,0.0510962943967175,True,0.0618348506218746
0.0789307796510145,0.0789307796510145,0.0477304782664443,0.0934451219512195,0.7334765448920788,0.7902777777777777,0.7931034482758621,credit,age,12,proxy_soft,random,25.0,0.0,0.0789307796510145,0.0789307796510145,0.0477304782664443,0.0934451219512195,0.7334765448920788,0.7902777777777777,0.7931034482758621,,0.7647058823529411,credit-age,False,0.0,False,0.0789307796510145
0.0519018495419734,0.0519018495419734,0.0203712014360815,0.0557164634146341,0.7253923583398502,0.7919444444444445,0.8189655172413793,credit,age,12,proxy_soft,random,50.0,1.0,0.0789307796510145,0.0789307796510145,0.0477304782664443,0.0934451219512195,0.7334765448920788,0.7902777777777777,0.7931034482758621,-0.8841732357288904,0.3636363636363636,credit-age,False,0.027028930109041102,False,0.0789307796510145
0.0844398395901233,0.0844398395901233,0.0235126298243364,0.0900152439024389,0.7246425791330404,0.7847222222222222,0.7844827586206896,credit,age,12,proxy_soft,random,100.0,0.3,0.0789307796510145,0.0789307796510145,0.0477304782664443,0.0934451219512195,0.7334765448920788,0.7902777777777777,0.7931034482758621,0.7439044786945731,0.4210526315789473,credit-age,False,-0.005509059939108801,True,0.0844398395901233
0.0582206708780965,0.0582206708780965,0.0206116168739581,0.0694359756097561,0.7224227850515066,0.7808333333333334,0.8060344827586207,credit,age,12,proxy_soft,random,200.0,1.0,0.0789307796510145,0.0789307796510145,0.0477304782664443,0.0934451219512195,0.7334765448920788,0.7902777777777777,0.7931034482758621,-0.288798612911469,0.0355555555555554,credit-age,False,0.020710108772918,False,0.0789307796510145
0.0487902198259097,0.0487902198259097,0.0218617771509168,0.0522865853658537,0.7276130476801383,0.7875,0.8189655172413793,credit,age,12,proxy_soft,random,400.0,1.0,0.0789307796510145,0.0789307796510145,0.0477304782664443,0.0934451219512195,0.7334765448920788,0.7902777777777777,0.7931034482758621,0.4459297448945818,0.1488095238095238,credit-age,False,0.0301405598251048,True,0.0487902198259097
0.2065008334401846,0.1703964775504433,0.2065008334401846,0.2010970353674953,0.7114780229642823,0.7780555555555555,0.7012987012987013,credit,age,13,proxy_soft,random,25.0,0.0,0.2065008334401846,0.1703964775504433,0.2065008334401846,0.2010970353674953,0.7114780229642823,0.7780555555555555,0.7012987012987013,,0.1739130434782608,credit-age,False,0.0,False,0.2065008334401846
0.1750705218617771,0.0859691112412729,0.1750705218617771,0.1288658267081581,0.6985572009914096,0.7652777777777777,0.7705627705627706,credit,age,13,proxy_soft,random,50.0,3.0,0.2065008334401846,0.1703964775504433,0.2065008334401846,0.2010970353674953,0.7114780229642823,0.7780555555555555,0.7012987012987013,,0.0238095238095237,credit-age,False,0.031430311578407505,False,0.2065008334401846
0.1880048724195409,0.1024031696660001,0.1880048724195409,0.1460637335318099,0.7046095978005282,0.7752777777777777,0.7619047619047619,credit,age,13,proxy_soft,random,100.0,10.0,0.2065008334401846,0.1703964775504433,0.2065008334401846,0.2010970353674953,0.7114780229642823,0.7780555555555555,0.7012987012987013,-0.991547424185867,0.5263157894736842,credit-age,False,0.018495961020643714,False,0.2065008334401846
0.153994101807924,0.1047359845960157,0.153994101807924,0.1391845708023492,0.7074757687027386,0.7786111111111111,0.7619047619047619,credit,age,13,proxy_soft,random,200.0,1.0,0.2065008334401846,0.1703964775504433,0.2065008334401846,0.2010970353674953,0.7114780229642823,0.7780555555555555,0.7012987012987013,0.10012387162160315,0.067774936061381,credit-age,False,0.052506731632260606,True,0.153994101807924
0.152583664572381,0.0768179461803101,0.152583664572381,0.1185470826139672,0.7014650014256996,0.7791666666666667,0.7878787878787878,credit,age,13,proxy_soft,random,400.0,3.0,0.2065008334401846,0.1703964775504433,0.2065008334401846,0.2010970353674953,0.7114780229642823,0.7780555555555555,0.7012987012987013,0.685141561590314,0.1775872627066748,credit-age,False,0.053917168867803594,True,0.152583664572381
0.2121425823823566,0.1628039539156909,0.2121425823823566,0.1963414634146342,0.7041753973046445,0.7758333333333334,0.7068965517241379,credit,age,14,proxy_soft,random,25.0,30.0,0.1909058853699192,0.094648198071326,0.1909058853699192,0.1414634146341463,0.7056646602425883,0.7791666666666667,0.771551724137931,-0.8370214082963099,0.4,credit-age,True,-0.021236697012437383,False,0.1909058853699192
0.1909058853699192,0.094648198071326,0.1909058853699192,0.1414634146341463,0.7056646602425883,0.7791666666666667,0.771551724137931,credit,age,14,proxy_soft,random,50.0,0.0,0.1909058853699192,0.094648198071326,0.1909058853699192,0.1414634146341463,0.7056646602425883,0.7791666666666667,0.771551724137931,,0.2845528455284553,credit-age,False,0.0,False,0.1909058853699192
0.1909058853699192,0.094648198071326,0.1909058853699192,0.1414634146341463,0.7056646602425883,0.7791666666666667,0.771551724137931,credit,age,14,proxy_soft,random,100.0,0.0,0.1909058853699192,0.094648198071326,0.1909058853699192,0.1414634146341463,0.7056646602425883,0.7791666666666667,0.771551724137931,0.999877993986229,0.4705882352941176,credit-age,False,0.0,True,0.1909058853699192
0.1809526862418258,0.0562759023055566,0.1809526862418258,0.1105945121951219,0.7008114625349879,0.7780555555555555,0.8060344827586207,credit,age,14,proxy_soft,random,200.0,0.3,0.1909058853699192,0.094648198071326,0.1909058853699192,0.1414634146341463,0.7056646602425883,0.7791666666666667,0.771551724137931,-0.9930673856390526,0.0333333333333333,credit-age,False,0.009953199128093393,False,0.1909058853699192
0.1597159892293883,0.0492110275084161,0.1597159892293883,0.1003048780487805,0.7011650897429756,0.7813888888888889,0.8146551724137931,credit,age,14,proxy_soft,random,400.0,1.0,0.1909058853699192,0.094648198071326,0.1909058853699192,0.1414634146341463,0.7056646602425883,0.7791666666666667,0.771551724137931,0.7217792150324582,0.2196620583717358,credit-age,False,0.031189896140530915,True,0.1597159892293883
0.1084594178740863,0.0808103249782876,0.1084594178740863,0.1082283385197762,0.7013463796407416,0.7713888888888889,0.7792207792207793,credit,age,15,proxy_soft,random,25.0,0.3,0.160966149506347,0.1087283633939932,0.160966149506347,0.1426241521670794,0.70520718301909,0.7708333333333334,0.7532467532467533,-0.09083292932736942,0.1666666666666666,credit-age,False,0.05250673163226069,False,0.160966149506347
0.1695089113988972,0.1334838049457023,0.1695089113988972,0.1632616403554616,0.7026821057023058,0.7725,0.7316017316017316,credit,age,15,proxy_soft,random,50.0,0.3,0.160966149506347,0.1087283633939932,0.160966149506347,0.1426241521670794,0.70520718301909,0.7708333333333334,0.7532467532467533,,0.0270270270270269,credit-age,False,-0.00854276189255021,False,0.160966149506347
0.1340075650724451,0.0902459386129681,0.1340075650724451,0.1219866639786975,0.7025621410292164,0.7713888888888889,0.7705627705627706,credit,age,15,proxy_soft,random,100.0,0.3,0.160966149506347,0.1087283633939932,0.160966149506347,0.1426241521670794,0.70520718301909,0.7708333333333334,0.7532467532467533,0.9318317569450661,0.3975155279503106,credit-age,False,0.026958584433901894,True,0.1340075650724451
0.1297762533658161,0.1055657665299967,0.1297762533658161,0.1323054080728886,0.6996230065385223,0.7730555555555556,0.7575757575757576,credit,age,15,proxy_soft,random,200.0,0.3,0.160966149506347,0.1087283633939932,0.160966149506347,0.1426241521670794,0.70520718301909,0.7708333333333334,0.7532467532467533,0.902428704063638,0.3515151515151515,credit-age,False,0.031189896140530887,True,0.1297762533658161
0.1098698551096293,0.0473968747685699,0.1098698551096293,0.0841512689666638,0.6906305799799551,0.7708333333333334,0.8095238095238095,credit,age,15,proxy_soft,random,400.0,10.0,0.160966149506347,0.1087283633939932,0.160966149506347,0.1426241521670794,0.70520718301909,0.7708333333333334,0.7532467532467533,0.9299852214824809,0.0806658130601792,credit-age,False,0.0510962943967177,True,0.1098698551096293
0.1826035389152455,0.0992837886774232,0.1826035389152455,0.1448932926829268,0.7283630507016368,0.7925,0.7758620689655172,credit,age,16,proxy_soft,random,25.0,3.0,0.2010994999358892,0.0777320645394922,0.2010994999358892,0.1346036585365854,0.7289342257869436,0.7952777777777778,0.7974137931034483,0.763324284154704,0.1428571428571428,credit-age,False,0.018495961020643686,True,0.1826035389152455
0.2405917425310936,0.1044357488700223,0.2405917425310936,0.1620426829268293,0.7229700119651332,0.7797222222222222,0.7629310344827587,credit,age,16,proxy_soft,random,50.0,3.0,0.2010994999358892,0.0777320645394922,0.2010994999358892,0.1346036585365854,0.7289342257869436,0.7952777777777778,0.7974137931034483,,0.3055555555555556,credit-age,True,-0.039492242595204424,False,0.2010994999358892
0.1754712142582382,0.0836300781931087,0.1754712142582382,0.1311737804878048,0.7234127174191839,0.7902777777777777,0.7887931034482759,credit,age,16,proxy_soft,random,100.0,0.3,0.2010994999358892,0.0777320645394922,0.2010994999358892,0.1346036585365854,0.7289342257869436,0.7952777777777778,0.7974137931034483,0.7283715971980946,0.4041095890410958,credit-age,False,0.02562828567765099,True,0.1754712142582382
0.1768816514937812,0.0503460346839415,0.1768816514937812,0.1071646341463414,0.7241710015841605,0.7897222222222222,0.8189655172413793,credit,age,16,proxy_soft,random,200.0,0.3,0.2010994999358892,0.0777320645394922,0.2010994999358892,0.1346036585365854,0.7289342257869436,0.7952777777777778,0.7974137931034483,0.8551759131759671,0.5714285714285714,credit-age,False,0.024217848442107975,True,0.1768816514937812
0.1214739069111424,0.0339144167706112,0.1214739069111424,0.0797256097560975,0.708988308368297,0.7863888888888889,0.8318965517241379,credit,age,16,proxy_soft,random,400.0,3.0,0.2010994999358892,0.0777320645394922,0.2010994999358892,0.1346036585365854,0.7289342257869436,0.7952777777777778,0.7974137931034483,0.0855031407536397,0.2106564748201439,credit-age,False,0.07962559302474678,True,0.1214739069111424
0.1698294653160661,0.1321788784720825,0.1698294653160661,0.1654725609756097,0.726004939142548,0.7925,0.7456896551724138,credit,age,17,proxy_soft,random,25.0,0.3,0.1924765995640466,0.1717498893493743,0.1924765995640466,0.1997713414634145,0.7291987747488687,0.7886111111111112,0.7068965517241379,,0.0555555555555555,credit-age,False,0.02264713424798051,False,0.1924765995640466
0.0965611126758674,0.0965611126758674,0.0647358635722528,0.1105945121951219,0.7248473695731092,0.7886111111111112,0.7758620689655172,credit,age,17,proxy_soft,random,50.0,0.3,0.1924765995640466,0.1717498893493743,0.1924765995640466,0.1997713414634145,0.7291987747488687,0.7886111111111112,0.7068965517241379,0.997744352744684,0.3846153846153846,credit-age,False,0.09591548688817922,True,0.0965611126758674
0.1625368637004743,0.1612162850896605,0.1625368637004743,0.1826219512195122,0.7152179664107867,0.7802777777777777,0.7112068965517241,credit,age,17,proxy_soft,random,100.0,1.0,0.1924765995640466,0.1717498893493743,0.1924765995640466,0.1997713414634145,0.7291987747488687,0.7886111111111112,0.7068965517241379,-0.771345088609493,0.1125,credit-age,False,0.02993973586357232,False,0.1924765995640466
0.1867547121425823,0.1369100309821752,0.1867547121425823,0.1723323170731707,0.7242408317670036,0.7858333333333334,0.7370689655172413,credit,age,17,proxy_soft,random,200.0,0.3,0.1924765995640466,0.1717498893493743,0.1924765995640466,0.1997713414634145,0.7291987747488687,0.7886111111111112,0.7068965517241379,-0.4060432285503227,0.087192118226601,credit-age,False,0.005721887421464317,False,0.1924765995640466
0.1138024919862122,0.1138024919862122,0.108699833311963,0.1346036585365854,0.7185357953545919,0.7863888888888889,0.7586206896551724,credit,age,17,proxy_soft,random,400.0,30.0,0.1924765995640466,0.1717498893493743,0.1924765995640466,0.1997713414634145,0.7291987747488687,0.7886111111111112,0.7068965517241379,0.10943911098192727,0.0986842105263158,credit-age,False,0.07867410757783441,True,0.1138024919862122
0.1809463216928224,0.1809463216928224,0.1470220541095012,0.1942178726380347,0.7280969350368913,0.7863888888888889,0.696969696969697,credit,age,18,proxy_soft,random,25.0,0.3,0.164407909353477,0.164407909353477,0.1385594306962431,0.1804595471791134,0.7292245134380577,0.7897222222222222,0.7142857142857143,0.9088003433850661,0.4444444444444444,credit-age,True,-0.016538412339345415,True,0.1809463216928224
0.1494768839247844,0.1494768839247844,0.103058084369791,0.1598220589907313,0.7281470695271377,0.7886111111111112,0.7272727272727273,credit,age,18,proxy_soft,random,50.0,0.3,0.164407909353477,0.164407909353477,0.1385594306962431,0.1804595471791134,0.7292245134380577,0.7897222222222222,0.7142857142857143,0.723053955914321,0.5714285714285714,credit-age,False,0.014931025428692596,True,0.1494768839247844
0.0484067513616502,0.0484067513616502,0.0420887293242723,0.0703929435077425,0.7242844756312804,0.7925,0.8225108225108225,credit,age,18,proxy_soft,random,100.0,1.0,0.164407909353477,0.164407909353477,0.1385594306962431,0.1804595471791134,0.7292245134380577,0.7897222222222222,0.7142857142857143,0.9999299677800064,0.5,credit-age,False,0.11600115799182678,True,0.0484067513616502
0.0718681882292601,0.0661115711660034,0.0718681882292601,0.0910304316961244,0.7227750693713627,0.7908333333333334,0.8051948051948052,credit,age,18,proxy_soft,random,200.0,10.0,0.164407909353477,0.164407909353477,0.1385594306962431,0.1804595471791134,0.7292245134380577,0.7897222222222222,0.7142857142857143,0.9249437258068669,0.1555555555555555,credit-age,False,0.09253972112421689,True,0.0718681882292601
0.0558983525546511,0.0558983525546511,0.0491409155019874,0.077272106237203,0.7228328135610214,0.7897222222222222,0.8138528138528138,credit,age,18,proxy_soft,random,400.0,30.0,0.164407909353477,0.164407909353477,0.1385594306962431,0.1804595471791134,0.7292245134380577,0.7897222222222222,0.7142857142857143,0.8406326927533552,0.295595667870036,credit-age,False,0.10850955679882589,True,0.0558983525546511
0.1000769329401204,0.0997364503279282,0.1000769329401204,0.1208841463414635,0.7194529879484743,0.7797222222222222,0.7672413793103449,credit,age,19,proxy_soft,random,25.0,3.0,0.2042878793975241,0.2042878793975241,0.1469419156302089,0.2100609756097561,0.7203442180384791,0.7813888888888889,0.6724137931034483,,0.1428571428571429,credit-age,False,0.1042109464574037,False,0.2042878793975241
0.1717817433173728,0.1717817433173728,0.1327574047954866,0.1826219512195122,0.7169610352056028,0.7819444444444444,0.7025862068965517,credit,age,19,proxy_soft,random,50.0,1.0,0.2042878793975241,0.2042878793975241,0.1469419156302089,0.2100609756097561,0.7203442180384791,0.7813888888888889,0.6724137931034483,0.9156873969713166,0.5,credit-age,False,0.03250613608015129,True,0.1717817433173728
0.1028978074112065,0.0989585428989122,0.1028978074112065,0.1208841463414635,0.7080836493969761,0.7786111111111111,0.7672413793103449,credit,age,19,proxy_soft,random,100.0,1.0,0.2042878793975241,0.2042878793975241,0.1469419156302089,0.2100609756097561,0.7203442180384791,0.7813888888888889,0.6724137931034483,0.8442399466160734,0.5909090909090909,credit-age,False,0.10139007198631761,True,0.1028978074112065
0.1040467951555144,0.1040467951555144,0.0759392229773047,0.1174542682926829,0.7109068478789753,0.7791666666666667,0.7629310344827587,credit,age,19,proxy_soft,random,200.0,30.0,0.2042878793975241,0.2042878793975241,0.1469419156302089,0.2100609756097561,0.7203442180384791,0.7813888888888889,0.6724137931034483,0.9174138083140246,0.2948717948717949,credit-age,False,0.1002410842420097,True,0.1040467951555144
0.1287101490095091,0.1287101490095091,0.1114405693037569,0.1451981707317073,0.7130308492737885,0.7805555555555556,0.7413793103448276,credit,age,19,proxy_soft,random,400.0,1.0,0.2042878793975241,0.2042878793975241,0.1469419156302089,0.2100609756097561,0.7203442180384791,0.7813888888888889,0.6724137931034483,0.8268092065558937,0.3694083694083694,credit-age,False,0.07557773038801499,True,0.1287101490095091
0.2348811008731339,0.2348811008731339,0.1978779330683421,0.244359756097561,0.7212797634368266,0.7713888888888889,0.6379310344827587,credit,age,20,proxy_soft,random,25.0,3.0,0.1705830282058504,0.1705830282058504,0.1456116168739581,0.1860518292682926,0.730263685037227,0.7869444444444444,0.7068965517241379,,0.2222222222222222,credit-age,True,-0.06429807266728352,False,0.1705830282058504
0.1619941925186765,0.1619941925186765,0.083071547634312,0.1620426829268293,0.720646367868089,0.7813888888888889,0.7112068965517241,credit,age,20,proxy_soft,random,50.0,3.0,0.1705830282058504,0.1705830282058504,0.1456116168739581,0.1860518292682926,0.730263685037227,0.7869444444444444,0.7068965517241379,0.9058467830288769,0.5,credit-age,False,0.00858883568717389,True,0.1619941925186765
0.2619100309821752,0.2619100309821752,0.1893351711757918,0.2615091463414634,0.7196396493987666,0.7697222222222222,0.6120689655172413,credit,age,20,proxy_soft,random,100.0,3.0,0.1705830282058504,0.1705830282058504,0.1456116168739581,0.1860518292682926,0.730263685037227,0.7869444444444444,0.7068965517241379,0.956498620617867,0.5789473684210527,credit-age,True,-0.0913270027763248,True,0.2619100309821752
0.1224231816413846,0.1224231816413846,0.0987466341838697,0.1380335365853658,0.7233661639639551,0.7852777777777777,0.75,credit,age,20,proxy_soft,random,200.0,1.0,0.1705830282058504,0.1705830282058504,0.1456116168739581,0.1860518292682926,0.730263685037227,0.7869444444444444,0.7068965517241379,0.19566484445436638,0.1764309764309763,credit-age,False,0.048159846564465786,True,0.1224231816413846
0.0703737979318391,0.0703737979318391,0.0404378766508526,0.083155487804878,0.7217743938986325,0.7780555555555555,0.7931034482758621,credit,age,20,proxy_soft,random,400.0,30.0,0.1705830282058504,0.1705830282058504,0.1456116168739581,0.1860518292682926,0.730263685037227,0.7869444444444444,0.7068965517241379,0.9551549079225953,0.3010335917312662,credit-age,False,0.1002092302740113,True,0.0703737979318391
0.2364405693037569,0.1560961788650599,0.2364405693037569,0.1997713414634145,0.7190107301238009,0.7863888888888889,0.7198275862068966,credit,age,21,proxy_soft,random,25.0,3.0,0.2123028593409411,0.160406523692646,0.2123028593409411,0.1963414634146342,0.721096683021552,0.7858333333333334,0.7155172413793104,0.46686908007564853,0.6666666666666667,credit-age,True,-0.024137709962815806,True,0.2364405693037569
0.1838536991922041,0.1294880564385251,0.1838536991922041,0.1654725609756097,0.7166705237398001,0.7819444444444444,0.7413793103448276,credit,age,21,proxy_soft,random,50.0,0.3,0.2123028593409411,0.160406523692646,0.2123028593409411,0.1963414634146342,0.721096683021552,0.7858333333333334,0.7155172413793104,0.6409635113587357,0.5714285714285714,credit-age,False,0.028449160148736996,True,0.1838536991922041
0.1355782792665726,0.0582206708780965,0.1355782792665726,0.1003048780487805,0.7132260156822476,0.7808333333333334,0.8060344827586207,credit,age,21,proxy_soft,random,100.0,30.0,0.2123028593409411,0.160406523692646,0.2123028593409411,0.1963414634146342,0.721096683021552,0.7858333333333334,0.7155172413793104,-0.6042169798469617,0.3125,credit-age,False,0.0767245800743685,False,0.2123028593409411
0.1113604308244646,0.0590304322751109,0.1113604308244646,0.0934451219512195,0.6956520863333828,0.7752777777777777,0.8017241379310345,credit,age,21,proxy_soft,random,200.0,10.0,0.2123028593409411,0.160406523692646,0.2123028593409411,0.1963414634146342,0.721096683021552,0.7858333333333334,0.7155172413793104,0.9675910223071732,0.4571428571428571,credit-age,False,0.10094242851647649,True,0.1113604308244646
0.1383991537376586,0.0441227752518139,0.1383991537376586,0.0906249999999999,0.7079363793318774,0.7802777777777777,0.8189655172413793,credit,age,21,proxy_soft,random,400.0,3.0,0.2123028593409411,0.160406523692646,0.2123028593409411,0.1963414634146342,0.721096683021552,0.7858333333333334,0.7155172413793104,0.6328725255313712,0.1726213846355189,credit-age,False,0.0739037056032825,True,0.1383991537376586
0.1625368637004743,0.0672303142477769,0.1625368637004743,0.1140243902439024,0.7129513950593356,0.7802777777777777,0.7974137931034483,credit,age,22,proxy_soft,random,25.0,0.3,0.1966277727913835,0.0965929666438659,0.1966277727913835,0.1448932926829268,0.7151626841827026,0.7819444444444444,0.771551724137931,0.8232332883724587,0.8823529411764706,credit-age,False,0.0340909090909092,True,0.1625368637004743
0.1978779330683421,0.0986014431524027,0.1978779330683421,0.1448932926829268,0.7087302500323411,0.7713888888888889,0.7629310344827587,credit,age,22,proxy_soft,random,50.0,30.0,0.1966277727913835,0.0965929666438659,0.1966277727913835,0.1448932926829268,0.7151626841827026,0.7819444444444444,0.771551724137931,-0.8463079766590197,0.5,credit-age,False,-0.001250160276958595,False,0.1966277727913835
0.155404539043467,0.0468773052213682,0.155404539043467,0.0968749999999999,0.7102445802154082,0.7780555555555555,0.8146551724137931,credit,age,22,proxy_soft,random,100.0,3.0,0.1966277727913835,0.0965929666438659,0.1966277727913835,0.1448932926829268,0.7151626841827026,0.7819444444444444,0.771551724137931,0.8127940309202141,0.0784313725490196,credit-age,False,0.041223233747916505,True,0.155404539043467
0.148352352865752,0.0535213723360024,0.148352352865752,0.1003048780487805,0.7105203199117632,0.7808333333333334,0.8103448275862069,credit,age,22,proxy_soft,random,200.0,30.0,0.1966277727913835,0.0965929666438659,0.1966277727913835,0.1448932926829268,0.7151626841827026,0.7819444444444444,0.771551724137931,-0.41928875465162063,0.1789473684210526,credit-age,False,0.0482754199256315,False,0.1966277727913835
0.152583664572381,0.0570538097345726,0.152583664572381,0.103734756097561,0.7093358925796925,0.7791666666666667,0.8060344827586207,credit,age,22,proxy_soft,random,400.0,0.3,0.1966277727913835,0.0965929666438659,0.1966277727913835,0.1448932926829268,0.7151626841827026,0.7819444444444444,0.771551724137931,0.865761734882839,0.4491725768321513,credit-age,False,0.04404410821900248,True,0.152583664572381
0.0688870367995896,0.0449006826808299,0.0688870367995896,0.0728658536585366,0.7113784254278553,0.7819444444444444,0.8189655172413793,credit,age,23,proxy_soft,random,25.0,1.0,0.1441210411591229,0.1016812189004681,0.1441210411591229,0.1346036585365854,0.7231689832232986,0.7825,0.7672413793103449,0.8980406602221349,0.3333333333333333,credit-age,False,0.07523400435953329,True,0.0688870367995896
0.1185728939607642,0.0605543931651444,0.1185728939607642,0.0977896341463414,0.71835383401276,0.7833333333333333,0.8060344827586207,credit,age,23,proxy_soft,random,50.0,0.3,0.1441210411591229,0.1016812189004681,0.1441210411591229,0.1346036585365854,0.7231689832232986,0.7825,0.7672413793103449,-0.6892545586054907,0.8,credit-age,False,0.025548147198358684,False,0.1441210411591229
0.173980638543403,0.1181128368137984,0.173980638543403,0.1551829268292683,0.7187464049765644,0.7858333333333334,0.7543103448275862,credit,age,23,proxy_soft,random,100.0,1.0,0.1441210411591229,0.1016812189004681,0.1441210411591229,0.1346036585365854,0.7231689832232986,0.7825,0.7672413793103449,0.1807006874355482,0.2133333333333333,credit-age,True,-0.029859597384280123,True,0.173980638543403
0.0873028593409411,0.0010511809439505,0.0873028593409411,0.0454268292682926,0.7112982997693366,0.7797222222222222,0.8577586206896551,credit,age,23,proxy_soft,random,200.0,10.0,0.1441210411591229,0.1016812189004681,0.1441210411591229,0.1346036585365854,0.7231689832232986,0.7825,0.7672413793103449,0.9536415747190353,0.0574324324324324,credit-age,False,0.05681818181818178,True,0.0873028593409411
0.1086196948326708,0.021015236255851,0.1086196948326708,0.0660060975609756,0.7105297201286844,0.7813888888888889,0.8405172413793104,credit,age,23,proxy_soft,random,400.0,3.0,0.1441210411591229,0.1016812189004681,0.1441210411591229,0.1346036585365854,0.7231689832232986,0.7825,0.7672413793103449,0.551590854059951,0.1422413793103448,credit-age,False,0.03550134632645209,True,0.1086196948326708
0.1324974921397939,0.1324974921397939,0.0790806513655597,0.1426241521670794,0.7296043269646117,0.7980555555555555,0.7489177489177489,credit,age,24,proxy_soft,random,25.0,3.0,0.1156224542694216,0.1156224542694216,0.1017277856135401,0.1357449894376189,0.7352954868663304,0.7941666666666667,0.7619047619047619,,0.0999999999999999,credit-age,True,-0.016875037870372298,False,0.1156224542694216
0.0717880497499679,0.0248698942322581,0.0717880497499679,0.0600741994135514,0.7174883426119443,0.7858333333333334,0.8398268398268398,credit,age,24,proxy_soft,random,50.0,0.3,0.1156224542694216,0.1156224542694216,0.1017277856135401,0.1357449894376189,0.7352954868663304,0.7941666666666667,0.7619047619047619,,0.5,credit-age,False,0.043834404519453696,False,0.1156224542694216
0.069047313758174,0.0291467216039533,0.069047313758174,0.0635137807782817,0.7193809196187451,0.7919444444444445,0.8398268398268398,credit,age,24,proxy_soft,random,100.0,1.0,0.1156224542694216,0.1156224542694216,0.1017277856135401,0.1357449894376189,0.7352954868663304,0.7941666666666667,0.7619047619047619,0.9611475163668978,0.4166666666666666,credit-age,False,0.0465751405112476,True,0.069047313758174
0.0582311674846667,0.0582311674846667,0.0406782920887293,0.077272106237203,0.7292202609589743,0.7930555555555555,0.8138528138528138,credit,age,24,proxy_soft,random,200.0,0.3,0.1156224542694216,0.1156224542694216,0.1017277856135401,0.1357449894376189,0.7352954868663304,0.7941666666666667,0.7619047619047619,0.2856835423840643,0.3504273504273504,credit-age,False,0.05739128678475489,True,0.0582311674846667
0.064816002051545,0.0303131290689611,0.064816002051545,0.0635137807782817,0.7254601741904958,0.7936111111111112,0.8398268398268398,credit,age,24,proxy_soft,random,400.0,1.0,0.1156224542694216,0.1156224542694216,0.1017277856135401,0.1357449894376189,0.7352954868663304,0.7941666666666667,0.7619047619047619,0.8138174942854962,0.2542997542997542,credit-age,False,0.050806452217876594,True,0.064816002051545
0.1312668290806513,0.1133939932540243,0.1312668290806513,0.1391845708023492,0.7064746456006312,0.7775,0.7532467532467533,credit,age,25,proxy_soft,random,25.0,10.0,0.2150435953327349,0.1715628850154511,0.2150435953327349,0.2045366167322257,0.7085297120713557,0.7797222222222222,0.7012987012987013,,0.1111111111111111,credit-age,False,0.0837767662520836,False,0.2150435953327349
0.1377606323173975,0.1377606323173975,0.1284459546095653,0.156382477626001,0.7005784714441554,0.7786111111111111,0.7316017316017316,credit,age,25,proxy_soft,random,50.0,30.0,0.2150435953327349,0.1715628850154511,0.2150435953327349,0.2045366167322257,0.7085297120713557,0.7797222222222222,0.7012987012987013,,0.0625,credit-age,False,0.07728296301533741,False,0.2150435953327349
0.1312668290806513,0.0898049591673231,0.1312668290806513,0.1219866639786975,0.7030274517668156,0.7775,0.7748917748917749,credit,age,25,proxy_soft,random,100.0,1.0,0.2150435953327349,0.1715628850154511,0.2150435953327349,0.2045366167322257,0.7085297120713557,0.7797222222222222,0.7012987012987013,,0.2552631578947368,credit-age,False,0.0837767662520836,False,0.2150435953327349
0.124134504423644,0.0505072946752573,0.124134504423644,0.0910304316961244,0.6934817552980295,0.7752777777777777,0.8095238095238095,credit,age,25,proxy_soft,random,200.0,10.0,0.2150435953327349,0.1715628850154511,0.2150435953327349,0.2045366167322257,0.7085297120713557,0.7797222222222222,0.7012987012987013,0.769970654851053,0.5531914893617021,credit-age,False,0.0909090909090909,True,0.124134504423644
0.135039014899046,0.135039014899046,0.1127708680600076,0.1495033148965402,0.6959589362714533,0.7747222222222222,0.7316017316017316,credit,age,25,proxy_soft,random,400.0,1.0,0.2150435953327349,0.1715628850154511,0.2150435953327349,0.2045366167322257,0.7085297120713557,0.7797222222222222,0.7012987012987013,0.8774729650635174,0.5,credit-age,False,0.08000458043368891,True,0.135039014899046
0.1242947813822284,0.0425351064257836,0.1242947813822284,0.0865853658536586,0.707241210909086,0.7852777777777777,0.8232758620689655,credit,age,26,proxy_soft,random,25.0,1.0,0.175391075778946,0.1365210772676672,0.175391075778946,0.1689024390243902,0.7210465485313056,0.7852777777777777,0.7370689655172413,0.9461283305919256,0.5,credit-age,False,0.051096294396717604,True,0.1242947813822284
0.1496826516220027,0.0114590458563017,0.1496826516220027,0.0522865853658537,0.6993884487448696,0.7752777777777777,0.8549202644885259,credit,age,26,proxy_soft,random,50.0,1.0,0.175391075778946,0.1365210772676672,0.175391075778946,0.1689024390243902,0.7210465485313056,0.7852777777777777,0.7370689655172413,0.6972992536800334,0.9142857142857144,credit-age,False,0.0257084241569433,True,0.1496826516220027
0.1043082446467495,0.0233808125108974,0.1043082446467495,0.0660060975609756,0.6986033068172611,0.7780555555555555,0.8362068965517241,credit,age,26,proxy_soft,random,100.0,30.0,0.175391075778946,0.1365210772676672,0.175391075778946,0.1689024390243902,0.7210465485313056,0.7852777777777777,0.7370689655172413,0.7939036219759995,0.6956521739130435,credit-age,False,0.0710828311321965,True,0.1043082446467495
0.1101102705475061,0.0288261645140091,0.1101102705475061,0.0728658536585366,0.7024802248531887,0.7858333333333334,0.8362068965517241,credit,age,26,proxy_soft,random,200.0,30.0,0.175391075778946,0.1365210772676672,0.175391075778946,0.1689024390243902,0.7210465485313056,0.7852777777777777,0.7370689655172413,0.9418739672543521,0.5405405405405406,credit-age,False,0.06528080523143989,True,0.1101102705475061
0.0987466341838697,0.0049407180890301,0.0987466341838697,0.0522865853658537,0.7011843378061954,0.7852777777777777,0.8577586206896551,credit,age,26,proxy_soft,random,400.0,3.0,0.175391075778946,0.1365210772676672,0.175391075778946,0.1689024390243902,0.7210465485313056,0.7852777777777777,0.7370689655172413,0.9552957017949862,0.22,credit-age,False,0.0766444415950763,True,0.0987466341838697
0.1085395563533785,0.064507638246221,0.1085395563533785,0.0968749999999999,0.6967490021222109,0.7763888888888889,0.7974137931034483,credit,age,27,proxy_soft,random,25.0,1.0,0.1426304654442877,0.1361639775211578,0.1426304654442877,0.1586128048780487,0.7151864085396942,0.7780555555555555,0.7327586206896551,,0.9411764705882352,credit-age,False,0.0340909090909092,False,0.1426304654442877
0.1242146429029362,0.1189225982108129,0.1242146429029362,0.1414634146341463,0.7079482415103732,0.7802777777777777,0.75,credit,age,27,proxy_soft,random,50.0,3.0,0.1426304654442877,0.1361639775211578,0.1426304654442877,0.1586128048780487,0.7151864085396942,0.7780555555555555,0.7327586206896551,,0.0108108108108108,credit-age,False,0.018415822541351504,False,0.1426304654442877
0.0778276264434877,0.0778276264434877,0.0730382100269265,0.0968749999999999,0.7020117807099492,0.7752777777777777,0.7844827586206896,credit,age,27,proxy_soft,random,100.0,3.0,0.1426304654442877,0.1361639775211578,0.1426304654442877,0.1586128048780487,0.7151864085396942,0.7780555555555555,0.7327586206896551,0.6408836669103791,0.3484848484848485,credit-age,False,0.0648028390008,True,0.0778276264434877
0.0956853442749069,0.0892028460682143,0.0956853442749069,0.1105945121951219,0.7083775180831078,0.7713888888888889,0.771551724137931,credit,age,27,proxy_soft,random,200.0,10.0,0.1426304654442877,0.1361639775211578,0.1426304654442877,0.1586128048780487,0.7151864085396942,0.7780555555555555,0.7327586206896551,0.9615970001908596,0.275,credit-age,False,0.04694512116938081,True,0.0956853442749069
0.0939021446103085,0.0939021446103085,0.0829112706757276,0.1105945121951219,0.6978161505574553,0.7713888888888889,0.7672413793103449,credit,age,27,proxy_soft,random,400.0,10.0,0.1426304654442877,0.1361639775211578,0.1426304654442877,0.1586128048780487,0.7151864085396942,0.7780555555555555,0.7327586206896551,0.7114713283202351,0.2047619047619048,credit-age,False,0.0487283208339792,True,0.0939021446103085
0.1112802923451724,0.0931242371812925,0.1112802923451724,0.1174542682926829,0.678675518388391,0.7702777777777777,0.7672413793103449,credit,age,28,proxy_soft,random,25.0,3.0,0.1668483138863957,0.1494521117504258,0.1668483138863957,0.1757621951219512,0.7208157955873591,0.7836111111111111,0.7241379310344828,,0.3333333333333333,credit-age,False,0.05556802154122331,False,0.1668483138863957
0.0915341710475701,0.0797723950160276,0.0915341710475701,0.103734756097561,0.7021666604744603,0.7780555555555555,0.7844827586206896,credit,age,28,proxy_soft,random,50.0,1.0,0.1668483138863957,0.1494521117504258,0.1668483138863957,0.1757621951219512,0.7208157955873591,0.7836111111111111,0.7241379310344828,0.6772212973862295,0.4,credit-age,False,0.0753141428388256,True,0.0915341710475701
0.1299365303244005,0.0879722769886935,0.1299365303244005,0.1208841463414635,0.7168900859493167,0.7830555555555555,0.7801724137931034,credit,age,28,proxy_soft,random,100.0,1.0,0.1668483138863957,0.1494521117504258,0.1668483138863957,0.1757621951219512,0.7208157955873591,0.7836111111111111,0.7241379310344828,-0.7712211176222251,0.1111111111111111,credit-age,False,0.036911783561995204,False,0.1668483138863957
0.1142614437748429,0.1087460936976086,0.1142614437748429,0.1311737804878048,0.7152459432468619,0.7791666666666667,0.7586206896551724,credit,age,28,proxy_soft,random,200.0,1.0,0.1668483138863957,0.1494521117504258,0.1668483138863957,0.1757621951219512,0.7208157955873591,0.7836111111111111,0.7241379310344828,-0.059647640010276434,0.1428571428571428,credit-age,False,0.0525868701115528,False,0.1668483138863957
0.119903192717015,0.0695958905028232,0.119903192717015,0.103734756097561,0.701601304571057,0.7769444444444444,0.7931034482758621,credit,age,28,proxy_soft,random,400.0,10.0,0.1668483138863957,0.1494521117504258,0.1668483138863957,0.1757621951219512,0.7208157955873591,0.7836111111111111,0.7241379310344828,0.9983003631012142,0.1785714285714285,credit-age,False,0.04694512116938071,True,0.119903192717015
0.0926715755307877,0.0926715755307877,0.0916143095268623,0.1140243902439024,0.7103439539371466,0.7830555555555555,0.7758620689655172,credit,age,29,proxy_soft,random,25.0,0.3,0.1024591263294839,0.1024591263294839,0.07742979869214,0.1174542682926829,0.7156617909382804,0.7836111111111111,0.7672413793103449,0.9899903499429321,0.3333333333333333,credit-age,False,0.009787550798696198,True,0.0926715755307877
0.0660661623285036,0.0456785901098458,0.0660661623285036,0.0728658536585366,0.708767850900026,0.7830555555555555,0.8189655172413793,credit,age,29,proxy_soft,random,50.0,1.0,0.1024591263294839,0.1024591263294839,0.07742979869214,0.1174542682926829,0.7156617909382804,0.7836111111111111,0.7672413793103449,-0.9917758059927833,0.1212121212121212,credit-age,False,0.0363929640009803,False,0.1024591263294839
0.072707520218887,0.072707520218887,0.0447493268367739,0.0865853658536586,0.7066228109244845,0.7813888888888889,0.7931034482758621,credit,age,29,proxy_soft,random,100.0,30.0,0.1024591263294839,0.1024591263294839,0.07742979869214,0.1174542682926829,0.7156617909382804,0.7836111111111111,0.7672413793103449,-0.0697716529968709,0.4782608695652174,credit-age,False,0.029751606110596893,False,0.1024591263294839
0.1171624567252211,0.0785736799045051,0.1171624567252211,0.1105945121951219,0.703225751580915,0.7830555555555555,0.7887931034482759,credit,age,29,proxy_soft,random,200.0,30.0,0.1024591263294839,0.1024591263294839,0.07742979869214,0.1174542682926829,0.7156617909382804,0.7836111111111111,0.7672413793103449,0.8890591657447933,0.025,credit-age,True,-0.014703330395737207,False,0.1024591263294839
0.0621102080231763,0.0621102080231763,0.0448294653160661,0.0797256097560975,0.7112262314396074,0.7863888888888889,0.8060344827586207,credit,age,29,proxy_soft,random,400.0,0.3,0.1024591263294839,0.1024591263294839,0.07742979869214,0.1174542682926829,0.7156617909382804,0.7836111111111111,0.7672413793103449,0.8800921743981918,0.1766666666666667,credit-age,False,0.040348918306307595,True,0.0621102080231763
0.0593007287441464,0.0298359370287712,0.0593007287441464,0.1956873799273734,0.8745128030082385,0.8019994445987225,0.7820284697508897,dutch,sex,0,proxy_soft,random,25.0,30.0,0.0487379776799155,0.0090747330960854,0.0487379776799155,0.2006849306617212,0.8789474318851764,0.8039433490697029,0.7909252669039146,0.09848079606550796,0.1428571428571429,dutch-sex,True,-0.0105627510642309,True,0.0593007287441464
0.04132446861896,0.0274202304119669,0.04132446861896,0.1862444428815208,0.8736940832657766,0.7989447375728964,0.7793594306049823,dutch,sex,0,proxy_soft,random,50.0,3.0,0.0487379776799155,0.0090747330960854,0.0487379776799155,0.2006849306617212,0.8789474318851764,0.8039433490697029,0.7909252669039146,0.754026355079159,0.3888888888888889,dutch-sex,False,0.007413509060955503,True,0.04132446861896
0.0333944495986644,0.0227184993063513,0.0333944495986644,0.1884703749905916,0.8736492515578245,0.8056095529019717,0.7891459074733096,dutch,sex,0,proxy_soft,random,100.0,30.0,0.0487379776799155,0.0090747330960854,0.0487379776799155,0.2006849306617212,0.8789474318851764,0.8039433490697029,0.7909252669039146,-0.8859039133409222,0.0151515151515151,dutch-sex,False,0.015343528081251098,False,0.0487379776799155
0.0518245973822305,0.0518245973822305,0.0030623410385521,0.154031047064151,0.8724530179159873,0.793390724798667,0.7651245551601423,dutch,sex,0,proxy_soft,random,200.0,3.0,0.0487379776799155,0.0090747330960854,0.0487379776799155,0.2006849306617212,0.8789474318851764,0.8039433490697029,0.7909252669039146,-0.014206201167275818,0.1517285531370038,dutch-sex,False,-0.0030866197023149966,False,0.0487379776799155
0.0483503226973882,0.0483503226973882,0.0076619723826286,0.1506986268071817,0.8689465599857528,0.7939461260760899,0.7669039145907474,dutch,sex,0,proxy_soft,random,400.0,3.0,0.0487379776799155,0.0090747330960854,0.0487379776799155,0.2006849306617212,0.8789474318851764,0.8039433490697029,0.7909252669039146,0.8821433447397837,0.0831772937814132,dutch-sex,False,0.00038765498252730374,True,0.0483503226973882
0.0353650207705545,0.0196091440979552,0.0353650207705545,0.209571384680306,0.877495502915916,0.8089419605665094,0.7864406779661017,dutch,sex,1,proxy_soft,random,25.0,3.0,0.0203446174032033,0.0025936425598648,0.0203446174032033,0.1951308969001057,0.8814190503222008,0.8128297695084699,0.802491103202847,-0.8232978434554307,0.0952380952380952,dutch-sex,True,-0.0150204033673512,False,0.0203446174032033
0.0485764153229655,0.0143283672115326,0.0485764153229655,0.1973525104047519,0.8762003303323915,0.8022771452374341,0.7873665480427047,dutch,sex,1,proxy_soft,random,50.0,3.0,0.0203446174032033,0.0025936425598648,0.0203446174032033,0.1951308969001057,0.8814190503222008,0.8128297695084699,0.802491103202847,-0.9507930351838145,0.2857142857142857,dutch-sex,True,-0.0282317979197622,False,0.0203446174032033
0.0427589118764701,0.0427589118764701,0.0160925899180193,0.154031047064151,0.8685576062712447,0.8022771452374341,0.7775800711743772,dutch,sex,1,proxy_soft,random,100.0,30.0,0.0203446174032033,0.0025936425598648,0.0203446174032033,0.1951308969001057,0.8814190503222008,0.8128297695084699,0.802491103202847,0.8821896244745222,0.1587878787878788,dutch-sex,True,-0.022414294473266802,True,0.0427589118764701
0.0143283672115326,0.0143283672115326,0.0107989748134077,0.1790252786425268,0.8705722504713513,0.8019994445987225,0.7873665480427047,dutch,sex,1,proxy_soft,random,200.0,30.0,0.0203446174032033,0.0025936425598648,0.0203446174032033,0.1951308969001057,0.8814190503222008,0.8128297695084699,0.802491103202847,-0.8299508039289487,0.0800701344243133,dutch-sex,False,0.006016250191670699,False,0.0203446174032033
0.0651697931117678,0.0651697931117678,0.0470709479059315,0.1190417140170794,0.8652375864092523,0.7847820049986115,0.751779359430605,dutch,sex,1,proxy_soft,random,400.0,30.0,0.0203446174032033,0.0025936425598648,0.0203446174032033,0.1951308969001057,0.8814190503222008,0.8128297695084699,0.802491103202847,0.11378431164421905,0.1033821979496023,dutch-sex,True,-0.044825175708564494,True,0.0651697931117678
0.0840283370582432,0.0475058809337113,0.0840283370582432,0.2051281576710137,0.8810385991729941,0.8106081643987781,0.7846975088967971,dutch,sex,2,proxy_soft,random,25.0,30.0,0.0762757918391426,0.0277188008926955,0.0762757918391426,0.209571384680306,0.8849337016335437,0.8100527631213552,0.7909252669039146,0.2816863591957528,0.1607142857142857,dutch-sex,False,-0.007752545219100598,True,0.0840283370582432
0.0510316735657057,0.0328035466554074,0.0510316735657057,0.1962417036524288,0.8817290074754555,0.811718966953624,0.7909252669039146,dutch,sex,2,proxy_soft,random,50.0,30.0,0.0762757918391426,0.0277188008926955,0.0762757918391426,0.209571384680306,0.8849337016335437,0.8100527631213552,0.7909252669039146,-0.6560309401512343,0.2,dutch-sex,False,0.0252441182734369,False,0.0762757918391426
0.054180915568981,0.042505579347367,0.054180915568981,0.1901376647701824,0.8811260982995488,0.8058872535406831,0.7829181494661922,dutch,sex,2,proxy_soft,random,100.0,30.0,0.0762757918391426,0.0277188008926955,0.0762757918391426,0.209571384680306,0.8849337016335437,0.8100527631213552,0.7909252669039146,-0.8780022334820099,0.1797101449275362,dutch-sex,False,0.0220948762701616,False,0.0762757918391426
0.0485644490017492,0.0485644490017492,0.0205220912043984,0.1718039551013206,0.8787747525135129,0.8067203554568175,0.7802491103202847,dutch,sex,2,proxy_soft,random,200.0,30.0,0.0762757918391426,0.0277188008926955,0.0762757918391426,0.209571384680306,0.8849337016335437,0.8100527631213552,0.7909252669039146,-0.8060814145784077,0.0471398305084745,dutch-sex,False,0.027711342837393398,False,0.0762757918391426
0.0589028288799083,0.0589028288799083,0.0389989498446798,0.176247182110613,0.8811811330858623,0.8067203554568175,0.7766903914590747,dutch,sex,2,proxy_soft,random,400.0,3.0,0.0762757918391426,0.0277188008926955,0.0762757918391426,0.209571384680306,0.8849337016335437,0.8100527631213552,0.7909252669039146,0.4515936865350804,0.0455882352941176,dutch-sex,False,0.017372962959234295,False,0.0762757918391426
0.0487220662356705,0.0189908920924061,0.0487220662356705,0.2012414136889888,0.8894493367689881,0.8119966675923355,0.7962633451957295,dutch,sex,3,proxy_soft,random,25.0,3.0,0.0386599136865347,0.0328035466554074,0.0386599136865347,0.1901333461657579,0.8905534335213791,0.8114412663149125,0.7909252669039146,0.8812749100400233,0.375,dutch-sex,True,-0.010062152549135797,True,0.0487220662356705
0.0403073601445248,0.0310241872248024,0.0403073601445248,0.1923549596704041,0.8905194232601743,0.8125520688697584,0.7927046263345195,dutch,sex,3,proxy_soft,random,50.0,30.0,0.0386599136865347,0.0328035466554074,0.0386599136865347,0.1901333461657579,0.8905534335213791,0.8114412663149125,0.7909252669039146,0.048837047390771354,0.1999999999999999,dutch-sex,False,-0.001647446457990101,True,0.0403073601445248
0.0272734393933088,0.023270402316183,0.0272734393933088,0.1895768631384903,0.8859784350209226,0.8128297695084699,0.7953736654804271,dutch,sex,3,proxy_soft,random,100.0,30.0,0.0386599136865347,0.0328035466554074,0.0386599136865347,0.1901333461657579,0.8905534335213791,0.8114412663149125,0.7909252669039146,0.12469162120364961,0.1477272727272727,dutch-sex,False,0.011386474293225902,True,0.0272734393933088
0.0215754870619457,0.0215754870619457,0.0210067782752484,0.1868009259087886,0.8870992277197234,0.8119966675923355,0.7953736654804271,dutch,sex,3,proxy_soft,random,200.0,30.0,0.0386599136865347,0.0328035466554074,0.0386599136865347,0.1901333461657579,0.8905534335213791,0.8114412663149125,0.7909252669039146,-0.5543749761509017,0.0674603174603175,dutch-sex,False,0.017084426624589002,False,0.0386599136865347
0.0389468604861571,0.0389468604861571,0.0107830633691626,0.1729147618536436,0.8867844782114807,0.8094973618439323,0.7864768683274022,dutch,sex,3,proxy_soft,random,400.0,3.0,0.0386599136865347,0.0328035466554074,0.0386599136865347,0.1901333461657579,0.8905534335213791,0.8114412663149125,0.7909252669039146,0.11208968656378568,0.1163501975277176,dutch-sex,False,-0.0002869467996223993,True,0.0389468604861571
0.0383049660841446,0.0149255081729898,0.0383049660841446,0.2051303169732259,0.8967054259970727,0.8239377950569287,0.8104982206405694,dutch,sex,4,proxy_soft,random,25.0,30.0,0.0374812428551495,0.0175945473188974,0.0374812428551495,0.2029065441663675,0.8968309547793384,0.8228269925020828,0.8078291814946619,0.2753677021958184,0.3333333333333333,dutch-sex,False,-0.0008237232289950991,True,0.0383049660841446
0.0355106716832594,0.0272965800108571,0.0355106716832594,0.1951308969001057,0.8949446220192325,0.8183837822826993,0.7998220640569395,dutch,sex,4,proxy_soft,random,50.0,30.0,0.0374812428551495,0.0175945473188974,0.0374812428551495,0.2029065441663675,0.8968309547793384,0.8228269925020828,0.8078291814946619,0.9970303564134896,0.2063492063492063,dutch-sex,False,0.0019705711718900967,True,0.0355106716832594
0.0345829060860124,0.0345829060860124,0.0223311000193385,0.1806925684221176,0.8870904159702292,0.8100527631213552,0.7891459074733096,dutch,sex,4,proxy_soft,random,100.0,10.0,0.0374812428551495,0.0175945473188974,0.0374812428551495,0.2029065441663675,0.8968309547793384,0.8228269925020828,0.8078291814946619,0.37520081517591175,0.1931818181818181,dutch-sex,False,0.0028983367691370956,True,0.0345829060860124
0.0365311538693527,0.0365311538693527,0.0173887606453681,0.1751363753582899,0.8880832064132222,0.8061649541793946,0.7838078291814946,dutch,sex,4,proxy_soft,random,200.0,3.0,0.0374812428551495,0.0175945473188974,0.0374812428551495,0.2029065441663675,0.8968309547793384,0.8228269925020828,0.8078291814946619,0.5800582769116539,0.2326881720430107,dutch-sex,False,0.0009500889857968001,True,0.0365311538693527
0.0447523976114361,0.0447523976114361,0.0012055978908768,0.1684715348443513,0.8912906832290456,0.8139405720633157,0.7891459074733096,dutch,sex,4,proxy_soft,random,400.0,3.0,0.0374812428551495,0.0175945473188974,0.0374812428551495,0.2029065441663675,0.8968309547793384,0.8228269925020828,0.8078291814946619,0.9449184105710292,0.110759493670886,dutch-sex,False,-0.007271154756286605,True,0.0447523976114361
0.0587842187848063,0.0568701369202002,0.0587842187848063,0.1901333461657579,0.8871224165341812,0.8125520688697584,0.7838078291814946,dutch,sex,5,proxy_soft,random,25.0,3.0,0.0559581014954309,0.0519995174618493,0.0559581014954309,0.1973546697069641,0.8923366533531953,0.8233823937795057,0.797153024911032,-0.8902757420251386,0.1428571428571429,dutch-sex,False,-0.0028261172893754016,False,0.0559581014954309
0.0556349767815309,0.0513631702756499,0.0556349767815309,0.1951308969001057,0.8899424855564606,0.8194945848375451,0.7927046263345195,dutch,sex,5,proxy_soft,random,50.0,30.0,0.0559581014954309,0.0519995174618493,0.0559581014954309,0.1973546697069641,0.8923366533531953,0.8233823937795057,0.797153024911032,-0.5162946727311745,0.225563909774436,dutch-sex,False,0.00032312471390000264,False,0.0559581014954309
0.070598347306834,0.070598347306834,0.0196824565311582,0.1662499213397051,0.8874139772279657,0.8139405720633157,0.7802491103202847,dutch,sex,5,proxy_soft,random,100.0,10.0,0.0559581014954309,0.0519995174618493,0.0559581014954309,0.1973546697069641,0.8923366533531953,0.8233823937795057,0.797153024911032,-0.5467744420242293,0.15625,dutch-sex,True,-0.014640245811403094,False,0.0559581014954309
0.0887749562699801,0.0887749562699801,0.0340406990264643,0.1640304671372712,0.8843737690604325,0.811718966953624,0.7722419928825622,dutch,sex,5,proxy_soft,random,200.0,3.0,0.0559581014954309,0.0519995174618493,0.0559581014954309,0.1973546697069641,0.8923366533531953,0.8233823937795057,0.797153024911032,0.9800144092871921,0.1131977047470005,dutch-sex,True,-0.032816854774549195,True,0.0887749562699801
0.0730140539236383,0.0730140539236383,0.017695973915023,0.1662499213397051,0.8878752800435826,0.8172729797278534,0.7829181494661922,dutch,sex,5,proxy_soft,random,400.0,3.0,0.0559581014954309,0.0519995174618493,0.0559581014954309,0.1973546697069641,0.8923366533531953,0.8233823937795057,0.797153024911032,0.5231977832549013,0.1377450980392157,dutch-sex,True,-0.0170559524282074,True,0.0730140539236383
0.056297137653576,0.0341606852041739,0.056297137653576,0.202352220441312,0.8909558367482727,0.8186614829214107,0.7980427046263345,dutch,sex,6,proxy_soft,random,25.0,30.0,0.0460734227474902,0.023737861149647,0.0460734227474902,0.2018043746228933,0.8929373982397525,0.8183837822826993,0.8033807829181495,0.26160467845438573,0.4666666666666666,dutch-sex,True,-0.010223714906085805,True,0.056297137653576
0.054180915568981,0.0476747692864467,0.054180915568981,0.1879160512655361,0.8826928891964241,0.8058872535406831,0.7811387900355872,dutch,sex,6,proxy_soft,random,50.0,30.0,0.0460734227474902,0.023737861149647,0.0460734227474902,0.2018043746228933,0.8929373982397525,0.8183837822826993,0.8033807829181495,-0.3105536827486901,0.0128205128205128,dutch-sex,False,-0.0081074928214908,False,0.0460734227474902
0.0707672356595693,0.0707672356595693,0.0378361904575396,0.1729147618536436,0.8859575650879102,0.8106081643987781,0.7766903914590747,dutch,sex,6,proxy_soft,random,100.0,3.0,0.0460734227474902,0.023737861149647,0.0460734227474902,0.2018043746228933,0.8929373982397525,0.8183837822826993,0.8033807829181495,0.46471230493506777,0.144360902255639,dutch-sex,True,-0.024693812912079102,True,0.0707672356595693
0.0794107002834911,0.0794107002834911,0.0231548232483335,0.1618066943304127,0.8831523369068843,0.8100527631213552,0.7731316725978647,dutch,sex,6,proxy_soft,random,200.0,10.0,0.0460734227474902,0.023737861149647,0.0460734227474902,0.2018043746228933,0.8929373982397525,0.8183837822826993,0.8033807829181495,0.9616924700698953,0.1102756892230576,dutch-sex,True,-0.03333727753600091,True,0.0794107002834911
0.0472525484046082,0.0472525484046082,0.017534411558073,0.176247182110613,0.8861934726269959,0.8156067758955846,0.7900355871886121,dutch,sex,6,proxy_soft,random,400.0,3.0,0.0460734227474902,0.023737861149647,0.0460734227474902,0.2018043746228933,0.8929373982397525,0.8183837822826993,0.8033807829181495,0.4026714139518949,0.1380533137686476,dutch-sex,False,-0.001179125657118002,True,0.0472525484046082
0.029920381205139,0.029920381205139,0.0253187796656638,0.1784687956152592,0.881112185010874,0.8006109414051652,0.7802491103202847,dutch,sex,7,proxy_soft,random,25.0,3.0,0.0446034500906952,0.0139905905060618,0.0446034500906952,0.1995741239093981,0.8902550707753536,0.8089419605665094,0.7944839857651246,-0.9840991841154001,0.2222222222222222,dutch-sex,False,0.014683068885556198,False,0.0446034500906952
0.0459277718347853,0.0304722842149707,0.0459277718347853,0.1917984766431364,0.8835726728169586,0.8067203554568175,0.7864768683274022,dutch,sex,7,proxy_soft,random,50.0,1.0,0.0446034500906952,0.0139905905060618,0.0446034500906952,0.1995741239093981,0.8902550707753536,0.8089419605665094,0.7944839857651246,0.9411092531610249,0.2083333333333333,dutch-sex,False,-0.0013243217440901053,True,0.0459277718347853
0.0541558598226672,0.0541558598226672,0.02581570630901,0.1418143320908091,0.8813307782351643,0.7978339350180506,0.7695729537366548,dutch,sex,7,proxy_soft,random,100.0,10.0,0.0446034500906952,0.0139905905060618,0.0446034500906952,0.1995741239093981,0.8902550707753536,0.8089419605665094,0.7944839857651246,0.9830892736133109,0.1177156177156177,dutch-sex,False,-0.009552409731972002,True,0.0541558598226672
0.0573768019784064,0.0573768019784064,0.0309232799116792,0.1706931483489975,0.8812908934742967,0.802832546514857,0.7731316725978647,dutch,sex,7,proxy_soft,random,200.0,30.0,0.0446034500906952,0.0139905905060618,0.0446034500906952,0.1995741239093981,0.8902550707753536,0.8089419605665094,0.7944839857651246,0.501376384646054,0.0847953216374268,dutch-sex,True,-0.012773351887711205,True,0.0573768019784064
0.0548766511852343,0.0548766511852343,0.0119580623287989,0.1490399742364399,0.8835856585530552,0.7992224382116079,0.7722419928825622,dutch,sex,7,proxy_soft,random,400.0,30.0,0.0446034500906952,0.0139905905060618,0.0446034500906952,0.1995741239093981,0.8902550707753536,0.8089419605665094,0.7944839857651246,-0.3159444166265626,0.1001301929222392,dutch-sex,True,-0.010273201094539101,False,0.0446034500906952
0.053649194764461,0.053649194764461,0.0001028124089682,0.1606958875780895,0.8833376928304514,0.8083865592890863,0.7802491103202847,dutch,sex,8,proxy_soft,random,25.0,10.0,0.0334398938416068,0.0334398938416068,0.0206677421171033,0.1840228293768747,0.8870619710244942,0.8161621771730075,0.7953736654804271,0.7743128841048649,0.375,dutch-sex,True,-0.020209300922854195,True,0.053649194764461
0.0411936787502261,0.0411936787502261,0.0091197054669274,0.1751363753582899,0.8856724972621739,0.8161621771730075,0.7927046263345195,dutch,sex,8,proxy_soft,random,50.0,30.0,0.0334398938416068,0.0334398938416068,0.0206677421171033,0.1840228293768747,0.8870619710244942,0.8161621771730075,0.7953736654804271,0.5442877409917521,0.1160714285714286,dutch-sex,False,-0.0077537849086192975,True,0.0411936787502261
0.0636890041618916,0.0636890041618916,0.0035433562376533,0.14792268957748,0.8757189305442445,0.7970008331019162,0.7651245551601423,dutch,sex,8,proxy_soft,random,100.0,30.0,0.0334398938416068,0.0334398938416068,0.0206677421171033,0.1840228293768747,0.8870619710244942,0.8161621771730075,0.7953736654804271,0.6120903766341355,0.2782258064516129,dutch-sex,True,-0.0302491103202848,True,0.0636890041618916
0.0563182339103685,0.0563182339103685,0.0019118212239082,0.1573656266233326,0.8818570097312634,0.8061649541793946,0.7775800711743772,dutch,sex,8,proxy_soft,random,200.0,30.0,0.0334398938416068,0.0334398938416068,0.0206677421171033,0.1840228293768747,0.8870619710244942,0.8161621771730075,0.7953736654804271,-0.6732333106599656,0.0519618239660657,dutch-sex,True,-0.022878340068761695,False,0.0334398938416068
0.0361933771638819,0.0361933771638819,0.0087965807530274,0.1751363753582899,0.8812471439110192,0.8128297695084699,0.7909252669039146,dutch,sex,8,proxy_soft,random,400.0,3.0,0.0334398938416068,0.0334398938416068,0.0206677421171033,0.1840228293768747,0.8870619710244942,0.8161621771730075,0.7953736654804271,-0.01121416491136321,0.0898641588296761,dutch-sex,False,-0.0027534833222750965,False,0.0334398938416068
0.0723324687858133,0.0723324687858133,0.0571685952153063,0.172916921155856,0.8771513809093602,0.7961677311857818,0.7615658362989324,dutch,sex,9,proxy_soft,random,25.0,10.0,0.0431175659896551,0.0311930755775378,0.0431175659896551,0.1917984766431364,0.887814525349703,0.8094973618439323,0.7891459074733096,0.5017817856971363,0.5,dutch-sex,True,-0.029214902796158203,True,0.0723324687858133
0.0557663309005367,0.0557663309005367,0.0137707430154879,0.1618066943304127,0.8774788069695064,0.8006109414051652,0.7713523131672598,dutch,sex,9,proxy_soft,random,50.0,10.0,0.0431175659896551,0.0311930755775378,0.0431175659896551,0.1917984766431364,0.887814525349703,0.8094973618439323,0.7891459074733096,0.1331615025926201,0.1785714285714286,dutch-sex,True,-0.0126487649108816,True,0.0557663309005367
0.0496230170697871,0.0496230170697871,0.0292758334536891,0.172916921155856,0.8818182071150703,0.8022771452374341,0.7758007117437722,dutch,sex,9,proxy_soft,random,100.0,30.0,0.0431175659896551,0.0311930755775378,0.0431175659896551,0.1917984766431364,0.887814525349703,0.8094973618439323,0.7891459074733096,-0.8802245102305829,0.1402298850574712,dutch-sex,False,-0.006505451080132001,False,0.0431175659896551
0.0635201158091561,0.0635201158091561,0.0185637596050045,0.14292297954092,0.8779237230229062,0.8006109414051652,0.7686832740213523,dutch,sex,9,proxy_soft,random,200.0,30.0,0.0431175659896551,0.0311930755775378,0.0431175659896551,0.1917984766431364,0.887814525349703,0.8094973618439323,0.7891459074733096,0.9376956576888781,0.0476973684210526,dutch-sex,True,-0.020402549819501008,False,0.0431175659896551
0.0468695337475119,0.0468695337475119,0.0012215093351219,0.1629175010827358,0.8818655122965646,0.8061649541793946,0.7802491103202847,dutch,sex,9,proxy_soft,random,400.0,10.0,0.0431175659896551,0.0311930755775378,0.0431175659896551,0.1917984766431364,0.887814525349703,0.8094973618439323,0.7891459074733096,0.9992683872299805,0.0812741312741312,dutch-sex,False,-0.0037519677578568,True,0.0468695337475119
0.0570390252729356,0.0570390252729356,0.0446034500906952,0.1812468921471731,0.8808756591034028,0.8092196612052208,0.7802491103202847,dutch,sex,10,proxy_soft,random,25.0,30.0,0.0432263707099342,0.0432263707099342,0.041631681888615,0.1862444428815208,0.8852663838249671,0.8100527631213552,0.7855871886120996,-0.9986813947981836,0.4285714285714286,dutch-sex,True,-0.013812654563001396,False,0.0432263707099342
0.0434797032390373,0.0434797032390373,0.0432950397908502,0.1834706649540315,0.8773787858831446,0.8042210497084143,0.7802491103202847,dutch,sex,10,proxy_soft,random,50.0,30.0,0.0432263707099342,0.0432263707099342,0.041631681888615,0.1862444428815208,0.8852663838249671,0.8100527631213552,0.7855871886120996,-0.38321140710278795,0.2179487179487179,dutch-sex,False,-0.0002533325291030966,False,0.0432263707099342
0.0511490439712889,0.0511490439712889,0.0266271899655088,0.1734712448809114,0.8834857920587895,0.8064426548181061,0.7793594306049823,dutch,sex,10,proxy_soft,random,100.0,1.0,0.0432263707099342,0.0432263707099342,0.041631681888615,0.1862444428815208,0.8852663838249671,0.8100527631213552,0.7855871886120996,0.8932041493367968,0.1038961038961038,dutch-sex,False,-0.0079226732613547,True,0.0511490439712889
0.0789432414500271,0.0789432414500271,0.0033817938807033,0.1434859404748243,0.8743657859245751,0.8003332407664537,0.7651245551601423,dutch,sex,10,proxy_soft,random,200.0,10.0,0.0432263707099342,0.0432263707099342,0.041631681888615,0.1862444428815208,0.8852663838249671,0.8100527631213552,0.7855871886120996,0.6764287372330838,0.0694444444444444,dutch-sex,True,-0.035716870740092894,True,0.0789432414500271
0.0555129983714337,0.0555129983714337,0.015741314187378,0.1656955976146497,0.8797672337723131,0.8053318522632602,0.7766903914590747,dutch,sex,10,proxy_soft,random,400.0,3.0,0.0432263707099342,0.0432263707099342,0.041631681888615,0.1862444428815208,0.8852663838249671,0.8100527631213552,0.7855871886120996,0.8349195251423589,0.1014013899965819,dutch-sex,True,-0.012286627661499495,True,0.0555129983714337
0.0374208335846552,0.0374208335846552,0.0304226813965841,0.1806904091199054,0.8776293796713867,0.8056095529019717,0.7829181494661922,dutch,sex,11,proxy_soft,random,25.0,3.0,0.0400898727305627,0.0400898727305627,0.027951511709599,0.1773579888629362,0.8790241095649841,0.8039433490697029,0.7802491103202847,0.14230882972632403,0.0999999999999999,dutch-sex,False,0.0026690391459074994,True,0.0374208335846552
0.0452138247180168,0.0452138247180168,0.0017539307387071,0.1529202403118279,0.8715446347576212,0.7878367120244376,0.7615658362989324,dutch,sex,11,proxy_soft,random,50.0,30.0,0.0400898727305627,0.0400898727305627,0.027951511709599,0.1773579888629362,0.8790241095649841,0.8039433490697029,0.7802491103202847,-0.39166772756776796,0.25,dutch-sex,False,-0.005123951987454099,False,0.0400898727305627
0.076228964352494,0.076228964352494,0.0053878598128324,0.1407056846406983,0.8658306016909902,0.7867259094695918,0.7508896797153025,dutch,sex,11,proxy_soft,random,100.0,3.0,0.0400898727305627,0.0400898727305627,0.027951511709599,0.1773579888629362,0.8790241095649841,0.8039433490697029,0.7802491103202847,0.9100581744068078,0.1468253968253968,dutch-sex,True,-0.0361390916219313,True,0.076228964352494
0.0777549912539959,0.0777549912539959,0.0081821542137176,0.1440359455954553,0.8696484081033466,0.7911691196889753,0.7544483985765125,dutch,sex,11,proxy_soft,random,200.0,10.0,0.0400898727305627,0.0400898727305627,0.027951511709599,0.1773579888629362,0.8790241095649841,0.8039433490697029,0.7802491103202847,0.9727263342319883,0.108294930875576,dutch-sex,True,-0.037665118523433204,True,0.0777549912539959
0.0742807165691538,0.0742807165691538,0.0078235347395786,0.1384797525316276,0.8712911037195477,0.7922799222438212,0.7562277580071174,dutch,sex,11,proxy_soft,random,400.0,30.0,0.0400898727305627,0.0400898727305627,0.027951511709599,0.1773579888629362,0.8790241095649841,0.8039433490697029,0.7802491103202847,-0.37023333873713443,0.0428571428571428,dutch-sex,True,-0.034190843838591105,False,0.0400898727305627
0.0454271733196902,0.0182701007298389,0.0454271733196902,0.198463317157075,0.884214693793251,0.8094973618439323,0.7935943060498221,dutch,sex,12,proxy_soft,random,25.0,30.0,0.0355265831275045,0.0294137161469327,0.0355265831275045,0.1895768631384903,0.8845312984066502,0.8106081643987781,0.7909252669039146,-0.9992505674726493,0.509090909090909,dutch-sex,False,-0.009900590192185699,False,0.0355265831275045
0.0444538271307075,0.0444538271307075,0.0332328872417144,0.1773579888629362,0.8769420632108532,0.802832546514857,0.7775800711743772,dutch,sex,12,proxy_soft,random,50.0,3.0,0.0355265831275045,0.0294137161469327,0.0355265831275045,0.1895768631384903,0.8845312984066502,0.8106081643987781,0.7909252669039146,0.48349113094147217,0.3333333333333333,dutch-sex,False,-0.008927244003203001,True,0.0444538271307075
0.0290307014898365,0.0290307014898365,0.027628386995699,0.18013608539485,0.8773514230820841,0.8008886420438767,0.7811387900355872,dutch,sex,12,proxy_soft,random,100.0,3.0,0.0355265831275045,0.0294137161469327,0.0355265831275045,0.1895768631384903,0.8845312984066502,0.8106081643987781,0.7909252669039146,0.7388712329259397,0.0789473684210526,dutch-sex,False,0.006495881637668,True,0.0290307014898365
0.0431175659896551,0.0354725858013149,0.0431175659896551,0.1901333461657579,0.8829158109994132,0.8097750624826437,0.7882562277580071,dutch,sex,12,proxy_soft,random,200.0,30.0,0.0355265831275045,0.0294137161469327,0.0355265831275045,0.1895768631384903,0.8845312984066502,0.8106081643987781,0.7909252669039146,-0.2790934997195488,0.1151960784313724,dutch-sex,False,-0.007590982862150597,False,0.0355265831275045
0.0613185354967126,0.0613185354967126,0.0139163939281928,0.165139114587382,0.8811420212854766,0.8100527631213552,0.7793594306049823,dutch,sex,12,proxy_soft,random,400.0,10.0,0.0355265831275045,0.0294137161469327,0.0355265831275045,0.1895768631384903,0.8845312984066502,0.8106081643987781,0.7909252669039146,0.12863461443288027,0.1521634615384615,dutch-sex,True,-0.0257919523692081,True,0.0613185354967126
0.0416158996320646,0.0416158996320646,0.0320701278545742,0.1806925684221176,0.8847171181065066,0.8072757567342405,0.7838078291814946,dutch,sex,13,proxy_soft,random,25.0,1.0,0.0625797102158815,0.0129320224380239,0.0625797102158815,0.2106843507348414,0.8879564408941854,0.8122743682310469,0.798932384341637,0.6108149146696459,0.6666666666666667,dutch-sex,False,0.020963810583816904,True,0.0416158996320646
0.0494541287170516,0.0494541287170516,0.0427944412757551,0.1818012158722285,0.8857618514938853,0.8061649541793946,0.7793594306049823,dutch,sex,13,proxy_soft,random,50.0,30.0,0.0625797102158815,0.0129320224380239,0.0625797102158815,0.2106843507348414,0.8879564408941854,0.8122743682310469,0.798932384341637,-0.5987050834975303,0.1309523809523809,dutch-sex,False,0.013125581498829905,False,0.0625797102158815
0.0502238617809557,0.0177181977200071,0.0502238617809557,0.1973525104047519,0.881595594496274,0.80338794779228,0.7873665480427047,dutch,sex,13,proxy_soft,random,100.0,10.0,0.0625797102158815,0.0129320224380239,0.0625797102158815,0.2106843507348414,0.8879564408941854,0.8122743682310469,0.798932384341637,-0.9742181470002437,0.1136712749615975,dutch-sex,False,0.012355848434925806,False,0.0625797102158815
0.0375897219373906,0.0375897219373906,0.0200374041335484,0.1734712448809114,0.8784855107011741,0.8019994445987225,0.7793594306049823,dutch,sex,13,proxy_soft,random,200.0,30.0,0.0625797102158815,0.0129320224380239,0.0625797102158815,0.2106843507348414,0.8879564408941854,0.8122743682310469,0.798932384341637,0.7155316152702039,0.09375,dutch-sex,False,0.0249899882784909,True,0.0375897219373906
0.0651305868870257,0.0651305868870257,0.0055175992812923,0.1551418538164741,0.8817724478545399,0.802832546514857,0.7704626334519573,dutch,sex,13,proxy_soft,random,400.0,10.0,0.0625797102158815,0.0129320224380239,0.0625797102158815,0.2106843507348414,0.8879564408941854,0.8122743682310469,0.798932384341637,-0.9963265006364851,0.0052631578947368,dutch-sex,False,-0.0025508766711441894,False,0.0625797102158815
0.0356414741540502,0.0356414741540502,0.028113074066549,0.1806925684221176,0.8791644791885027,0.8061649541793946,0.7846975088967971,dutch,sex,14,proxy_soft,random,25.0,30.0,0.0477367806497254,0.0208546956993788,0.0477367806497254,0.198463317157075,0.8845285157489153,0.8094973618439323,0.7927046263345195,0.8635755981084201,0.4603174603174603,dutch-sex,False,0.012095306495675195,True,0.0356414741540502
0.0551821125991711,0.0274202304119669,0.0551821125991711,0.1929092833954596,0.8776572062487362,0.7989447375728964,0.7793594306049823,dutch,sex,14,proxy_soft,random,50.0,1.0,0.0477367806497254,0.0208546956993788,0.0477367806497254,0.198463317157075,0.8845285157489153,0.8094973618439323,0.7927046263345195,0.13852590101060913,0.3361344537815126,dutch-sex,False,-0.007445331949445702,True,0.0551821125991711
0.0396611107167248,0.010685204173955,0.0396611107167248,0.1967981866796965,0.8835378895952717,0.8058872535406831,0.7927046263345195,dutch,sex,14,proxy_soft,random,100.0,30.0,0.0477367806497254,0.0208546956993788,0.0477367806497254,0.198463317157075,0.8845285157489153,0.8094973618439323,0.7927046263345195,-0.6477492950237151,0.0872865275142315,dutch-sex,False,0.008075669933000601,False,0.0477367806497254
0.0433108148863019,0.0433108148863019,0.0013830716920719,0.1656955976146497,0.8809311576660056,0.8081088586503749,0.7838078291814946,dutch,sex,14,proxy_soft,random,200.0,3.0,0.0477367806497254,0.0208546956993788,0.0477367806497254,0.198463317157075,0.8845285157489153,0.8094973618439323,0.7927046263345195,-0.912567472801992,0.0517826825127334,dutch-sex,False,0.004425965763423495,False,0.0477367806497254
0.0468695337475119,0.0468695337475119,0.0019118212239082,0.1612523706053573,0.8798289160187712,0.8058872535406831,0.7802491103202847,dutch,sex,14,proxy_soft,random,400.0,10.0,0.0477367806497254,0.0208546956993788,0.0477367806497254,0.198463317157075,0.8845285157489153,0.8094973618439323,0.7927046263345195,0.9609788320512079,0.0563766891891892,dutch-sex,False,0.0008672469022135004,True,0.0468695337475119
0.0399209843778274,0.0399209843778274,0.0264656276085588,0.1779187904946282,0.883387935261777,0.8058872535406831,0.7838078291814946,dutch,sex,15,proxy_soft,random,25.0,1.0,0.0597695043707513,0.0128475782616563,0.0597695043707513,0.2106821914326291,0.8917368360192165,0.8144959733407386,0.800711743772242,0.6591741891540914,0.4285714285714285,dutch-sex,False,0.019848519992923898,True,0.0399209843778274
0.067376398677147,0.0391157488388925,0.067376398677147,0.1979089934320195,0.8876763200155334,0.8058872535406831,0.7829181494661922,dutch,sex,15,proxy_soft,random,50.0,1.0,0.0597695043707513,0.0128475782616563,0.0597695043707513,0.2106821914326291,0.8917368360192165,0.8144959733407386,0.800711743772242,-0.0762392653600869,0.1111111111111111,dutch-sex,False,-0.0076068943063956965,False,0.0597695043707513
0.0424713165618551,0.0280565775981663,0.0424713165618551,0.1890225394134348,0.8838241941577791,0.8031102471535685,0.7838078291814946,dutch,sex,15,proxy_soft,random,100.0,10.0,0.0597695043707513,0.0128475782616563,0.0597695043707513,0.2106821914326291,0.8917368360192165,0.8144959733407386,0.800711743772242,-0.29475645158227815,0.1653225806451612,dutch-sex,False,0.0172981878088962,False,0.0597695043707513
0.0358497078414045,0.0189064479160383,0.0358497078414045,0.1962417036524288,0.8879140826597756,0.8139405720633157,0.7980427046263345,dutch,sex,15,proxy_soft,random,200.0,3.0,0.0597695043707513,0.0128475782616563,0.0597695043707513,0.2106821914326291,0.8917368360192165,0.8144959733407386,0.800711743772242,0.4501280165766439,0.1143039591315453,dutch-sex,False,0.023919796529346796,True,0.0358497078414045
0.0677151818565655,0.0677151818565655,0.0046938760522972,0.1534767233390955,0.8816014689959367,0.8025548458761456,0.7695729537366548,dutch,sex,15,proxy_soft,random,400.0,30.0,0.0597695043707513,0.0128475782616563,0.0597695043707513,0.2106821914326291,0.8917368360192165,0.8144959733407386,0.800711743772242,-0.185276992150756,0.0424242424242424,dutch-sex,False,-0.0079456774858142,False,0.0597695043707513
0.062799324446589,0.062799324446589,0.0550205502422211,0.1768036651378807,0.8805520978456665,0.7975562343793391,0.7660142348754448,dutch,sex,16,proxy_soft,random,25.0,10.0,0.0467006453947765,0.0467006453947765,0.0452656109627402,0.1856922784586777,0.8856406512903184,0.8086642599277978,0.7838078291814946,0.9802165357288452,0.15,dutch-sex,True,-0.016098679051812503,True,0.062799324446589
0.0484148529660155,0.0454279510223776,0.0484148529660155,0.1829120226245515,0.8785198301465718,0.8006109414051652,0.7749110320284698,dutch,sex,16,proxy_soft,random,50.0,3.0,0.0467006453947765,0.0467006453947765,0.0452656109627402,0.1856922784586777,0.8856406512903184,0.8086642599277978,0.7838078291814946,0.873774269472171,0.1666666666666666,dutch-sex,False,-0.001714207571238996,True,0.0484148529660155
0.0630978949273176,0.0630978949273176,0.0437797268617001,0.1779144718902038,0.879397913254046,0.8086642599277978,0.7775800711743772,dutch,sex,16,proxy_soft,random,100.0,30.0,0.0467006453947765,0.0467006453947765,0.0452656109627402,0.1856922784586777,0.8856406512903184,0.8086642599277978,0.7838078291814946,0.7516685661354175,0.346590909090909,dutch-sex,True,-0.016397249532541097,True,0.0630978949273176
0.1078804511731709,0.1078804511731709,0.0055139274095434,0.1251500715037504,0.8698963738259502,0.7922799222438212,0.744661921708185,dutch,sex,16,proxy_soft,random,200.0,30.0,0.0467006453947765,0.0467006453947765,0.0452656109627402,0.1856922784586777,0.8856406512903184,0.8086642599277978,0.7838078291814946,0.5565282237118038,0.1596059113300492,dutch-sex,True,-0.061179805778394394,True,0.1078804511731709
0.0948730321491042,0.0948730321491042,0.0053719483685873,0.1368146220542491,0.8696459346298044,0.7936684254373785,0.7508896797153025,dutch,sex,16,proxy_soft,random,400.0,30.0,0.0467006453947765,0.0467006453947765,0.0452656109627402,0.1856922784586777,0.8856406512903184,0.8086642599277978,0.7838078291814946,0.6843181156389835,0.0655570652173913,dutch-sex,True,-0.048172386754327695,True,0.0948730321491042
0.0719797018929722,0.022447071596598,0.0719797018929722,0.2312331960017126,0.8882283683917289,0.8136628714246043,0.7898305084745763,dutch,sex,17,proxy_soft,random,25.0,3.0,0.0543106550374408,0.001281741962724,0.0543106550374408,0.2173470319465677,0.8937333929440459,0.8217161899472368,0.8122775800711743,0.8690461244159693,0.2222222222222222,dutch-sex,True,-0.017669046855531403,True,0.0719797018929722
0.0798938094690228,0.0415978044514144,0.0798938094690228,0.2451215193590697,0.8863268856061773,0.8167175784504305,0.7813559322033898,dutch,sex,17,proxy_soft,random,50.0,30.0,0.0543106550374408,0.001281741962724,0.0543106550374408,0.2173470319465677,0.8937333929440459,0.8217161899472368,0.8122775800711743,0.43707652846138334,0.1722488038277511,dutch-sex,True,-0.025583154431582003,True,0.0798938094690228
0.021237710356475,0.021237710356475,0.0106055895679675,0.1851401140358345,0.8889295981409373,0.8172729797278534,0.802491103202847,dutch,sex,17,proxy_soft,random,100.0,3.0,0.0543106550374408,0.001281741962724,0.0543106550374408,0.2173470319465677,0.8937333929440459,0.8217161899472368,0.8122775800711743,-0.08662644171616918,0.1,dutch-sex,False,0.033072944680965805,False,0.0543106550374408
0.0208293044740533,0.0178478798480004,0.0208293044740533,0.1917984766431364,0.8896895728867723,0.8178283810052763,0.802491103202847,dutch,sex,17,proxy_soft,random,200.0,3.0,0.0543106550374408,0.001281741962724,0.0543106550374408,0.2173470319465677,0.8937333929440459,0.8217161899472368,0.8122775800711743,0.6976016428295531,0.0576441102756892,dutch-sex,False,0.033481350563387496,True,0.0208293044740533
0.0327191024790397,0.0327191024790397,0.0119299113120577,0.1784687956152592,0.8878598208339441,0.8133851707858928,0.7927046263345195,dutch,sex,17,proxy_soft,random,400.0,10.0,0.0543106550374408,0.001281741962724,0.0543106550374408,0.2173470319465677,0.8937333929440459,0.8217161899472368,0.8122775800711743,-0.9121990696213594,0.0156140350877193,dutch-sex,False,0.021591552558401103,False,0.0543106550374408
0.0475911297370205,0.0083539417335183,0.0475911297370205,0.1984654764592873,0.883386698525006,0.8006109414051652,0.7882562277580071,dutch,sex,18,proxy_soft,random,25.0,30.0,0.0437956383059452,0.0144128113879004,0.0437956383059452,0.1940200901477826,0.8836238428008625,0.8006109414051652,0.7855871886120996,-0.9382677640555359,0.1999999999999999,dutch-sex,False,-0.0037954914310753055,False,0.0437956383059452
0.0437956383059452,0.0247511912660595,0.0437956383059452,0.1895768631384903,0.8813810206664898,0.8006109414051652,0.7820284697508897,dutch,sex,18,proxy_soft,random,50.0,30.0,0.0437956383059452,0.0144128113879004,0.0437956383059452,0.1940200901477826,0.8836238428008625,0.8006109414051652,0.7855871886120996,0.9995566788896539,0.0888888888888889,dutch-sex,False,0.0,True,0.0437956383059452
0.0317470031406743,0.0219132637674166,0.0317470031406743,0.1873595682382685,0.879649589186963,0.8044987503471258,0.7882562277580071,dutch,sex,18,proxy_soft,random,100.0,3.0,0.0437956383059452,0.0144128113879004,0.0437956383059452,0.1940200901477826,0.8836238428008625,0.8006109414051652,0.7855871886120996,0.9941516915882942,0.1386554621848739,dutch-sex,False,0.012048635165270896,True,0.0317470031406743
0.0362325833886242,0.0362325833886242,0.0193911547057484,0.1695823415966744,0.8753989249047249,0.7950569286309358,0.7722419928825622,dutch,sex,18,proxy_soft,random,200.0,10.0,0.0437956383059452,0.0144128113879004,0.0437956383059452,0.1940200901477826,0.8836238428008625,0.8006109414051652,0.7855871886120996,-0.5631437506121733,0.1397306397306397,dutch-sex,False,0.0075630549173209966,False,0.0437956383059452
0.0597472706435852,0.0597472706435852,0.0027392163246522,0.1484770133025355,0.8760234769741255,0.7900583171341294,0.7588967971530249,dutch,sex,18,proxy_soft,random,400.0,30.0,0.0437956383059452,0.0144128113879004,0.0437956383059452,0.1940200901477826,0.8836238428008625,0.8006109414051652,0.7855871886120996,-0.05883007527590034,0.1234177215189873,dutch-sex,True,-0.01595163233764,False,0.0437956383059452
0.0703640783234723,0.0128867844863984,0.0703640783234723,0.2051281576710137,0.8795885253088905,0.7967231324632047,0.7820284697508897,dutch,sex,19,proxy_soft,random,25.0,3.0,0.0515481835250458,0.028141021774534,0.0515481835250458,0.1923549596704041,0.8832610151506438,0.8014440433212996,0.7820284697508897,0.7968568429850861,0.3333333333333333,dutch-sex,True,-0.018815894798426498,True,0.0703640783234723
0.0550205502422211,0.0275046745883346,0.0550205502422211,0.1917984766431364,0.8770696016903718,0.7972785337406276,0.7775800711743772,dutch,sex,19,proxy_soft,random,50.0,10.0,0.0515481835250458,0.028141021774534,0.0515481835250458,0.1923549596704041,0.8832610151506438,0.8014440433212996,0.7820284697508897,0.5834504469839894,0.2167832167832167,dutch-sex,False,-0.003472366717175296,True,0.0550205502422211
0.0469289688649754,0.0264461065202967,0.0469289688649754,0.1906876698908133,0.8807479660317878,0.8011663426825881,0.7820284697508897,dutch,sex,19,proxy_soft,random,100.0,30.0,0.0515481835250458,0.028141021774534,0.0515481835250458,0.1923549596704041,0.8832610151506438,0.8014440433212996,0.7820284697508897,0.7811359444256034,0.1423444976076555,dutch-sex,False,0.0046192146600704045,True,0.0469289688649754
0.0438174799445081,0.0438174799445081,0.0365436916019397,0.1762493414128252,0.8768463707031899,0.7978339350180506,0.7731316725978647,dutch,sex,19,proxy_soft,random,200.0,30.0,0.0515481835250458,0.028141021774534,0.0515481835250458,0.1923549596704041,0.8832610151506438,0.8014440433212996,0.7820284697508897,-0.5429744898964587,0.0163742690058479,dutch-sex,False,0.0077307035805377,False,0.0515481835250458
0.0410639966222329,0.0410639966222329,0.0342340842719045,0.177366626071785,0.8798643176088436,0.7995001388503193,0.7775800711743772,dutch,sex,19,proxy_soft,random,400.0,1.0,0.0515481835250458,0.028141021774534,0.0515481835250458,0.1923549596704041,0.8832610151506438,0.8014440433212996,0.7820284697508897,0.586665886725737,0.1511069340016708,dutch-sex,False,0.0104841869028129,True,0.0410639966222329
0.0612712999160365,0.0459798540322093,0.0612712999160365,0.1923549596704041,0.8763277142198139,0.8064426548181061,0.7811387900355872,dutch,sex,20,proxy_soft,random,25.0,30.0,0.0604316652427964,0.0248808733940527,0.0604316652427964,0.2056868000004935,0.8878571927683054,0.8142182727020272,0.797153024911032,0.6646034581596224,0.2727272727272727,dutch-sex,False,-0.0008396346732401014,True,0.0612712999160365
0.0643887190308216,0.0231859581398153,0.0643887190308216,0.208460577927983,0.8864420567179851,0.8144959733407386,0.797153024911032,dutch,sex,20,proxy_soft,random,50.0,30.0,0.0604316652427964,0.0248808733940527,0.0604316652427964,0.2056868000004935,0.8878571927683054,0.8142182727020272,0.797153024911032,-0.8324950440620154,0.0424242424242423,dutch-sex,False,-0.00395705378802521,False,0.0604316652427964
0.0482373791648205,0.0382260691235901,0.0482373791648205,0.1895768631384903,0.8858400750946568,0.8067203554568175,0.7838078291814946,dutch,sex,20,proxy_soft,random,100.0,3.0,0.0604316652427964,0.0248808733940527,0.0604316652427964,0.2056868000004935,0.8878571927683054,0.8142182727020272,0.797153024911032,0.7763287138080974,0.1400462962962962,dutch-sex,False,0.012194286077975895,True,0.0482373791648205
0.0365311538693527,0.0365311538693527,0.0304226813965841,0.1812468921471731,0.8814181227696225,0.8058872535406831,0.7838078291814946,dutch,sex,20,proxy_soft,random,200.0,3.0,0.0604316652427964,0.0248808733940527,0.0604316652427964,0.2056868000004935,0.8878571927683054,0.8142182727020272,0.797153024911032,-0.35989050576774645,0.0792349726775957,dutch-sex,False,0.0239005113734437,False,0.0604316652427964
0.0416158996320646,0.0416158996320646,0.0221695376623885,0.176247182110613,0.8825902400444235,0.8078311580116634,0.7838078291814946,dutch,sex,20,proxy_soft,random,400.0,3.0,0.0604316652427964,0.0248808733940527,0.0604316652427964,0.2056868000004935,0.8878571927683054,0.8142182727020272,0.797153024911032,-0.21667519747906572,0.0554557432027786,dutch-sex,False,0.018815765610731797,False,0.0604316652427964
0.0538259679665908,0.0428885940044635,0.0538259679665908,0.1962417036524288,0.8909910837462488,0.8167175784504305,0.7927046263345195,dutch,sex,21,proxy_soft,random,25.0,3.0,0.0461095361602027,0.0461095361602027,0.0411151719292748,0.191244152918081,0.8961278699249734,0.8208830880311024,0.7962633451957295,0.9735733625345252,0.3888888888888888,dutch-sex,False,-0.007716431806388105,True,0.0538259679665908
0.0479733397671753,0.0479733397671753,0.0332010643532242,0.1851336361291978,0.8940965297784571,0.8183837822826993,0.7927046263345195,dutch,sex,21,proxy_soft,random,50.0,30.0,0.0461095361602027,0.0461095361602027,0.0411151719292748,0.191244152918081,0.8961278699249734,0.8208830880311024,0.7962633451957295,0.9901310039654837,0.1875,dutch-sex,False,-0.0018638036069726013,True,0.0479733397671753
0.0558115688521624,0.0558115688521624,0.0399683239863798,0.1840228293768747,0.8929927422102588,0.8167175784504305,0.7882562277580071,dutch,sex,21,proxy_soft,random,100.0,30.0,0.0461095361602027,0.0461095361602027,0.0411151719292748,0.191244152918081,0.8961278699249734,0.8208830880311024,0.7962633451957295,-0.010346969665992977,0.2857142857142857,dutch-sex,False,-0.009702032691959704,False,0.0461095361602027
0.0819952952530309,0.0819952952530309,0.0323932525684742,0.165139114587382,0.8896897274788688,0.8100527631213552,0.7722419928825622,dutch,sex,21,proxy_soft,random,200.0,30.0,0.0461095361602027,0.0461095361602027,0.0411151719292748,0.191244152918081,0.8961278699249734,0.8208830880311024,0.7962633451957295,-0.439904479335263,0.1396244583533943,dutch-sex,True,-0.0358857590928282,False,0.0461095361602027
0.0774624525001508,0.0774624525001508,0.0011040094391583,0.1534767233390955,0.8894819557013256,0.8142182727020272,0.7784697508896797,dutch,sex,21,proxy_soft,random,400.0,3.0,0.0461095361602027,0.0461095361602027,0.0411151719292748,0.191244152918081,0.8961278699249734,0.8208830880311024,0.7962633451957295,0.5545858943887969,0.2110285255122539,dutch-sex,True,-0.0313529163399481,True,0.0774624525001508
0.0701866045222772,0.0383949574763254,0.0701866045222772,0.1979089934320195,0.8816943788458649,0.8031102471535685,0.7802491103202847,dutch,sex,22,proxy_soft,random,25.0,10.0,0.0524217383436877,0.0524217383436877,0.04294009218846,0.1862444428815208,0.8899591815028702,0.8156067758955846,0.7882562277580071,-0.2207622671940029,0.1333333333333333,dutch-sex,True,-0.017764866178589495,False,0.0524217383436877
0.0586494963508051,0.0586494963508051,0.0485605038787205,0.1834706649540315,0.8881659131847888,0.8108858650374896,0.7820284697508897,dutch,sex,22,proxy_soft,random,50.0,30.0,0.0524217383436877,0.0524217383436877,0.04294009218846,0.1862444428815208,0.8899591815028702,0.8156067758955846,0.7882562277580071,-0.9991635246526276,0.1333333333333333,dutch-sex,False,-0.006227758007117404,False,0.0524217383436877
0.057207913625671,0.057207913625671,0.0449424862488403,0.1790274379447392,0.883485173690404,0.8053318522632602,0.7766903914590747,dutch,sex,22,proxy_soft,random,100.0,10.0,0.0524217383436877,0.0524217383436877,0.04294009218846,0.1862444428815208,0.8899591815028702,0.8156067758955846,0.7882562277580071,0.510358267799097,0.1064516129032258,dutch-sex,False,-0.0047861752819833014,True,0.057207913625671
0.0829694191447011,0.0829694191447011,0.0475752182927754,0.1706931483489975,0.8865544451720578,0.8078311580116634,0.7695729537366548,dutch,sex,22,proxy_soft,random,200.0,30.0,0.0524217383436877,0.0524217383436877,0.04294009218846,0.1862444428815208,0.8899591815028702,0.8156067758955846,0.7882562277580071,-0.9923703605711199,0.0667613636363636,dutch-sex,True,-0.030547680801013402,False,0.0524217383436877
0.0773780083237831,0.0773780083237831,0.0221536262181434,0.1656955976146497,0.8871032471142293,0.8158844765342961,0.7802491103202847,dutch,sex,22,proxy_soft,random,400.0,30.0,0.0524217383436877,0.0524217383436877,0.04294009218846,0.1862444428815208,0.8899591815028702,0.8156067758955846,0.7882562277580071,-0.7336851917620532,0.074884792626728,dutch-sex,True,-0.024956269980095397,False,0.0524217383436877
0.0424211351709994,0.0424211351709994,0.0376746281005896,0.1840228293768747,0.8818135693521787,0.8089419605665094,0.7846975088967971,dutch,sex,23,proxy_soft,random,25.0,1.0,0.0408559020447554,0.0408559020447554,0.0282428135350088,0.1884660563861671,0.8883824967118261,0.8228269925020828,0.7998220640569395,0.798005621598466,0.3333333333333333,dutch-sex,False,-0.0015652331262440006,True,0.0424211351709994
0.0517009469811207,0.0517009469811207,0.0249638320632736,0.176247182110613,0.8815393229731894,0.8128297695084699,0.7855871886120996,dutch,sex,23,proxy_soft,random,50.0,1.0,0.0408559020447554,0.0408559020447554,0.0282428135350088,0.1884660563861671,0.8883824967118261,0.8228269925020828,0.7998220640569395,0.47296760077849753,0.4047619047619047,dutch-sex,True,-0.010845044936365303,True,0.0517009469811207
0.0445835092587008,0.0445835092587008,0.0200055812450582,0.1795796023675823,0.8859195354321994,0.8172729797278534,0.7927046263345195,dutch,sex,23,proxy_soft,random,100.0,30.0,0.0408559020447554,0.0408559020447554,0.0282428135350088,0.1884660563861671,0.8883824967118261,0.8228269925020828,0.7998220640569395,-0.38094868204441534,0.2478448275862068,dutch-sex,False,-0.003727607213945397,False,0.0408559020447554
0.053649194764461,0.053649194764461,0.027951511709599,0.1729233990624927,0.8782298153737511,0.8061649541793946,0.7802491103202847,dutch,sex,23,proxy_soft,random,200.0,10.0,0.0408559020447554,0.0408559020447554,0.0282428135350088,0.1884660563861671,0.8883824967118261,0.8228269925020828,0.7998220640569395,-0.24092334475838778,0.0165631469979296,dutch-sex,True,-0.012793292719705598,False,0.0408559020447554
0.0625912298691115,0.0625912298691115,0.0020293211198719,0.1629261382915847,0.8821947934618674,0.8167175784504305,0.7882562277580071,dutch,sex,23,proxy_soft,random,400.0,30.0,0.0408559020447554,0.0408559020447554,0.0282428135350088,0.1884660563861671,0.8883824967118261,0.8228269925020828,0.7998220640569395,0.6801585174332382,0.0557909604519774,dutch-sex,True,-0.021735327824356103,True,0.0625912298691115
0.0563182339103685,0.0563182339103685,0.0274509131945039,0.1718039551013206,0.8821590826876021,0.8067203554568175,0.7775800711743772,dutch,sex,24,proxy_soft,random,25.0,1.0,0.0478888955908076,0.0478888955908076,0.0333626267101742,0.1862444428815208,0.8892359996759751,0.820049986114968,0.7944839857651246,,0.0833333333333333,dutch-sex,False,-0.0084293383195609,False,0.0478888955908076
0.0436938295433982,0.0436938295433982,0.0416157704443699,0.1906876698908133,0.8818808169141068,0.8178283810052763,0.7935943060498221,dutch,sex,24,proxy_soft,random,50.0,10.0,0.0478888955908076,0.0478888955908076,0.0333626267101742,0.1862444428815208,0.8892359996759751,0.820049986114968,0.7944839857651246,-0.6190767768296117,0.2666666666666666,dutch-sex,False,0.0041950660474094,False,0.0478888955908076
0.0609807587912418,0.0609807587912418,0.0091197054669274,0.1668064043669727,0.8859889472834768,0.816439877811719,0.7864768683274022,dutch,sex,24,proxy_soft,random,100.0,30.0,0.0478888955908076,0.0478888955908076,0.0333626267101742,0.1862444428815208,0.8892359996759751,0.820049986114968,0.7944839857651246,-0.6781088363535264,0.1725146198830409,dutch-sex,True,-0.0130918632004342,False,0.0478888955908076
0.0761053139513842,0.0761053139513842,0.0144169924432879,0.1573634673211202,0.8824837260900135,0.8072757567342405,0.7713523131672598,dutch,sex,24,proxy_soft,random,200.0,30.0,0.0478888955908076,0.0478888955908076,0.0333626267101742,0.1862444428815208,0.8892359996759751,0.820049986114968,0.7944839857651246,-0.5186089184509783,0.0717213114754098,dutch-sex,True,-0.028216418360576603,False,0.0478888955908076
0.0629290065745823,0.0629290065745823,0.0046779646080521,0.160700206182514,0.8818242362068294,0.8111635656762011,0.7811387900355872,dutch,sex,24,proxy_soft,random,400.0,3.0,0.0478888955908076,0.0478888955908076,0.0333626267101742,0.1862444428815208,0.8892359996759751,0.820049986114968,0.7944839857651246,-0.37722410757812763,0.0505444011587254,dutch-sex,True,-0.015040110983774696,False,0.0478888955908076
0.0513866211680958,0.04534350684601,0.0513866211680958,0.1845836310085669,0.8806708245756911,0.8008886420438767,0.7766903914590747,dutch,sex,25,proxy_soft,random,25.0,30.0,0.0524217383436877,0.0524217383436877,0.0436022530605051,0.1862466021837331,0.888929134364648,0.8150513746181616,0.7882562277580071,0.7255604243911072,0.0833333333333333,dutch-sex,False,0.0010351171755918973,True,0.0513866211680958
0.0552596658423306,0.0552596658423306,0.0216689391472934,0.1718039551013206,0.886145858261309,0.8106081643987781,0.7820284697508897,dutch,sex,25,proxy_soft,random,50.0,30.0,0.0524217383436877,0.0524217383436877,0.0436022530605051,0.1862466021837331,0.888929134364648,0.8150513746181616,0.7882562277580071,0.9986014316159435,0.0909090909090908,dutch-sex,False,-0.0028379274986429018,True,0.0552596658423306
0.0482266722962784,0.0482266722962784,0.0355265831275045,0.1823620175039206,0.8877523793269555,0.8119966675923355,0.7873665480427047,dutch,sex,25,proxy_soft,random,100.0,30.0,0.0524217383436877,0.0524217383436877,0.0436022530605051,0.1862466021837331,0.888929134364648,0.8150513746181616,0.7882562277580071,-0.6431196107711615,0.0489510489510489,dutch-sex,False,0.004195066047409296,False,0.0524217383436877
0.0722932625610712,0.0722932625610712,0.0343638237403643,0.1729147618536436,0.8869472636889756,0.8144959733407386,0.7802491103202847,dutch,sex,25,proxy_soft,random,200.0,30.0,0.0524217383436877,0.0524217383436877,0.0436022530605051,0.1862466021837331,0.888929134364648,0.8150513746181616,0.7882562277580071,0.780312363518016,0.1040100250626566,dutch-sex,True,-0.0198715242173835,True,0.0722932625610712
0.0819952952530309,0.0819952952530309,0.0068260095811373,0.1523680758889847,0.883262715663704,0.8092196612052208,0.7722419928825622,dutch,sex,25,proxy_soft,random,400.0,3.0,0.0524217383436877,0.0524217383436877,0.0436022530605051,0.1862466021837331,0.888929134364648,0.8150513746181616,0.7882562277580071,0.7345773808594207,0.1098980327531156,dutch-sex,True,-0.0295735569093432,True,0.0819952952530309
0.0533958622353579,0.0533958622353579,0.0342022613834144,0.18013608539485,0.8938108435843354,0.8131074701471813,0.7855871886120996,dutch,sex,26,proxy_soft,random,25.0,30.0,0.0550063333132275,0.0550063333132275,0.030568332309289,0.1790252786425268,0.8948203299737378,0.815329075256873,0.7873665480427047,-0.99972948617917,0.15,dutch-sex,False,0.001610471077869595,False,0.0550063333132275
0.0423366909946317,0.0423366909946317,0.0069875719380873,0.1701388246239421,0.8889832415983834,0.8103304637600667,0.7864768683274022,dutch,sex,26,proxy_soft,random,50.0,3.0,0.0550063333132275,0.0550063333132275,0.030568332309289,0.1790252786425268,0.8948203299737378,0.815329075256873,0.7873665480427047,-0.9627622971660225,0.3529411764705882,dutch-sex,False,0.012669642318595797,False,0.0550063333132275
0.0621237710356475,0.0621237710356475,0.0045164022511021,0.1601458824574586,0.8890577549888417,0.8097750624826437,0.7802491103202847,dutch,sex,26,proxy_soft,random,100.0,30.0,0.0550063333132275,0.0550063333132275,0.030568332309289,0.1790252786425268,0.8948203299737378,0.815329075256873,0.7873665480427047,0.7683626791266235,0.2555147058823529,dutch-sex,False,-0.007117437722420003,True,0.0621237710356475
0.0727154834429096,0.0727154834429096,0.0065028848672373,0.1540332063663633,0.881633933336178,0.8056095529019717,0.7713523131672598,dutch,sex,26,proxy_soft,random,200.0,3.0,0.0550063333132275,0.0550063333132275,0.030568332309289,0.1790252786425268,0.8948203299737378,0.815329075256873,0.7873665480427047,0.7809606100875027,0.0237651444547996,dutch-sex,True,-0.0177091501296821,False,0.0550063333132275
0.0671240726219917,0.0671240726219917,0.0041773660929571,0.1601437231552464,0.8885794470426223,0.8136628714246043,0.7820284697508897,dutch,sex,26,proxy_soft,random,400.0,3.0,0.0550063333132275,0.0550063333132275,0.030568332309289,0.1790252786425268,0.8948203299737378,0.815329075256873,0.7873665480427047,0.8926153849359264,0.0240808823529411,dutch-sex,True,-0.012117739308764204,False,0.0550063333132275
0.0615718680258158,0.0615718680258158,0.0526950314679408,0.1806904091199054,0.8821345025442767,0.8050541516245487,0.7740213523131673,dutch,sex,27,proxy_soft,random,25.0,30.0,0.0604288557814102,0.0604288557814102,0.054665602639831,0.18513579543141,0.8854464836172572,0.8100527631213552,0.7802491103202847,-0.11625865331828299,0.3,dutch-sex,False,-0.0011430122444056057,False,0.0604288557814102
0.072884371795645,0.072884371795645,0.028613672581644,0.1629175010827358,0.881592811838539,0.802832546514857,0.7677935943060499,dutch,sex,27,proxy_soft,random,50.0,3.0,0.0604288557814102,0.0604288557814102,0.054665602639831,0.18513579543141,0.8854464836172572,0.8100527631213552,0.7802491103202847,-0.08081708490265176,0.1875,dutch-sex,True,-0.0124555160142348,False,0.0604288557814102
0.0589776040302464,0.0411484407986006,0.0589776040302464,0.189024698715647,0.8773319444779394,0.7992224382116079,0.7758007117437722,dutch,sex,27,proxy_soft,random,100.0,30.0,0.0604288557814102,0.0604288557814102,0.054665602639831,0.18513579543141,0.8854464836172572,0.8100527631213552,0.7802491103202847,0.6936148041341351,0.1713286713286713,dutch-sex,False,0.0014512517511637985,True,0.0589776040302464
0.090086856867121,0.090086856867121,0.0225085738205335,0.1529202403118279,0.8799210529082174,0.80338794779228,0.7624555160142349,dutch,sex,27,proxy_soft,random,200.0,10.0,0.0604288557814102,0.0604288557814102,0.054665602639831,0.18513579543141,0.8854464836172572,0.8100527631213552,0.7802491103202847,0.8936915826715152,0.0897177419354838,dutch-sex,True,-0.02965800108571081,True,0.090086856867121
0.0769105494903191,0.0769105494903191,0.0299220828814891,0.165139114587382,0.8806581480237874,0.8083865592890863,0.7722419928825622,dutch,sex,27,proxy_soft,random,400.0,30.0,0.0604288557814102,0.0604288557814102,0.054665602639831,0.18513579543141,0.8854464836172572,0.8100527631213552,0.7802491103202847,0.1444949864029415,0.0933789954337899,dutch-sex,True,-0.016481693708908902,True,0.0769105494903191
0.0557663309005367,0.0557663309005367,0.0047061156247934,0.1529202403118279,0.8759081512702214,0.8006109414051652,0.7713523131672598,dutch,sex,28,proxy_soft,random,25.0,1.0,0.0588183847035406,0.0588183847035406,0.0032361429679984,0.1568091435960648,0.8838424360251526,0.8081088586503749,0.7784697508896797,0.916155778759093,0.3333333333333333,dutch-sex,False,0.0030520538030039054,True,0.0557663309005367
0.0579287049882381,0.0579287049882381,0.0001028124089682,0.159030757100711,0.8832630248478968,0.8086642599277978,0.7793594306049823,dutch,sex,28,proxy_soft,random,50.0,3.0,0.0588183847035406,0.0588183847035406,0.0032361429679984,0.1568091435960648,0.8838424360251526,0.8081088586503749,0.7784697508896797,0.9898253932111555,0.1384615384615384,dutch-sex,False,0.0008896797153025021,True,0.0579287049882381
0.0676307376801977,0.0676307376801977,0.0243457336522149,0.1407013660362738,0.8808183054356437,0.8044987503471258,0.7713523131672598,dutch,sex,28,proxy_soft,random,100.0,30.0,0.0588183847035406,0.0588183847035406,0.0032361429679984,0.1568091435960648,0.8838424360251526,0.8081088586503749,0.7784697508896797,-0.7233783426070612,0.1233082706766917,dutch-sex,False,-0.008812352976657098,False,0.0588183847035406
0.0848332227516738,0.0848332227516738,0.0327604397433606,0.1295932985130427,0.8771028389910949,0.8050541516245487,0.7660142348754448,dutch,sex,28,proxy_soft,random,200.0,3.0,0.0588183847035406,0.0588183847035406,0.0032361429679984,0.1568091435960648,0.8838424360251526,0.8081088586503749,0.7784697508896797,0.9655370039991223,0.1167002012072434,dutch-sex,True,-0.026014838048133204,True,0.0848332227516738
0.1077115628204355,0.1077115628204355,0.0282868759959951,0.1162636174851655,0.8723815963674568,0.7956123299083588,0.748220640569395,dutch,sex,28,proxy_soft,random,400.0,10.0,0.0588183847035406,0.0588183847035406,0.0032361429679984,0.1568091435960648,0.8838424360251526,0.8081088586503749,0.7784697508896797,-0.29636519729317384,0.1036729036729037,dutch-sex,True,-0.04889317811689489,False,0.0588183847035406
0.0617718984311315,0.0228873876590868,0.0617718984311315,0.2006849306617212,0.8822991431269281,0.80338794779228,0.7855871886120996,dutch,sex,29,proxy_soft,random,25.0,30.0,0.0491163520115809,0.0491163520115809,0.0365118687134495,0.1829120226245515,0.8868558997600113,0.8128297695084699,0.7864768683274022,-0.6359993885274418,0.2727272727272727,dutch-sex,True,-0.0126555464195506,False,0.0491163520115809
0.0500904759032511,0.0500904759032511,0.0208452159182984,0.1734712448809114,0.885586080280294,0.8103304637600667,0.7838078291814946,dutch,sex,29,proxy_soft,random,50.0,30.0,0.0491163520115809,0.0491163520115809,0.0365118687134495,0.1829120226245515,0.8868558997600113,0.8128297695084699,0.7864768683274022,-0.024702942753150995,0.0489510489510489,dutch-sex,False,-0.0009741238916702033,False,0.0491163520115809
0.0699620001206345,0.0699620001206345,0.029259922009444,0.1684715348443513,0.8835188747674161,0.8094973618439323,0.7758007117437722,dutch,sex,29,proxy_soft,random,100.0,30.0,0.0491163520115809,0.0491163520115809,0.0365118687134495,0.1829120226245515,0.8868558997600113,0.8128297695084699,0.7864768683274022,-0.46335833045330854,0.1313131313131313,dutch-sex,True,-0.0208456481090536,False,0.0491163520115809
0.0815278364195669,0.0815278364195669,8.690096472310782e-05,0.144592428622723,0.8805148411504373,0.8014440433212996,0.7642348754448398,dutch,sex,29,proxy_soft,random,200.0,30.0,0.0491163520115809,0.0491163520115809,0.0365118687134495,0.1829120226245515,0.8868558997600113,0.8128297695084699,0.7864768683274022,0.9652410576371782,0.1251089799476896,dutch-sex,True,-0.032411484407986,True,0.0815278364195669
0.0659358224259605,0.0659358224259605,0.0117842603993527,0.1584742740734434,0.8825900854523271,0.8039433490697029,0.7713523131672598,dutch,sex,29,proxy_soft,random,400.0,3.0,0.0491163520115809,0.0491163520115809,0.0365118687134495,0.1829120226245515,0.8868558997600113,0.8128297695084699,0.7864768683274022,0.9739367554368468,0.0693034238488784,dutch-sex,True,-0.016819470414379596,True,0.0659358224259605
0.1229096989966554,0.1229096989966554,0.1111111111111111,0.0745738636363636,0.7309523809523809,0.72,0.6923076923076923,german,age,0,proxy_soft,random,25.0,0.3,0.1283444816053511,0.1283444816053511,0.0138888888888888,0.127840909090909,0.7312698412698412,0.7266666666666667,0.6923076923076923,-0.9712406052052057,0.2666666666666667,german-age,False,0.005434782608695718,False,0.1283444816053511
0.1283444816053511,0.1283444816053511,0.0138888888888888,0.127840909090909,0.7312698412698412,0.7266666666666667,0.6923076923076923,german,age,0,proxy_soft,random,50.0,0.0,0.1283444816053511,0.1283444816053511,0.0138888888888888,0.127840909090909,0.7312698412698412,0.7266666666666667,0.6923076923076923,0.9783057320950757,0.238095238095238,german-age,False,0.0,True,0.1283444816053511
0.1283444816053511,0.1283444816053511,0.0138888888888888,0.127840909090909,0.7315873015873016,0.7266666666666667,0.6923076923076923,german,age,0,proxy_soft,random,100.0,30.0,0.1283444816053511,0.1283444816053511,0.0138888888888888,0.127840909090909,0.7312698412698412,0.7266666666666667,0.6923076923076923,0.9828023980818302,0.1803030303030303,german-age,False,0.0,True,0.1283444816053511
0.0898829431438127,0.0898829431438127,0.0296515937731653,0.1176470588235294,0.7671957671957673,0.7333333333333333,0.7307692307692307,german,age,1,proxy_soft,random,25.0,1.0,0.1337792642140468,0.1337792642140468,0.0370644922164566,0.1176470588235294,0.774973544973545,0.7333333333333333,0.6923076923076923,,0.2,german-age,False,0.043896321070234084,False,0.1337792642140468
0.0953177257525084,0.0953177257525084,0.0155670867309117,0.1176470588235294,0.7772486772486773,0.74,0.7307692307692307,german,age,1,proxy_soft,random,50.0,3.0,0.1337792642140468,0.1337792642140468,0.0370644922164566,0.1176470588235294,0.774973544973545,0.7333333333333333,0.6923076923076923,0.9560452122177983,0.5833333333333334,german-age,False,0.038461538461538394,True,0.0953177257525084
0.0622909698996655,0.0622909698996655,0.0126019273535952,0.0915032679738562,0.7701058201058201,0.7533333333333333,0.7692307692307693,german,age,1,proxy_soft,random,100.0,3.0,0.1337792642140468,0.1337792642140468,0.0370644922164566,0.1176470588235294,0.774973544973545,0.7333333333333333,0.6923076923076923,0.944115851107778,0.4555084745762712,german-age,False,0.07148829431438128,True,0.0622909698996655
0.1229096989966554,0.1229096989966554,0.0416666666666666,0.1012073863636363,0.7439153439153439,0.72,0.6923076923076923,german,age,2,proxy_soft,random,25.0,30.0,0.221571906354515,0.221571906354515,0.0694444444444444,0.1544744318181817,0.7553968253968255,0.7333333333333333,0.6153846153846154,0.8453334864485482,0.6666666666666667,german-age,False,0.09866220735785962,True,0.1229096989966554
0.1500836120401337,0.1500836120401337,0.1111111111111111,0.1012073863636363,0.7507407407407408,0.7533333333333333,0.6923076923076923,german,age,2,proxy_soft,random,50.0,30.0,0.221571906354515,0.221571906354515,0.0694444444444444,0.1544744318181817,0.7553968253968255,0.7333333333333333,0.6153846153846154,-0.08589247794352364,0.2666666666666666,german-age,False,0.0714882943143813,False,0.221571906354515
0.1722408026755852,0.1722408026755852,0.0555555555555555,0.127840909090909,0.7522751322751322,0.7266666666666667,0.6538461538461539,german,age,2,proxy_soft,random,100.0,30.0,0.221571906354515,0.221571906354515,0.0694444444444444,0.1544744318181817,0.7553968253968255,0.7333333333333333,0.6153846153846154,0.8594976528647205,0.3815789473684211,german-age,False,0.049331103678929816,True,0.1722408026755852
0.0735785953177258,0.0735785953177258,0.0277777777777777,0.0745738636363636,0.7340740740740741,0.7133333333333334,0.7307692307692307,german,age,3,proxy_soft,random,25.0,3.0,0.1805555555555555,0.1229096989966554,0.1805555555555555,0.0479403409090909,0.7446560846560847,0.72,0.6923076923076923,,0.125,german-age,False,0.1069769602378297,False,0.1805555555555555
0.1944444444444444,0.084448160535117,0.1944444444444444,0.0213068181818182,0.7370899470899471,0.7266666666666667,0.7307692307692307,german,age,3,proxy_soft,random,50.0,1.0,0.1805555555555555,0.1229096989966554,0.1805555555555555,0.0479403409090909,0.7446560846560847,0.72,0.6923076923076923,0.7101988611271172,0.3310344827586207,german-age,True,-0.013888888888888895,True,0.1944444444444444
0.1666666666666667,0.1174749163879599,0.1666666666666667,0.0479403409090909,0.7378306878306877,0.7133333333333334,0.6923076923076923,german,age,3,proxy_soft,random,100.0,30.0,0.1805555555555555,0.1229096989966554,0.1805555555555555,0.0479403409090909,0.7446560846560847,0.72,0.6923076923076923,0.8001063642039462,0.2274590163934425,german-age,False,0.013888888888888784,True,0.1666666666666667
0.2107023411371237,0.2107023411371237,0.0416666666666666,0.1544744318181817,0.7600529100529101,0.72,0.6153846153846154,german,age,4,proxy_soft,random,25.0,30.0,0.2107023411371237,0.2107023411371237,0.0416666666666666,0.1544744318181817,0.7593650793650792,0.72,0.6153846153846154,0.19749048597842184,0.1666666666666666,german-age,False,0.0,True,0.2107023411371237
0.1805555555555555,0.1668060200668896,0.1805555555555555,0.0745738636363636,0.7646560846560847,0.72,0.6538461538461539,german,age,4,proxy_soft,random,50.0,30.0,0.2107023411371237,0.2107023411371237,0.0416666666666666,0.1544744318181817,0.7593650793650792,0.72,0.6153846153846154,0.9979804665402813,0.3846153846153846,german-age,False,0.030146785581568192,True,0.1805555555555555
0.1722408026755852,0.1722408026755852,0.125,0.1012073863636363,0.7675661375661377,0.7266666666666667,0.6538461538461539,german,age,4,proxy_soft,random,100.0,30.0,0.2107023411371237,0.2107023411371237,0.0416666666666666,0.1544744318181817,0.7593650793650792,0.72,0.6153846153846154,0.9125924820422421,0.0641025641025641,german-age,False,0.03846153846153849,True,0.1722408026755852
0.2090437361008154,0.0351170568561872,0.2090437361008154,0.0130718954248366,0.7585714285714286,0.72,0.7692307692307693,german,age,5,proxy_soft,random,25.0,30.0,0.1882876204595996,0.0091973244147156,0.1882876204595996,0.0130718954248366,0.788888888888889,0.7733333333333333,0.8369565217391305,0.9344249674966322,0.4666666666666667,german-age,True,-0.020756115641215794,True,0.2090437361008154
0.2653817642698294,0.0129598662207357,0.2653817642698294,0.0392156862745097,0.7773544973544972,0.7466666666666667,0.8076923076923077,german,age,5,proxy_soft,random,50.0,30.0,0.1882876204595996,0.0091973244147156,0.1882876204595996,0.0130718954248366,0.788888888888889,0.7733333333333333,0.8369565217391305,0.9887281611912422,0.625,german-age,True,-0.0770941438102298,True,0.2653817642698294
0.1882876204595996,0.0091973244147156,0.1882876204595996,0.0130718954248366,0.7865079365079366,0.7733333333333333,0.8369565217391305,german,age,5,proxy_soft,random,100.0,30.0,0.1882876204595996,0.0091973244147156,0.1882876204595996,0.0130718954248366,0.788888888888889,0.7733333333333333,0.8369565217391305,-0.273849531942635,0.0775862068965517,german-age,False,0.0,False,0.1882876204595996
0.2499999999999999,0.0790133779264214,0.2499999999999999,0.0053267045454545,0.7584656084656085,0.72,0.7307692307692307,german,age,6,proxy_soft,random,25.0,30.0,0.1388888888888889,0.0898829431438127,0.1388888888888889,0.0479403409090909,0.7619047619047619,0.7333333333333333,0.7307692307692307,0.9775350759298369,0.5,german-age,True,-0.111111111111111,True,0.2499999999999999
0.1111111111111111,0.0790133779264214,0.1111111111111111,0.0479403409090909,0.7538095238095239,0.72,0.7307692307692307,german,age,6,proxy_soft,random,50.0,0.3,0.1388888888888889,0.0898829431438127,0.1388888888888889,0.0479403409090909,0.7619047619047619,0.7333333333333333,0.7307692307692307,0.2758775150525045,0.4615384615384615,german-age,False,0.02777777777777779,True,0.1111111111111111
0.236111111111111,0.0735785953177258,0.236111111111111,0.0053267045454545,0.7525925925925925,0.7133333333333334,0.7307692307692307,german,age,6,proxy_soft,random,100.0,3.0,0.1388888888888889,0.0898829431438127,0.1388888888888889,0.0479403409090909,0.7619047619047619,0.7333333333333333,0.7307692307692307,0.636563402798305,0.1931818181818181,german-age,True,-0.0972222222222221,True,0.236111111111111
0.1356560415122312,0.0840301003344481,0.1356560415122312,0.065359477124183,0.8258201058201058,0.78,0.7692307692307693,german,age,7,proxy_soft,random,25.0,30.0,0.1356560415122312,0.040133779264214,0.1356560415122312,0.0392156862745098,0.8256613756613757,0.78,0.8076923076923077,0.6106939929753752,0.125,german-age,False,0.0,True,0.1356560415122312
0.1638250555967383,0.1387959866220736,0.1638250555967383,0.0915032679738562,0.8275132275132274,0.7933333333333333,0.7307692307692307,german,age,7,proxy_soft,random,50.0,30.0,0.1356560415122312,0.040133779264214,0.1356560415122312,0.0392156862745098,0.8256613756613757,0.78,0.8076923076923077,0.9999999491689395,0.8,german-age,True,-0.028169014084507088,True,0.1638250555967383
0.1356560415122312,0.1279264214046823,0.1356560415122312,0.0915032679738562,0.8206878306878308,0.78,0.7307692307692307,german,age,7,proxy_soft,random,100.0,30.0,0.1356560415122312,0.040133779264214,0.1356560415122312,0.0392156862745098,0.8256613756613757,0.78,0.8076923076923077,0.9952170024769272,0.4583333333333333,german-age,False,0.0,True,0.1356560415122312
0.0615270570793179,0.0079431438127089,0.0615270570793179,0.065359477124183,0.7362433862433864,0.6866666666666666,0.7692307692307693,german,age,8,proxy_soft,random,25.0,3.0,0.0474425500370644,0.0305183946488294,0.0474425500370644,0.0392156862745098,0.7397883597883599,0.6933333333333334,0.7771739130434783,0.942659089178392,0.5,german-age,True,-0.014084507042253502,True,0.0615270570793179
0.0079431438127089,0.0079431438127089,0.0051890289103039,0.0392156862745098,0.7376190476190476,0.6866666666666666,0.7692307692307693,german,age,8,proxy_soft,random,50.0,1.0,0.0474425500370644,0.0305183946488294,0.0474425500370644,0.0392156862745098,0.7397883597883599,0.6933333333333334,0.7771739130434783,0.8355771696407717,0.3857142857142857,german-age,False,0.0394994062243555,True,0.0079431438127089
0.0413879598662207,0.0413879598662207,0.0088954781319495,0.0130718954248365,0.7375132275132276,0.68,0.7663043478260869,german,age,8,proxy_soft,random,100.0,30.0,0.0474425500370644,0.0305183946488294,0.0474425500370644,0.0392156862745098,0.7397883597883599,0.6933333333333334,0.7771739130434783,0.7755436515258538,0.3148148148148147,german-age,False,0.006054590170843699,True,0.0413879598662207
0.1111111111111111,0.0790133779264214,0.1111111111111111,0.0479403409090909,0.7568783068783069,0.72,0.7307692307692307,german,age,9,proxy_soft,random,25.0,30.0,0.1668060200668896,0.1668060200668896,0.0416666666666666,0.127840909090909,0.769047619047619,0.72,0.6538461538461539,0.9676495267898783,0.3333333333333333,german-age,False,0.0556949089557785,True,0.1111111111111111
0.2107023411371237,0.2107023411371237,0.0416666666666666,0.1544744318181817,0.76,0.72,0.6153846153846154,german,age,9,proxy_soft,random,50.0,1.0,0.1668060200668896,0.1668060200668896,0.0416666666666666,0.127840909090909,0.769047619047619,0.72,0.6538461538461539,0.48928182383161783,0.2787878787878788,german-age,True,-0.043896321070234084,True,0.2107023411371237
0.1722408026755852,0.1722408026755852,0.0555555555555555,0.127840909090909,0.7586772486772487,0.7266666666666667,0.6538461538461539,german,age,9,proxy_soft,random,100.0,30.0,0.1668060200668896,0.1668060200668896,0.0416666666666666,0.127840909090909,0.769047619047619,0.72,0.6538461538461539,0.9875495796023861,0.3305084745762712,german-age,False,-0.005434782608695593,True,0.1722408026755852
0.084448160535117,0.084448160535117,0.0437361008154188,0.1176470588235294,0.7521693121693123,0.7266666666666667,0.7307692307692307,german,age,10,proxy_soft,random,25.0,30.0,0.1104521868050407,0.084448160535117,0.1104521868050407,0.1437908496732026,0.7634920634920636,0.7266666666666667,0.7307692307692307,,0.9047619047619048,german-age,False,0.026004026269923694,False,0.1104521868050407
0.1104521868050407,0.084448160535117,0.1104521868050407,0.1437908496732026,0.7606878306878306,0.7266666666666667,0.7307692307692307,german,age,10,proxy_soft,random,50.0,30.0,0.1104521868050407,0.084448160535117,0.1104521868050407,0.1437908496732026,0.7634920634920636,0.7266666666666667,0.7307692307692307,0.9999786955975344,0.4166666666666666,german-age,False,0.0,True,0.1104521868050407
0.1245366938472943,0.0351170568561872,0.1245366938472943,0.1176470588235294,0.7605291005291005,0.72,0.7692307692307693,german,age,10,proxy_soft,random,100.0,30.0,0.1104521868050407,0.084448160535117,0.1104521868050407,0.1437908496732026,0.7634920634920636,0.7266666666666667,0.7307692307692307,0.9981089053698647,0.31,german-age,True,-0.0140845070422536,True,0.1245366938472943
0.2297998517420311,0.221571906354515,0.2297998517420311,0.2745098039215686,0.7559259259259259,0.7333333333333333,0.6153846153846154,german,age,11,proxy_soft,random,25.0,30.0,0.2965159377316531,0.2654682274247492,0.2965159377316531,0.326797385620915,0.771957671957672,0.7333333333333333,0.5769230769230769,,0.25,german-age,False,0.06671608598962198,False,0.2965159377316531
0.2475908080059303,0.2328595317725753,0.2475908080059303,0.2745098039215686,0.7471957671957673,0.6933333333333334,0.5769230769230769,german,age,11,proxy_soft,random,50.0,1.0,0.2965159377316531,0.2654682274247492,0.2965159377316531,0.326797385620915,0.771957671957672,0.7333333333333333,0.5769230769230769,0.9975774756672088,0.657142857142857,german-age,False,0.04892512972572277,True,0.2475908080059303
0.2157153446997776,0.1392140468227425,0.2157153446997776,0.2222222222222222,0.7585185185185186,0.74,0.6923076923076923,german,age,11,proxy_soft,random,100.0,30.0,0.2965159377316531,0.2654682274247492,0.2965159377316531,0.326797385620915,0.771957671957672,0.7333333333333333,0.5769230769230769,0.8085188870203921,0.0529100529100529,german-age,False,0.08080059303187548,True,0.2157153446997776
0.1460340993328391,0.0693979933110368,0.1460340993328391,0.0392156862745097,0.7479365079365079,0.7533333333333333,0.8152173913043478,german,age,12,proxy_soft,random,25.0,3.0,0.0793180133432172,0.0622909698996655,0.0793180133432172,0.065359477124183,0.7537566137566138,0.7533333333333333,0.7692307692307693,0.9999712651224563,0.8666666666666667,german-age,True,-0.06671608598962189,True,0.1460340993328391
0.100752508361204,0.100752508361204,0.0652335063009636,0.0915032679738562,0.7437566137566137,0.7466666666666667,0.7307692307692307,german,age,12,proxy_soft,random,50.0,30.0,0.0793180133432172,0.0622909698996655,0.0793180133432172,0.065359477124183,0.7537566137566138,0.7533333333333333,0.7692307692307693,0.925151691346606,0.4518518518518518,german-age,True,-0.021434495017986804,True,0.100752508361204
0.0793180133432172,0.0183946488294314,0.0793180133432172,0.0392156862745098,0.7475132275132276,0.7533333333333333,0.8076923076923077,german,age,12,proxy_soft,random,100.0,3.0,0.0793180133432172,0.0622909698996655,0.0793180133432172,0.065359477124183,0.7537566137566138,0.7533333333333333,0.7692307692307693,0.992611661258667,0.328125,german-age,False,0.0,True,0.0793180133432172
0.205267558528428,0.205267558528428,0.0277777777777777,0.1544744318181817,0.735026455026455,0.7133333333333334,0.6153846153846154,german,age,13,proxy_soft,random,25.0,30.0,0.2107023411371237,0.2107023411371237,0.0277777777777777,0.1811079545454545,0.7355555555555556,0.72,0.6153846153846154,,0.4,german-age,False,0.005434782608695676,False,0.2107023411371237
0.1943979933110368,0.1943979933110368,0.0,0.1544744318181817,0.7231216931216932,0.7,0.6153846153846154,german,age,13,proxy_soft,random,50.0,30.0,0.2107023411371237,0.2107023411371237,0.0277777777777777,0.1811079545454545,0.7355555555555556,0.72,0.6153846153846154,0.9416463044596849,0.3333333333333333,german-age,False,0.01630434782608689,True,0.1943979933110368
0.2107023411371237,0.2107023411371237,0.0277777777777777,0.1811079545454545,0.7335449735449736,0.72,0.6153846153846154,german,age,13,proxy_soft,random,100.0,1.0,0.2107023411371237,0.2107023411371237,0.0277777777777777,0.1811079545454545,0.7355555555555556,0.72,0.6153846153846154,-0.9114789531246542,0.0787037037037037,german-age,False,0.0,False,0.2107023411371237
0.3209785025945144,0.1500836120401337,0.3209785025945144,0.2745098039215686,0.7755555555555556,0.7533333333333333,0.6923076923076923,german,age,14,proxy_soft,random,25.0,30.0,0.3209785025945144,0.1500836120401337,0.3209785025945144,0.2745098039215686,0.7729100529100529,0.7533333333333333,0.6923076923076923,-0.9319792815450445,0.125,german-age,False,0.0,False,0.3209785025945144
0.2928094885100074,0.117056856187291,0.2928094885100074,0.2483660130718955,0.7701058201058202,0.7666666666666667,0.7307692307692307,german,age,14,proxy_soft,random,50.0,10.0,0.3209785025945144,0.1500836120401337,0.3209785025945144,0.2745098039215686,0.7729100529100529,0.7533333333333333,0.6923076923076923,0.9823413473666741,0.8,german-age,False,0.028169014084507005,True,0.2928094885100074
0.335063009636768,0.1446488294314382,0.335063009636768,0.2745098039215686,0.771005291005291,0.7466666666666667,0.6923076923076923,german,age,14,proxy_soft,random,100.0,1.0,0.3209785025945144,0.1500836120401337,0.3209785025945144,0.2745098039215686,0.7729100529100529,0.7533333333333333,0.6923076923076923,0.7773158225351634,0.24,german-age,True,-0.014084507042253613,True,0.335063009636768
0.1111111111111111,0.0568561872909698,0.1111111111111111,0.127840909090909,0.75984126984127,0.7466666666666667,0.7692307692307693,german,age,15,proxy_soft,random,25.0,30.0,0.1111111111111111,0.0568561872909698,0.1111111111111111,0.127840909090909,0.7647089947089947,0.7466666666666667,0.7692307692307693,0.8609937560896497,0.4285714285714286,german-age,False,0.0,True,0.1111111111111111
0.0972222222222222,0.0622909698996655,0.0972222222222222,0.127840909090909,0.7644973544973545,0.7533333333333333,0.7692307692307693,german,age,15,proxy_soft,random,50.0,30.0,0.1111111111111111,0.0568561872909698,0.1111111111111111,0.127840909090909,0.7647089947089947,0.7466666666666667,0.7692307692307693,0.8807213141778826,0.5,german-age,False,0.013888888888888909,True,0.0972222222222222
0.0972222222222222,0.0183946488294314,0.0972222222222222,0.1012073863636363,0.7665608465608466,0.7533333333333333,0.8076923076923077,german,age,15,proxy_soft,random,100.0,10.0,0.1111111111111111,0.0568561872909698,0.1111111111111111,0.127840909090909,0.7647089947089947,0.7466666666666667,0.7692307692307693,-0.21083144205213242,0.1807909604519774,german-age,False,0.013888888888888909,False,0.1111111111111111
0.0790133779264214,0.0790133779264214,0.0756115641215715,0.065359477124183,0.7541798941798943,0.72,0.7307692307692307,german,age,16,proxy_soft,random,25.0,30.0,0.1613712374581939,0.1613712374581939,0.1282431430689399,0.0915032679738562,0.7561904761904763,0.7133333333333334,0.6538461538461539,-0.03933384629168593,0.25,german-age,False,0.0823578595317725,False,0.1613712374581939
0.1808747220163083,0.1559364548494983,0.1808747220163083,0.065359477124183,0.7515343915343916,0.7066666666666667,0.6538461538461539,german,age,16,proxy_soft,random,50.0,10.0,0.1613712374581939,0.1613712374581939,0.1282431430689399,0.0915032679738562,0.7561904761904763,0.7133333333333334,0.6538461538461539,0.7351445067236333,0.7428571428571429,german-age,True,-0.019503484558114403,True,0.1808747220163083
0.1282431430689399,0.1174749163879599,0.1282431430689399,0.065359477124183,0.7534920634920635,0.7133333333333334,0.6923076923076923,german,age,16,proxy_soft,random,100.0,30.0,0.1613712374581939,0.1613712374581939,0.1282431430689399,0.0915032679738562,0.7561904761904763,0.7133333333333334,0.6538461538461539,0.9615637062691932,0.3542857142857143,german-age,False,0.03312809438925399,True,0.1282431430689399
0.1630837657524091,0.0459866220735785,0.1630837657524091,0.1437908496732026,0.7534391534391535,0.7333333333333333,0.7692307692307693,german,age,17,proxy_soft,random,25.0,30.0,0.2016308376575241,0.0568561872909698,0.2016308376575241,0.1699346405228757,0.7652910052910052,0.7466666666666667,0.7692307692307693,-0.32880776504634623,0.2857142857142857,german-age,False,0.038547071905115,False,0.2016308376575241
0.2542624166048925,0.1061872909698997,0.2542624166048925,0.2222222222222222,0.7542328042328043,0.7533333333333333,0.7307692307692307,german,age,17,proxy_soft,random,50.0,30.0,0.2016308376575241,0.0568561872909698,0.2016308376575241,0.1699346405228757,0.7652910052910052,0.7466666666666667,0.7692307692307693,0.9957748653255022,0.75,german-age,True,-0.05263157894736842,True,0.2542624166048925
0.2157153446997776,0.0514214046822741,0.2157153446997776,0.1699346405228757,0.7651322751322751,0.74,0.7692307692307693,german,age,17,proxy_soft,random,100.0,30.0,0.2016308376575241,0.0568561872909698,0.2016308376575241,0.1699346405228757,0.7652910052910052,0.7466666666666667,0.7692307692307693,0.5002269704057307,0.1838235294117647,german-age,True,-0.014084507042253502,True,0.2157153446997776
0.1943979933110368,0.1943979933110368,0.0,0.1544744318181817,0.7457142857142857,0.7,0.6153846153846154,german,age,18,proxy_soft,random,25.0,30.0,0.1998327759197323,0.1998327759197323,0.0138888888888888,0.1544744318181817,0.7497354497354497,0.7066666666666667,0.6153846153846154,,0.1999999999999999,german-age,False,0.00543478260869551,False,0.1998327759197323
0.1174749163879599,0.1174749163879599,0.0972222222222222,0.0745738636363636,0.7431746031746032,0.7133333333333334,0.6923076923076923,german,age,18,proxy_soft,random,50.0,30.0,0.1998327759197323,0.1998327759197323,0.0138888888888888,0.1544744318181817,0.7497354497354497,0.7066666666666667,0.6153846153846154,0.8455601050902487,0.4,german-age,False,0.08235785953177241,True,0.1174749163879599
0.1943979933110368,0.1943979933110368,0.0694444444444444,0.127840909090909,0.7486772486772487,0.7,0.6153846153846154,german,age,18,proxy_soft,random,100.0,30.0,0.1998327759197323,0.1998327759197323,0.0138888888888888,0.1544744318181817,0.7497354497354497,0.7066666666666667,0.6153846153846154,0.4164119923194867,0.2277777777777778,german-age,False,0.00543478260869551,True,0.1943979933110368
0.0735785953177258,0.0735785953177258,0.0051890289103039,0.0915032679738562,0.7395767195767197,0.7133333333333334,0.7307692307692307,german,age,19,proxy_soft,random,25.0,30.0,0.0474425500370644,0.0242474916387959,0.0474425500370644,0.0392156862745098,0.7488359788359789,0.7066666666666667,0.7692307692307693,0.9893673669610386,0.4358974358974359,german-age,True,-0.0261360452806614,True,0.0735785953177258
0.1527057079318013,0.0305183946488294,0.1527057079318013,0.0392156862745097,0.7478835978835978,0.6933333333333334,0.7771739130434783,german,age,19,proxy_soft,random,50.0,30.0,0.0474425500370644,0.0242474916387959,0.0474425500370644,0.0392156862745098,0.7488359788359789,0.7066666666666667,0.7692307692307693,-0.040307739593986924,0.1075268817204301,german-age,True,-0.10526315789473689,False,0.0474425500370644
0.2053372868791698,0.0079431438127089,0.2053372868791698,0.0392156862745097,0.7502645502645503,0.6866666666666666,0.7692307692307693,german,age,19,proxy_soft,random,100.0,30.0,0.0474425500370644,0.0242474916387959,0.0474425500370644,0.0392156862745098,0.7488359788359789,0.7066666666666667,0.7692307692307693,0.9778537990813083,0.3152173913043478,german-age,True,-0.1578947368421054,True,0.2053372868791698
0.1387959866220736,0.1387959866220736,0.0303928836174944,0.1437908496732026,0.8311111111111111,0.7933333333333333,0.7307692307692307,german,age,20,proxy_soft,random,25.0,30.0,0.2102842809364548,0.2102842809364548,0.14529280948851,0.2483660130718955,0.832857142857143,0.7733333333333333,0.6538461538461539,0.9969700357561534,0.7142857142857143,german-age,False,0.0714882943143812,True,0.1387959866220736
0.2157190635451504,0.2157190635451504,0.1312083024462564,0.2483660130718955,0.8409523809523809,0.78,0.6538461538461539,german,age,20,proxy_soft,random,50.0,30.0,0.2102842809364548,0.2102842809364548,0.14529280948851,0.2483660130718955,0.832857142857143,0.7733333333333333,0.6538461538461539,0.31744645153531037,0.1071428571428571,german-age,False,-0.005434782608695621,True,0.2157190635451504
0.177257525083612,0.177257525083612,0.050407709414381,0.196078431372549,0.8337566137566138,0.7866666666666666,0.6923076923076923,german,age,20,proxy_soft,random,100.0,30.0,0.2102842809364548,0.2102842809364548,0.14529280948851,0.2483660130718955,0.832857142857143,0.7733333333333333,0.6538461538461539,0.9997101914438381,0.0484848484848484,german-age,False,0.03302675585284279,False,0.2102842809364548
0.1609531772575251,0.1609531772575251,0.0259451445515196,0.1699346405228757,0.7945502645502646,0.7666666666666667,0.6923076923076923,german,age,21,proxy_soft,random,25.0,30.0,0.1663879598662208,0.1663879598662208,0.0118606375092661,0.1699346405228757,0.7945502645502646,0.7733333333333333,0.6923076923076923,0.8820514206924807,0.8,german-age,False,0.005434782608695704,True,0.1609531772575251
0.1609531772575251,0.1609531772575251,0.0259451445515196,0.1699346405228757,0.7894179894179894,0.7666666666666667,0.6923076923076923,german,age,21,proxy_soft,random,50.0,30.0,0.1663879598662208,0.1663879598662208,0.0118606375092661,0.1699346405228757,0.7945502645502646,0.7733333333333333,0.6923076923076923,0.8324506016210639,0.3064516129032257,german-age,False,0.005434782608695704,True,0.1609531772575251
0.1061872909698997,0.1061872909698997,0.0793180133432172,0.0915032679738562,0.7929100529100529,0.7533333333333333,0.7307692307692307,german,age,21,proxy_soft,random,100.0,1.0,0.1663879598662208,0.1663879598662208,0.0118606375092661,0.1699346405228757,0.7945502645502646,0.7733333333333333,0.6923076923076923,0.9533624869154679,0.3132969034608378,german-age,False,0.060200668896321086,True,0.1061872909698997
0.1224916387959866,0.1224916387959866,0.078576723498888,0.1699346405228757,0.7792063492063495,0.7733333333333333,0.7307692307692307,german,age,22,proxy_soft,random,25.0,10.0,0.1500836120401337,0.1500836120401337,0.1208302446256486,0.196078431372549,0.7892592592592593,0.7533333333333333,0.6923076923076923,0.9972965334211149,0.6,german-age,False,0.02759197324414711,True,0.1224916387959866
0.1500836120401337,0.1500836120401337,0.0541141586360267,0.1699346405228757,0.7908465608465608,0.7533333333333333,0.6923076923076923,german,age,22,proxy_soft,random,50.0,3.0,0.1500836120401337,0.1500836120401337,0.1208302446256486,0.196078431372549,0.7892592592592593,0.7533333333333333,0.6923076923076923,0.8617147632047649,0.1022222222222222,german-age,False,0.0,True,0.1500836120401337
0.1116220735785953,0.1116220735785953,0.1067457375833951,0.1699346405228757,0.793915343915344,0.76,0.7307692307692307,german,age,22,proxy_soft,random,100.0,30.0,0.1500836120401337,0.1500836120401337,0.1208302446256486,0.196078431372549,0.7892592592592593,0.7533333333333333,0.6923076923076923,0.9972681306266219,0.4583333333333333,german-age,False,0.03846153846153841,True,0.1116220735785953
0.2107023411371237,0.2107023411371237,0.1423276501111935,0.1176470588235294,0.7725925925925926,0.72,0.6153846153846154,german,age,23,proxy_soft,random,25.0,30.0,0.205267558528428,0.205267558528428,0.1949592290585619,0.0915032679738562,0.7756084656084655,0.7133333333333334,0.6153846153846154,,0.175438596491228,german-age,False,-0.005434782608695676,False,0.205267558528428
0.221571906354515,0.221571906354515,0.1037805782060785,0.1437908496732026,0.7773544973544974,0.7333333333333333,0.6153846153846154,german,age,23,proxy_soft,random,50.0,30.0,0.205267558528428,0.205267558528428,0.1949592290585619,0.0915032679738562,0.7756084656084655,0.7133333333333334,0.6153846153846154,0.7344284758162917,0.3,german-age,True,-0.016304347826087,True,0.221571906354515
0.2107023411371237,0.2107023411371237,0.1423276501111935,0.1176470588235294,0.7765608465608467,0.72,0.6153846153846154,german,age,23,proxy_soft,random,100.0,30.0,0.205267558528428,0.205267558528428,0.1949592290585619,0.0915032679738562,0.7756084656084655,0.7133333333333334,0.6153846153846154,-0.15351476940243355,0.1085714285714285,german-age,False,-0.005434782608695676,False,0.205267558528428
0.2433110367892976,0.2433110367892976,0.2222222222222222,0.2876420454545454,0.7725396825396825,0.76,0.6153846153846154,german,age,24,proxy_soft,random,25.0,30.0,0.2324414715719063,0.2324414715719063,0.1805555555555555,0.2610085227272727,0.7731216931216932,0.7466666666666667,0.6153846153846154,0.8057600894487055,0.6,german-age,True,-0.010869565217391297,True,0.2433110367892976
0.2270066889632106,0.2270066889632106,0.1944444444444444,0.2610085227272727,0.7756084656084656,0.74,0.6153846153846154,german,age,24,proxy_soft,random,50.0,30.0,0.2324414715719063,0.2324414715719063,0.1805555555555555,0.2610085227272727,0.7731216931216932,0.7466666666666667,0.6153846153846154,-0.10832492685562223,0.2307692307692307,german-age,False,0.005434782608695704,False,0.2324414715719063
0.2222222222222222,0.2161371237458194,0.2222222222222222,0.2610085227272727,0.7714285714285715,0.7266666666666667,0.6153846153846154,german,age,24,proxy_soft,random,100.0,30.0,0.2324414715719063,0.2324414715719063,0.1805555555555555,0.2610085227272727,0.7731216931216932,0.7466666666666667,0.6153846153846154,0.25143377183873633,0.2916666666666667,german-age,False,0.0102192493496841,True,0.2222222222222222
0.1229096989966554,0.1229096989966554,0.0416666666666666,0.1012073863636363,0.7623809523809524,0.72,0.6923076923076923,german,age,25,proxy_soft,random,25.0,30.0,0.1831103678929766,0.1831103678929766,0.0138888888888888,0.1544744318181817,0.764074074074074,0.74,0.6538461538461539,0.28358642950580965,0.5714285714285714,german-age,False,0.06020066889632121,True,0.1229096989966554
0.1831103678929766,0.1831103678929766,0.0138888888888888,0.1544744318181817,0.7607407407407407,0.74,0.6538461538461539,german,age,25,proxy_soft,random,50.0,3.0,0.1831103678929766,0.1831103678929766,0.0138888888888888,0.1544744318181817,0.764074074074074,0.74,0.6538461538461539,0.7712290028360141,0.25,german-age,False,0.0,True,0.1831103678929766
0.1229096989966554,0.1229096989966554,0.0416666666666666,0.1012073863636363,0.7633862433862434,0.72,0.6923076923076923,german,age,25,proxy_soft,random,100.0,30.0,0.1831103678929766,0.1831103678929766,0.0138888888888888,0.1544744318181817,0.764074074074074,0.74,0.6538461538461539,0.9901680331504557,0.4615384615384615,german-age,False,0.06020066889632121,True,0.1229096989966554
0.279466271312083,0.1500836120401337,0.279466271312083,0.0392156862745098,0.7824338624338624,0.7533333333333333,0.6923076923076923,german,age,26,proxy_soft,random,25.0,30.0,0.1845811712379541,0.0514214046822741,0.1845811712379541,0.0130718954248365,0.7746031746031745,0.74,0.7692307692307693,,0.4444444444444445,german-age,True,-0.09488510007412893,False,0.1845811712379541
0.1667902149740548,0.0250836120401337,0.1667902149740548,0.0392156862745097,0.7286772486772487,0.7,0.782608695652174,german,age,26,proxy_soft,random,50.0,30.0,0.1845811712379541,0.0514214046822741,0.1845811712379541,0.0130718954248365,0.7746031746031745,0.74,0.7692307692307693,0.8811078644780909,0.2995391705069125,german-age,False,0.017790956263899288,True,0.1667902149740548
0.2127501853224611,0.1061872909698997,0.2127501853224611,0.0392156862745098,0.7799999999999999,0.7533333333333333,0.7307692307692307,german,age,26,proxy_soft,random,100.0,30.0,0.1845811712379541,0.0514214046822741,0.1845811712379541,0.0130718954248365,0.7746031746031745,0.74,0.7692307692307693,0.9964659404125564,0.32,german-age,True,-0.028169014084507005,True,0.2127501853224611
0.2600334448160536,0.2600334448160536,0.156412157153447,0.1437908496732026,0.7493650793650793,0.7266666666666667,0.5769230769230769,german,age,27,proxy_soft,random,25.0,10.0,0.2600334448160536,0.2600334448160536,0.0437361008154188,0.2222222222222222,0.7557671957671958,0.7266666666666667,0.5769230769230769,0.9220678736105591,0.3125,german-age,False,0.0,True,0.2600334448160536
0.2231282431430689,0.2161371237458194,0.2231282431430689,0.0915032679738562,0.7538095238095238,0.7266666666666667,0.6153846153846154,german,age,27,proxy_soft,random,50.0,30.0,0.2600334448160536,0.2600334448160536,0.0437361008154188,0.2222222222222222,0.7557671957671958,0.7266666666666667,0.5769230769230769,0.5427614098029555,0.1714285714285714,german-age,False,0.03690520167298472,True,0.2231282431430689
0.1668060200668896,0.1668060200668896,0.1423276501111935,0.0915032679738562,0.7453968253968253,0.72,0.6538461538461539,german,age,27,proxy_soft,random,100.0,30.0,0.2600334448160536,0.2600334448160536,0.0437361008154188,0.2222222222222222,0.7557671957671958,0.7266666666666667,0.5769230769230769,0.28651100872678664,0.1168831168831168,german-age,False,0.09322742474916401,True,0.1668060200668896
0.0898829431438127,0.0898829431438127,0.0370644922164566,0.0915032679738562,0.7844444444444445,0.7333333333333333,0.7307692307692307,german,age,28,proxy_soft,random,25.0,10.0,0.1337792642140468,0.1337792642140468,0.1037805782060785,0.0915032679738562,0.7825396825396825,0.7333333333333333,0.6923076923076923,0.996871901881968,0.3333333333333333,german-age,False,0.043896321070234084,True,0.0898829431438127
0.1337792642140468,0.1337792642140468,0.1037805782060785,0.0915032679738562,0.7869841269841269,0.7333333333333333,0.6923076923076923,german,age,28,proxy_soft,random,50.0,30.0,0.1337792642140468,0.1337792642140468,0.1037805782060785,0.0915032679738562,0.7825396825396825,0.7333333333333333,0.6923076923076923,0.1670562870241522,0.1720430107526882,german-age,False,0.0,True,0.1337792642140468
0.1141586360266864,0.1120401337792642,0.1141586360266864,0.065359477124183,0.7704232804232805,0.7066666666666667,0.6923076923076923,german,age,28,proxy_soft,random,100.0,3.0,0.1337792642140468,0.1337792642140468,0.1037805782060785,0.0915032679738562,0.7825396825396825,0.7333333333333333,0.6923076923076923,0.9226262008833025,0.0681818181818182,german-age,False,0.019620628187360392,True,0.1141586360266864
0.1104521868050407,0.084448160535117,0.1104521868050407,0.1437908496732026,0.742910052910053,0.7266666666666667,0.7307692307692307,german,age,29,proxy_soft,random,25.0,30.0,0.2297998517420311,0.0459866220735785,0.2297998517420311,0.1699346405228757,0.7455026455026454,0.7333333333333333,0.7692307692307693,0.9790682195811081,0.3571428571428571,german-age,False,0.11934766493699041,True,0.1104521868050407
0.1489992587101556,0.0363712374581939,0.1489992587101556,0.0915032679738562,0.7377248677248678,0.74,0.8097826086956522,german,age,29,proxy_soft,random,50.0,30.0,0.2297998517420311,0.0459866220735785,0.2297998517420311,0.1699346405228757,0.7455026455026454,0.7333333333333333,0.7692307692307693,0.9877929228752791,0.5714285714285714,german-age,False,0.0808005930318755,True,0.1489992587101556
0.1245366938472943,0.0790133779264214,0.1245366938472943,0.1437908496732026,0.7416402116402118,0.72,0.7307692307692307,german,age,29,proxy_soft,random,100.0,1.0,0.2297998517420311,0.0459866220735785,0.2297998517420311,0.1699346405228757,0.7455026455026454,0.7333333333333333,0.7692307692307693,0.8786805736661484,0.1884057971014492,german-age,False,0.10526315789473681,True,0.1245366938472943
0.1920881560171238,0.1049204691307985,0.1920881560171238,0.1926345266078244,0.8380823708252103,0.8788888888888889,0.8405797101449275,law,race,0,proxy_soft,random,25.0,3.0,0.4501347708894879,0.1847440687448793,0.4501347708894879,0.3067903700897854,0.8578505195459861,0.8822222222222222,0.7729468599033816,0.9308610542217884,1.0,law-race,False,0.2580466148723641,True,0.1920881560171238
0.244516674594366,0.1150352575594597,0.244516674594366,0.2133901345136355,0.8497181876877078,0.8816666666666667,0.8333333333333334,law,race,0,proxy_soft,random,50.0,1.0,0.4501347708894879,0.1847440687448793,0.4501347708894879,0.3067903700897854,0.8578505195459861,0.8822222222222222,0.7729468599033816,0.42915763955803377,0.2543859649122807,law-race,False,0.2056180962951219,True,0.244516674594366
0.2655250779557105,0.1187905210774558,0.2655250779557105,0.2175412560947978,0.8460880896451768,0.8788888888888889,0.8285024154589372,law,race,0,proxy_soft,random,100.0,3.0,0.4501347708894879,0.1847440687448793,0.4501347708894879,0.3067903700897854,0.8578505195459861,0.8822222222222222,0.7729468599033816,0.999050208920676,0.3714285714285714,law-race,False,0.18460969293377738,True,0.2655250779557105
0.3074361820199778,0.1085059836521323,0.3074361820199778,0.223767938466541,0.8533876065495902,0.8844444444444445,0.8405797101449275,law,race,0,proxy_soft,random,200.0,1.0,0.4501347708894879,0.1847440687448793,0.4501347708894879,0.3067903700897854,0.8578505195459861,0.8822222222222222,0.7729468599033816,0.952764456942028,0.625,law-race,False,0.1426985888695101,True,0.3074361820199778
0.3158395433645156,0.1077888807478656,0.3158395433645156,0.223767938466541,0.850244300250631,0.8833333333333333,0.8405797101449275,law,race,0,proxy_soft,random,400.0,1.0,0.4501347708894879,0.1847440687448793,0.4501347708894879,0.3067903700897854,0.8578505195459861,0.8822222222222222,0.7729468599033816,0.9820976616486017,0.297979797979798,law-race,False,0.1342952275249723,True,0.3158395433645156
0.3199883727075736,0.1383973962582472,0.3199883727075736,0.2524954294421757,0.864092306409844,0.8880555555555556,0.8164251207729468,law,race,1,proxy_soft,random,25.0,0.3,0.3871359864700597,0.1907450422034112,0.3871359864700597,0.3043844492067034,0.867928445545777,0.8875,0.7705314009661836,,0.25,law-race,False,0.06714761376248612,False,0.3871359864700597
0.3200412240367845,0.1292638609582503,0.3200412240367845,0.2400420646986891,0.8607759885057381,0.8825,0.821256038647343,law,race,1,proxy_soft,random,50.0,1.0,0.3871359864700597,0.1907450422034112,0.3871359864700597,0.3043844492067034,0.867928445545777,0.8875,0.7705314009661836,0.5597550168339248,0.4772727272727273,law-race,False,0.06709476243327522,True,0.3200412240367845
0.1878864753448549,0.0965984379628042,0.1878864753448549,0.1860774841435803,0.8528725038160856,0.8791666666666667,0.8478260869565217,law,race,1,proxy_soft,random,100.0,3.0,0.3871359864700597,0.1907450422034112,0.3871359864700597,0.3043844492067034,0.867928445545777,0.8875,0.7705314009661836,0.910510548235944,0.6666666666666667,law-race,False,0.1992495111252048,True,0.1878864753448549
0.2550076634427355,0.0924846229926747,0.2550076634427355,0.198530848887067,0.8609529321928199,0.8813888888888889,0.8526570048309179,law,race,1,proxy_soft,random,200.0,1.0,0.3871359864700597,0.1907450422034112,0.3871359864700597,0.3043844492067034,0.867928445545777,0.8875,0.7705314009661836,0.9370168068776985,0.6428571428571429,law-race,False,0.1321283230273242,True,0.2550076634427355
0.1522118281274773,0.0747649063002859,0.1522118281274773,0.1632463154471881,0.8530132723493639,0.8797222222222222,0.8671497584541062,law,race,1,proxy_soft,random,400.0,3.0,0.3871359864700597,0.1907450422034112,0.3871359864700597,0.3043844492067034,0.867928445545777,0.8875,0.7705314009661836,0.9980499867307888,0.5394736842105263,law-race,False,0.2349241583425824,True,0.1522118281274773
0.4018022303260927,0.1869897786854152,0.4018022303260927,0.3067903700897854,0.8830763979927508,0.89,0.7753623188405797,law,race,2,proxy_soft,random,25.0,0.0,0.4018022303260927,0.1869897786854152,0.4018022303260927,0.3067903700897854,0.8830763979927508,0.89,0.7753623188405797,0.17102616904737736,1.0,law-race,False,0.0,True,0.4018022303260927
0.4185825273505628,0.1818003093588857,0.4185825273505628,0.3067903700897854,0.8811764160016861,0.8905555555555555,0.7801932367149759,law,race,2,proxy_soft,random,50.0,30.0,0.4018022303260927,0.1869897786854152,0.4018022303260927,0.3067903700897854,0.8830763979927508,0.89,0.7753623188405797,,0.024390243902439,law-race,True,-0.016780297024470092,False,0.4018022303260927
0.2969187675070028,0.1546829071421024,0.2969187675070028,0.2590524719064199,0.8810505893797613,0.8872222222222222,0.8019323671497585,law,race,2,proxy_soft,random,100.0,0.3,0.4018022303260927,0.1869897786854152,0.4018022303260927,0.3067903700897854,0.8830763979927508,0.89,0.7753623188405797,0.9989285796208008,0.2916666666666667,law-race,False,0.10488346281908989,True,0.2969187675070028
0.3514084879234713,0.1562115141783715,0.3514084879234713,0.2777325190216498,0.8821547179871514,0.8938888888888888,0.8043478260869565,law,race,2,proxy_soft,random,200.0,0.3,0.4018022303260927,0.1869897786854152,0.4018022303260927,0.3067903700897854,0.8830763979927508,0.89,0.7753623188405797,0.9880657428331715,0.4083333333333333,law-race,False,0.0503937424026214,True,0.3514084879234713
0.3052957031869351,0.1502105407198396,0.3052957031869351,0.2590524719064199,0.8789862463638073,0.8888888888888888,0.8067632850241546,law,race,2,proxy_soft,random,400.0,0.3,0.4018022303260927,0.1869897786854152,0.4018022303260927,0.3067903700897854,0.8830763979927508,0.89,0.7753623188405797,0.9390591876593484,0.2396616541353383,law-race,False,0.09650652713915758,True,0.3052957031869351
0.4290999418635379,0.1966516144342075,0.4290999418635379,0.3171681740426908,0.8618282136315845,0.8877777777777778,0.7657004830917874,law,race,3,proxy_soft,random,25.0,1.0,0.4165213255113366,0.2070305530872666,0.4165213255113366,0.3213192956238531,0.8699597590734758,0.8866666666666667,0.7560386473429952,0.9435366978482381,0.5,law-race,True,-0.01257861635220131,True,0.4290999418635379
0.3073833306907669,0.1453796228454434,0.3073833306907669,0.2569769111158387,0.8688941648690499,0.89,0.8115942028985508,law,race,3,proxy_soft,random,50.0,1.0,0.4165213255113366,0.2070305530872666,0.4165213255113366,0.3213192956238531,0.8699597590734758,0.8866666666666667,0.7560386473429952,-0.9325861877883193,0.5,law-race,False,0.10913799482056968,False,0.4165213255113366
0.3577506474287829,0.1502105407198396,0.3577506474287829,0.2694302758593254,0.8665191873802189,0.8888888888888888,0.8067632850241546,law,race,3,proxy_soft,random,100.0,30.0,0.4165213255113366,0.2070305530872666,0.4165213255113366,0.3213192956238531,0.8699597590734758,0.8866666666666667,0.7560386473429952,0.981026004764658,0.75,law-race,False,0.05877067808255371,True,0.3577506474287829
0.2255958987368531,0.1092230865563991,0.2255958987368531,0.2092390129324733,0.8521332724122772,0.8855555555555555,0.8405797101449275,law,race,3,proxy_soft,random,200.0,3.0,0.4165213255113366,0.2070305530872666,0.4165213255113366,0.3213192956238531,0.8699597590734758,0.8866666666666667,0.7560386473429952,0.970531724088753,0.509090909090909,law-race,False,0.1909254267744835,True,0.2255958987368531
0.2801384704825326,0.1349062829646489,0.2801384704825326,0.2403724247911899,0.8639012072277958,0.8866666666666667,0.8188405797101449,law,race,3,proxy_soft,random,400.0,1.0,0.4165213255113366,0.2070305530872666,0.4165213255113366,0.3213192956238531,0.8699597590734758,0.8866666666666667,0.7560386473429952,0.995520914823085,0.4010217113665389,law-race,False,0.13638285502880398,True,0.2801384704825326
0.4186089530151684,0.1716855209302245,0.4186089530151684,0.2964125661368798,0.8629984012154852,0.8877777777777778,0.7874396135265701,law,race,4,proxy_soft,random,25.0,30.0,0.4228106336874372,0.1796490006460854,0.4228106336874372,0.302639248508623,0.862940992819232,0.8872222222222222,0.7801932367149759,,0.0,law-race,False,0.004201680672268837,False,0.4228106336874372
0.3221288515406162,0.152531598429302,0.3221288515406162,0.2590524719064199,0.8603599742369992,0.8838888888888888,0.8019323671497585,law,race,4,proxy_soft,random,50.0,0.3,0.4228106336874372,0.1796490006460854,0.4228106336874372,0.302639248508623,0.862940992819232,0.8872222222222222,0.7801932367149759,,0.0227272727272727,law-race,False,0.100681782146821,False,0.4228106336874372
0.208815601712383,0.0949944831576085,0.208815601712383,0.1947100873984056,0.85505323645732,0.885,0.8526570048309179,law,race,4,proxy_soft,random,100.0,1.0,0.4228106336874372,0.1796490006460854,0.4228106336874372,0.302639248508623,0.862940992819232,0.8872222222222222,0.7801932367149759,0.9751328530461941,0.5,law-race,False,0.2139950319750542,True,0.208815601712383
0.3346546165636065,0.1207720807935938,0.3346546165636065,0.244523546372352,0.8614208499431029,0.8905555555555555,0.8333333333333334,law,race,4,proxy_soft,random,200.0,0.3,0.4228106336874372,0.1796490006460854,0.4228106336874372,0.302639248508623,0.862940992819232,0.8872222222222222,0.7801932367149759,0.9965275273063372,0.4358974358974359,law-race,False,0.0881560171238307,True,0.3346546165636065
0.2360868875852227,0.1036750657777362,0.2360868875852227,0.2071634521418922,0.8583428162042669,0.8855555555555555,0.8454106280193237,law,race,4,proxy_soft,random,400.0,1.0,0.4228106336874372,0.1796490006460854,0.4228106336874372,0.302639248508623,0.862940992819232,0.8872222222222222,0.7801932367149759,0.9632536659651733,0.2571428571428572,law-race,False,0.1867237461022145,True,0.2360868875852227
0.3179535965329528,0.1424168100006408,0.3179535965329528,0.2483443078610134,0.8667700542076815,0.8813888888888889,0.8091787439613527,law,race,5,proxy_soft,random,25.0,0.3,0.4186618043443792,0.1954815588500719,0.4186618043443792,0.3085355707878656,0.8712667831087197,0.8819444444444444,0.7632850241545893,-0.490158455856984,0.05,law-race,False,0.10070820781142642,False,0.4186618043443792
0.3138311928545002,0.1595891727854251,0.3138311928545002,0.2524954294421757,0.8536652115342118,0.8736111111111111,0.7898550724637681,law,race,5,proxy_soft,random,50.0,3.0,0.4186618043443792,0.1954815588500719,0.4186618043443792,0.3085355707878656,0.8712667831087197,0.8819444444444444,0.7632850241545893,0.42568057974441903,0.0986842105263158,law-race,False,0.10483061148987904,True,0.3138311928545002
0.2403942709159134,0.0819168818841445,0.2403942709159134,0.1798508017718371,0.8517384913859881,0.8736111111111111,0.857487922705314,law,race,5,proxy_soft,random,100.0,30.0,0.4186618043443792,0.1954815588500719,0.4186618043443792,0.3085355707878656,0.8712667831087197,0.8819444444444444,0.7632850241545893,0.9977246966916872,0.625,law-race,False,0.17826753342846582,True,0.2403942709159134
0.3367950953966492,0.1563812631750337,0.3367950953966492,0.2670243549762435,0.869812699209101,0.8858333333333334,0.7995169082125604,law,race,5,proxy_soft,random,200.0,0.3,0.4186618043443792,0.1954815588500719,0.4186618043443792,0.3085355707878656,0.8712667831087197,0.8819444444444444,0.7632850241545893,0.9975974516900926,0.6058823529411765,law-race,False,0.08186670894773002,True,0.3367950953966492
0.3179271708683474,0.1247914945359877,0.3179271708683474,0.237966503908108,0.8673936824025964,0.8841666666666667,0.8260869565217391,law,race,5,proxy_soft,random,400.0,0.3,0.4186618043443792,0.1954815588500719,0.4186618043443792,0.3085355707878656,0.8712667831087197,0.8819444444444444,0.7632850241545893,0.999352823166719,0.4447058823529412,law-race,False,0.10073463347603184,True,0.3179271708683474
0.3074097563553723,0.121394782470125,0.3074097563553723,0.2362213032100277,0.873576488037427,0.8872222222222222,0.8309178743961353,law,race,6,proxy_soft,random,25.0,0.3,0.4143808466782939,0.1488707361390416,0.4143808466782939,0.281883640602812,0.8756321804731239,0.8911111111111111,0.8091787439613527,0.7336263798237425,0.5,law-race,False,0.10697109032292157,True,0.3074097563553723
0.2235082712330215,0.1168280148201266,0.2235082712330215,0.2133901345136355,0.8627263011455728,0.8844444444444445,0.8333333333333334,law,race,6,proxy_soft,random,50.0,1.0,0.4143808466782939,0.1488707361390416,0.4143808466782939,0.281883640602812,0.8756321804731239,0.8911111111111111,0.8091787439613527,0.6452293128594414,0.4714285714285714,law-race,False,0.1908725754452724,True,0.2235082712330215
0.3430579779081443,0.1172809674999956,0.3430579779081443,0.242447985581771,0.8708350405122403,0.8894444444444445,0.8357487922705314,law,race,6,proxy_soft,random,100.0,0.3,0.4143808466782939,0.1488707361390416,0.4143808466782939,0.281883640602812,0.8756321804731239,0.8911111111111111,0.8091787439613527,0.9879856330016261,0.4444444444444445,law-race,False,0.0713228687701496,True,0.3430579779081443
0.2214206437291898,0.0966928391905398,0.2214206437291898,0.1967856481889868,0.8628607783477549,0.8833333333333333,0.8502415458937198,law,race,6,proxy_soft,random,200.0,1.0,0.4143808466782939,0.1488707361390416,0.4143808466782939,0.281883640602812,0.8756321804731239,0.8911111111111111,0.8091787439613527,0.9935319748570954,0.5,law-race,False,0.1929602029491041,True,0.2214206437291898
0.3283653083875059,0.1148655085627976,0.3283653083875059,0.2382968640006089,0.8708924489084934,0.89,0.8381642512077294,law,race,6,proxy_soft,random,400.0,0.3,0.4143808466782939,0.1488707361390416,0.4143808466782939,0.281883640602812,0.8756321804731239,0.8911111111111111,0.8091787439613527,0.9977913002770998,0.3508771929824562,law-race,False,0.08601553829078801,True,0.3283653083875059
0.3829343057977908,0.1522674482049043,0.3829343057977908,0.2753265981385678,0.869056166644778,0.8880555555555556,0.8043478260869565,law,race,7,proxy_soft,random,25.0,0.3,0.4354156757042439,0.1893108363948777,0.4354156757042439,0.3106111315784466,0.8673166135966675,0.8852777777777778,0.7705314009661836,,0.0,law-race,False,0.05248136990645308,False,0.4354156757042439
0.4060567623275725,0.1826871612598146,0.4060567623275725,0.2981577668349601,0.867642976397285,0.8836111111111111,0.7753623188405797,law,race,7,proxy_soft,random,50.0,30.0,0.4354156757042439,0.1893108363948777,0.4354156757042439,0.3106111315784466,0.8673166135966675,0.8852777777777778,0.7705314009661836,,0.097560975609756,law-race,False,0.029358913376671403,False,0.4354156757042439
0.3829343057977908,0.1494934378155729,0.3829343057977908,0.2732510373479867,0.8674094107303372,0.8880555555555556,0.8067632850241546,law,race,7,proxy_soft,random,100.0,0.3,0.4354156757042439,0.1893108363948777,0.4354156757042439,0.3106111315784466,0.8673166135966675,0.8852777777777778,0.7705314009661836,0.9118174279304784,0.193609022556391,law-race,False,0.05248136990645308,True,0.3829343057977908
0.3808466782939591,0.154324355689969,0.3808466782939591,0.2753265981385678,0.8676272480695444,0.8869444444444444,0.8019323671497585,law,race,7,proxy_soft,random,200.0,0.3,0.4354156757042439,0.1893108363948777,0.4354156757042439,0.3106111315784466,0.8673166135966675,0.8852777777777778,0.7705314009661836,0.9999542416439305,0.5707070707070707,law-race,False,0.054568997410284814,True,0.3808466782939591
0.3787590507901273,0.1480592320070394,0.3787590507901273,0.2690999157668245,0.8662761847166267,0.8858333333333334,0.8067632850241546,law,race,7,proxy_soft,random,400.0,0.3,0.4354156757042439,0.1893108363948777,0.4354156757042439,0.3106111315784466,0.8673166135966675,0.8852777777777778,0.7705314009661836,0.9899554808379415,0.5128205128205128,law-race,False,0.056656624914116605,True,0.3787590507901273
0.2885418318270704,0.1366046389975802,0.2885418318270704,0.2421176254892701,0.8683373820670326,0.8852777777777778,0.8164251207729468,law,race,8,proxy_soft,random,25.0,10.0,0.3598118492680091,0.1662319013792972,0.3598118492680091,0.2857044020914734,0.8775353081297368,0.8925,0.7946859903381642,,0.5,law-race,False,0.0712700174409387,False,0.3598118492680091
0.3032080756831034,0.1435868655847766,0.3032080756831034,0.2524954294421757,0.8719824220209171,0.8875,0.8115942028985508,law,race,8,proxy_soft,random,50.0,0.3,0.3598118492680091,0.1662319013792972,0.3598118492680091,0.2857044020914734,0.8775353081297368,0.8925,0.7946859903381642,0.9481148547017797,0.6666666666666667,law-race,False,0.0566037735849057,True,0.3032080756831034
0.1731673801596109,0.0987497466756044,0.1731673801596109,0.1881530449341615,0.8646899828639868,0.8825,0.8478260869565217,law,race,8,proxy_soft,random,100.0,3.0,0.3598118492680091,0.1662319013792972,0.3598118492680091,0.2857044020914734,0.8775353081297368,0.8925,0.7946859903381642,0.8390998985180984,0.1872586872586873,law-race,False,0.1866444691083982,True,0.1731673801596109
0.1815443158395433,0.0915033698640102,0.1815443158395433,0.1860774841435803,0.8674282847236257,0.8841666666666667,0.855072463768116,law,race,8,proxy_soft,random,200.0,1.0,0.3598118492680091,0.1662319013792972,0.3598118492680091,0.2857044020914734,0.8775353081297368,0.8925,0.7946859903381642,0.8686753872833627,0.4282891022021458,law-race,False,0.17826753342846577,True,0.1815443158395433
0.3010675968500607,0.1270372044765235,0.3010675968500607,0.2441931862798513,0.8751021358282656,0.8919444444444444,0.8285024154589372,law,race,8,proxy_soft,random,400.0,0.3,0.3598118492680091,0.1662319013792972,0.3598118492680091,0.2857044020914734,0.8775353081297368,0.8925,0.7946859903381642,0.9999727858408574,0.3769230769230768,law-race,False,0.058744252417948395,True,0.3010675968500607
0.4417314095449501,0.1383029950305115,0.4417314095449501,0.2715058366499064,0.8559874991251117,0.8833333333333333,0.8140096618357487,law,race,9,proxy_soft,random,25.0,3.0,0.4291263675281433,0.1560227117229004,0.4291263675281433,0.2839592013933931,0.8615584728108332,0.885,0.7995169082125604,,0.0,law-race,True,-0.012605042016806789,False,0.4291263675281433
0.4081708154960097,0.1264898505689189,0.4081708154960097,0.2549013503252577,0.8581760959302165,0.8822222222222222,0.8236714975845411,law,race,9,proxy_soft,random,50.0,0.3,0.4291263675281433,0.1560227117229004,0.4291263675281433,0.2839592013933931,0.8615584728108332,0.885,0.7995169082125604,0.9447804403384694,0.5714285714285714,law-race,False,0.020955552032133618,True,0.4081708154960097
0.3452248824057926,0.0987497466756044,0.3452248824057926,0.22169237767596,0.8567117886175665,0.8822222222222222,0.8478260869565217,law,race,9,proxy_soft,random,100.0,0.3,0.4291263675281433,0.1560227117229004,0.4291263675281433,0.2839592013933931,0.8615584728108332,0.885,0.7995169082125604,0.1842224372309323,0.1972222222222222,law-race,False,0.08390148512235074,True,0.3452248824057926
0.3410232017335236,0.0991082981277379,0.3410232017335236,0.22169237767596,0.8585708769565057,0.8827777777777778,0.8478260869565217,law,race,9,proxy_soft,random,200.0,0.3,0.4291263675281433,0.1560227117229004,0.4291263675281433,0.2839592013933931,0.8615584728108332,0.885,0.7995169082125604,0.9397828718036193,0.1875776397515527,law-race,False,0.08810316579461974,True,0.3410232017335236
0.3389355742296919,0.0928431744448081,0.3389355742296919,0.2154656953042166,0.8566339333952505,0.8816666666666667,0.8526570048309179,law,race,9,proxy_soft,random,400.0,0.3,0.4291263675281433,0.1560227117229004,0.4291263675281433,0.2839592013933931,0.8615584728108332,0.885,0.7995169082125604,0.9972796058755412,0.4126984126984127,law-race,False,0.09019079329845142,True,0.3389355742296919
0.2885946831562814,0.1441151660335722,0.2885946831562814,0.2421176254892701,0.8445136840383425,0.8797222222222222,0.8067632850241546,law,race,10,proxy_soft,random,25.0,1.0,0.3409703504043127,0.1772335417088874,0.3409703504043127,0.2857044020914734,0.8615977936301845,0.8880555555555556,0.782608695652174,0.9687831170388688,0.5,law-race,False,0.05237566724803133,True,0.2885946831562814
0.3724433169494213,0.1605894793728987,0.3724433169494213,0.2794777197197301,0.8620216720627938,0.8880555555555556,0.7971014492753623,law,race,10,proxy_soft,random,50.0,3.0,0.3409703504043127,0.1772335417088874,0.3409703504043127,0.2857044020914734,0.8615977936301845,0.8880555555555556,0.782608695652174,-0.6597628896129358,0.3333333333333333,law-race,True,-0.03147296654510856,False,0.3409703504043127
0.2633581734580625,0.139737200839045,0.2633581734580625,0.2400420646986891,0.8590836204408494,0.8858333333333334,0.8140096618357487,law,race,10,proxy_soft,random,100.0,0.3,0.3409703504043127,0.1772335417088874,0.3409703504043127,0.2857044020914734,0.8615977936301845,0.8880555555555556,0.782608695652174,0.8029126782436021,0.338855421686747,law-race,False,0.07761217694625022,True,0.2633581734580625
0.2465514507689868,0.14394541703691,0.2465514507689868,0.2421176254892701,0.8595507517747452,0.8880555555555556,0.8115942028985508,law,race,10,proxy_soft,random,200.0,0.3,0.3409703504043127,0.1772335417088874,0.3409703504043127,0.2857044020914734,0.8615977936301845,0.8880555555555556,0.782608695652174,0.9836276679417015,0.3842105263157895,law-race,False,0.09441889963532593,True,0.2465514507689868
0.2843401511548015,0.1341891800603821,0.2843401511548015,0.2400420646986891,0.858424603508518,0.8858333333333334,0.8188405797101449,law,race,10,proxy_soft,random,400.0,0.3,0.3409703504043127,0.1772335417088874,0.3409703504043127,0.2857044020914734,0.8615977936301845,0.8880555555555556,0.782608695652174,0.9952429203049743,0.6648351648351649,law-race,False,0.05663019924951124,True,0.2843401511548015
0.2507795571058612,0.1140540044307951,0.2507795571058612,0.2172108960022969,0.8614829768376782,0.8847222222222222,0.8357487922705314,law,race,11,proxy_soft,random,25.0,1.0,0.3724433169494213,0.1744595313195559,0.3724433169494213,0.2898555236726355,0.8704080164140828,0.8880555555555556,0.785024154589372,0.9157150332218837,1.0,law-race,False,0.1216637598435601,True,0.2507795571058612
0.35986470059722,0.1792904491939521,0.35986470059722,0.2898555236726355,0.8702538788022249,0.8869444444444444,0.7801932367149759,law,race,11,proxy_soft,random,50.0,30.0,0.3724433169494213,0.1744595313195559,0.3724433169494213,0.2898555236726355,0.8704080164140828,0.8880555555555556,0.785024154589372,-0.33619639453952604,0.1666666666666666,law-race,False,0.01257861635220131,False,0.3724433169494213
0.2339728344167855,0.1238102414073231,0.2339728344167855,0.2234375783740403,0.8633231911833286,0.8869444444444444,0.8285024154589372,law,race,11,proxy_soft,random,100.0,0.3,0.3724433169494213,0.1744595313195559,0.3724433169494213,0.2898555236726355,0.8704080164140828,0.8880555555555556,0.785024154589372,0.9117706149138094,0.1986531986531986,law-race,False,0.13847048253263577,True,0.2339728344167855
0.2990063950108345,0.1162053131435955,0.2990063950108345,0.2317398215363646,0.8659372392538167,0.8880555555555556,0.8357487922705314,law,race,11,proxy_soft,random,200.0,0.3,0.3724433169494213,0.1744595313195559,0.3724433169494213,0.2898555236726355,0.8704080164140828,0.8880555555555556,0.785024154589372,0.951462860922918,0.2142857142857143,law-race,False,0.07343692193858681,True,0.2990063950108345
0.2465250251043814,0.1179980704042623,0.2465250251043814,0.2255131391646213,0.8647906441615267,0.8908333333333334,0.8357487922705314,law,race,11,proxy_soft,random,400.0,0.3,0.3724433169494213,0.1744595313195559,0.3724433169494213,0.2898555236726355,0.8704080164140828,0.8880555555555556,0.785024154589372,0.9989200044340659,0.3190476190476191,law-race,False,0.1259182918450399,True,0.2465250251043814
0.1291422229269065,0.0990138969000022,0.1291422229269065,0.1756996801906748,0.8531501088007071,0.8786111111111111,0.8454106280193237,law,race,12,proxy_soft,random,25.0,3.0,0.3011204481792717,0.1817059081311501,0.3011204481792717,0.2794777197197301,0.8661943974123755,0.8863888888888889,0.7777777777777778,-0.17902903089061187,0.5,law-race,False,0.1719782252523652,False,0.3011204481792717
0.0910504171841413,0.0910504171841413,0.0829765868611596,0.1611707546566071,0.8499454620235595,0.8791666666666667,0.8526570048309179,law,race,12,proxy_soft,random,50.0,1.0,0.3011204481792717,0.1817059081311501,0.3011204481792717,0.2794777197197301,0.8661943974123755,0.8863888888888889,0.7777777777777778,0.4836382108358241,0.35,law-race,False,0.21007003099513039,True,0.0910504171841413
0.1018709370540669,0.0986553454478689,0.1018709370540669,0.1694729978189315,0.8522252831295598,0.8780555555555556,0.8454106280193237,law,race,12,proxy_soft,random,100.0,1.0,0.3011204481792717,0.1817059081311501,0.3011204481792717,0.2794777197197301,0.8661943974123755,0.8863888888888889,0.7777777777777778,0.99765095005934,0.8,law-race,False,0.19924951112520478,True,0.1018709370540669
0.1270281697584694,0.1084115824243967,0.1270281697584694,0.1840019233529992,0.8533026735797911,0.8802777777777778,0.8381642512077294,law,race,12,proxy_soft,random,200.0,1.0,0.3011204481792717,0.1817059081311501,0.3011204481792717,0.2794777197197301,0.8661943974123755,0.8863888888888889,0.7777777777777778,0.9848681477867189,0.3194444444444444,law-race,False,0.1740922784208023,True,0.1270281697584694
0.0914063738703028,0.0829925362405447,0.0914063738703028,0.1528685114942827,0.8472236749080482,0.8752777777777778,0.857487922705314,law,race,12,proxy_soft,random,400.0,3.0,0.3011204481792717,0.1817059081311501,0.3011204481792717,0.2794777197197301,0.8661943974123755,0.8863888888888889,0.7777777777777778,0.9610761706105087,0.2666666666666666,law-race,False,0.20971407430896888,True,0.0914063738703028
0.2759896411394747,0.1261312991167855,0.2759896411394747,0.2279190600477033,0.860954505025594,0.8816666666666667,0.8236714975845411,law,race,13,proxy_soft,random,25.0,3.0,0.338882722900481,0.1796490006460854,0.338882722900481,0.2860347621839743,0.8713989010617408,0.8872222222222222,0.7801932367149759,,0.5,law-race,False,0.06289308176100628,False,0.338882722900481
0.2319380582421647,0.1004481027085357,0.2319380582421647,0.1988612089795678,0.8627986514531795,0.8805555555555555,0.8454106280193237,law,race,13,proxy_soft,random,50.0,1.0,0.338882722900481,0.1796490006460854,0.338882722900481,0.2860347621839743,0.8713989010617408,0.8872222222222222,0.7801932367149759,0.8676403758872869,0.3333333333333333,law-race,False,0.10694466465831629,True,0.2319380582421647
0.259182918450399,0.1358875360933135,0.259182918450399,0.2341457424194465,0.8682839057527145,0.8838888888888888,0.8164251207729468,law,race,13,proxy_soft,random,100.0,0.3,0.338882722900481,0.1796490006460854,0.338882722900481,0.2860347621839743,0.8713989010617408,0.8872222222222222,0.7801932367149759,0.9146572540790694,0.39304531085353,law-race,False,0.07969980445008201,True,0.259182918450399
0.2927435124993393,0.1366046389975802,0.2927435124993393,0.242447985581771,0.868506461590244,0.885,0.8164251207729468,law,race,13,proxy_soft,random,200.0,0.3,0.338882722900481,0.1796490006460854,0.338882722900481,0.2860347621839743,0.8713989010617408,0.8872222222222222,0.7801932367149759,0.9997055551904932,0.393939393939394,law-race,False,0.04613921040114172,True,0.2927435124993393
0.2885418318270704,0.1314151696710507,0.2885418318270704,0.2382968640006089,0.8679142900508103,0.8855555555555555,0.821256038647343,law,race,13,proxy_soft,random,400.0,0.3,0.338882722900481,0.1796490006460854,0.338882722900481,0.2860347621839743,0.8713989010617408,0.8872222222222222,0.7801932367149759,0.9838164016845229,0.5852842809364548,law-race,False,0.05034089107341061,True,0.2885418318270704
0.2968923418423974,0.1228289882786585,0.2968923418423974,0.237966503908108,0.8591315918404581,0.8897222222222222,0.8309178743961353,law,race,14,proxy_soft,random,25.0,1.0,0.3996881771576555,0.1599667776963675,0.3996881771576555,0.2877799628820545,0.8664114483351959,0.8913888888888889,0.7995169082125604,0.9959099932844508,1.0,law-race,False,0.1027958353152581,True,0.2968923418423974
0.3598382749326146,0.1533431025613044,0.3598382749326146,0.2732510373479867,0.8561951130512877,0.8897222222222222,0.8043478260869565,law,race,14,proxy_soft,random,50.0,1.0,0.3996881771576555,0.1599667776963675,0.3996881771576555,0.2877799628820545,0.8664114483351959,0.8913888888888889,0.7995169082125604,0.7917150543448599,0.4166666666666667,law-race,False,0.03984990222504087,True,0.3598382749326146
0.3199619470429681,0.1290941119615882,0.3199619470429681,0.2483443078610134,0.862418025921857,0.8908333333333334,0.8260869565217391,law,race,14,proxy_soft,random,100.0,0.3,0.3996881771576555,0.1599667776963675,0.3996881771576555,0.2877799628820545,0.8664114483351959,0.8913888888888889,0.7995169082125604,0.9689002206762978,0.75,law-race,False,0.07972623011468738,True,0.3199619470429681
0.2235082712330215,0.1025994114213361,0.2235082712330215,0.2026819704682292,0.854482298160336,0.8841666666666667,0.8454106280193237,law,race,14,proxy_soft,random,200.0,3.0,0.3996881771576555,0.1599667776963675,0.3996881771576555,0.2877799628820545,0.8664114483351959,0.8913888888888889,0.7995169082125604,0.9853179798976455,0.5,law-race,False,0.17617990592463398,True,0.2235082712330215
0.2109296548808202,0.1046563189064008,0.2109296548808202,0.2006064096776481,0.8554000460840002,0.8830555555555556,0.8429951690821256,law,race,14,proxy_soft,random,400.0,1.0,0.3996881771576555,0.1599667776963675,0.3996881771576555,0.2877799628820545,0.8664114483351959,0.8913888888888889,0.7995169082125604,0.9875191803295552,0.3999999999999999,law-race,False,0.1887585222768353,True,0.2109296548808202
0.3179271708683474,0.1917262953320758,0.3179271708683474,0.2881103229745553,0.8614350054380693,0.8844444444444445,0.7681159420289855,law,race,15,proxy_soft,random,25.0,0.3,0.3493737117488505,0.2073891045393999,0.3493737117488505,0.3088659308803664,0.8672560595348663,0.8872222222222222,0.7560386473429952,0.5494738893239194,0.3333333333333333,law-race,False,0.03144654088050314,True,0.3179271708683474
0.1403599025155761,0.1403599025155761,0.1354051054384017,0.2113145737230545,0.8561715205596768,0.8822222222222222,0.8115942028985508,law,race,15,proxy_soft,random,50.0,3.0,0.3493737117488505,0.2073891045393999,0.3493737117488505,0.3088659308803664,0.8672560595348663,0.8872222222222222,0.7560386473429952,0.9997841885636551,0.1666666666666666,law-race,False,0.20901380923327442,True,0.1403599025155761
0.2822525236509698,0.1726667740588889,0.2822525236509698,0.2673547150687443,0.8606100546480746,0.885,0.785024154589372,law,race,15,proxy_soft,random,100.0,0.3,0.3493737117488505,0.2073891045393999,0.3493737117488505,0.3088659308803664,0.8672560595348663,0.8872222222222222,0.7560386473429952,0.9999449042265027,0.6571428571428573,law-race,False,0.0671211880978807,True,0.2822525236509698
0.1899476771840811,0.1521730469771687,0.1899476771840811,0.2320701816288655,0.8608467659805709,0.8833333333333333,0.8019323671497585,law,race,15,proxy_soft,random,200.0,1.0,0.3493737117488505,0.2073891045393999,0.3493737117488505,0.3088659308803664,0.8672560595348663,0.8872222222222222,0.7560386473429952,0.9999013796041428,0.2666666666666666,law-race,False,0.15942603456476942,True,0.1899476771840811
0.2004122403678452,0.1484177834591727,0.2004122403678452,0.2341457424194465,0.860229429116752,0.8861111111111111,0.8067632850241546,law,race,15,proxy_soft,random,400.0,1.0,0.3493737117488505,0.2073891045393999,0.3493737117488505,0.3088659308803664,0.8672560595348663,0.8872222222222222,0.7560386473429952,0.9687861648035797,0.1400966183574878,law-race,False,0.14896147138100532,True,0.2004122403678452
0.3954864964853866,0.2019354849884727,0.3954864964853866,0.3189133747407712,0.8762282840944926,0.8919444444444444,0.7632850241545893,law,race,16,proxy_soft,random,25.0,30.0,0.4269594630304952,0.2074835057671354,0.4269594630304952,0.3292911786936766,0.8768873010268239,0.8919444444444444,0.7584541062801933,,0.0526315789473684,law-race,False,0.031472966545108616,False,0.4269594630304952
0.2969187675070028,0.1765164388046206,0.2969187675070028,0.2753265981385678,0.8652090176794268,0.8869444444444444,0.782608695652174,law,race,16,proxy_soft,random,50.0,10.0,0.4269594630304952,0.2074835057671354,0.4269594630304952,0.3292911786936766,0.8768873010268239,0.8919444444444444,0.7584541062801933,,0.1833333333333333,law-race,False,0.1300406955234924,False,0.4269594630304952
0.2612441202896253,0.1158467616914621,0.2612441202896253,0.2234375783740403,0.867903280221392,0.8875,0.8357487922705314,law,race,16,proxy_soft,random,100.0,1.0,0.4269594630304952,0.2074835057671354,0.4269594630304952,0.3292911786936766,0.8768873010268239,0.8919444444444444,0.7584541062801933,0.9869748272306376,0.75,law-race,False,0.1657153427408699,True,0.2612441202896253
0.3137254901960785,0.1306980667667839,0.3137254901960785,0.2421176254892701,0.8643014931687941,0.8847222222222222,0.821256038647343,law,race,16,proxy_soft,random,200.0,1.0,0.4269594630304952,0.2074835057671354,0.4269594630304952,0.3292911786936766,0.8768873010268239,0.8919444444444444,0.7584541062801933,0.8055907364397449,0.2161955691367455,law-race,False,0.11323397283441672,True,0.3137254901960785
0.2150784842238782,0.1023352611969382,0.2150784842238782,0.2047575312588102,0.8644949516000034,0.8880555555555556,0.8478260869565217,law,race,16,proxy_soft,random,400.0,1.0,0.4269594630304952,0.2074835057671354,0.4269594630304952,0.3292911786936766,0.8768873010268239,0.8919444444444444,0.7584541062801933,0.9986540730405944,0.5892857142857143,law-race,False,0.211880978806617,True,0.2150784842238782
0.2927963638285503,0.1243385418561187,0.2927963638285503,0.2275886999552024,0.8453928975590421,0.8791666666666667,0.8236714975845411,law,race,17,proxy_soft,random,25.0,1.0,0.3850483589662279,0.1595138250164985,0.3850483589662279,0.2794777197197301,0.8540678567243714,0.8863888888888889,0.7971014492753623,-0.7774134954984211,1.0,law-race,False,0.09225199513767762,False,0.3850483589662279
0.3347074678928175,0.1306980667667839,0.3347074678928175,0.2462687470704323,0.8500815120585157,0.8847222222222222,0.821256038647343,law,race,17,proxy_soft,random,50.0,0.3,0.3850483589662279,0.1595138250164985,0.3850483589662279,0.2794777197197301,0.8540678567243714,0.8863888888888889,0.7971014492753623,0.9469068586798326,1.0,law-race,False,0.05034089107341039,True,0.3347074678928175
0.3158395433645156,0.1268484020210523,0.3158395433645156,0.237966503908108,0.8455045686860005,0.8830555555555556,0.8236714975845411,law,race,17,proxy_soft,random,100.0,1.0,0.3850483589662279,0.1595138250164985,0.3850483589662279,0.2794777197197301,0.8540678567243714,0.8863888888888889,0.7971014492753623,,0.2589118198874296,law-race,False,0.06920881560171233,False,0.3850483589662279
0.3263305322128851,0.1296224124103838,0.3263305322128851,0.2421176254892701,0.8501074637992877,0.8830555555555556,0.821256038647343,law,race,17,proxy_soft,random,200.0,0.3,0.3850483589662279,0.1595138250164985,0.3850483589662279,0.2794777197197301,0.8540678567243714,0.8863888888888889,0.7971014492753623,0.9996938127428778,0.3583333333333333,law-race,False,0.058717826753342806,True,0.3263305322128851
0.3011468738438772,0.1216589326945227,0.3011468738438772,0.2317398215363646,0.8486722538929578,0.8836111111111111,0.8285024154589372,law,race,17,proxy_soft,random,400.0,0.3,0.3850483589662279,0.1595138250164985,0.3850483589662279,0.2794777197197301,0.8540678567243714,0.8863888888888889,0.7971014492753623,0.9974089629948354,0.3199999999999999,law-race,False,0.08390148512235068,True,0.3011468738438772
0.3913376671423286,0.1990670733714056,0.3913376671423286,0.3109414916709475,0.8574927000898874,0.8872222222222222,0.7632850241545893,law,race,18,proxy_soft,random,25.0,0.3,0.3892236139738914,0.2029167381171371,0.3892236139738914,0.3150926132521097,0.8589625123172466,0.8888888888888888,0.7608695652173914,0.8321315102159649,0.5,law-race,False,-0.0021140531684372132,True,0.3913376671423286
0.3241900533798424,0.1383973962582472,0.3241900533798424,0.2528257895346766,0.8512351848982888,0.8877777777777778,0.8164251207729468,law,race,18,proxy_soft,random,50.0,30.0,0.3892236139738914,0.2029167381171371,0.3892236139738914,0.3150926132521097,0.8589625123172466,0.8888888888888888,0.7608695652173914,-0.9692411440218283,0.5,law-race,False,0.06503356059404897,False,0.3892236139738914
0.2402885682574916,0.1282826078295859,0.2402885682574916,0.2258434992571222,0.848158723992227,0.885,0.8236714975845411,law,race,18,proxy_soft,random,100.0,1.0,0.3892236139738914,0.2029167381171371,0.3892236139738914,0.3150926132521097,0.8589625123172466,0.8888888888888888,0.7608695652173914,0.9999156788201806,0.4333333333333333,law-race,False,0.1489350457163998,True,0.2402885682574916
0.3389091485650864,0.1584381706600984,0.3389091485650864,0.2673547150687443,0.8564923784455851,0.8844444444444445,0.7971014492753623,law,race,18,proxy_soft,random,200.0,0.3,0.3892236139738914,0.2029167381171371,0.3892236139738914,0.3150926132521097,0.8589625123172466,0.8888888888888888,0.7608695652173914,0.9950840262979798,0.5923076923076923,law-race,False,0.050314465408804965,True,0.3389091485650864
0.3221024258760108,0.1654203972472948,0.3221024258760108,0.2715058366499064,0.8562485893656058,0.8866666666666667,0.7922705314009661,law,race,18,proxy_soft,random,400.0,0.3,0.3892236139738914,0.2029167381171371,0.3892236139738914,0.3150926132521097,0.8589625123172466,0.8888888888888888,0.7608695652173914,0.9982519691975118,0.4235104669887279,law-race,False,0.06712118809788059,True,0.3221024258760108
0.3032873526769198,0.1548526561387646,0.3032873526769198,0.2524954294421757,0.8614184906939416,0.8791666666666667,0.7971014492753623,law,race,19,proxy_soft,random,25.0,0.3,0.3619787537656572,0.1698927636695575,0.3619787537656572,0.2815532805103112,0.8674306439727869,0.8852777777777778,0.7874396135265701,0.8360478929728226,1.0,law-race,False,0.05869140108873738,True,0.3032873526769198
0.2969451931716083,0.1386615464826449,0.2969451931716083,0.2441931862798513,0.8616992413441116,0.8841666666666667,0.8140096618357487,law,race,19,proxy_soft,random,50.0,0.3,0.3619787537656572,0.1698927636695575,0.3619787537656572,0.2815532805103112,0.8674306439727869,0.8852777777777778,0.7874396135265701,0.9324573990088811,0.8333333333333334,law-race,False,0.06503356059404891,True,0.2969451931716083
0.2529464616035093,0.1093928355530612,0.2529464616035093,0.2068330920493913,0.8579433166796556,0.8775,0.8357487922705314,law,race,19,proxy_soft,random,100.0,1.0,0.3619787537656572,0.1698927636695575,0.3619787537656572,0.2815532805103112,0.8674306439727869,0.8852777777777778,0.7874396135265701,0.9996982926615623,0.238095238095238,law-race,False,0.10903229216214788,True,0.2529464616035093
0.2738755879710374,0.1323964227997153,0.2738755879710374,0.2338153823269457,0.8642582402675074,0.8830555555555556,0.8188405797101449,law,race,19,proxy_soft,random,200.0,0.3,0.3619787537656572,0.1698927636695575,0.3619787537656572,0.2815532805103112,0.8674306439727869,0.8852777777777778,0.7874396135265701,0.8608107080233862,0.2245222929936305,law-race,False,0.0881031657946198,True,0.2738755879710374
0.2633845991226679,0.1157523604637265,0.2633845991226679,0.219286456792878,0.8618022618908124,0.8830555555555556,0.8333333333333334,law,race,19,proxy_soft,random,400.0,0.3,0.3619787537656572,0.1698927636695575,0.3619787537656572,0.2815532805103112,0.8674306439727869,0.8852777777777778,0.7874396135265701,0.9968533945191457,0.4563492063492064,law-race,False,0.09859415464298932,True,0.2633845991226679
0.2822789493155753,0.128905309506117,0.2822789493155753,0.2317398215363646,0.8581045320389968,0.8819444444444444,0.821256038647343,law,race,20,proxy_soft,random,25.0,0.3,0.4102055916706305,0.1775920931610207,0.4102055916706305,0.3002333276255411,0.8633939686581613,0.8886111111111111,0.782608695652174,,0.9047619047619048,law-race,False,0.1279266423550552,False,0.4102055916706305
0.244516674594366,0.1035806645500005,0.244516674594366,0.2047575312588102,0.8532837995865024,0.8813888888888889,0.8429951690821256,law,race,20,proxy_soft,random,50.0,3.0,0.4102055916706305,0.1775920931610207,0.4102055916706305,0.3002333276255411,0.8633939686581613,0.8886111111111111,0.782608695652174,0.3473910304610551,0.1184668989547038,law-race,False,0.16568891707626449,True,0.244516674594366
0.3619523281010517,0.1605894793728987,0.3619523281010517,0.2774021589291491,0.8609199027045645,0.8880555555555556,0.7971014492753623,law,race,20,proxy_soft,random,100.0,0.3,0.4102055916706305,0.1775920931610207,0.4102055916706305,0.3002333276255411,0.8633939686581613,0.8886111111111111,0.782608695652174,0.957662529226822,0.375,law-race,False,0.048253263569578764,True,0.3619523281010517
0.2675862797949368,0.1237158401795874,0.2675862797949368,0.2255131391646213,0.8571160066404999,0.8825,0.8260869565217391,law,race,20,proxy_soft,random,200.0,1.0,0.4102055916706305,0.1775920931610207,0.4102055916706305,0.3002333276255411,0.8633939686581613,0.8886111111111111,0.782608695652174,0.9999879703259343,0.2888888888888888,law-race,False,0.14261931187569366,True,0.2675862797949368
0.3116378626922467,0.1216589326945227,0.3116378626922467,0.2338153823269457,0.8576948091013541,0.8836111111111111,0.8285024154589372,law,race,20,proxy_soft,random,400.0,0.3,0.4102055916706305,0.1775920931610207,0.4102055916706305,0.3002333276255411,0.8633939686581613,0.8886111111111111,0.782608695652174,0.9999998765115186,0.4927536231884057,law-race,False,0.09856772897838378,True,0.3116378626922467
0.3074361820199778,0.1358875360933135,0.3074361820199778,0.2441931862798513,0.8584883032358674,0.8841666666666667,0.8164251207729468,law,race,21,proxy_soft,random,25.0,0.3,0.3682680619417578,0.1674773047323595,0.3682680619417578,0.2815532805103112,0.8611314487126758,0.8858333333333334,0.7898550724637681,,0.111111111111111,law-race,False,0.06083187992178002,False,0.3682680619417578
0.2319116325775593,0.1185263708530579,0.2319116325775593,0.2151353352117158,0.8555738441055338,0.8830555555555556,0.8309178743961353,law,race,21,proxy_soft,random,50.0,1.0,0.3682680619417578,0.1674773047323595,0.3682680619417578,0.2815532805103112,0.8611314487126758,0.8858333333333334,0.7898550724637681,0.9970315314371009,0.3,law-race,False,0.1363564293641985,True,0.2319116325775593
0.3682680619417578,0.1674773047323595,0.3682680619417578,0.2815532805103112,0.8611314487126758,0.8858333333333334,0.7898550724637681,law,race,21,proxy_soft,random,100.0,0.0,0.3682680619417578,0.1674773047323595,0.3682680619417578,0.2815532805103112,0.8611314487126758,0.8858333333333334,0.7898550724637681,0.6990338447508821,0.2673992673992674,law-race,False,0.0,True,0.3682680619417578
0.2927699381639448,0.128905309506117,0.2927699381639448,0.2338153823269457,0.8576287501248436,0.8819444444444444,0.821256038647343,law,race,21,proxy_soft,random,200.0,0.3,0.3682680619417578,0.1674773047323595,0.3682680619417578,0.2815532805103112,0.8611314487126758,0.8858333333333334,0.7898550724637681,0.9850152221889615,0.4166666666666667,law-race,False,0.07549812377781301,True,0.2927699381639448
0.3116378626922467,0.1327549742518486,0.3116378626922467,0.2421176254892701,0.8585575078779262,0.8836111111111111,0.8188405797101449,law,race,21,proxy_soft,random,400.0,0.3,0.3682680619417578,0.1674773047323595,0.3682680619417578,0.2815532805103112,0.8611314487126758,0.8858333333333334,0.7898550724637681,0.9999824156968286,0.3047619047619047,law-race,False,0.056630199249511126,True,0.3116378626922467
0.1669309233127213,0.1558339092674291,0.1669309233127213,0.2234375783740403,0.8457263381071429,0.8763888888888889,0.7946859903381642,law,race,22,proxy_soft,random,25.0,10.0,0.4060567623275725,0.2298453378784493,0.4060567623275725,0.3334423002748389,0.8617629410714609,0.8836111111111111,0.7342995169082126,0.7820236205971024,0.3333333333333333,law-race,False,0.23912583901485118,True,0.1669309233127213
0.3977326779768511,0.2251841690007153,0.3977326779768511,0.3209889355313522,0.8487689831085623,0.8763888888888889,0.7342995169082126,law,race,22,proxy_soft,random,50.0,1.0,0.4060567623275725,0.2298453378784493,0.4060567623275725,0.3334423002748389,0.8617629410714609,0.8836111111111111,0.7342995169082126,0.937288139777159,1.0,law-race,False,0.008324084350721406,True,0.3977326779768511
0.2130701337138628,0.1461720735186368,0.2130701337138628,0.2275886999552024,0.8565780978317714,0.8786111111111111,0.8043478260869565,law,race,22,proxy_soft,random,100.0,10.0,0.4060567623275725,0.2298453378784493,0.4060567623275725,0.3334423002748389,0.8617629410714609,0.8836111111111111,0.7342995169082126,0.9751223667896056,0.8571428571428571,law-race,False,0.1929866286137097,True,0.2130701337138628
0.2026055705300988,0.1443793162579699,0.2026055705300988,0.2213620175834592,0.8563925035644322,0.8758333333333334,0.8043478260869565,law,race,22,proxy_soft,random,200.0,1.0,0.4060567623275725,0.2298453378784493,0.4060567623275725,0.3334423002748389,0.8617629410714609,0.8836111111111111,0.7342995169082126,0.9929019207113953,0.8571428571428571,law-race,False,0.20345119179747367,True,0.2026055705300988
0.1773954864964854,0.1160165106881243,0.1773954864964854,0.198530848887067,0.8546678924276753,0.8791666666666667,0.8309178743961353,law,race,22,proxy_soft,random,400.0,1.0,0.4060567623275725,0.2298453378784493,0.4060567623275725,0.3334423002748389,0.8617629410714609,0.8836111111111111,0.7342995169082126,0.9957978087441063,0.4421052631578947,law-race,False,0.22866127583108709,True,0.1773954864964854
0.3788383277839438,0.1815171056756789,0.3788383277839438,0.2857044020914734,0.8542377226639698,0.8775,0.7729468599033816,law,race,23,proxy_soft,random,25.0,1.0,0.3977062523122457,0.1825927600320791,0.3977062523122457,0.2919310844632168,0.8559505375549213,0.8791666666666667,0.7729468599033816,,0.0588235294117647,law-race,False,0.018867924528301938,False,0.3977062523122457
0.3243221817028697,0.1207530273347848,0.3243221817028697,0.2255131391646213,0.8476333978456909,0.8736111111111111,0.8236714975845411,law,race,23,proxy_soft,random,50.0,1.0,0.3977062523122457,0.1825927600320791,0.3977062523122457,0.2919310844632168,0.8559505375549213,0.8791666666666667,0.7729468599033816,-0.2591311876341876,0.3745173745173745,law-race,False,0.07338407060937602,False,0.3977062523122457
0.2319909095713757,0.1103740886817258,0.2319909095713757,0.2006064096776481,0.842176454536089,0.8747222222222222,0.8333333333333334,law,race,23,proxy_soft,random,100.0,1.0,0.3977062523122457,0.1825927600320791,0.3977062523122457,0.2919310844632168,0.8559505375549213,0.8791666666666667,0.7729468599033816,0.9946040255368476,0.3333333333333333,law-race,False,0.16571534274087002,True,0.2319909095713757
0.2508852597642831,0.1068829753881275,0.2508852597642831,0.2006064096776481,0.8427977234818429,0.8736111111111111,0.8357487922705314,law,race,23,proxy_soft,random,200.0,1.0,0.3977062523122457,0.1825927600320791,0.3977062523122457,0.2919310844632168,0.8559505375549213,0.8791666666666667,0.7729468599033816,0.9946991772435632,0.5,law-race,False,0.1468209925479626,True,0.2508852597642831
0.3096030865176259,0.1423224087729052,0.3096030865176259,0.2421176254892701,0.8507869275576817,0.8769444444444444,0.8067632850241546,law,race,23,proxy_soft,random,400.0,0.3,0.3977062523122457,0.1825927600320791,0.3977062523122457,0.2919310844632168,0.8559505375549213,0.8791666666666667,0.7729468599033816,0.9639465266058721,0.2708333333333333,law-race,False,0.0881031657946198,True,0.3096030865176259
0.3850483589662279,0.1487763349113061,0.3850483589662279,0.2715058366499064,0.8623039955457376,0.8866666666666667,0.8067632850241546,law,race,24,proxy_soft,random,25.0,0.3,0.3871095608054543,0.1485121846869083,0.3871095608054543,0.2756569582310687,0.8659891427353607,0.8905555555555555,0.8091787439613527,-0.11732492093123102,1.0,law-race,False,0.0020612018392263676,False,0.3871095608054543
0.3074626076845833,0.1316793198954484,0.3074626076845833,0.2382968640006089,0.8546875528373511,0.8816666666666667,0.8188405797101449,law,race,24,proxy_soft,random,50.0,1.0,0.3871095608054543,0.1485121846869083,0.3871095608054543,0.2756569582310687,0.8659891427353607,0.8905555555555555,0.8091787439613527,-0.39453938726739524,0.0526315789473684,law-race,False,0.079646953120871,False,0.3871095608054543
0.2550076634427355,0.0956171848341396,0.2550076634427355,0.2009367697701489,0.8524596352128947,0.8816666666666667,0.8502415458937198,law,race,24,proxy_soft,random,100.0,3.0,0.3871095608054543,0.1485121846869083,0.3871095608054543,0.2756569582310687,0.8659891427353607,0.8905555555555555,0.8091787439613527,0.9878733111639377,0.4666666666666667,law-race,False,0.13210189736271877,True,0.2550076634427355
0.294831140003171,0.0929375756725437,0.294831140003171,0.2113145737230545,0.8573873202940253,0.8861111111111111,0.855072463768116,law,race,24,proxy_soft,random,200.0,1.0,0.3871095608054543,0.1485121846869083,0.3871095608054543,0.2756569582310687,0.8659891427353607,0.8905555555555555,0.8091787439613527,0.9931277268822021,0.25,law-race,False,0.09227842080228327,True,0.294831140003171
0.2759896411394747,0.0956171848341396,0.2759896411394747,0.2050878913513111,0.8547182230764452,0.8816666666666667,0.8502415458937198,law,race,24,proxy_soft,random,400.0,1.0,0.3871095608054543,0.1485121846869083,0.3871095608054543,0.2756569582310687,0.8659891427353607,0.8905555555555555,0.8091787439613527,0.9982749543020858,0.5206971677559913,law-race,False,0.11111991966597956,True,0.2759896411394747
0.4333544738650177,0.2204476523540548,0.4333544738650177,0.3296215387861774,0.8541779550185555,0.8816666666666667,0.7415458937198067,law,race,25,proxy_soft,random,25.0,30.0,0.4102584429998414,0.221523306710455,0.4102584429998414,0.3275459779955963,0.8583349520403966,0.8833333333333333,0.7415458937198067,0.8917425332948054,0.5,law-race,True,-0.02309603086517631,True,0.4333544738650177
0.3263305322128851,0.1604950781451631,0.3263305322128851,0.2652791542781633,0.8497653726709296,0.8833333333333333,0.7946859903381642,law,race,25,proxy_soft,random,50.0,1.0,0.4102584429998414,0.221523306710455,0.4102584429998414,0.3275459779955963,0.8583349520403966,0.8833333333333333,0.7415458937198067,0.9551171204585172,0.75,law-race,False,0.08392791078695627,True,0.3263305322128851
0.2486919296020294,0.1220174841466561,0.2486919296020294,0.22169237767596,0.8484371153932357,0.8838888888888888,0.8285024154589372,law,race,25,proxy_soft,random,100.0,1.0,0.4102584429998414,0.221523306710455,0.4102584429998414,0.3275459779955963,0.8583349520403966,0.8833333333333333,0.7415458937198067,0.9999169382866789,0.6,law-race,False,0.16156651339781197,True,0.2486919296020294
0.2361397389144336,0.1084115824243967,0.2361397389144336,0.2050878913513111,0.849332843658063,0.88,0.8381642512077294,law,race,25,proxy_soft,random,200.0,1.0,0.4102584429998414,0.221523306710455,0.4102584429998414,0.3275459779955963,0.8583349520403966,0.8833333333333333,0.7415458937198067,0.9908511726915262,0.475,law-race,False,0.17411870408540778,True,0.2361397389144336
0.2466043020981977,0.112978350074395,0.2466043020981977,0.2133901345136355,0.8494342913719899,0.8827777777777778,0.8357487922705314,law,race,25,proxy_soft,random,400.0,1.0,0.4102584429998414,0.221523306710455,0.4102584429998414,0.3275459779955963,0.8583349520403966,0.8833333333333333,0.7415458937198067,0.9914346864681975,0.3073463268365817,law-race,False,0.16365414090164368,True,0.2466043020981977
0.3262776808836742,0.1054678230384031,0.3262776808836742,0.2296642607457836,0.8694053355206195,0.8886111111111111,0.8454106280193237,law,race,26,proxy_soft,random,25.0,1.0,0.4164420485175202,0.1565700656305049,0.4164420485175202,0.2919310844632168,0.878304423356252,0.8947222222222222,0.8043478260869565,,0.6166666666666667,law-race,False,0.090164367633846,False,0.4164420485175202
0.4416521325511336,0.1710628192536933,0.4416521325511336,0.3043844492067034,0.8757517157639523,0.8913888888888889,0.7898550724637681,law,race,26,proxy_soft,random,50.0,30.0,0.4164420485175202,0.1565700656305049,0.4164420485175202,0.2919310844632168,0.878304423356252,0.8947222222222222,0.8043478260869565,,0.1743589743589743,law-race,True,-0.02521008403361341,False,0.4164420485175202
0.3325405633951694,0.1270372044765235,0.3325405633951694,0.2504198686515947,0.87504000893369,0.8919444444444444,0.8285024154589372,law,race,26,proxy_soft,random,100.0,0.3,0.4164420485175202,0.1565700656305049,0.4164420485175202,0.2919310844632168,0.878304423356252,0.8947222222222222,0.8043478260869565,0.8884024399071454,0.2424242424242424,law-race,False,0.0839014851223508,True,0.3325405633951694
0.3094709581945986,0.1041280184576052,0.3094709581945986,0.2275886999552024,0.8749731635407926,0.8908333333333334,0.8478260869565217,law,race,26,proxy_soft,random,200.0,1.0,0.4164420485175202,0.1565700656305049,0.4164420485175202,0.2919310844632168,0.878304423356252,0.8947222222222222,0.8043478260869565,0.9680943571516248,0.55,law-race,False,0.10697109032292162,True,0.3094709581945986
0.3220495745467999,0.1242631940871921,0.3220495745467999,0.2462687470704323,0.8744887310463821,0.8919444444444444,0.8309178743961353,law,race,26,proxy_soft,random,400.0,0.3,0.4164420485175202,0.1565700656305049,0.4164420485175202,0.2919310844632168,0.878304423356252,0.8947222222222222,0.8043478260869565,0.9923766155986968,0.4875,law-race,False,0.09439247397072031,True,0.3220495745467999
0.3032609270123144,0.1094872367807969,0.3032609270123144,0.2213620175834592,0.8586109841922442,0.8819444444444444,0.8381642512077294,law,race,27,proxy_soft,random,25.0,1.0,0.4353892500396385,0.1578154689835672,0.4353892500396385,0.2898555236726355,0.8695744150438308,0.8880555555555556,0.7995169082125604,,0.9473684210526316,law-race,False,0.13212832302732413,False,0.4353892500396385
0.3283917340521115,0.1099401894606658,0.3283917340521115,0.2317398215363646,0.864198472622093,0.8869444444444444,0.8405797101449275,law,race,27,proxy_soft,random,50.0,1.0,0.4353892500396385,0.1578154689835672,0.4353892500396385,0.2898555236726355,0.8695744150438308,0.8880555555555556,0.7995169082125604,-0.5308513492497238,0.0714285714285714,law-race,False,0.10699751598752705,False,0.4353892500396385
0.3556894455895565,0.1112799940414638,0.3556894455895565,0.2358909431175269,0.8641284815636474,0.8847222222222222,0.8381642512077294,law,race,27,proxy_soft,random,100.0,1.0,0.4353892500396385,0.1578154689835672,0.4353892500396385,0.2898555236726355,0.8695744150438308,0.8880555555555556,0.7995169082125604,0.9019211855711083,0.5,law-race,False,0.07969980445008201,True,0.3556894455895565
0.3472596585804133,0.1082418334277346,0.3472596585804133,0.2358909431175269,0.866729946971943,0.8886111111111111,0.8429951690821256,law,race,27,proxy_soft,random,200.0,0.3,0.4353892500396385,0.1578154689835672,0.4353892500396385,0.2898555236726355,0.8695744150438308,0.8880555555555556,0.7995169082125604,0.9730182461171903,0.5,law-race,False,0.08812959145922522,True,0.3472596585804133
0.3577506474287829,0.1082418334277346,0.3577506474287829,0.237966503908108,0.8668809389182528,0.8886111111111111,0.8429951690821256,law,race,27,proxy_soft,random,400.0,0.3,0.4353892500396385,0.1578154689835672,0.4353892500396385,0.2898555236726355,0.8695744150438308,0.8880555555555556,0.7995169082125604,0.9999131842633604,0.4466230936819171,law-race,False,0.07763860261085564,True,0.3577506474287829
0.2843665768194071,0.168458557861024,0.2843665768194071,0.2628732333950813,0.8594611003066237,0.8830555555555556,0.7874396135265701,law,race,28,proxy_soft,random,25.0,30.0,0.3661804344379261,0.2000483265000701,0.3661804344379261,0.3043844492067034,0.8698300003696158,0.8847222222222222,0.7608695652173914,,0.2857142857142857,law-race,False,0.081813857618519,False,0.3661804344379261
0.1584747106389725,0.1240743916317208,0.1584747106389725,0.2047575312588102,0.8557610112056471,0.8830555555555556,0.8260869565217391,law,race,28,proxy_soft,random,50.0,1.0,0.3661804344379261,0.2000483265000701,0.3661804344379261,0.3043844492067034,0.8698300003696158,0.8847222222222222,0.7608695652173914,0.93010382413078,0.3487179487179487,law-race,False,0.20770572379895358,True,0.1584747106389725
0.2654458009618942,0.1515503453006376,0.2654458009618942,0.2504198686515947,0.8631973645614037,0.8869444444444444,0.8043478260869565,law,race,28,proxy_soft,random,100.0,0.3,0.3661804344379261,0.2000483265000701,0.3661804344379261,0.3043844492067034,0.8698300003696158,0.8847222222222222,0.7608695652173914,0.9974797871437434,0.5714285714285714,law-race,False,0.1007346334760319,True,0.2654458009618942
0.2990328206754399,0.1449266701655744,0.2990328206754399,0.2504198686515947,0.8647977219090102,0.8852777777777778,0.8091787439613527,law,race,28,proxy_soft,random,200.0,0.3,0.3661804344379261,0.2000483265000701,0.3661804344379261,0.3043844492067034,0.8698300003696158,0.8847222222222222,0.7608695652173914,0.9309794887694385,0.275599128540305,law-race,False,0.06714761376248618,True,0.2990328206754399
0.1752814333280481,0.1115441442658615,0.1752814333280481,0.1964552880964859,0.8566111273200266,0.8808333333333334,0.8357487922705314,law,race,28,proxy_soft,random,400.0,1.0,0.3661804344379261,0.2000483265000701,0.3661804344379261,0.3043844492067034,0.8698300003696158,0.8847222222222222,0.7608695652173914,0.9840352460178396,0.7185185185185186,law-race,False,0.19089900110987798,True,0.1752814333280481
0.3556365942603456,0.1426056124561121,0.3556365942603456,0.2649487941856624,0.8653230480555462,0.8902777777777777,0.8140096618357487,law,race,29,proxy_soft,random,25.0,1.0,0.3430844035727499,0.1817059081311501,0.3430844035727499,0.2877799628820545,0.8700061576403104,0.8863888888888889,0.7777777777777778,0.9837334700985304,0.5,law-race,True,-0.012552190687595721,True,0.3556365942603456
0.2864277786586333,0.1349062829646489,0.2864277786586333,0.2421176254892701,0.8671286600801672,0.8869444444444444,0.8188405797101449,law,race,29,proxy_soft,random,50.0,30.0,0.3430844035727499,0.1817059081311501,0.3430844035727499,0.2877799628820545,0.8700061576403104,0.8863888888888889,0.7777777777777778,-0.8824758092850257,0.4,law-race,False,0.056656624914116605,False,0.3430844035727499
0.2717615348026003,0.1390200979347783,0.2717615348026003,0.2400420646986891,0.8615388124011574,0.8847222222222222,0.8140096618357487,law,race,29,proxy_soft,random,100.0,3.0,0.3430844035727499,0.1817059081311501,0.3430844035727499,0.2877799628820545,0.8700061576403104,0.8863888888888889,0.7777777777777778,0.9737354960308676,0.3888888888888889,law-race,False,0.0713228687701496,True,0.2717615348026003
0.3283917340521115,0.1349062829646489,0.3283917340521115,0.2504198686515947,0.8664429049906769,0.8869444444444444,0.8188405797101449,law,race,29,proxy_soft,random,200.0,0.3,0.3430844035727499,0.1817059081311501,0.3430844035727499,0.2877799628820545,0.8700061576403104,0.8863888888888889,0.7777777777777778,0.961405100137248,0.5571428571428572,law-race,False,0.014692669520638413,True,0.3283917340521115
0.2486655039374241,0.1179036691765268,0.2486655039374241,0.2213620175834592,0.8615270161553519,0.8863888888888889,0.8333333333333334,law,race,29,proxy_soft,random,400.0,1.0,0.3430844035727499,0.1817059081311501,0.3430844035727499,0.2877799628820545,0.8700061576403104,0.8863888888888889,0.7777777777777778,0.9998833654304066,0.3123993558776168,law-race,False,0.09441889963532579,True,0.2486655039374241
0.0700329044661342,0.0700329044661342,0.0126647092237165,0.0621200177677383,0.6576012405214328,0.6486111111111111,0.6770833333333334,oulad,disability,0,proxy_soft,random,25.0,30.0,0.070476560189293,0.070476560189293,0.0252334130711319,0.0481235499319129,0.6547525334043768,0.6491666666666667,0.6770833333333334,-0.04294684698108849,0.7692307692307693,oulad-disability,False,0.00044365572315881174,False,0.070476560189293
0.0829959701271813,0.0829959701271813,0.0490747481858984,0.0831147195214763,0.6428819166438752,0.6436111111111111,0.6614583333333334,oulad,disability,0,proxy_soft,random,50.0,3.0,0.070476560189293,0.070476560189293,0.0252334130711319,0.0481235499319129,0.6547525334043768,0.6491666666666667,0.6770833333333334,0.5942261761491813,0.1333333333333334,oulad-disability,True,-0.01251940993788829,True,0.0829959701271813
0.0960745711328009,0.0960745711328009,0.0009600537630107,0.0726173686446073,0.6529893179682883,0.6458333333333334,0.6510416666666666,oulad,disability,0,proxy_soft,random,100.0,30.0,0.070476560189293,0.070476560189293,0.0252334130711319,0.0481235499319129,0.6547525334043768,0.6491666666666667,0.6770833333333334,-0.0067446541829923904,0.2016129032258064,oulad-disability,True,-0.0255980109435079,False,0.070476560189293
0.0786749482401656,0.0786749482401656,0.0184570335938812,0.0551217838498256,0.6525500197684191,0.6452777777777777,0.6666666666666666,oulad,disability,0,proxy_soft,random,200.0,30.0,0.070476560189293,0.070476560189293,0.0252334130711319,0.0481235499319129,0.6547525334043768,0.6491666666666667,0.6770833333333334,0.9601362328096033,0.0538461538461538,oulad-disability,False,-0.008198388050872599,True,0.0786749482401656
0.0421010795622597,0.0421010795622597,0.0403462593905259,0.0236297312192187,0.6427876800945482,0.6419444444444444,0.6979166666666666,oulad,disability,0,proxy_soft,random,400.0,1.0,0.070476560189293,0.070476560189293,0.0252334130711319,0.0481235499319129,0.6547525334043768,0.6491666666666667,0.6770833333333334,0.9973855248954662,0.292,oulad-disability,False,0.02837548062703331,True,0.0421010795622597
0.118584547028832,0.118584547028832,0.0193690846687414,0.0922248799190543,0.6352756808767825,0.6341666666666667,0.6217616580310881,oulad,disability,1,proxy_soft,random,25.0,30.0,0.1083667372691333,0.1083667372691333,0.0417783395870168,0.0957139146582103,0.6448775349986041,0.6425,0.6373056994818653,0.8733317121179379,0.3333333333333333,oulad-disability,True,-0.010217809759698701,True,0.118584547028832
0.0944532218412296,0.0944532218412296,0.0383541478322786,0.0852468104407426,0.6420422902457377,0.6391666666666667,0.6476683937823834,oulad,disability,1,proxy_soft,random,50.0,0.3,0.1083667372691333,0.1083667372691333,0.0417783395870168,0.0957139146582103,0.6448775349986041,0.6425,0.6373056994818653,,0.625,oulad-disability,False,0.0139135154279037,False,0.1083667372691333
0.0993356008913849,0.0993356008913849,0.0933012248685926,0.1099743749781935,0.6406574380979237,0.645,0.6476683937823834,oulad,disability,1,proxy_soft,random,100.0,30.0,0.1083667372691333,0.1083667372691333,0.0417783395870168,0.0957139146582103,0.6448775349986041,0.6425,0.6373056994818653,0.7184205066714293,0.5238095238095238,oulad-disability,False,0.009031136377748397,True,0.0993356008913849
0.1243546313608338,0.1243546313608338,0.0067843799252758,0.0922248799190543,0.6383964694595641,0.6413888888888889,0.6217616580310881,oulad,disability,1,proxy_soft,random,200.0,3.0,0.1083667372691333,0.1083667372691333,0.0417783395870168,0.0957139146582103,0.6448775349986041,0.6425,0.6373056994818653,0.0920462265133851,0.0288248337028824,oulad-disability,True,-0.015987894091700497,False,0.1083667372691333
0.1153234949830852,0.1153234949830852,0.0204091429120031,0.0922248799190543,0.6435419267619047,0.6441666666666667,0.6321243523316062,oulad,disability,1,proxy_soft,random,400.0,30.0,0.1083667372691333,0.1083667372691333,0.0417783395870168,0.0957139146582103,0.6448775349986041,0.6425,0.6373056994818653,-0.36499659232860643,0.1818181818181818,oulad-disability,False,-0.006956757713951892,False,0.1083667372691333
0.0921972049689441,0.0921972049689441,0.0413303144976119,0.0866138364804326,0.6464985099288478,0.6480555555555556,0.65625,oulad,disability,2,proxy_soft,random,25.0,30.0,0.0879917184265011,0.0879917184265011,0.0720040322258046,0.0971111873573016,0.6600356256669184,0.6569444444444444,0.6666666666666666,0.9882567236325421,0.5714285714285714,oulad-disability,False,-0.004205486542443002,True,0.0921972049689441
0.0984083850931677,0.0984083850931677,0.0739401406478763,0.1041094212752142,0.6613974500865134,0.6558333333333334,0.65625,oulad,disability,2,proxy_soft,random,50.0,30.0,0.0879917184265011,0.0879917184265011,0.0720040322258046,0.0971111873573016,0.6600356256669184,0.6569444444444444,0.6666666666666666,0.9293997829206252,0.6333333333333333,oulad-disability,True,-0.010416666666666602,True,0.0984083850931677
0.0854847871480803,0.0790030686187518,0.0854847871480803,0.0936120703983454,0.6423669812136251,0.6386111111111111,0.6614583333333334,oulad,disability,2,proxy_soft,random,100.0,30.0,0.0879917184265011,0.0879917184265011,0.0720040322258046,0.0971111873573016,0.6600356256669184,0.6569444444444444,0.6666666666666666,-0.4557554389160737,0.3461538461538461,oulad-disability,False,0.0025069312784207903,False,0.0879917184265011
0.0770158606921029,0.0770158606921029,0.0466906146744218,0.0796156025625199,0.6523645579880709,0.6502777777777777,0.671875,oulad,disability,2,proxy_soft,random,200.0,1.0,0.0879917184265011,0.0879917184265011,0.0720040322258046,0.0971111873573016,0.6600356256669184,0.6569444444444444,0.6666666666666666,0.8077889939099459,0.2406496062992126,oulad-disability,False,0.0109758577343982,True,0.0770158606921029
0.0787904835847382,0.0787904835847382,0.0612834318721848,0.0866138364804326,0.6510300125695968,0.6525,0.671875,oulad,disability,2,proxy_soft,random,400.0,3.0,0.0879917184265011,0.0879917184265011,0.0720040322258046,0.0971111873573016,0.6600356256669184,0.6569444444444444,0.6666666666666666,0.8923556736684072,0.2371252002746624,oulad-disability,False,0.009201234841762898,True,0.0787904835847382
0.093315587104407,0.093315587104407,0.0788524157352811,0.1041094212752142,0.6596997751076634,0.6636111111111112,0.6666666666666666,oulad,disability,3,proxy_soft,random,25.0,30.0,0.0970774179236911,0.0970774179236911,0.0768443032809838,0.1041094212752142,0.6592268209973202,0.6541666666666667,0.65625,,0.9090909090909092,oulad-disability,False,0.0037618308192840927,False,0.0970774179236911
0.1186146424199755,0.1179107512570245,0.1186146424199755,0.1324065857269074,0.6511313345737604,0.6516666666666666,0.6354166666666666,oulad,disability,3,proxy_soft,random,50.0,0.3,0.0970774179236911,0.0970774179236911,0.0768443032809838,0.1041094212752142,0.6592268209973202,0.6541666666666667,0.65625,0.999752036154697,0.78125,oulad-disability,True,-0.02153722449628441,True,0.1186146424199755
0.1035738001328074,0.0862170955338658,0.1035738001328074,0.1076085382341706,0.6569205054480063,0.6547222222222222,0.6666666666666666,oulad,disability,3,proxy_soft,random,100.0,0.3,0.0970774179236911,0.0970774179236911,0.0768443032809838,0.1041094212752142,0.6592268209973202,0.6541666666666667,0.65625,,0.5642857142857143,oulad-disability,False,-0.006496382209116303,False,0.0970774179236911
0.1079660460985815,0.0827833850931677,0.1079660460985815,0.1076085382341706,0.6547452708131694,0.6575,0.671875,oulad,disability,3,proxy_soft,random,200.0,30.0,0.0970774179236911,0.0970774179236911,0.0768443032809838,0.1041094212752142,0.6592268209973202,0.6541666666666667,0.65625,0.7686419888481646,0.2551724137931034,oulad-disability,True,-0.010888628174890405,True,0.1079660460985815
0.0845887369692702,0.0596162377994675,0.0845887369692702,0.0831147195214763,0.6452171054216483,0.6497222222222222,0.6875,oulad,disability,3,proxy_soft,random,400.0,30.0,0.0970774179236911,0.0970774179236911,0.0768443032809838,0.1041094212752142,0.6592268209973202,0.6541666666666667,0.65625,0.9793152133340145,0.243006993006993,oulad-disability,False,0.012488680954420892,True,0.0845887369692702
0.1064912377994675,0.1064912377994675,0.1025337418895457,0.1181058891110395,0.638100474583765,0.6447222222222222,0.640625,oulad,disability,4,proxy_soft,random,25.0,30.0,0.1219668301424879,0.0947436039633244,0.1219668301424879,0.1181058891110395,0.6448794834986843,0.6441666666666667,0.6510416666666666,,0.6,oulad-disability,False,0.0154755923430204,False,0.1219668301424879
0.1341035097965486,0.059500702454895,0.1341035097965486,0.1006103043162579,0.6389726940741507,0.6425,0.6822916666666666,oulad,disability,4,proxy_soft,random,50.0,30.0,0.1219668301424879,0.0947436039633244,0.1219668301424879,0.1181058891110395,0.6448794834986843,0.6441666666666667,0.6510416666666666,0.7319861564558332,0.6666666666666667,oulad-disability,True,-0.012136679654060692,True,0.1341035097965486
0.1287432096197386,0.1142459701271813,0.1287432096197386,0.1321023569468649,0.6395175655510854,0.6402777777777777,0.6302083333333334,oulad,disability,4,proxy_soft,random,100.0,0.3,0.1219668301424879,0.0947436039633244,0.1219668301424879,0.1181058891110395,0.6448794834986843,0.6441666666666667,0.6510416666666666,0.999936289670898,0.5919540229885057,oulad-disability,False,-0.006776379477250696,True,0.1287432096197386
0.1156384757546423,0.0651526915113871,0.1156384757546423,0.0971111873573016,0.6427559726841545,0.6425,0.6770833333333334,oulad,disability,4,proxy_soft,random,200.0,30.0,0.1219668301424879,0.0947436039633244,0.1219668301424879,0.1181058891110395,0.6448794834986843,0.6441666666666667,0.6510416666666666,0.798289107213904,0.3634285714285715,oulad-disability,False,0.006328354387845597,True,0.1156384757546423
0.0874928996023777,0.0695892487429754,0.0874928996023777,0.0901129534393889,0.6439757337342755,0.6480555555555556,0.6770833333333334,oulad,disability,4,proxy_soft,random,400.0,30.0,0.1219668301424879,0.0947436039633244,0.1219668301424879,0.1181058891110395,0.6448794834986843,0.6441666666666667,0.6510416666666666,-0.08349190036637925,0.2372954349698536,oulad-disability,False,0.03447393054011019,False,0.1219668301424879
0.2022105241370745,0.2022105241370745,0.0827246325794244,0.1724726789196398,0.6645828934446789,0.6613888888888889,0.5647668393782384,oulad,disability,5,proxy_soft,random,25.0,0.3,0.1900724192728635,0.1900724192728635,0.0754282239805429,0.1620055747021721,0.6679608840380291,0.6602777777777777,0.5751295336787565,,0.8518518518518519,oulad-disability,True,-0.012138104864210991,False,0.1900724192728635
0.1896285666319402,0.1896285666319402,0.0671637611706256,0.1585165399630163,0.667969386583833,0.6597222222222222,0.5751295336787565,oulad,disability,5,proxy_soft,random,50.0,30.0,0.1900724192728635,0.1900724192728635,0.0754282239805429,0.1620055747021721,0.6679608840380291,0.6602777777777777,0.5751295336787565,0.7135242446282506,0.3846153846153846,oulad-disability,False,0.000443852640923309,True,0.1896285666319402
0.193922208500353,0.193922208500353,0.0793004408246861,0.165494609441328,0.659876025796724,0.6580555555555555,0.5699481865284974,oulad,disability,5,proxy_soft,random,100.0,0.3,0.1900724192728635,0.1900724192728635,0.0754282239805429,0.1620055747021721,0.6679608840380291,0.6602777777777777,0.5751295336787565,0.8841293280641426,0.65625,oulad-disability,False,-0.003849789227489492,True,0.193922208500353
0.1848910721226045,0.1848910721226045,0.0652276527485539,0.1550275052238603,0.6681915155929604,0.6608333333333334,0.5803108808290155,oulad,disability,5,proxy_soft,random,200.0,30.0,0.1900724192728635,0.1900724192728635,0.0754282239805429,0.1620055747021721,0.6679608840380291,0.6602777777777777,0.5751295336787565,0.9066629555234074,0.1098039215686274,oulad-disability,False,0.0051813471502590025,True,0.1848910721226045
0.1653523569035183,0.1653523569035183,0.0618034609938156,0.1410713662672368,0.6616006255039529,0.6575,0.5958549222797928,oulad,disability,5,proxy_soft,random,400.0,30.0,0.1900724192728635,0.1900724192728635,0.0754282239805429,0.1620055747021721,0.6679608840380291,0.6602777777777777,0.5751295336787565,0.9178511802491813,0.3739316239316239,oulad-disability,False,0.024720062369345208,True,0.1653523569035183
0.0865968494235677,0.0841143522626441,0.0865968494235677,0.1006103043162579,0.6635135211734646,0.6591666666666667,0.671875,oulad,disability,6,proxy_soft,random,25.0,30.0,0.1080532756580893,0.1080532756580893,0.0836926867904603,0.1146067721520832,0.664701397676821,0.6608333333333334,0.6510416666666666,0.1622082453894114,0.6666666666666666,oulad-disability,False,0.021456426234521597,True,0.0865968494235677
0.1336512866015972,0.1336512866015972,0.0987335290776283,0.1356014739058212,0.657665541024075,0.6575,0.625,oulad,disability,6,proxy_soft,random,50.0,3.0,0.1080532756580893,0.1080532756580893,0.0836926867904603,0.1146067721520832,0.664701397676821,0.6608333333333334,0.6510416666666666,,0.6470588235294117,oulad-disability,True,-0.0255980109435079,False,0.1080532756580893
0.1144770408163264,0.1144770408163264,0.0851087660909011,0.1181058891110395,0.6550258548246988,0.6547222222222222,0.640625,oulad,disability,6,proxy_soft,random,100.0,1.0,0.1080532756580893,0.1080532756580893,0.0836926867904603,0.1146067721520832,0.664701397676821,0.6608333333333334,0.6510416666666666,0.4910037954135274,0.453125,oulad-disability,False,-0.006423765158237102,True,0.1144770408163264
0.1220191881100266,0.1220191881100266,0.0963493955661517,0.1286032399879086,0.6635376117199092,0.6641666666666667,0.640625,oulad,disability,6,proxy_soft,random,200.0,30.0,0.1080532756580893,0.1080532756580893,0.0836926867904603,0.1146067721520832,0.664701397676821,0.6608333333333334,0.6510416666666666,0.8082817377375976,0.484375,oulad-disability,True,-0.013965912451937304,True,0.1220191881100266
0.1210707799636779,0.0640527950310558,0.1210707799636779,0.1006103043162579,0.6582968550500162,0.6552777777777777,0.6875,oulad,disability,6,proxy_soft,random,400.0,30.0,0.1080532756580893,0.1080532756580893,0.0836926867904603,0.1146067721520832,0.664701397676821,0.6608333333333334,0.6510416666666666,0.8252679500678701,0.1513761467889908,oulad-disability,True,-0.01301750430558861,True,0.1210707799636779
0.0846792647224541,0.0846792647224541,0.0228652804557054,0.074779706223275,0.648769043931237,0.6480555555555556,0.6632124352331606,oulad,disability,7,proxy_soft,random,25.0,1.0,0.1012558959958972,0.1012558959958972,0.0481786980070884,0.0957139146582103,0.6580088313109083,0.6547222222222222,0.6528497409326425,0.5631757359021662,0.4,oulad-disability,False,0.016576631273443096,True,0.0846792647224541
0.100812043354974,0.100812043354974,0.0122166841343115,0.0817577757015867,0.6586103864265358,0.6541666666666667,0.6528497409326425,oulad,disability,7,proxy_soft,random,50.0,30.0,0.1012558959958972,0.1012558959958972,0.0481786980070884,0.0957139146582103,0.6580088313109083,0.6547222222222222,0.6528497409326425,0.9013772381851848,0.5833333333333333,oulad-disability,False,0.000443852640923198,True,0.100812043354974
0.0882300858498398,0.0882300858498398,0.0612834318721848,0.0922248799190543,0.6514788761334956,0.6525,0.6632124352331606,oulad,disability,7,proxy_soft,random,100.0,0.3,0.1012558959958972,0.1012558959958972,0.0481786980070884,0.0957139146582103,0.6580088313109083,0.6547222222222222,0.6528497409326425,0.37349620311030146,0.3428571428571429,oulad-disability,False,0.013025810146057401,True,0.0882300858498398
0.1086565063507724,0.1086565063507724,0.0350739641419919,0.0957139146582103,0.6578830644875586,0.6569444444444444,0.6476683937823834,oulad,disability,7,proxy_soft,random,200.0,30.0,0.1012558959958972,0.1012558959958972,0.0481786980070884,0.0957139146582103,0.6580088313109083,0.6547222222222222,0.6528497409326425,0.8263087293664666,0.1785714285714286,oulad-disability,False,-0.007400610354875201,True,0.1086565063507724
0.0735737496809091,0.0735737496809091,0.0102805757122398,0.0643126020058073,0.6510395779336263,0.6552777777777777,0.6787564766839378,oulad,disability,7,proxy_soft,random,400.0,30.0,0.1012558959958972,0.1012558959958972,0.0481786980070884,0.0957139146582103,0.6580088313109083,0.6547222222222222,0.6528497409326425,0.9538805503587853,0.2237394957983193,oulad-disability,False,0.027682146314988096,True,0.0735737496809091
0.1113902378533198,0.0836374758813235,0.1113902378533198,0.1096700536148338,0.6628813214656688,0.6608333333333334,0.6735751295336787,oulad,disability,8,proxy_soft,random,25.0,30.0,0.1157824838190939,0.0746063395035749,0.1157824838190939,0.1061810188756779,0.6660386001408589,0.6636111111111112,0.6839378238341969,-0.9391281643048531,0.3333333333333333,oulad-disability,False,0.004392245965774089,False,0.1157824838190939
0.1196547006632371,0.072830928939882,0.1196547006632371,0.1061810188756779,0.66653245634297,0.6613888888888889,0.6839378238341969,oulad,disability,8,proxy_soft,random,50.0,30.0,0.1157824838190939,0.0746063395035749,0.1157824838190939,0.1061810188756779,0.6660386001408589,0.6636111111111112,0.6839378238341969,-0.944331646432379,0.6923076923076923,oulad-disability,False,-0.0038722168441432114,False,0.1157824838190939
0.1079660460985815,0.0814182126767074,0.1079660460985815,0.1064853402390376,0.6568948206742236,0.6577777777777778,0.6735751295336787,oulad,disability,8,proxy_soft,random,100.0,30.0,0.1157824838190939,0.0746063395035749,0.1157824838190939,0.1061810188756779,0.6660386001408589,0.6636111111111112,0.6839378238341969,0.9156984186230293,0.1746031746031746,oulad-disability,False,0.007816437720512395,True,0.1079660460985815
0.0880129287240085,0.0549227397436693,0.0880129287240085,0.0817577757015867,0.6561402197341253,0.6530555555555555,0.694300518134715,oulad,disability,8,proxy_soft,random,200.0,10.0,0.1157824838190939,0.0746063395035749,0.1157824838190939,0.1061810188756779,0.6660386001408589,0.6636111111111112,0.6839378238341969,0.632659671684533,0.1910569105691056,oulad-disability,False,0.0277695550950854,True,0.0880129287240085
0.1011176625891049,0.0418969295976119,0.1011176625891049,0.0782687409624308,0.6572848749629785,0.6508333333333334,0.7046632124352331,oulad,disability,8,proxy_soft,random,400.0,10.0,0.1157824838190939,0.0746063395035749,0.1157824838190939,0.1061810188756779,0.6660386001408589,0.6636111111111112,0.6839378238341969,0.2035534278431161,0.1751094434021264,oulad-disability,False,0.014664821229988995,True,0.1011176625891049
0.0704439448609122,0.0590570467317361,0.0704439448609122,0.0761164856035636,0.6370904429968073,0.6419444444444444,0.6822916666666666,oulad,disability,9,proxy_soft,random,25.0,10.0,0.1122142839999039,0.0624907571724341,0.1122142839999039,0.0936120703983454,0.6406168738689844,0.6391666666666667,0.6770833333333334,-0.14144090574570434,0.4,oulad-disability,False,0.0417703391389917,False,0.1122142839999039
0.126807101197667,0.0699173691215616,0.126807101197667,0.1041094212752142,0.6370741464506832,0.6413888888888889,0.671875,oulad,disability,9,proxy_soft,random,50.0,30.0,0.1122142839999039,0.0624907571724341,0.1122142839999039,0.0936120703983454,0.6406168738689844,0.6391666666666667,0.6770833333333334,0.9977367987567608,0.6,oulad-disability,True,-0.014592817197763105,True,0.126807101197667
0.0864296805678793,0.0864296805678793,0.081612570303937,0.0971111873573016,0.6384692725080101,0.6408333333333334,0.65625,oulad,disability,9,proxy_soft,random,100.0,30.0,0.1122142839999039,0.0624907571724341,0.1122142839999039,0.0936120703983454,0.6406168738689844,0.6391666666666667,0.6770833333333334,0.8792902292529742,0.3333333333333333,oulad-disability,False,0.0257846034320246,True,0.0864296805678793
0.1141503924219756,0.0629344128955929,0.1141503924219756,0.0945247567384731,0.6333043302048689,0.6388888888888888,0.6770833333333334,oulad,disability,9,proxy_soft,random,200.0,30.0,0.1122142839999039,0.0624907571724341,0.1122142839999039,0.0936120703983454,0.6406168738689844,0.6391666666666667,0.6770833333333334,-0.7647559759393369,0.1448888888888888,oulad-disability,False,-0.0019361084220717029,False,0.1122142839999039
0.1029817669789507,0.056838768115942,0.1029817669789507,0.0866138364804326,0.6303358789010743,0.6391666666666667,0.6822916666666666,oulad,disability,9,proxy_soft,random,400.0,3.0,0.1122142839999039,0.0624907571724341,0.1122142839999039,0.0936120703983454,0.6406168738689844,0.6391666666666667,0.6770833333333334,0.8916571065619955,0.2459183673469387,oulad-disability,False,0.009232517020953193,True,0.1029817669789507
0.0812733281358878,0.0812733281358878,0.0457225604633859,0.0817577757015867,0.6481890994528612,0.6508333333333334,0.6683937823834197,oulad,disability,10,proxy_soft,random,25.0,30.0,0.0826048860586574,0.0826048860586574,0.0520509148512317,0.0852468104407426,0.651115392300378,0.6525,0.6683937823834197,,0.9444444444444444,oulad-disability,False,0.001331557922769594,False,0.0826048860586574
0.0868985279270702,0.0868985279270702,0.0549550774843391,0.0887358451798985,0.6476676099768872,0.6508333333333334,0.6632124352331606,oulad,disability,10,proxy_soft,random,50.0,30.0,0.0826048860586574,0.0826048860586574,0.0520509148512317,0.0852468104407426,0.651115392300378,0.6525,0.6683937823834197,-0.9355197419874381,0.2941176470588235,oulad-disability,False,-0.004293641868412801,False,0.0826048860586574
0.1123614110374422,0.1123614110374422,0.0699959197715072,0.1096700536148338,0.6471379722278512,0.6475,0.6373056994818653,oulad,disability,10,proxy_soft,random,100.0,30.0,0.0826048860586574,0.0826048860586574,0.0520509148512317,0.0852468104407426,0.651115392300378,0.6525,0.6683937823834197,-0.8128392578963641,0.3548387096774194,oulad-disability,True,-0.029756524978784796,False,0.0826048860586574
0.0636675653836614,0.0322770560381208,0.0636675653836614,0.0573345325274955,0.6329766279186759,0.6458333333333334,0.7098445595854922,oulad,disability,10,proxy_soft,random,200.0,30.0,0.0826048860586574,0.0826048860586574,0.0520509148512317,0.0852468104407426,0.651115392300378,0.6525,0.6683937823834197,-0.012390176860129892,0.0772727272727272,oulad-disability,False,0.018937320674995997,False,0.0826048860586574
0.0439713082614084,0.0439713082614084,0.035001960109766,0.0538454977883396,0.6426054067688767,0.6463888888888889,0.6994818652849741,oulad,disability,10,proxy_soft,random,400.0,30.0,0.0826048860586574,0.0826048860586574,0.0520509148512317,0.0852468104407426,0.651115392300378,0.6525,0.6683937823834197,0.849202736840809,0.2526525198938991,oulad-disability,False,0.038633577797249,True,0.0439713082614084
0.0903044645136363,0.0903044645136363,0.004832270607154,0.0678016367449632,0.6506943391467128,0.6480555555555556,0.6580310880829016,oulad,disability,11,proxy_soft,random,25.0,1.0,0.0842354120815308,0.0842354120815308,0.060763402750554,0.0887358451798985,0.6554242345228867,0.6475,0.6632124352331606,0.9457479891704974,0.6666666666666666,oulad-disability,False,-0.006069052432105496,True,0.0903044645136363
0.1154683795239047,0.1154683795239047,0.0632195402942565,0.1096700536148338,0.6519187057424778,0.6513888888888889,0.6373056994818653,oulad,disability,11,proxy_soft,random,50.0,30.0,0.0842354120815308,0.0842354120815308,0.060763402750554,0.0887358451798985,0.6554242345228867,0.6475,0.6632124352331606,0.9709421365879802,0.2777777777777778,oulad-disability,True,-0.031232967442373888,True,0.1154683795239047
0.1076239165281065,0.1076239165281065,0.0495947773075292,0.0992029493973661,0.6540422165570074,0.6486111111111111,0.6424870466321243,oulad,disability,11,proxy_soft,random,100.0,30.0,0.0842354120815308,0.0842354120815308,0.060763402750554,0.0887358451798985,0.6554242345228867,0.6475,0.6632124352331606,-0.25296536323395435,0.2795698924731183,oulad-disability,True,-0.023388504446575697,False,0.0842354120815308
0.0885290539499434,0.0885290539499434,0.0544350483627082,0.0887358451798985,0.6548811344096612,0.6458333333333334,0.6580310880829016,oulad,disability,11,proxy_soft,random,200.0,30.0,0.0842354120815308,0.0842354120815308,0.060763402750554,0.0887358451798985,0.6554242345228867,0.6475,0.6632124352331606,0.9175105427016904,0.4576271186440678,oulad-disability,False,-0.004293641868412593,True,0.0885290539499434
0.1009661269142583,0.1009661269142583,0.0641155904730664,0.0992029493973661,0.6440747529656171,0.6402777777777777,0.6424870466321243,oulad,disability,11,proxy_soft,random,400.0,1.0,0.0842354120815308,0.0842354120815308,0.060763402750554,0.0887358451798985,0.6554242345228867,0.6475,0.6632124352331606,0.9986141285396223,0.1958333333333334,oulad-disability,True,-0.016730714832727492,True,0.1009661269142583
0.1439280599713583,0.1151694114238011,0.1439280599713583,0.1410713662672368,0.6613898332225641,0.6580555555555555,0.6424870466321243,oulad,disability,12,proxy_soft,random,25.0,30.0,0.1575528229580856,0.094887875463688,0.1575528229580856,0.134093296788925,0.6663911015189798,0.6608333333333334,0.6632124352331606,-0.34990994313225643,0.8666666666666667,oulad-disability,False,0.013624762986727296,False,0.1575528229580856
0.1463841975150608,0.1018446331776399,0.1463841975150608,0.1343976181522848,0.6664290087023557,0.6622222222222223,0.6580310880829016,oulad,disability,12,proxy_soft,random,50.0,30.0,0.1575528229580856,0.094887875463688,0.1575528229580856,0.134093296788925,0.6663911015189798,0.6608333333333334,0.6632124352331606,0.7966073113967611,0.5333333333333333,oulad-disability,False,0.011168625443024799,True,0.1463841975150608
0.1594889313801573,0.1108757695553884,0.1594889313801573,0.1445604010063926,0.6626428959104171,0.6597222222222222,0.6476683937823834,oulad,disability,12,proxy_soft,random,100.0,30.0,0.1575528229580856,0.094887875463688,0.1575528229580856,0.134093296788925,0.6663911015189798,0.6608333333333334,0.6632124352331606,0.9981826033512051,0.6,oulad-disability,False,-0.0019361084220717029,True,0.1594889313801573
0.1454161433040249,0.0905942335952753,0.1454161433040249,0.1271152273106133,0.6672257680987316,0.6625,0.6683937823834197,oulad,disability,12,proxy_soft,random,200.0,30.0,0.1575528229580856,0.094887875463688,0.1575528229580856,0.134093296788925,0.6663911015189798,0.6608333333333334,0.6632124352331606,0.06976927561662274,0.2244791666666666,oulad-disability,False,0.012136679654060706,True,0.1454161433040249
0.1492883601481682,0.0944440228227647,0.1492883601481682,0.1306042620497691,0.6668286283551401,0.6602777777777777,0.6632124352331606,oulad,disability,12,proxy_soft,random,400.0,30.0,0.1575528229580856,0.094887875463688,0.1575528229580856,0.134093296788925,0.6663911015189798,0.6608333333333334,0.6632124352331606,-0.7048624578685615,0.058050383351588,oulad-disability,False,0.008264462809917383,False,0.1575528229580856
0.0885329578456393,0.0719230627033422,0.0885329578456393,0.0936120703983454,0.6535187785809534,0.6580555555555555,0.6822916666666666,oulad,disability,13,proxy_soft,random,25.0,30.0,0.1177185922411654,0.0754723084886128,0.1177185922411654,0.1076085382341706,0.6561531506892021,0.6625,0.6822916666666666,0.8090922114869558,0.3333333333333333,oulad-disability,False,0.0291856343955261,True,0.0885329578456393
0.1211427839959037,0.0894382209405501,0.1211427839959037,0.1181058891110395,0.6570097821789473,0.6658333333333334,0.671875,oulad,disability,13,proxy_soft,random,50.0,30.0,0.1177185922411654,0.0754723084886128,0.1177185922411654,0.1076085382341706,0.6561531506892021,0.6625,0.6822916666666666,-0.5295689555691045,0.3,oulad-disability,False,-0.0034241917547382927,False,0.1177185922411654
0.0948613122334851,0.0562980627033422,0.0948613122334851,0.0866138364804326,0.6547328712672054,0.6597222222222222,0.6979166666666666,oulad,disability,13,proxy_soft,random,100.0,30.0,0.1177185922411654,0.0754723084886128,0.1177185922411654,0.1076085382341706,0.6561531506892021,0.6625,0.6822916666666666,,0.2419354838709677,oulad-disability,False,0.02285728000768031,False,0.1177185922411654
0.0895010120566752,0.0658274179236911,0.0895010120566752,0.0901129534393889,0.6534171023040483,0.6575,0.6875,oulad,disability,13,proxy_soft,random,200.0,30.0,0.1177185922411654,0.0754723084886128,0.1177185922411654,0.1076085382341706,0.6561531506892021,0.6625,0.6822916666666666,0.9625875010541306,0.1059999999999999,oulad-disability,False,0.028217580184490207,True,0.0895010120566752
0.114814429608058,0.0654992975451049,0.114814429608058,0.1006103043162579,0.6574030249223788,0.6641666666666667,0.6927083333333334,oulad,disability,13,proxy_soft,random,400.0,30.0,0.1177185922411654,0.0754723084886128,0.1177185922411654,0.1076085382341706,0.6561531506892021,0.6625,0.6822916666666666,0.6318560863144369,0.0728744939271255,oulad-disability,False,0.0029041626331074016,True,0.114814429608058
0.0982938120502542,0.0982938120502542,0.0885329578456393,0.1096700536148338,0.6577096479804327,0.6580555555555555,0.6580310880829016,oulad,disability,14,proxy_soft,random,25.0,30.0,0.125463025929452,0.1151694114238011,0.125463025929452,0.134093296788925,0.659089894582603,0.6580555555555555,0.6424870466321243,,0.375,oulad-disability,False,0.027169213879197796,False,0.125463025929452
0.1074698329688222,0.1074698329688222,0.0900210411783059,0.1166481230931456,0.6612927624913026,0.6625,0.6528497409326425,oulad,disability,14,proxy_soft,random,50.0,0.3,0.125463025929452,0.1151694114238011,0.125463025929452,0.134093296788925,0.659089894582603,0.6580555555555555,0.6424870466321243,0.8826335013427332,0.5333333333333333,oulad-disability,False,0.01799319296062979,True,0.1074698329688222
0.0760919809856288,0.0760919809856288,0.0632195402942565,0.0852468104407426,0.6453384438357251,0.6513888888888889,0.6735751295336787,oulad,disability,14,proxy_soft,random,100.0,10.0,0.125463025929452,0.1151694114238011,0.125463025929452,0.134093296788925,0.659089894582603,0.6580555555555555,0.6424870466321243,0.5539403489789514,0.6542288557213931,oulad-disability,False,0.04937104494382319,True,0.0760919809856288
0.0823059179585539,0.0823059179585539,0.0773643324026145,0.0957139146582103,0.6511942179854352,0.6591666666666667,0.6735751295336787,oulad,disability,14,proxy_soft,random,200.0,30.0,0.125463025929452,0.1151694114238011,0.125463025929452,0.134093296788925,0.659089894582603,0.6580555555555555,0.6424870466321243,0.6794768793261401,0.5436507936507936,oulad-disability,False,0.0431571079708981,True,0.0823059179585539
0.0956306962047149,0.0956306962047149,0.0851087660909011,0.1061810188756779,0.6574078076043935,0.6547222222222222,0.6580310880829016,oulad,disability,14,proxy_soft,random,400.0,1.0,0.125463025929452,0.1151694114238011,0.125463025929452,0.134093296788925,0.659089894582603,0.6580555555555555,0.6424870466321243,0.9937874268781971,0.231951871657754,oulad-disability,False,0.029832329724737094,True,0.0956306962047149
0.1475016637089619,0.1475016637089619,0.05011480642916,0.1251041230289522,0.6604311711831716,0.6536111111111111,0.609375,oulad,disability,15,proxy_soft,random,25.0,0.3,0.1449552647145814,0.1449552647145814,0.0618034609938156,0.1286032399879086,0.6659762481382968,0.6575,0.6145833333333334,0.9942188744616614,0.8666666666666667,oulad-disability,False,-0.0025463989943805,True,0.1475016637089619
0.1471735433303755,0.1471735433303755,0.0477306729176834,0.1251041230289522,0.6647387734510842,0.6602777777777777,0.6145833333333334,oulad,disability,15,proxy_soft,random,50.0,10.0,0.1449552647145814,0.1449552647145814,0.0618034609938156,0.1286032399879086,0.6659762481382968,0.6575,0.6145833333333334,0.9947830246256718,0.4545454545454545,oulad-disability,False,-0.0022182786157941004,True,0.1471735433303755
0.1166953194321206,0.1166953194321206,0.0895010120566752,0.121605006069996,0.6596117383313187,0.6575,0.640625,oulad,disability,15,proxy_soft,random,100.0,1.0,0.1449552647145814,0.1449552647145814,0.0618034609938156,0.1286032399879086,0.6659762481382968,0.6575,0.6145833333333334,0.6671103803273888,0.2736418511066398,oulad-disability,False,0.0282599452824608,True,0.1166953194321206
0.1462862318840579,0.1462862318840579,0.0783323866136503,0.1359057026858638,0.6648627689107246,0.6588888888888889,0.6145833333333334,oulad,disability,15,proxy_soft,random,200.0,30.0,0.1449552647145814,0.1449552647145814,0.0618034609938156,0.1286032399879086,0.6659762481382968,0.6575,0.6145833333333334,-0.04110441973539893,0.1169590643274854,oulad-disability,False,-0.0013309671694765046,False,0.1449552647145814
0.1271119860987872,0.1271119860987872,0.0822046034577936,0.1251041230289522,0.6635725075849794,0.6563888888888889,0.6302083333333334,oulad,disability,15,proxy_soft,random,400.0,30.0,0.1449552647145814,0.1449552647145814,0.0618034609938156,0.1286032399879086,0.6659762481382968,0.6575,0.6145833333333334,-0.7265600334124842,0.0394736842105263,oulad-disability,False,0.017843278615794184,False,0.1449552647145814
0.1120624429373385,0.1120624429373385,0.0583792692390773,0.1061810188756779,0.654973245322537,0.6541666666666667,0.6424870466321243,oulad,disability,16,proxy_soft,random,25.0,30.0,0.1102870323736457,0.1102870323736457,0.0023761330634515,0.0817577757015867,0.6537371877262917,0.6519444444444444,0.6424870466321243,,0.7142857142857143,oulad-disability,False,-0.001775410563692792,False,0.1102870323736457
0.1193181687513942,0.1193181687513942,0.030161689054587,0.0992029493973661,0.6492744139974578,0.6491666666666667,0.6321243523316062,oulad,disability,16,proxy_soft,random,50.0,30.0,0.1102870323736457,0.1102870323736457,0.0023761330634515,0.0817577757015867,0.6537371877262917,0.6519444444444444,0.6424870466321243,0.9825924066410192,0.4375,oulad-disability,False,-0.009031136377748494,True,0.1193181687513942
0.1370814734067875,0.1370814734067875,0.0559231316953748,0.1201371578323015,0.6501746210344481,0.6502777777777777,0.616580310880829,oulad,disability,16,proxy_soft,random,100.0,10.0,0.1102870323736457,0.1102870323736457,0.0023761330634515,0.0817577757015867,0.6537371877262917,0.6519444444444444,0.6424870466321243,0.6217524809273146,0.2456140350877192,oulad-disability,True,-0.026794441033141797,True,0.1370814734067875
0.098592780150358,0.098592780150358,0.0078244381685375,0.0782687409624308,0.6540124576466937,0.6513888888888889,0.6528497409326425,oulad,disability,16,proxy_soft,random,200.0,30.0,0.1102870323736457,0.1102870323736457,0.0023761330634515,0.0817577757015867,0.6537371877262917,0.6519444444444444,0.6424870466321243,0.09741847830400863,0.1806666666666666,oulad-disability,False,0.01169425222328771,True,0.098592780150358
0.1080677691690297,0.1080677691690297,0.0160008960501788,0.074779706223275,0.6530041974234453,0.6491666666666667,0.6424870466321243,oulad,disability,16,proxy_soft,random,400.0,30.0,0.1102870323736457,0.1102870323736457,0.0023761330634515,0.0817577757015867,0.6537371877262917,0.6519444444444444,0.6424870466321243,-0.6371719576960413,0.3406593406593407,oulad-disability,False,0.002219263204616004,False,0.1102870323736457
0.1350070947429908,0.1350070947429908,0.029713663965182,0.1096700536148338,0.6596081956039004,0.6547222222222222,0.6217616580310881,oulad,disability,17,proxy_soft,random,25.0,30.0,0.107025980327899,0.107025980327899,0.0171289592217164,0.0887358451798985,0.6604495933657469,0.6619444444444444,0.6528497409326425,,0.1578947368421053,oulad-disability,True,-0.027981114415091796,False,0.107025980327899
0.0940001701818415,0.0940001701818415,0.0025361420239533,0.074779706223275,0.6577436581636485,0.6597222222222222,0.6632124352331606,oulad,disability,17,proxy_soft,random,50.0,10.0,0.107025980327899,0.107025980327899,0.0171289592217164,0.0887358451798985,0.6604495933657469,0.6619444444444444,0.6528497409326425,-0.5893993188712395,0.5384615384615384,oulad-disability,False,0.013025810146057512,False,0.107025980327899
0.0969622541274846,0.0969622541274846,0.056283151856504,0.0538454977883396,0.653882439550442,0.6563888888888889,0.6580310880829016,oulad,disability,17,proxy_soft,random,100.0,30.0,0.107025980327899,0.107025980327899,0.0171289592217164,0.0887358451798985,0.6604495933657469,0.6619444444444444,0.6528497409326425,0.9815972219118846,0.2692307692307693,oulad-disability,False,0.010063726200414402,True,0.0969622541274846
0.0787550968311682,0.0787550968311682,0.0020161129023225,0.0643126020058073,0.6563173561050404,0.6547222222222222,0.6735751295336787,oulad,disability,17,proxy_soft,random,200.0,3.0,0.107025980327899,0.107025980327899,0.0171289592217164,0.0887358451798985,0.6604495933657469,0.6619444444444444,0.6528497409326425,0.7153196652026084,0.2857142857142857,oulad-disability,False,0.028270883496730806,True,0.0787550968311682
0.097849959409331,0.097849959409331,0.0028241581528565,0.074779706223275,0.6514276837223012,0.6575,0.6580310880829016,oulad,disability,17,proxy_soft,random,400.0,30.0,0.107025980327899,0.107025980327899,0.0171289592217164,0.0887358451798985,0.6604495933657469,0.6619444444444444,0.6528497409326425,0.9997726513591936,0.087920489296636,oulad-disability,False,0.009176020918568006,True,0.097849959409331
0.0944154835847382,0.0944154835847382,0.0466906146744218,0.0904171822194316,0.6570728427269932,0.6505555555555556,0.65625,oulad,disability,18,proxy_soft,random,25.0,30.0,0.0805651064773735,0.0805651064773735,0.0666437320489947,0.0901129534393889,0.658904078529513,0.6547222222222222,0.671875,0.7668038584077853,0.7857142857142857,oulad-disability,True,-0.013850377107364698,True,0.0944154835847382
0.0884353741496598,0.0884353741496598,0.0802684950357219,0.1006103043162579,0.6566144137990649,0.6575,0.6666666666666666,oulad,disability,18,proxy_soft,random,50.0,10.0,0.0805651064773735,0.0805651064773735,0.0666437320489947,0.0901129534393889,0.658904078529513,0.6547222222222222,0.671875,0.9999944541936423,0.4375,oulad-disability,False,-0.007870267672286296,True,0.0884353741496598
0.0874928996023777,0.0752412377994675,0.0874928996023777,0.0936120703983454,0.6461594709149164,0.6480555555555556,0.671875,oulad,disability,18,proxy_soft,random,100.0,30.0,0.0805651064773735,0.0805651064773735,0.0666437320489947,0.0901129534393889,0.658904078529513,0.6547222222222222,0.671875,0.980953626897439,0.65,oulad-disability,False,-0.006927793125004203,True,0.0874928996023777
0.0896508059745636,0.0896508059745636,0.0622514860832206,0.0936120703983454,0.649564031963904,0.6519444444444444,0.6614583333333334,oulad,disability,18,proxy_soft,random,200.0,30.0,0.0805651064773735,0.0805651064773735,0.0666437320489947,0.0901129534393889,0.658904078529513,0.6547222222222222,0.671875,0.6141925301680942,0.548148148148148,oulad-disability,False,-0.009085699497190097,True,0.0896508059745636
0.070476560189293,0.070476560189293,0.050562831518565,0.0767249431636487,0.6541674519712445,0.6486111111111111,0.6770833333333334,oulad,disability,18,proxy_soft,random,400.0,10.0,0.0805651064773735,0.0805651064773735,0.0666437320489947,0.0901129534393889,0.658904078529513,0.6547222222222222,0.671875,0.8155927091599171,0.0840336134453781,oulad-disability,False,0.010088546288080494,True,0.070476560189293
0.1212384638559065,0.1212384638559065,0.1162305089084988,0.1343976181522848,0.6605712860525657,0.6583333333333333,0.6373056994818653,oulad,disability,19,proxy_soft,random,25.0,1.0,0.1200517904739565,0.1200517904739565,0.0963493955661517,0.1271152273106133,0.6665910884817429,0.6641666666666667,0.6424870466321243,,0.2941176470588235,oulad-disability,False,-0.0011866733819499986,False,0.1200517904739565
0.1354509473839141,0.1354509473839141,0.1210707799636779,0.1445604010063926,0.6602290585839578,0.6552777777777777,0.6217616580310881,oulad,disability,19,proxy_soft,random,50.0,30.0,0.1200517904739565,0.1200517904739565,0.0963493955661517,0.1271152273106133,0.6665910884817429,0.6641666666666667,0.6424870466321243,-0.5212483653023853,0.2962962962962963,oulad-disability,True,-0.015399156909957606,False,0.1200517904739565
0.1201027257526421,0.1133940008601083,0.1201027257526421,0.1306042620497691,0.6602248073110557,0.6558333333333334,0.6424870466321243,oulad,disability,19,proxy_soft,random,100.0,30.0,0.1200517904739565,0.1200517904739565,0.0963493955661517,0.1271152273106133,0.6665910884817429,0.6641666666666667,0.6424870466321243,0.7557285868846133,0.25,oulad-disability,False,-5.0935278685590446e-05,True,0.1201027257526421
0.1264198110061656,0.1264198110061656,0.0885329578456393,0.1271152273106133,0.6620911161150167,0.6580555555555555,0.6321243523316062,oulad,disability,19,proxy_soft,random,200.0,1.0,0.1200517904739565,0.1200517904739565,0.0963493955661517,0.1271152273106133,0.6665910884817429,0.6641666666666667,0.6424870466321243,0.9994098463673681,0.3555555555555556,oulad-disability,False,-0.006368020532209084,True,0.1264198110061656
0.0960745488456381,0.0960745488456381,0.0933732289008185,0.1096700536148338,0.6609050109753695,0.6552777777777777,0.6580310880829016,oulad,disability,19,proxy_soft,random,400.0,1.0,0.1200517904739565,0.1200517904739565,0.0963493955661517,0.1271152273106133,0.6665910884817429,0.6641666666666667,0.6424870466321243,0.9988516917271876,0.0978354978354978,oulad-disability,False,0.023977241628318408,True,0.0960745488456381
0.0965184014865613,0.0965184014865613,0.0739401406478763,0.102691984136522,0.6624165156283878,0.6558333333333334,0.6580310880829016,oulad,disability,20,proxy_soft,random,25.0,30.0,0.097849959409331,0.097849959409331,0.0618034609938156,0.0992029493973661,0.6653162380202673,0.6575,0.6580310880829016,-0.6028853457296527,0.25,oulad-disability,False,0.001331557922769705,False,0.097849959409331
0.0982134999559975,0.0601040868939284,0.0982134999559975,0.0887358451798985,0.663831835231999,0.6525,0.689119170984456,oulad,disability,20,proxy_soft,random,50.0,30.0,0.097849959409331,0.097849959409331,0.0618034609938156,0.0992029493973661,0.6653162380202673,0.6575,0.6580310880829016,,0.4210526315789473,oulad-disability,False,-0.00036354054666649926,False,0.097849959409331
0.0960745488456381,0.0960745488456381,0.0841407118798652,0.1061810188756779,0.6646959064493226,0.6552777777777777,0.6580310880829016,oulad,disability,20,proxy_soft,random,100.0,30.0,0.097849959409331,0.097849959409331,0.0618034609938156,0.0992029493973661,0.6653162380202673,0.6575,0.6580310880829016,0.9600804011077798,0.2816901408450704,oulad-disability,False,0.001775410563692903,True,0.0960745488456381
0.0768443032809838,0.0670608446078803,0.0768443032809838,0.0852468104407426,0.665608867305019,0.6541666666666667,0.6839378238341969,oulad,disability,20,proxy_soft,random,200.0,30.0,0.097849959409331,0.097849959409331,0.0618034609938156,0.0992029493973661,0.6653162380202673,0.6575,0.6580310880829016,-0.6257588001510809,0.1178571428571428,oulad-disability,False,0.021005656128347205,False,0.097849959409331
0.0931124648999951,0.0931124648999951,0.0690998695926972,0.0992029493973661,0.6638747022337604,0.6586111111111111,0.6632124352331606,oulad,disability,20,proxy_soft,random,400.0,30.0,0.097849959409331,0.097849959409331,0.0618034609938156,0.0992029493973661,0.6653162380202673,0.6575,0.6580310880829016,-0.7786976880865548,0.0859465737514517,oulad-disability,False,0.004737494509335902,False,0.097849959409331
0.133974504920325,0.133974504920325,0.0719320281935788,0.1236261925714573,0.6454252406574735,0.6463888888888889,0.616580310880829,oulad,disability,21,proxy_soft,random,25.0,30.0,0.1305685683337588,0.1305685683337588,0.0772923283703887,0.1239305139348171,0.6469199173552548,0.6488888888888888,0.6217616580310881,,0.2857142857142857,oulad-disability,False,-0.0034059365865662106,False,0.1305685683337588
0.1360396182186202,0.1131042317784691,0.1360396182186202,0.134093296788925,0.6362555992806846,0.6413888888888889,0.6321243523316062,oulad,disability,21,proxy_soft,random,50.0,30.0,0.1305685683337588,0.1305685683337588,0.0772923283703887,0.1239305139348171,0.6469199173552548,0.6488888888888888,0.6217616580310881,0.18731026873496728,0.3333333333333333,oulad-disability,False,-0.005471049884861412,True,0.1360396182186202
0.1231679579788836,0.1231679579788836,0.035001960109766,0.1029963054998818,0.6427604010934274,0.6466666666666666,0.6269430051813472,oulad,disability,21,proxy_soft,random,100.0,30.0,0.1305685683337588,0.1305685683337588,0.0772923283703887,0.1239305139348171,0.6469199173552548,0.6488888888888888,0.6217616580310881,-0.08772578735658965,0.2678571428571429,oulad-disability,False,0.007400610354875201,False,0.1305685683337588
0.1560314514441309,0.1560314514441309,0.1375277015512869,0.1620055747021721,0.6455988343009702,0.6458333333333334,0.5958549222797928,oulad,disability,21,proxy_soft,random,200.0,30.0,0.1305685683337588,0.1305685683337588,0.0772923283703887,0.1239305139348171,0.6469199173552548,0.6488888888888888,0.6217616580310881,0.6666160983375509,0.1972789115646258,oulad-disability,True,-0.025462883110372092,True,0.1560314514441309
0.1317552417157089,0.1317552417157089,0.1229348843535237,0.1410713662672368,0.6408395342872244,0.6436111111111111,0.616580310880829,oulad,disability,21,proxy_soft,random,400.0,10.0,0.1305685683337588,0.1305685683337588,0.0772923283703887,0.1239305139348171,0.6469199173552548,0.6488888888888888,0.6217616580310881,0.9584681382744752,0.175595238095238,oulad-disability,False,-0.0011866733819501096,True,0.1317552417157089
0.1098301504884273,0.0829038541587612,0.1098301504884273,0.1061810188756779,0.6487493817940655,0.6458333333333334,0.6632124352331606,oulad,disability,22,proxy_soft,random,25.0,30.0,0.1103501796100581,0.0868985279270702,0.1103501796100581,0.1096700536148338,0.6520845053856542,0.6508333333333334,0.6632124352331606,0.9940384228102144,0.7142857142857143,oulad-disability,False,0.000520029121630794,True,0.1098301504884273
0.0894290080244494,0.0612907602758785,0.0894290080244494,0.0852468104407426,0.6483054780485524,0.6469444444444444,0.6839378238341969,oulad,disability,22,proxy_soft,random,50.0,30.0,0.1103501796100581,0.0868985279270702,0.1103501796100581,0.1096700536148338,0.6520845053856542,0.6508333333333334,0.6632124352331606,0.15032794016994672,0.5227272727272727,oulad-disability,False,0.02092117158560869,True,0.0894290080244494
0.0837915594406076,0.0837915594406076,0.0524989399406367,0.0852468104407426,0.6469333797194443,0.6469444444444444,0.6632124352331606,oulad,disability,22,proxy_soft,random,100.0,30.0,0.1103501796100581,0.0868985279270702,0.1103501796100581,0.1096700536148338,0.6520845053856542,0.6508333333333334,0.6632124352331606,0.23184737900794283,0.3517241379310344,oulad-disability,False,0.0265586201694505,True,0.0837915594406076
0.105509908554879,0.0891177911316862,0.105509908554879,0.1096700536148338,0.6492712255427813,0.6536111111111111,0.6632124352331606,oulad,disability,22,proxy_soft,random,200.0,30.0,0.1103501796100581,0.0868985279270702,0.1103501796100581,0.1096700536148338,0.6520845053856542,0.6508333333333334,0.6632124352331606,-0.9757624443462083,0.1076923076923077,oulad-disability,False,0.004840271055179091,False,0.1103501796100581
0.0962053875017001,0.0694341913717806,0.0962053875017001,0.0922248799190543,0.6382512176354136,0.6430555555555556,0.6735751295336787,oulad,disability,22,proxy_soft,random,400.0,10.0,0.1103501796100581,0.0868985279270702,0.1103501796100581,0.1096700536148338,0.6520845053856542,0.6508333333333334,0.6632124352331606,0.9764953542422131,0.1866108786610879,oulad-disability,False,0.014144792108357992,True,0.0962053875017001
0.1016997486368204,0.1016997486368204,0.0266494923715727,0.0678016367449632,0.651273752215976,0.6552777777777777,0.6528497409326425,oulad,disability,23,proxy_soft,random,25.0,30.0,0.0994804854322044,0.0994804854322044,0.0335858808093253,0.0887358451798985,0.655185986104006,0.6525,0.6528497409326425,0.9617736295186611,0.625,oulad-disability,False,-0.00221926320461599,True,0.1016997486368204
0.1086565063507724,0.1086565063507724,0.0073764130791323,0.0852468104407426,0.6510448920247538,0.6569444444444444,0.6476683937823834,oulad,disability,23,proxy_soft,random,50.0,10.0,0.0994804854322044,0.0994804854322044,0.0335858808093253,0.0887358451798985,0.655185986104006,0.6525,0.6528497409326425,0.7340413376773508,0.8484848484848485,oulad-disability,False,-0.009176020918567993,True,0.1086565063507724
0.0977050748685115,0.0977050748685115,0.0282255806325153,0.0852468104407426,0.6510045049321851,0.6502777777777777,0.6528497409326425,oulad,disability,23,proxy_soft,random,100.0,30.0,0.0994804854322044,0.0994804854322044,0.0335858808093253,0.0887358451798985,0.655185986104006,0.6525,0.6528497409326425,0.6831242244121258,0.3785310734463277,oulad-disability,False,0.001775410563692903,True,0.0977050748685115
0.1046618325824635,0.1046618325824635,0.0253214179994079,0.0887358451798985,0.6543938322532739,0.6519444444444444,0.6476683937823834,oulad,disability,23,proxy_soft,random,200.0,30.0,0.0994804854322044,0.0994804854322044,0.0335858808093253,0.0887358451798985,0.655185986104006,0.6525,0.6528497409326425,-0.9912231810897506,0.0374581939799331,oulad-disability,False,-0.0051813471502591,False,0.0994804854322044
0.098592780150358,0.098592780150358,0.0170569551894905,0.0817577757015867,0.6476268686115767,0.6513888888888889,0.6528497409326425,oulad,disability,23,proxy_soft,random,400.0,30.0,0.0994804854322044,0.0994804854322044,0.0335858808093253,0.0887358451798985,0.655185986104006,0.6525,0.6528497409326425,0.7653214942153365,0.0538057742782153,oulad-disability,False,0.0008877052818464098,True,0.098592780150358
0.1234549134751545,0.1213444616977225,0.1234549134751545,0.1359057026858638,0.645878709767016,0.6488888888888888,0.6302083333333334,oulad,disability,24,proxy_soft,random,25.0,30.0,0.1049898794332482,0.1039448388050872,0.1049898794332482,0.1181058891110395,0.6448417534516793,0.6486111111111111,0.6458333333333334,-0.9964253296038716,0.2142857142857143,oulad-disability,True,-0.018465034041906303,False,0.1049898794332482
0.1191261830819283,0.1191261830819283,0.0903970622354851,0.121605006069996,0.6402298308985348,0.6463888888888889,0.6302083333333334,oulad,disability,24,proxy_soft,random,50.0,30.0,0.1049898794332482,0.1039448388050872,0.1049898794332482,0.1181058891110395,0.6448417534516793,0.6486111111111111,0.6458333333333334,,0.3225806451612903,oulad-disability,True,-0.014136303648680099,False,0.1049898794332482
0.1142459701271813,0.1142459701271813,0.0918131415359259,0.1181058891110395,0.6375285012420802,0.6402777777777777,0.6302083333333334,oulad,disability,24,proxy_soft,random,100.0,30.0,0.1049898794332482,0.1039448388050872,0.1049898794332482,0.1181058891110395,0.6448417534516793,0.6486111111111111,0.6458333333333334,0.9300923891297865,0.4399999999999999,oulad-disability,False,-0.0092560906939331,True,0.1142459701271813
0.1141503924219756,0.1011673691215616,0.1141503924219756,0.1181058891110395,0.6352526531485636,0.6380555555555556,0.640625,oulad,disability,24,proxy_soft,random,200.0,30.0,0.1049898794332482,0.1039448388050872,0.1049898794332482,0.1181058891110395,0.6448417534516793,0.6486111111111111,0.6458333333333334,0.94101398990258,0.4821428571428571,oulad-disability,False,-0.009160512988727401,True,0.1141503924219756
0.1056039263531499,0.1056039263531499,0.1054379045226532,0.1184101178910822,0.6365528341110801,0.6433333333333333,0.640625,oulad,disability,24,proxy_soft,random,400.0,30.0,0.1049898794332482,0.1039448388050872,0.1049898794332482,0.1181058891110395,0.6448417534516793,0.6486111111111111,0.6458333333333334,0.99241303228637,0.1387614678899082,oulad-disability,False,-0.0006140469199017035,True,0.1056039263531499
0.1179107512570245,0.1179107512570245,0.1176465882089397,0.1321023569468649,0.6525875726790529,0.6519444444444444,0.6354166666666666,oulad,disability,25,proxy_soft,random,25.0,30.0,0.1176465882089397,0.1122587622005324,0.1176465882089397,0.1286032399879086,0.6520806083854941,0.6519444444444444,0.640625,0.3571269550956072,0.6666666666666666,oulad-disability,False,-0.00026416304808479785,True,0.1179107512570245
0.1268791052298928,0.107050428867199,0.1268791052298928,0.1289074687679512,0.6502266991274971,0.6522222222222223,0.6458333333333334,oulad,disability,25,proxy_soft,random,50.0,1.0,0.1176465882089397,0.1122587622005324,0.1176465882089397,0.1286032399879086,0.6520806083854941,0.6519444444444444,0.640625,0.9022626609454362,0.3793103448275862,oulad-disability,False,-0.009232517020953096,True,0.1268791052298928
0.1240063960366755,0.1240063960366755,0.0982134999559975,0.1286032399879086,0.6534672318970172,0.6525,0.6302083333333334,oulad,disability,25,proxy_soft,random,100.0,30.0,0.1176465882089397,0.1122587622005324,0.1176465882089397,0.1286032399879086,0.6520806083854941,0.6519444444444444,0.640625,0.9914548553792675,0.1923076923076923,oulad-disability,False,-0.0063598078277358056,True,0.1240063960366755
0.1297832678630003,0.1057194616977225,0.1297832678630003,0.1289074687679512,0.6515176689987261,0.6505555555555556,0.6458333333333334,oulad,disability,25,proxy_soft,random,200.0,30.0,0.1176465882089397,0.1122587622005324,0.1176465882089397,0.1286032399879086,0.6520806083854941,0.6519444444444444,0.640625,0.9871890656832162,0.3454545454545454,oulad-disability,True,-0.012136679654060595,True,0.1297832678630003
0.1085939810706891,0.1085939810706891,0.102013712767915,0.1184101178910822,0.6409603412921886,0.64,0.6354166666666666,oulad,disability,25,proxy_soft,random,400.0,3.0,0.1176465882089397,0.1122587622005324,0.1176465882089397,0.1286032399879086,0.6520806083854941,0.6519444444444444,0.640625,0.9846860677899074,0.2601694915254238,oulad-disability,False,0.009052607138250596,True,0.1085939810706891
0.090893201695379,0.090893201695379,0.0462425895850167,0.0887358451798985,0.651884695559262,0.6558333333333334,0.6632124352331606,oulad,disability,26,proxy_soft,random,25.0,30.0,0.0540350344618228,0.0540350344618228,0.0437864520413143,0.0643126020058073,0.6587402273864167,0.6519444444444444,0.694300518134715,0.42878150564355977,0.6,oulad-disability,True,-0.0368581672335562,True,0.090893201695379
0.0786102122903485,0.0786102122903485,0.0238333346667413,0.071290671484119,0.6548747575003082,0.6475,0.6683937823834197,oulad,disability,26,proxy_soft,random,50.0,3.0,0.0540350344618228,0.0540350344618228,0.0437864520413143,0.0643126020058073,0.6587402273864167,0.6519444444444444,0.694300518134715,-0.9000303846614935,0.6153846153846154,oulad-disability,True,-0.024575177828525696,False,0.0540350344618228
0.0839364439814271,0.0839364439814271,0.0214492011552646,0.074779706223275,0.6535643026282785,0.6541666666666667,0.6683937823834197,oulad,disability,26,proxy_soft,random,100.0,30.0,0.0540350344618228,0.0540350344618228,0.0437864520413143,0.0643126020058073,0.6587402273864167,0.6519444444444444,0.694300518134715,0.10940270840697147,0.123076923076923,oulad-disability,True,-0.029901409519604308,True,0.0839364439814271
0.0596602342530051,0.0596602342530051,0.0345539350203611,0.0643126020058073,0.6588851249378251,0.6519444444444444,0.689119170984456,oulad,disability,26,proxy_soft,random,200.0,30.0,0.0540350344618228,0.0540350344618228,0.0437864520413143,0.0643126020058073,0.6587402273864167,0.6519444444444444,0.694300518134715,0.9533986536306706,0.2319999999999999,oulad-disability,False,-0.0056251997911823046,True,0.0596602342530051
0.0778673915493217,0.0778673915493217,0.0224172553663004,0.071290671484119,0.6581067877240244,0.6536111111111111,0.6735751295336787,oulad,disability,26,proxy_soft,random,400.0,30.0,0.0540350344618228,0.0540350344618228,0.0437864520413143,0.0643126020058073,0.6587402273864167,0.6519444444444444,0.694300518134715,0.8372160135322805,0.0917678812415654,oulad-disability,True,-0.023832357087498895,True,0.0778673915493217
0.090917091357116,0.0198399830738059,0.090917091357116,0.0608235672666513,0.6504452854092062,0.6513888888888889,0.7253886010362695,oulad,disability,27,proxy_soft,random,25.0,10.0,0.1040218252222124,0.057440971048389,0.1040218252222124,0.0887358451798985,0.6517103933702817,0.6491666666666667,0.689119170984456,0.8835483188223248,0.7142857142857143,oulad-disability,False,0.013104733865096405,True,0.090917091357116
0.1122862880321297,0.0466344241069477,0.1122862880321297,0.0852468104407426,0.6467633288033658,0.6497222222222222,0.6994818652849741,oulad,disability,27,proxy_soft,random,50.0,30.0,0.1040218252222124,0.057440971048389,0.1040218252222124,0.0887358451798985,0.6517103933702817,0.6491666666666667,0.689119170984456,0.6177664422306723,0.6153846153846154,oulad-disability,False,-0.0082644628099173,True,0.1122862880321297
0.1089341003096173,0.0692801078124963,0.1089341003096173,0.0992029493973661,0.6517383809168862,0.6569444444444444,0.6839378238341969,oulad,disability,27,proxy_soft,random,100.0,30.0,0.1040218252222124,0.057440971048389,0.1040218252222124,0.0887358451798985,0.6517103933702817,0.6491666666666667,0.689119170984456,0.8365349449015586,0.7142857142857143,oulad-disability,False,-0.0049122750874048965,True,0.1089341003096173
0.1399838390949893,0.0522596238981299,0.1399838390949893,0.0992029493973661,0.6452672350146172,0.6497222222222222,0.694300518134715,oulad,disability,27,proxy_soft,random,200.0,3.0,0.1040218252222124,0.057440971048389,0.1040218252222124,0.0887358451798985,0.6517103933702817,0.6491666666666667,0.689119170984456,0.9946625870429434,0.3349753694581281,oulad-disability,True,-0.03596201387277689,True,0.1399838390949893
0.0869728704807469,0.0356829926246869,0.0869728704807469,0.0678016367449632,0.6455531331172741,0.6430555555555556,0.7046632124352331,oulad,disability,27,proxy_soft,random,400.0,10.0,0.1040218252222124,0.057440971048389,0.1040218252222124,0.0887358451798985,0.6517103933702817,0.6491666666666667,0.689119170984456,0.9703719179980511,0.1381923146310661,oulad-disability,False,0.017048954741465505,True,0.0869728704807469
0.1363386526657606,0.1363386526657606,0.0914371204787468,0.134093296788925,0.6594328305966946,0.6563888888888889,0.6217616580310881,oulad,disability,28,proxy_soft,random,25.0,0.3,0.1475890522481251,0.1475890522481251,0.0822046034577936,0.1375823315280809,0.6652925017465646,0.6563888888888889,0.6113989637305699,0.9987324730505552,0.7857142857142857,oulad-disability,False,0.011250399582364512,True,0.1363386526657606
0.1367825053066838,0.1367825053066838,0.090469066267711,0.134093296788925,0.6655380127566529,0.6569444444444444,0.6217616580310881,oulad,disability,28,proxy_soft,random,50.0,30.0,0.1475890522481251,0.1475890522481251,0.0822046034577936,0.1375823315280809,0.6652925017465646,0.6563888888888889,0.6113989637305699,-0.14297953015016912,0.5294117647058824,oulad-disability,False,0.010806546941441314,False,0.1475890522481251
0.1459585262252518,0.1459585262252518,0.1011896666213307,0.1445604010063926,0.658320414187348,0.6613888888888889,0.616580310880829,oulad,disability,28,proxy_soft,random,100.0,30.0,0.1475890522481251,0.1475890522481251,0.0822046034577936,0.1375823315280809,0.6652925017465646,0.6563888888888889,0.6113989637305699,0.9866425848733671,0.5862068965517241,oulad-disability,False,0.0016305260228733076,True,0.1459585262252518
0.1419638524569428,0.1419638524569428,0.0822046034577936,0.134093296788925,0.6585460859238937,0.6563888888888889,0.616580310880829,oulad,disability,28,proxy_soft,random,200.0,30.0,0.1475890522481251,0.1475890522481251,0.0822046034577936,0.1375823315280809,0.6652925017465646,0.6563888888888889,0.6113989637305699,-0.3897035592345662,0.0694444444444444,oulad-disability,False,0.0056251997911823115,False,0.1475890522481251
0.1077688010689259,0.1077688010689259,0.0370100725640636,0.0957139146582103,0.6585917871075898,0.6558333333333334,0.6476683937823834,oulad,disability,28,proxy_soft,random,400.0,1.0,0.1475890522481251,0.1475890522481251,0.0822046034577936,0.1375823315280809,0.6652925017465646,0.6563888888888889,0.6113989637305699,0.9882271045719611,0.1339285714285714,oulad-disability,False,0.0398202511791992,True,0.1077688010689259
0.1147424255758322,0.0722421917581394,0.1147424255758322,0.102691984136522,0.659784092020219,0.6536111111111111,0.6787564766839378,oulad,disability,29,proxy_soft,random,25.0,30.0,0.1137743713647964,0.0726860443990626,0.1137743713647964,0.102691984136522,0.660040585485304,0.6541666666666667,0.6787564766839378,,0.1458333333333333,oulad-disability,False,-0.0009680542110357959,False,0.1137743713647964
0.1366316513724768,0.0692801078124963,0.1366316513724768,0.1096700536148338,0.6571677878218036,0.6569444444444444,0.6839378238341969,oulad,disability,29,proxy_soft,random,50.0,30.0,0.1137743713647964,0.0726860443990626,0.1137743713647964,0.102691984136522,0.660040585485304,0.6541666666666667,0.6787564766839378,0.28639961818945586,0.4444444444444444,oulad-disability,True,-0.02285728000768039,True,0.1366316513724768
0.0618034609938156,0.0593612661529014,0.0618034609938156,0.0753883489499943,0.654256020156702,0.6580555555555555,0.694300518134715,oulad,disability,29,proxy_soft,random,100.0,30.0,0.1137743713647964,0.0726860443990626,0.1137743713647964,0.102691984136522,0.660040585485304,0.6541666666666667,0.6787564766839378,0.33852653784073966,0.3909090909090909,oulad-disability,False,0.051970910370980804,True,0.0618034609938156
0.1419919515492868,0.0654303185850069,0.1419919515492868,0.1096700536148338,0.6618055722851017,0.6591666666666667,0.689119170984456,oulad,disability,29,proxy_soft,random,200.0,30.0,0.1137743713647964,0.0726860443990626,0.1137743713647964,0.102691984136522,0.660040585485304,0.6541666666666667,0.6787564766839378,0.5440753588080507,0.0982053838484545,oulad-disability,True,-0.028217580184490387,True,0.1419919515492868
0.1006696374996999,0.0632110553803909,0.1006696374996999,0.0922248799190543,0.6562332163288558,0.6563888888888889,0.689119170984456,oulad,disability,29,proxy_soft,random,400.0,30.0,0.1137743713647964,0.0726860443990626,0.1137743713647964,0.102691984136522,0.660040585485304,0.6541666666666667,0.6787564766839378,0.3771105622161731,0.2125266038309516,oulad-disability,False,0.013104733865096502,True,0.1006696374996999
0.115854702850826,0.115854702850826,0.0760248383190332,0.1404577334809892,0.888807908472488,0.8327777777777777,0.5569620253164557,adult,race,0,proxy_soft,random,100.0,1.0,0.0849019882603888,0.0849019882603888,0.0700553966658937,0.1335363602805463,0.8986761116373344,0.8438888888888889,0.6075949367088608,0.8596391803530992,0.409090909090909,adult-race,True,-0.03095271459043719,True,0.115854702850826
0.0507938471052021,0.0348140190262662,0.0507938471052021,0.0966223698781838,0.8917323111723443,0.84,0.6740467404674046,adult,race,0,proxy_soft,random,400.0,30.0,0.0849019882603888,0.0849019882603888,0.0700553966658937,0.1335363602805463,0.8986761116373344,0.8438888888888889,0.6075949367088608,0.8624543491897592,0.3484848484848484,adult-race,False,0.034108141155186705,True,0.0507938471052021
0.0465259849011878,0.0309371448144861,0.0465259849011878,0.1035437430786268,0.894639947407118,0.8383333333333334,0.6455696202531646,adult,race,1,proxy_soft,random,100.0,30.0,0.1000202407087362,0.1000202407087362,0.0640354538661719,0.1312292358803986,0.8986129786515291,0.8444444444444444,0.5949367088607594,0.9968174029328394,0.2083333333333333,adult-race,False,0.05349425580754841,True,0.0465259849011878
0.0824419636601428,0.0824419636601428,0.0597675916621576,0.1243078626799557,0.8967198170509567,0.8427777777777777,0.6075949367088608,adult,race,1,proxy_soft,random,400.0,30.0,0.1000202407087362,0.1000202407087362,0.0640354538661719,0.1312292358803986,0.8986129786515291,0.8444444444444444,0.5949367088607594,-0.8257029979038116,0.2821473158551809,adult-race,False,0.01757827704859341,False,0.1000202407087362
0.0474020251990415,0.0409640805268812,0.0474020251990415,0.0920081210778885,0.8908908830172683,0.8372222222222222,0.6678966789667896,adult,race,2,proxy_soft,random,100.0,30.0,0.0458127850351704,0.0286639575256512,0.0458127850351704,0.0943152454780361,0.8975121877711613,0.8427777777777777,0.6801968019680197,0.4874600963064488,0.5,adult-race,False,-0.001589240163871096,True,0.0474020251990415
0.0843881856540084,0.0843881856540084,0.0466383241864419,0.1104651162790697,0.8818895681952164,0.8311111111111111,0.5822784810126582,adult,race,2,proxy_soft,random,400.0,30.0,0.0458127850351704,0.0286639575256512,0.0458127850351704,0.0943152454780361,0.8975121877711613,0.8427777777777777,0.6801968019680197,0.9852389275007163,0.0392156862745098,adult-race,True,-0.03857540061883799,False,0.0458127850351704
0.0750618898594048,0.0750618898594048,0.0712066166808379,0.1315522332964193,0.8912556053811661,0.8391666666666666,0.6075949367088608,adult,race,3,proxy_soft,random,100.0,30.0,0.0731215377083816,0.0485154218630793,0.0731215377083816,0.128922111480251,0.8920119592504521,0.84,0.6329113924050633,0.9314030412154147,0.6086956521739131,adult-race,False,-0.0019403521510232002,True,0.0750618898594048
0.0560823329752284,0.0560823329752284,0.0478400453479683,0.0897009966777408,0.8880919183154381,0.8366666666666667,0.6654366543665436,adult,race,3,proxy_soft,random,400.0,30.0,0.0731215377083816,0.0485154218630793,0.0731215377083816,0.128922111480251,0.8920119592504521,0.84,0.6329113924050633,0.9942347532625828,0.0749999999999999,adult-race,False,0.017039204733153207,True,0.0560823329752284
0.0454871041714977,0.029535864978903,0.0454871041714977,0.0920081210778885,0.8936087063078338,0.8361111111111111,0.6666666666666666,adult,race,4,proxy_soft,random,100.0,30.0,0.0764787394709389,0.0764787394709389,0.0368390404782149,0.0781653746770026,0.9001530095183844,0.84,0.6703567035670357,0.9991569325506745,0.3333333333333333,adult-race,False,0.030991635299441204,True,0.0454871041714977
0.1165553427686175,0.1165553427686175,0.0188915513643039,0.0550941306755259,0.8945703976260341,0.8344444444444444,0.6555965559655597,adult,race,4,proxy_soft,random,400.0,30.0,0.0764787394709389,0.0764787394709389,0.0368390404782149,0.0781653746770026,0.9001530095183844,0.84,0.6703567035670357,0.95841183277615,0.5441767068273092,adult-race,True,-0.04007660329767859,True,0.1165553427686175
0.0775219144596509,0.0775219144596509,0.0671015949086599,0.128922111480251,0.8936906756926827,0.8405555555555555,0.6075949367088608,adult,race,5,proxy_soft,random,100.0,1.0,0.0575774909175233,0.0052625842714123,0.0575774909175233,0.1104651162790697,0.8979857886613984,0.8455555555555555,0.6835443037974683,0.9924075558333981,0.1764705882352941,adult-race,True,-0.019944423542127596,True,0.0775219144596509
0.0289041766509494,0.0082675510299407,0.0289041766509494,0.0827796234772978,0.8955767995177882,0.8394444444444444,0.6752767527675276,adult,race,5,proxy_soft,random,400.0,3.0,0.0575774909175233,0.0052625842714123,0.0575774909175233,0.1104651162790697,0.8979857886613984,0.8455555555555555,0.6835443037974683,-0.020268863255159805,0.284313725490196,adult-race,False,0.028673314266573904,False,0.0575774909175233
0.0488789260776584,0.0460553972628333,0.0488789260776584,0.1081579918789221,0.8965190334567565,0.8388888888888889,0.6329113924050633,adult,race,6,proxy_soft,random,100.0,30.0,0.0636336743114266,0.0636336743114266,0.0475648656308778,0.1104651162790697,0.8978483450463997,0.8405555555555555,0.620253164556962,0.9819929486379814,0.0983606557377049,adult-race,False,0.014754748233768197,True,0.0488789260776584
0.0701418406589129,0.0701418406589129,0.0278652959212594,0.0943152454780361,0.8915292506507871,0.8372222222222222,0.6075949367088608,adult,race,6,proxy_soft,random,400.0,30.0,0.0636336743114266,0.0636336743114266,0.0475648656308778,0.1104651162790697,0.8978483450463997,0.8405555555555555,0.620253164556962,0.9955813496105789,0.2496732026143791,adult-race,False,-0.006508166347486299,True,0.0701418406589129
0.0501929865244389,0.02847712021424,0.0501929865244389,0.1058508674787744,0.8913466824754424,0.8372222222222222,0.6455696202531646,adult,race,7,proxy_soft,random,100.0,30.0,0.0703286779703239,0.0703286779703239,0.0513947076859653,0.0920081210778885,0.899043110928589,0.8427777777777777,0.6765067650676507,-0.8549811285192298,0.4444444444444445,adult-race,False,0.020135691445885,False,0.0703286779703239
0.1181434599156118,0.1181434599156118,0.0507938471052021,0.0827796234772978,0.8954401838763736,0.84,0.6666666666666666,adult,race,7,proxy_soft,random,400.0,30.0,0.0703286779703239,0.0703286779703239,0.0513947076859653,0.0920081210778885,0.899043110928589,0.8427777777777777,0.6765067650676507,0.9930050426391168,0.1758241758241758,adult-race,True,-0.047814781945287904,True,0.1181434599156118
0.1277967210051847,0.1277967210051847,0.0500806472391847,0.1243078626799557,0.9016928333918436,0.8444444444444444,0.569620253164557,adult,race,8,proxy_soft,random,100.0,30.0,0.1037102776091052,0.1037102776091052,0.0487665867924042,0.1196936138796604,0.9047066572388076,0.8461111111111111,0.5949367088607594,-0.8902438059911553,0.3529411764705882,adult-race,True,-0.024086443396079488,False,0.1037102776091052
0.0624036620113036,0.0624036620113036,0.0396300018036123,0.1035437430786268,0.8974043442118024,0.84,0.620253164556962,adult,race,8,proxy_soft,random,400.0,30.0,0.1037102776091052,0.1037102776091052,0.0487665867924042,0.1196936138796604,0.9047066572388076,0.8461111111111111,0.5949367088607594,-0.18612414264929028,0.2763440860215054,adult-race,False,0.0413066155978016,False,0.1037102776091052
0.0944151213664035,0.0944151213664035,0.0221710339852103,0.0643226282761166,0.8956142653224791,0.8444444444444444,0.6777367773677737,adult,race,9,proxy_soft,random,100.0,30.0,0.0666386410699549,0.0666386410699549,0.0277529566360052,0.0735511258767072,0.8990722969974366,0.8444444444444444,0.6801968019680197,0.527086302532977,0.1071428571428571,adult-race,True,-0.027776480296448594,True,0.0944151213664035
0.0290670170827858,0.0008874772292026,0.0290670170827858,0.0850867478774455,0.8951592938378894,0.8427777777777777,0.6826568265682657,adult,race,9,proxy_soft,random,400.0,3.0,0.0666386410699549,0.0666386410699549,0.0277529566360052,0.0735511258767072,0.8990722969974366,0.8444444444444444,0.6801968019680197,-0.21243254615466986,0.3606271777003484,adult-race,False,0.0375716239871691,False,0.0666386410699549
0.030144025475863,0.030144025475863,0.0236749195566678,0.0406821487164177,0.7495192592653726,0.8716666666666667,0.4268292682926829,bank,age,0,proxy_soft,random,100.0,1.0,0.0417011157788106,0.0341246290801187,0.0417011157788106,0.0677971904434541,0.7549115084417548,0.8766666666666667,0.4658753709198813,0.9720875069108017,0.6363636363636364,bank-age,False,0.011557090302947604,True,0.030144025475863
0.0644495910834479,0.0644495910834479,0.0565095787152901,0.0850522169970228,0.7577948274322706,0.8766666666666667,0.4599406528189911,bank,age,0,proxy_soft,random,400.0,10.0,0.0417011157788106,0.0341246290801187,0.0417011157788106,0.0677971904434541,0.7549115084417548,0.8766666666666667,0.4658753709198813,0.6799877762907223,0.1916666666666667,bank-age,True,-0.0227484753046373,True,0.0644495910834479
0.172251574147789,0.172251574147789,0.1052736935406983,0.1392823004510957,0.7550784453336074,0.865,0.3887240356083086,bank,age,1,proxy_soft,random,100.0,3.0,0.1300571759426793,0.1300571759426793,0.083010256524848,0.1146322625174262,0.7582333650200812,0.8672222222222222,0.4065281899109792,0.2771305400005227,0.6666666666666667,bank-age,True,-0.0421943982051097,True,0.172251574147789
0.1056669320402403,0.1056669320402403,0.0852568972708854,0.1121672587240592,0.7591592082764685,0.8661111111111112,0.4065281899109792,bank,age,1,proxy_soft,random,400.0,30.0,0.1300571759426793,0.1300571759426793,0.083010256524848,0.1146322625174262,0.7582333650200812,0.8672222222222222,0.4065281899109792,-0.3599045397607316,0.0833333333333333,bank-age,False,0.02439024390243899,False,0.1300571759426793
0.0237764047789298,0.0215676340739668,0.0237764047789298,0.0406821487164177,0.7647566585311505,0.8672222222222222,0.4146341463414634,bank,age,2,proxy_soft,random,100.0,1.0,0.0566110639375521,0.0427010204820149,0.0566110639375521,0.0801222094102889,0.7774716226040805,0.8722222222222222,0.4451038575667655,0.9782599582679614,0.8,bank-age,False,0.0328346591586223,True,0.0237764047789298
0.0466534084137766,0.0061156546283563,0.0466534084137766,0.0653321866500872,0.7767566075122352,0.8705555555555555,0.4451038575667655,bank,age,2,proxy_soft,random,400.0,30.0,0.0566110639375521,0.0427010204820149,0.0566110639375521,0.0801222094102889,0.7774716226040805,0.8722222222222222,0.4451038575667655,0.6056365783544873,0.0994312197177164,bank-age,False,0.009957655523775505,True,0.0466534084137766
0.0831288786260643,0.0831288786260643,0.0312867852632109,0.0388948911869115,0.7675924678047319,0.8733333333333333,0.3902439024390244,bank,age,3,proxy_soft,random,100.0,1.0,0.0578949284528089,0.0007216048491845,0.0578949284528089,0.0759376446982559,0.7729810572027553,0.8777777777777778,0.4756097560975609,0.776715012268537,0.2077922077922077,bank-age,True,-0.0252339501732554,True,0.0831288786260643
0.0890460383893779,0.0890460383893779,0.0171593772141169,0.0265473066831301,0.7676246630727763,0.8744444444444445,0.3902439024390244,bank,age,3,proxy_soft,random,400.0,30.0,0.0578949284528089,0.0007216048491845,0.0578949284528089,0.0759376446982559,0.7729810572027553,0.8777777777777778,0.4756097560975609,0.9355034205593474,0.2026143790849673,bank-age,True,-0.031151109936569,True,0.0890460383893779
0.1571255435944963,0.1571255435944963,0.0720723749332317,0.1075563321839112,0.7397301471428817,0.8580555555555556,0.3609467455621302,bank,age,4,proxy_soft,random,100.0,30.0,0.1362016111784415,0.1362016111784415,0.0579445832726349,0.0927663094237094,0.7445345381919201,0.8591666666666666,0.3698224852071006,0.9308374343316097,0.1333333333333333,bank-age,True,-0.02092393241605478,True,0.1571255435944963
0.1300705781706708,0.1300705781706708,0.0687461012935301,0.1001613208038103,0.7448207095405642,0.8575,0.363905325443787,bank,age,4,proxy_soft,random,400.0,30.0,0.1362016111784415,0.1362016111784415,0.0579445832726349,0.0927663094237094,0.7445345381919201,0.8591666666666666,0.3698224852071006,0.33450988426771183,0.1647626301091647,bank-age,False,0.006131033007770709,True,0.1300705781706708
0.0646326157845784,0.0563199543737077,0.0646326157845784,0.0903013056303425,0.7676591258399278,0.8741666666666666,0.4497041420118343,bank,age,5,proxy_soft,random,100.0,30.0,0.0463558533824897,0.020603122549369,0.0463558533824897,0.0705812752834069,0.7727160649721038,0.8780555555555556,0.4733727810650887,0.8182171347206615,0.2207792207792207,bank-age,True,-0.018276762402088705,True,0.0646326157845784
0.0309759749055392,0.0309759749055392,0.0209260151577972,0.0385362259696366,0.7678660957187122,0.8708333333333333,0.4216867469879518,bank,age,5,proxy_soft,random,400.0,30.0,0.0463558533824897,0.020603122549369,0.0463558533824897,0.0705812752834069,0.7727160649721038,0.8780555555555556,0.4733727810650887,-0.6104231358479327,0.1666666666666666,bank-age,False,0.015379878476950503,False,0.0463558533824897
0.0463458143796365,0.0054841968538028,0.0463458143796365,0.0611205432937181,0.734567984426475,0.8644444444444445,0.4146341463414634,bank,age,6,proxy_soft,random,100.0,1.0,0.0677320254543519,0.0406985134940106,0.0677320254543519,0.0882852292020373,0.7445275531596287,0.87,0.4349112426035503,0.9925450051262604,0.3333333333333333,bank-age,False,0.021386211074715403,True,0.0463458143796365
0.0243855081582187,0.0202770962620869,0.0243855081582187,0.0413644080876678,0.7392520215633424,0.8672222222222222,0.4146341463414634,bank,age,6,proxy_soft,random,400.0,1.0,0.0677320254543519,0.0406985134940106,0.0677320254543519,0.0882852292020373,0.7445275531596287,0.87,0.4349112426035503,0.5407106943756228,0.2020646471484176,bank-age,False,0.0433465172961332,True,0.0243855081582187
0.0614375155775817,0.0516606485288334,0.0614375155775817,0.0853712980436086,0.7645859538784067,0.8694444444444445,0.43026706231454,bank,age,7,proxy_soft,random,100.0,30.0,0.0532470914846287,0.0457259304279432,0.0532470914846287,0.0779762866635078,0.7666771488469603,0.8705555555555555,0.4362017804154303,-0.7675725270621367,0.4615384615384615,bank-age,False,-0.008190424092953001,False,0.0532470914846287
0.0457259304279432,0.0457259304279432,0.0384046315942762,0.065651267696673,0.7642415393830487,0.8705555555555555,0.4362017804154303,bank,age,7,proxy_soft,random,400.0,30.0,0.0532470914846287,0.0457259304279432,0.0532470914846287,0.0779762866635078,0.7666771488469603,0.8705555555555555,0.4362017804154303,0.23512624139018087,0.0736035867737717,bank-age,False,0.007521161056685502,True,0.0457259304279432
0.1868006149225984,0.1868006149225984,0.0762799754679342,0.1198813511507459,0.7705671608265948,0.8694444444444445,0.4035608308605341,bank,age,8,proxy_soft,random,100.0,30.0,0.1510135497479532,0.1510135497479532,0.0669086890000569,0.1075563321839112,0.7752497005091346,0.8733333333333333,0.4272997032640949,0.848828525055618,0.0454545454545454,bank-age,True,-0.035787065174645194,False,0.1510135497479532
0.1838332558721533,0.1838332558721533,0.0647635334762814,0.1100213359772781,0.7650333183587901,0.87,0.4065281899109792,bank,age,8,proxy_soft,random,400.0,30.0,0.1510135497479532,0.1510135497479532,0.0669086890000569,0.1075563321839112,0.7752497005091346,0.8733333333333333,0.4272997032640949,-0.5026403270656606,0.1588235294117647,bank-age,True,-0.0328197061242001,False,0.1510135497479532
0.025566370533143,0.0054841968538028,0.025566370533143,0.0438339249884241,0.7494863731656184,0.8644444444444445,0.4146341463414634,bank,age,9,proxy_soft,random,100.0,30.0,0.0481334439827827,0.0051233944292105,0.0481334439827827,0.0635900601944744,0.7561335729260259,0.8672222222222222,0.4268292682926829,0.9303988644926534,0.238095238095238,bank-age,False,0.0225670734496397,True,0.025566370533143
0.0362594760705007,0.0354307980949631,0.0362594760705007,0.0487729587899367,0.7584291704103023,0.8672222222222222,0.4024390243902439,bank,age,9,proxy_soft,random,400.0,0.3,0.0481334439827827,0.0051233944292105,0.0481334439827827,0.0635900601944744,0.7561335729260259,0.8672222222222222,0.4268292682926829,0.998763387298215,0.2015503875968992,bank-age,False,0.011873967912281999,True,0.0362594760705007
0.063713329248427,0.0534770661593743,0.063713329248427,0.0810608620021055,0.7618111710092842,0.8738888888888889,0.4377510040160642,bank,marital,0,proxy_soft,random,100.0,30.0,0.067004861551469,0.067004861551469,0.0610662352607116,0.0810608620021055,0.7691771488469603,0.8761111111111111,0.4417670682730923,-0.10963647620682086,0.2692307692307692,bank-marital,False,0.003291532303041994,False,0.067004861551469
0.0140574327858562,0.0066934404283801,0.0140574327858562,0.0309730835270786,0.7599558250973346,0.8694444444444445,0.4377510040160642,bank,marital,0,proxy_soft,random,400.0,3.0,0.067004861551469,0.067004861551469,0.0610662352607116,0.0810608620021055,0.7691771488469603,0.8761111111111111,0.4417670682730923,0.7483339003195248,0.1358192369428324,bank-marital,False,0.05294742876561279,True,0.0140574327858562
0.113718030014796,0.113718030014796,0.0702983725135623,0.0926195801117271,0.7696207696915245,0.8655555555555555,0.3775100401606425,bank,marital,1,proxy_soft,random,100.0,3.0,0.05382935249771,0.05382935249771,0.0510569694977059,0.0695021438924839,0.7764199610661875,0.8711111111111111,0.4257028112449799,0.9912373090506442,0.3333333333333333,bank-marital,True,-0.05988867751708599,True,0.113718030014796
0.037483266398929,0.037483266398929,0.0220005828463826,0.0335416875514389,0.7737267894579216,0.8755555555555555,0.4444444444444444,bank,marital,1,proxy_soft,random,400.0,30.0,0.05382935249771,0.05382935249771,0.0510569694977059,0.0695021438924839,0.7764199610661875,0.8711111111111111,0.4257028112449799,0.928264820056852,0.0484848484848484,bank-marital,False,0.016346086098781,False,0.05382935249771
0.070232989105256,0.0552384978510533,0.070232989105256,0.0836294660264659,0.7391764001197965,0.86,0.3775100401606425,bank,marital,2,proxy_soft,random,100.0,30.0,0.072429871624348,0.0322694285915591,0.072429871624348,0.084913768038646,0.7530083857442349,0.87,0.429718875502008,0.9718383695339855,0.0783242258652094,bank-marital,False,0.0021968825190920027,True,0.070232989105256
0.1288663425632354,0.1288663425632354,0.0238070330130169,0.0206986674296371,0.738842467804732,0.865,0.3450292397660818,bank,marital,2,proxy_soft,random,400.0,30.0,0.072429871624348,0.0322694285915591,0.072429871624348,0.084913768038646,0.7530083857442349,0.87,0.429718875502008,0.9985594701144874,0.190615835777126,bank-marital,True,-0.0564364709388874,True,0.1288663425632354
0.0457972239836538,0.0457972239836538,0.0059218686951713,0.0296887815148984,0.7732696915244085,0.8722222222222222,0.4337349397590361,bank,marital,3,proxy_soft,random,100.0,3.0,0.0940604523356584,0.0940604523356584,0.0260692989404151,0.0553748217585019,0.7798240491165018,0.8805555555555555,0.4497991967871486,-0.822943378596269,0.25,bank-marital,False,0.048263228352004604,False,0.0940604523356584
0.0461495103219896,0.0461495103219896,0.0052493536383064,0.019414365417457,0.7748854447439355,0.8694444444444445,0.4216867469879518,bank,marital,3,proxy_soft,random,400.0,30.0,0.0940604523356584,0.0940604523356584,0.0260692989404151,0.0553748217585019,0.7798240491165018,0.8805555555555555,0.4497991967871486,-0.5495821108610037,0.0654761904761904,bank-marital,False,0.04791094201366881,False,0.0940604523356584
0.0400165139808407,0.0064116113577115,0.0400165139808407,0.0540905197463218,0.7764184636118598,0.8794444444444445,0.47953216374269,bank,marital,4,proxy_soft,random,100.0,30.0,0.0468612227818211,0.0151483125484393,0.0468612227818211,0.063080633831583,0.7799547020065887,0.8805555555555555,0.4819277108433735,0.9771895928519085,0.0999999999999999,bank-marital,False,0.006844708800980405,True,0.0400165139808407
0.0510110617910237,0.0510110617910237,0.0068260278271785,0.0181300634052768,0.7695002246181492,0.8733333333333333,0.4269005847953216,bank,marital,4,proxy_soft,random,400.0,30.0,0.0468612227818211,0.0151483125484393,0.0468612227818211,0.063080633831583,0.7799547020065887,0.8805555555555555,0.4819277108433735,0.9890360502585633,0.2338709677419355,bank-marital,False,-0.004149839009202599,True,0.0510110617910237
0.0541816388360459,0.0541816388360459,0.0265195104090386,0.0476690096854209,0.7557992662473795,0.8683333333333333,0.4136546184738955,bank,marital,5,proxy_soft,random,100.0,30.0,0.0578454167547382,0.0578454167547382,0.0372386531765127,0.0579434257828623,0.7589019916142558,0.8705555555555555,0.4216867469879518,0.9547484187122306,0.3888888888888889,bank-marital,False,0.003663777918692296,True,0.0541816388360459
0.0070838252656434,0.002677376171352,0.0070838252656434,0.0245515734661777,0.7513361036238395,0.87,0.4417670682730923,bank,marital,5,proxy_soft,random,400.0,3.0,0.0578454167547382,0.0578454167547382,0.0372386531765127,0.0579434257828623,0.7589019916142558,0.8705555555555555,0.4216867469879518,-0.6374095666130447,0.1666666666666666,bank-marital,False,0.0507615914890948,False,0.0578454167547382
0.0983583456633551,0.0983583456633551,0.0557047957795944,0.077207955965565,0.7571495956873315,0.8622222222222222,0.3694779116465863,bank,marital,6,proxy_soft,random,100.0,30.0,0.0914535334319734,0.0914535334319734,0.0471825355312121,0.0707864459046641,0.7743471099131476,0.87,0.4056224899598393,0.9817164430311549,0.1666666666666666,bank-marital,False,-0.006904812231381702,True,0.0983583456633551
0.083773691256253,0.083773691256253,0.0458262968332013,0.0682178418803037,0.7722663971248878,0.8683333333333333,0.4016064257028112,bank,marital,6,proxy_soft,random,400.0,30.0,0.0914535334319734,0.0914535334319734,0.0471825355312121,0.0707864459046641,0.7743471099131476,0.87,0.4056224899598393,0.4499602364597873,0.1160714285714285,bank-marital,False,0.007679842175720403,True,0.083773691256253
0.0425982245602498,0.0202212358204748,0.0425982245602498,0.0579434257828623,0.7623289158430667,0.8716666666666667,0.4417670682730923,bank,marital,7,proxy_soft,random,100.0,30.0,0.0513801503444771,0.0377650954695976,0.0513801503444771,0.0682178418803037,0.7665270290506141,0.8733333333333333,0.4417670682730923,-0.7431291302249105,0.4285714285714285,bank-marital,False,0.008781925784227297,False,0.0513801503444771
0.0524906644120341,0.0524906644120341,0.0022790788038198,0.0091399493200155,0.7535089098532495,0.8694444444444445,0.4093567251461988,bank,marital,7,proxy_soft,random,400.0,30.0,0.0513801503444771,0.0377650954695976,0.0513801503444771,0.0682178418803037,0.7665270290506141,0.8733333333333333,0.4417670682730923,0.25419467800781054,0.0871725383920505,bank-marital,False,-0.0011105140675570016,True,0.0524906644120341
0.0874374691749453,0.0874374691749453,0.0476346150972157,0.0707864459046641,0.7648068283917342,0.8705555555555555,0.4096385542168674,bank,marital,8,proxy_soft,random,100.0,30.0,0.0404032101385381,0.0395969844289438,0.0404032101385381,0.0592277277950425,0.769483378256963,0.8744444444444445,0.4457831325301205,0.24021525547017525,0.0476190476190476,bank-marital,True,-0.0470342590364072,False,0.0404032101385381
0.074050588318185,0.074050588318185,0.002757311733146,0.0104242513321957,0.757190026954178,0.8683333333333333,0.391812865497076,bank,marital,8,proxy_soft,random,400.0,30.0,0.0404032101385381,0.0395969844289438,0.0404032101385381,0.0592277277950425,0.769483378256963,0.8744444444444445,0.4457831325301205,-0.3826277831526577,0.0761904761904761,bank-marital,True,-0.03364737817964691,False,0.0404032101385381
0.0892693581342915,0.0892693581342915,0.0188360258843573,0.0463847076732407,0.7631382899071577,0.8716666666666667,0.4136546184738955,bank,marital,9,proxy_soft,random,100.0,10.0,0.1484534629747058,0.1484534629747058,0.0366576748912767,0.0695021438924839,0.7712237945492664,0.8716666666666667,0.3895582329317269,-0.475560381584911,0.0582386363636363,bank-marital,False,0.059184104840414295,False,0.1484534629747058
0.1484534629747058,0.1484534629747058,0.0411130871430065,0.0733550499290244,0.7652953728661275,0.8716666666666667,0.3895582329317269,bank,marital,9,proxy_soft,random,400.0,30.0,0.1484534629747058,0.1484534629747058,0.0366576748912767,0.0695021438924839,0.7712237945492664,0.8716666666666667,0.3895582329317269,-0.8862993063805197,0.1111111111111111,bank-marital,False,0.0,False,0.1484534629747058
0.0550788907098556,0.05412397139551,0.0550788907098556,0.0667257683405727,0.7323423913433071,0.7811111111111111,0.8262476894639557,credit,sex,0,proxy_soft,random,100.0,30.0,0.0658446418105586,0.0658446418105586,0.0525145409556862,0.0760134813734593,0.731121504455229,0.7894444444444444,0.8243992606284658,0.9923645900905839,0.2954545454545454,credit-sex,False,0.010765751100702999,True,0.0550788907098556
0.0746874899579035,0.0344535542001842,0.0746874899579035,0.0562770911785752,0.7288307174244977,0.7838888888888889,0.8401109057301294,credit,sex,0,proxy_soft,random,400.0,30.0,0.0658446418105586,0.0658446418105586,0.0525145409556862,0.0760134813734593,0.731121504455229,0.7894444444444444,0.8243992606284658,0.9923016830928412,0.1075675675675675,credit-sex,False,-0.0088428481473449,True,0.0746874899579035
0.0424279896350587,0.0424279896350587,0.0223400494874513,0.0400235933710237,0.7113005738392391,0.78,0.83271719038817,credit,sex,1,proxy_soft,random,100.0,30.0,0.0522755425600202,0.0522755425600202,0.0056300009640412,0.0516332346621321,0.7190797514677525,0.7822222222222223,0.8280961182994455,0.9080612412577512,0.2121212121212121,credit-sex,False,0.009847552924961499,True,0.0424279896350587
0.0640777928772157,0.0640777928772157,0.0061377293614833,0.0632428759532401,0.716545235091291,0.7805555555555556,0.8197781885397413,credit,sex,1,proxy_soft,random,400.0,30.0,0.0522755425600202,0.0522755425600202,0.0056300009640412,0.0516332346621321,0.7190797514677525,0.7822222222222223,0.8280961182994455,-0.8909508521357674,0.0675675675675675,credit-sex,True,-0.0118022503171955,False,0.0522755425600202
0.0811658472315948,0.0111925478906228,0.0811658472315948,0.0400235933710237,0.7329785966207643,0.7861111111111111,0.8558225508317929,credit,sex,2,proxy_soft,random,100.0,1.0,0.0920787943057296,0.0349280057363552,0.0920787943057296,0.0609209476950185,0.7368984275872946,0.7872222222222223,0.8419593345656192,-0.8714349798811734,0.4700854700854701,credit-sex,False,0.010912947074134802,False,0.0920787943057296
0.0520068125582441,0.0154701256545176,0.0520068125582441,0.0365407009836913,0.730049364153148,0.7844444444444445,0.8521256931608133,credit,sex,2,proxy_soft,random,400.0,3.0,0.0920787943057296,0.0349280057363552,0.0920787943057296,0.0609209476950185,0.7368984275872946,0.7872222222222223,0.8419593345656192,0.7549038074760446,0.0590659340659339,credit-sex,False,0.0400719817474855,True,0.0520068125582441
0.0439576128003159,0.0439576128003159,0.0051222725665991,0.0458284140165778,0.7245421562161736,0.7872222222222223,0.8364140480591498,credit,sex,3,proxy_soft,random,100.0,10.0,0.036776434571845,0.036776434571845,0.0058035283910151,0.0400235933710237,0.7317379963297228,0.7861111111111111,0.8401109057301294,0.7909529084546493,0.196078431372549,credit-sex,False,-0.007181178228470898,True,0.0439576128003159
0.0392055835002501,0.0392055835002501,0.0087020791156528,0.0411845575001346,0.7319570839217485,0.7855555555555556,0.8382624768946395,credit,sex,3,proxy_soft,random,400.0,30.0,0.036776434571845,0.036776434571845,0.0058035283910151,0.0400235933710237,0.7317379963297228,0.7861111111111111,0.8401109057301294,0.9964089563057781,0.0701902748414375,credit-sex,False,-0.002429148928405102,True,0.0392055835002501
0.0342163284320987,0.0342163284320987,0.0046016902856775,0.0400235933710237,0.7215575918106939,0.7822222222222223,0.8391866913123844,credit,sex,4,proxy_soft,random,100.0,3.0,0.0379378747576755,0.0379378747576755,0.0306886468074166,0.0493113064039103,0.7263761747396039,0.7872222222222223,0.8401109057301294,-0.9985137654605852,0.3611111111111111,credit-sex,False,0.003721546325576801,False,0.0379378747576755
0.0316809109469494,0.0316809109469494,0.0015296121340659,0.0377016651128021,0.720956781052194,0.7855555555555556,0.8428835489833642,credit,sex,4,proxy_soft,random,400.0,3.0,0.0379378747576755,0.0379378747576755,0.0306886468074166,0.0493113064039103,0.7263761747396039,0.7872222222222223,0.8401109057301294,-0.5474231464692738,0.0360587002096435,credit-sex,False,0.006256963810726102,False,0.0379378747576755
0.0173977312895657,0.0005023604500633,0.0173977312895657,0.0161035399408746,0.6990498139771611,0.7741666666666667,0.8548983364140481,credit,sex,5,proxy_soft,random,100.0,3.0,0.0243934641617343,0.0243934641617343,0.0153411099328384,0.0353797368545805,0.7153993935440397,0.7872222222222223,0.8484288354898336,0.9995530883050627,0.2310924369747899,credit-sex,False,0.006995732872168599,True,0.0173977312895657
0.004614544169157,0.0042743575045995,0.004614544169157,0.0086775618850316,0.6865286668721639,0.7655555555555555,0.8478513356562137,credit,sex,5,proxy_soft,random,400.0,30.0,0.0243934641617343,0.0243934641617343,0.0153411099328384,0.0353797368545805,0.7153993935440397,0.7872222222222223,0.8484288354898336,0.9346018336929948,0.0449148396851514,credit-sex,False,0.0197789199925773,False,0.0243934641617343
0.0642903299907041,0.0642903299907041,0.0283106783637006,0.0678867324696835,0.7170111882522455,0.775,0.8160813308687616,credit,sex,6,proxy_soft,random,100.0,10.0,0.0521445853486789,0.0521445853486789,0.0274558951123107,0.058599019436797,0.7230842604606484,0.7777777777777778,0.8253234750462107,0.9777663719466457,0.1165413533834587,credit-sex,True,-0.012145744642025197,True,0.0642903299907041
0.0453315900996348,0.0453315900996348,0.017731932260034,0.0516332346621321,0.7190909522648907,0.7827777777777778,0.83271719038817,credit,sex,6,proxy_soft,random,400.0,3.0,0.0521445853486789,0.0521445853486789,0.0274558951123107,0.058599019436797,0.7230842604606484,0.7777777777777778,0.8253234750462107,0.2107440968604737,0.0707607309817254,credit-sex,False,0.0068129952490441,True,0.0453315900996348
0.0453677817410584,0.0180302317942639,0.0453677817410584,0.0168043107888073,0.7438532265464268,0.7883333333333333,0.8530499075785583,credit,sex,7,proxy_soft,random,100.0,3.0,0.0326545026738885,0.0326545026738885,0.0180918409974613,0.0353797368545805,0.7431090455845561,0.7994444444444444,0.8512014787430684,0.8937418673967589,0.4166666666666667,credit-sex,True,-0.012713279067169896,True,0.0453677817410584
0.0356438188887817,0.0188234890006676,0.0356438188887817,0.019126239047029,0.727526944637596,0.7833333333333333,0.8493530499075785,credit,sex,7,proxy_soft,random,400.0,10.0,0.0326545026738885,0.0326545026738885,0.0180918409974613,0.0353797368545805,0.7431090455845561,0.7994444444444444,0.8512014787430684,0.9930655201507991,0.1939393939393939,credit-sex,False,-0.0029893162148931993,True,0.0356438188887817
0.0492409848841028,0.0492409848841028,0.0385423696134194,0.058599019436797,0.7073440042580951,0.775,0.8253234750462107,credit,sex,8,proxy_soft,random,100.0,30.0,0.0569213033033418,0.0569213033033418,0.0073267135833413,0.058599019436797,0.7271075867927369,0.7866666666666666,0.8280961182994455,0.974463965277223,0.3,credit-sex,False,0.007680318419239003,True,0.0492409848841028
0.0500836193997007,0.0500836193997007,0.0042674893152093,0.0504722705330212,0.7236402680305953,0.7844444444444445,0.8308687615526802,credit,sex,8,proxy_soft,random,400.0,30.0,0.0569213033033418,0.0569213033033418,0.0073267135833413,0.058599019436797,0.7271075867927369,0.7866666666666666,0.8280961182994455,0.8652293906276902,0.062953995157385,credit-sex,False,0.006837683903641104,True,0.0500836193997007
0.0364082515924182,0.0364082515924182,0.0288184067611427,0.0469893781456887,0.7150579932472635,0.78,0.8364140480591498,credit,sex,9,proxy_soft,random,100.0,30.0,0.0300450192249479,0.0300450192249479,0.0294996625855586,0.0423455216292455,0.7157421379364727,0.7811111111111111,0.8410351201478743,0.9393620004499987,0.2249999999999999,credit-sex,False,-0.006363232367470301,True,0.0364082515924182
0.0148333815353963,0.0101373762615365,0.0148333815353963,0.0237700955634723,0.7131793955512226,0.7822222222222223,0.8539741219963032,credit,sex,9,proxy_soft,random,400.0,10.0,0.0300450192249479,0.0300450192249479,0.0294996625855586,0.0423455216292455,0.7157421379364727,0.7811111111111111,0.8410351201478743,-0.6650526859988026,0.1621621621621621,credit-sex,False,0.0152116376895516,False,0.0300450192249479
0.0361557972864852,0.0361557972864852,0.0247482014388489,0.0341472564198751,0.5979503108204227,0.6811996667592335,0.7607476635514019,diabetes,race,0,proxy_soft,random,100.0,30.0,0.0337835997480551,0.0337835997480551,0.0318602261048304,0.0341472564198751,0.5975757269662496,0.6839766731463482,0.7644859813084112,0.9102267581864675,0.3125,diabetes-race,False,-0.0023721975384300986,True,0.0361557972864852
0.0379772909112574,0.0379772909112574,0.0261459403905447,0.0359016081963938,0.5974991266724747,0.6834212718689253,0.7607476635514019,diabetes,race,0,proxy_soft,random,400.0,30.0,0.0337835997480551,0.0337835997480551,0.0318602261048304,0.0341472564198751,0.5975757269662496,0.6839766731463482,0.7644859813084112,0.6700051954428646,0.1128205128205128,diabetes-race,False,-0.004193691163202298,True,0.0379772909112574
0.0504419321685508,0.0001736377100249,0.0504419321685508,0.0130950351016511,0.5965012184497278,0.6850874757011941,0.7923497267759563,diabetes,race,1,proxy_soft,random,100.0,30.0,0.0289825282631037,0.0044754268593704,0.0289825282631037,0.0113406833251323,0.5964465039541745,0.6850874757011941,0.788785046728972,-0.14655669818855413,0.1547619047619047,diabetes-race,True,-0.0214594039054471,False,0.0289825282631037
0.0590339157245631,0.0133181825919683,0.0590339157245631,0.0253754975372817,0.5977491298290804,0.6845320744237712,0.7813084112149533,diabetes,race,1,proxy_soft,random,400.0,30.0,0.0289825282631037,0.0044754268593704,0.0289825282631037,0.0113406833251323,0.5964465039541745,0.6850874757011941,0.788785046728972,0.34326713339102116,0.0401802765258574,diabetes-race,True,-0.030051387461459404,False,0.0289825282631037
0.0353545734840698,0.0024505047409904,0.0353545734840698,0.0097115379930916,0.5983021671149047,0.6823104693140795,0.7900728597449909,diabetes,race,2,proxy_soft,random,100.0,30.0,0.0182117163412127,0.0128628091857753,0.0182117163412127,0.0060776279955763,0.6058712862536143,0.6839766731463482,0.7813084112149533,0.9988643564164431,0.3789473684210526,diabetes-race,True,-0.0171428571428571,True,0.0353545734840698
0.0153340184994861,0.0142765946580869,0.0153340184994861,0.007831979772095,0.6062176710985407,0.6828658705915024,0.7794392523364486,diabetes,race,2,proxy_soft,random,400.0,30.0,0.0182117163412127,0.0128628091857753,0.0182117163412127,0.0060776279955763,0.6058712862536143,0.6839766731463482,0.7813084112149533,-0.2639672567495623,0.0886904761904762,diabetes-race,False,0.0028776978417266,False,0.0182117163412127
0.041891058581706,0.0212501915121802,0.041891058581706,0.0271298493138004,0.586089470826652,0.6828658705915024,0.7738317757009345,diabetes,race,3,proxy_soft,random,100.0,30.0,0.0462076053442959,0.0338312650017874,0.0462076053442959,0.0376559599729124,0.5881484193823996,0.6811996667592335,0.7626168224299066,-0.11749927269636748,0.1025641025641026,diabetes-race,False,0.004316546762589905,False,0.0462076053442959
0.0490441932168551,0.0351973852203666,0.0490441932168551,0.0394103117494312,0.587945554868117,0.6828658705915024,0.7626168224299066,diabetes,race,3,proxy_soft,random,400.0,30.0,0.0462076053442959,0.0338312650017874,0.0462076053442959,0.0376559599729124,0.5881484193823996,0.6811996667592335,0.7626168224299066,0.9997567303004216,0.0355691056910568,diabetes-race,False,-0.0028365878725592,False,0.0462076053442959
0.0689825282631038,0.0155822821442555,0.0689825282631038,0.0060776279955763,0.608734958774732,0.6889752846431547,0.7918943533697632,diabetes,race,4,proxy_soft,random,100.0,30.0,0.0517985611510791,0.0216451321859625,0.0517985611510791,0.0026941308870169,0.6113595710383549,0.6900860871980006,0.7914389799635702,0.43433925236139914,0.1147540983606557,diabetes-race,True,-0.017183967112024703,True,0.0689825282631038
0.0402413904635446,0.0402413904635446,0.037492291880781,0.0202376486522037,0.6108852384499805,0.6900860871980006,0.7877959927140255,diabetes,race,4,proxy_soft,random,400.0,30.0,0.0517985611510791,0.0216451321859625,0.0517985611510791,0.0026941308870169,0.6113595710383549,0.6900860871980006,0.7914389799635702,0.9342371142527152,0.0308771929824561,diabetes-race,False,0.0115571706875345,False,0.0517985611510791
0.0147173689619732,0.0047750370256881,0.0147173689619732,0.0008145726660203,0.5915727050425721,0.6823104693140795,0.7896174863387978,diabetes,race,5,proxy_soft,random,100.0,30.0,0.0182191920739491,0.0182191920739491,0.0081397738951696,0.0149745933226477,0.5905836353152607,0.6800888642043876,0.7855191256830601,0.7440268110614776,0.4736842105263158,diabetes-race,False,0.0035018231119758984,True,0.0147173689619732
0.0308002655635565,0.0308002655635565,0.0267625899280575,0.029009407534797,0.5905630121592444,0.6817550680366565,0.7841530054644809,diabetes,race,5,proxy_soft,random,400.0,30.0,0.0182191920739491,0.0182191920739491,0.0081397738951696,0.0149745933226477,0.5905836353152607,0.6800888642043876,0.7855191256830601,0.5924750257887089,0.0489053345667591,diabetes-race,True,-0.012581073489607401,False,0.0182191920739491
0.0353545734840698,0.0347420118141735,0.0353545734840698,0.018358090431207,0.5900242848184111,0.6823104693140795,0.7626168224299066,diabetes,race,6,proxy_soft,random,100.0,30.0,0.0519244846194439,0.0519244846194439,0.0046865364850976,0.0411646635259498,0.5931884661843374,0.6834212718689253,0.7495327102803738,0.9407741544809989,0.1153846153846154,diabetes-race,False,0.0165699111353741,True,0.0353545734840698
0.0440878062066969,0.0440878062066969,0.0076053442959918,0.0359016081963938,0.5933054710286746,0.6795334629269647,0.7532710280373832,diabetes,race,6,proxy_soft,random,400.0,30.0,0.0519244846194439,0.0519244846194439,0.0046865364850976,0.0411646635259498,0.5931884661843374,0.6834212718689253,0.7495327102803738,0.6147727744662799,0.1851604278074865,diabetes-race,False,0.007836678412746996,True,0.0440878062066969
0.0395477903391572,0.0032659210459118,0.0395477903391572,0.0114658897696103,0.5929001628808444,0.6756456539850042,0.7855191256830601,diabetes,race,7,proxy_soft,random,100.0,30.0,0.0049784655192959,0.0049784655192959,0.0024665981500513,0.0039773751467643,0.6009326717088179,0.6831435712302139,0.7869158878504673,0.7697779666715489,0.2512820512820513,diabetes-race,True,-0.0345693248198613,True,0.0395477903391572
0.0239260020554984,0.0003294009499004,0.0239260020554984,0.0047943837358289,0.5997175890267975,0.6831435712302139,0.7906542056074767,diabetes,race,7,proxy_soft,random,400.0,30.0,0.0049784655192959,0.0049784655192959,0.0024665981500513,0.0039773751467643,0.6009326717088179,0.6831435712302139,0.7869158878504673,0.9998259059928769,0.0594520940906482,diabetes-race,True,-0.0189475365362025,True,0.0239260020554984
0.0181238615664846,0.0181238615664846,0.0080575539568346,0.0149745933226477,0.586186273395708,0.6745348514301583,0.7818761384335154,diabetes,race,8,proxy_soft,random,100.0,30.0,0.019537647038796,0.019537647038796,0.0105241521068859,0.0114658897696103,0.5860659015054904,0.6756456539850042,0.7823315118397086,0.7952751485175302,0.1628205128205128,diabetes-race,False,0.001413785472311399,True,0.0181238615664846
0.0218621793234938,0.0218621793234938,0.0105241521068859,0.0132202415461289,0.5861067269367879,0.6756456539850042,0.7818761384335154,diabetes,race,8,proxy_soft,random,400.0,30.0,0.019537647038796,0.019537647038796,0.0105241521068859,0.0114658897696103,0.5860659015054904,0.6756456539850042,0.7823315118397086,-0.24404979802641436,0.0794117647058824,diabetes-race,False,-0.0023245322846978007,False,0.019537647038796
0.0582939362795478,0.0188779939737501,0.0582939362795478,0.0008145726660203,0.60652659755805,0.685642876978617,0.7775700934579439,diabetes,race,9,proxy_soft,random,100.0,30.0,0.07120246659815,0.0346466813067088,0.07120246659815,0.0095863315486137,0.6093810107029971,0.6878644820883087,0.7663551401869159,-0.7706398015597429,0.2153846153846154,diabetes-race,False,0.012908530318602195,False,0.07120246659815
0.0711202466598149,0.0300929472447781,0.0711202466598149,0.0060776279955763,0.6080240912132728,0.6823104693140795,0.7663551401869159,diabetes,race,9,proxy_soft,random,400.0,30.0,0.07120246659815,0.0346466813067088,0.07120246659815,0.0095863315486137,0.6093810107029971,0.6878644820883087,0.7663551401869159,0.5788240429076582,0.0870893812070282,diabetes-race,False,8.221993833509855e-05,True,0.0711202466598149
0.0686118403885376,0.022982115527097,0.0686118403885376,0.0338160735511728,0.5881879821714922,0.6842543737850597,0.7812080536912752,diabetes,sex,0,proxy_soft,random,100.0,30.0,0.0577268200723183,0.0146591025855961,0.0577268200723183,0.0248566738632963,0.5928816441285034,0.6886975840044433,0.7879194630872484,-0.0471772915445907,0.1607142857142857,diabetes-sex,True,-0.010885020316219296,False,0.0577268200723183
0.0129106749806661,0.0129106749806661,0.0074821201292994,0.0114175743314816,0.5881530490704849,0.6803665648430991,0.7832214765100671,diabetes,sex,0,proxy_soft,random,400.0,3.0,0.0577268200723183,0.0146591025855961,0.0577268200723183,0.0248566738632963,0.5928816441285034,0.6886975840044433,0.7879194630872484,0.13204829862567694,0.0895673182517021,diabetes-sex,False,0.0448161450916522,True,0.0129106749806661
0.0408135008334177,0.0288898863765419,0.0408135008334177,0.0315762236292037,0.6090228411974898,0.6842543737850597,0.7785234899328859,diabetes,sex,1,proxy_soft,random,100.0,30.0,0.0475607223308002,0.0356034589987507,0.0475607223308002,0.0382957733951111,0.610620083586914,0.6848097750624826,0.7758389261744967,0.9701304457747935,0.0875,diabetes-sex,False,0.006747221497382501,True,0.0408135008334177
0.033166294779557,0.0239204149067919,0.033166294779557,0.0259765988242809,0.6089070989953578,0.6798111635656762,0.7778523489932886,diabetes,sex,1,proxy_soft,random,400.0,30.0,0.0475607223308002,0.0356034589987507,0.0475607223308002,0.0382957733951111,0.610620083586914,0.6848097750624826,0.7758389261744967,0.9688605155228708,0.0668953687821612,diabetes-sex,False,0.014394427551243198,True,0.033166294779557
0.0760779844606217,0.0619169429286837,0.0760779844606217,0.0651739724587406,0.5954481748506926,0.6764787559011386,0.7583892617449665,diabetes,sex,2,proxy_soft,random,100.0,30.0,0.0550268664028842,0.0538610884272804,0.0550268664028842,0.053974722848895,0.5975403729845074,0.6770341571785615,0.7624161073825504,0.44692822177715863,0.0649350649350649,diabetes-sex,True,-0.021051118057737496,True,0.0760779844606217
0.0613693611174719,0.0385551811972375,0.0613693611174719,0.0438953982000339,0.5968526538634747,0.6787003610108303,0.7704697986577181,diabetes,sex,2,proxy_soft,random,400.0,30.0,0.0550268664028842,0.0538610884272804,0.0550268664028842,0.053974722848895,0.5975403729845074,0.6770341571785615,0.7624161073825504,0.9398988199569774,0.1262699564586357,diabetes-sex,False,-0.006342494714587699,True,0.0613693611174719
0.0550268664028842,0.0257991768924172,0.0550268664028842,0.0326961485901883,0.5879005206294692,0.6770341571785615,0.7751677852348994,diabetes,sex,3,proxy_soft,random,100.0,30.0,0.0613693611174719,0.0296935249230703,0.0613693611174719,0.0371758484341265,0.591249889518807,0.6787003610108303,0.774496644295302,0.3263028819132281,0.0616883116883116,diabetes-sex,False,0.006342494714587699,True,0.0550268664028842
0.0365851710236925,0.0154627411321244,0.0365851710236925,0.0203769740193581,0.5931442737071595,0.6831435712302139,0.7838926174496644,diabetes,sex,3,proxy_soft,random,400.0,30.0,0.0613693611174719,0.0296935249230703,0.0613693611174719,0.0371758484341265,0.591249889518807,0.6787003610108303,0.774496644295302,0.8235990948330418,0.1471458773784355,diabetes-sex,False,0.0247841900937794,True,0.0365851710236925
0.0632635512603496,0.0632635512603496,0.0164340375224329,0.0517348729269259,0.6013417677832633,0.6875867814495973,0.7651006711409396,diabetes,sex,4,proxy_soft,random,100.0,30.0,0.0667517535652671,0.0667517535652671,0.033166294779557,0.0584544226928333,0.6048523339941161,0.6798111635656762,0.7583892617449665,-0.6624852886663872,0.068825910931174,diabetes-sex,False,0.00348820230491749,False,0.0667517535652671
0.0628595687608498,0.0628595687608498,0.0083821046857776,0.0494950230049567,0.5976881021225016,0.6842543737850597,0.7630872483221477,diabetes,sex,4,proxy_soft,random,400.0,30.0,0.0667517535652671,0.0667517535652671,0.033166294779557,0.0584544226928333,0.6048523339941161,0.6798111635656762,0.7583892617449665,0.9618426957283395,0.1279337321675103,diabetes-sex,False,0.0038921848044172896,True,0.0628595687608498
0.09006768522907,0.0264724810582502,0.09006768522907,0.0416555482780648,0.5842182350787257,0.6825881699527909,0.7785234899328859,diabetes,sex,5,proxy_soft,random,100.0,30.0,0.08543462863655,0.0323802519076951,0.08543462863655,0.0450153231610185,0.5855848348253555,0.6825881699527909,0.7758389261744967,0.9947388027178247,0.3333333333333332,diabetes-sex,False,-0.004633056592519988,True,0.09006768522907
0.0778779535735777,0.0333207145136256,0.0778779535735777,0.0438953982000339,0.585947634018948,0.6842543737850597,0.776510067114094,diabetes,sex,5,proxy_soft,random,400.0,30.0,0.08543462863655,0.0323802519076951,0.08543462863655,0.0450153231610185,0.5855848348253555,0.6825881699527909,0.7758389261744967,0.4065514046067735,0.0305555555555555,diabetes-sex,False,0.007556675062972307,False,0.08543462863655
0.0671535728385313,0.0671535728385313,0.0005698127073558,0.0506149479659413,0.5895301708354903,0.6770341571785615,0.7563758389261745,diabetes,sex,6,proxy_soft,random,100.0,30.0,0.0584265773975306,0.0584265773975306,0.0082915736948891,0.046135248122003,0.5905276581775023,0.6781449597334074,0.7610738255033557,-0.5916040665971637,0.1260504201680672,diabetes-sex,False,-0.008726995441000696,False,0.0584265773975306
0.0550687094733085,0.0550687094733085,0.0234049238208338,0.0472551730829876,0.583368055993973,0.6748125520688698,0.7604026845637584,diabetes,sex,6,proxy_soft,random,400.0,30.0,0.0584265773975306,0.0584265773975306,0.0082915736948891,0.046135248122003,0.5905276581775023,0.6781449597334074,0.7610738255033557,0.30525739176286176,0.0958525345622119,diabetes-sex,False,0.003357867924222102,True,0.0550687094733085
0.1140424217572597,0.0365417583784456,0.1140424217572597,0.0550946478098796,0.5916303657032707,0.6803665648430991,0.77248322147651,diabetes,sex,7,proxy_soft,random,100.0,30.0,0.1064857466942874,0.0389591636967373,0.1064857466942874,0.0550946478098796,0.5908811979949242,0.682032768675368,0.77248322147651,-0.4742055776956938,0.119047619047619,diabetes-sex,False,-0.007556675062972307,False,0.1064857466942874
0.1014479633189726,0.0243243974062917,0.1014479633189726,0.0427754732390494,0.5936842636901981,0.6831435712302139,0.7798657718120805,diabetes,sex,7,proxy_soft,random,400.0,30.0,0.1064857466942874,0.0389591636967373,0.1064857466942874,0.0550946478098796,0.5908811979949242,0.682032768675368,0.77248322147651,0.993669246872376,0.1372847011144883,diabetes-sex,False,0.005037783375314797,True,0.1014479633189726
0.033859357846292,0.033859357846292,0.006763197554598,0.0270965237852655,0.6067218862191021,0.6886975840044433,0.7791946308724832,diabetes,sex,8,proxy_soft,random,100.0,30.0,0.040168947969001,0.040168947969001,0.0008254296228052,0.0304562986682191,0.6066318177418064,0.6859205776173285,0.774496644295302,0.9976879366614047,0.0555555555555554,diabetes-sex,False,0.0063095901227089995,True,0.033859357846292
0.0386920052566397,0.0386920052566397,0.0008254296228052,0.0293363737072346,0.6065855208609536,0.6859205776173285,0.7751677852348994,diabetes,sex,8,proxy_soft,random,400.0,30.0,0.040168947969001,0.040168947969001,0.0008254296228052,0.0304562986682191,0.6066318177418064,0.6859205776173285,0.774496644295302,0.8338293686194834,0.1446540880503145,diabetes-sex,False,0.0014769427123613038,True,0.0386920052566397
0.0334532121205566,0.0334532121205566,0.0032537903195742,0.0259765988242809,0.5884535579152935,0.6792557622882532,0.7731543624161074,diabetes,sex,9,proxy_soft,random,100.0,30.0,0.0357359566056817,0.0357359566056817,0.0038981579606029,0.0259765988242809,0.591732218841147,0.6798111635656762,0.77248322147651,-0.33520165792595186,0.0384615384615384,diabetes-sex,False,0.002282744485125096,False,0.0357359566056817
0.0259338377255838,0.0259338377255838,0.0102406526751908,0.0170171991364045,0.5888428725951927,0.6781449597334074,0.7758389261744967,diabetes,sex,9,proxy_soft,random,400.0,30.0,0.0357359566056817,0.0357359566056817,0.0038981579606029,0.0259765988242809,0.591732218841147,0.6798111635656762,0.77248322147651,0.989865964223453,0.1001838235294118,diabetes-sex,False,0.0098021188800979,True,0.0259338377255838
0.0804597701149425,0.0177852348993288,0.0804597701149425,0.0483091787439613,0.7925232662074767,0.77,0.8322147651006712,german,sex,0,proxy_soft,random,100.0,30.0,0.1280041797283176,0.0177852348993288,0.1280041797283176,0.0638927847904005,0.791419107208581,0.77,0.8322147651006712,0.2941523917852051,0.0817307692307692,german-sex,False,0.047544409613375097,True,0.0804597701149425
0.079937304075235,0.0682326621923937,0.079937304075235,0.0015583606046438,0.7039802302960197,0.6966666666666667,0.7651006711409396,german,sex,1,proxy_soft,random,100.0,30.0,0.0881431767337808,0.0881431767337808,0.0365726227795193,0.0451924575346734,0.7317945212682055,0.7233333333333334,0.7785234899328859,0.9615566467388861,0.1589743589743589,german-sex,False,0.008205872658545804,True,0.079937304075235
0.0416107382550335,0.0416107382550335,0.0365726227795193,0.0015583606046438,0.7041905462958093,0.6766666666666666,0.7583892617449665,german,sex,2,proxy_soft,random,100.0,30.0,0.0193312434691744,0.0118568232662191,0.0193312434691744,0.0327255726975223,0.7118145012881855,0.6833333333333333,0.7666666666666667,0.9999893012985136,0.2245989304812834,german-sex,True,-0.022279494785859104,True,0.0416107382550335
0.0732758620689655,0.02,0.0732758620689655,0.0376254180602007,0.7607407407407406,0.7466666666666667,0.8133333333333334,german,sex,3,proxy_soft,random,100.0,1.0,0.0560344827586206,0.01,0.0560344827586206,0.0533026755852843,0.7605820105820106,0.7533333333333333,0.8166666666666667,0.6385515962865735,0.1623931623931624,german-sex,True,-0.017241379310344897,True,0.0732758620689655
0.194078947368421,0.0495081967213114,0.194078947368421,0.0032725572697522,0.7736833697214974,0.7333333333333333,0.7704918032786885,german,sex,4,proxy_soft,random,100.0,30.0,0.1765350877192982,0.0659016393442623,0.1765350877192982,0.0123110487766868,0.7727248522285531,0.7266666666666667,0.7540983606557377,0.3613410510648868,0.0066592674805772,german-sex,True,-0.01754385964912278,False,0.1765350877192982
0.0537280701754385,0.0499453551912568,0.0537280701754385,0.0344397693626304,0.7335321369614995,0.68,0.7533333333333333,german,sex,5,proxy_soft,random,100.0,30.0,0.137609649122807,0.013551912568306,0.137609649122807,0.0344397693626304,0.7220299270461685,0.6933333333333334,0.7733333333333333,0.9972793807926088,0.3909090909090909,german-sex,False,0.08388157894736849,True,0.0537280701754385
0.0533333333333333,0.0533333333333333,0.011164274322169,0.0140252454417952,0.7275132275132274,0.7133333333333334,0.78,german,sex,6,proxy_soft,random,100.0,10.0,0.1754385964912281,0.0366666666666666,0.1754385964912281,0.1106436029297179,0.7361375661375662,0.7333333333333333,0.7833333333333333,0.9738885576863654,0.1220865704772475,german-sex,False,0.12210526315789479,True,0.0533333333333333
0.0797413793103448,0.0180437891957311,0.0797413793103448,0.0327255726975223,0.7099470899470899,0.7066666666666667,0.785234899328859,german,sex,7,proxy_soft,random,100.0,30.0,0.1109913793103448,0.0348773242380899,0.1109913793103448,0.0794763908368396,0.7242857142857143,0.7133333333333334,0.7704918032786885,-0.8296786264827284,0.0888888888888889,german-sex,False,0.03125,False,0.1109913793103448
0.09375,0.0184838816151391,0.09375,0.0638927847904005,0.7204761904761905,0.72,0.7868852459016393,german,sex,8,proxy_soft,random,100.0,30.0,0.1594827586206896,0.0348773242380899,0.1594827586206896,0.0950599968832788,0.7022751322751324,0.7133333333333334,0.7704918032786885,0.9599444961736905,0.0444444444444444,german-sex,False,0.06573275862068961,False,0.1594827586206896
0.05,0.05,0.0237068965517241,0.0533026755852843,0.7800000000000001,0.7466666666666667,0.7833333333333333,german,sex,9,proxy_soft,random,100.0,30.0,0.0899999999999999,0.0899999999999999,0.0064655172413793,0.0846571906354515,0.7726455026455027,0.74,0.75,0.8204620317186432,0.0909090909090908,german-sex,False,0.0399999999999999,True,0.05
0.0093148732566425,0.0040654710819335,0.0093148732566425,0.0101432880844646,0.8661322705178002,0.8861111111111111,0.9336734693877552,law,sex,0,proxy_soft,random,100.0,30.0,0.0188842512470732,0.0026077451344116,0.0188842512470732,0.0078808446455506,0.8659804921551033,0.8872222222222222,0.935131195335277,-0.9721663467756951,0.3333333333333333,law-sex,False,0.0095693779904307,False,0.0188842512470732
0.013565102310903,0.0069789326357054,0.013565102310903,0.0124057315233786,0.8665262651277024,0.8877777777777778,0.932944606413994,law,sex,0,proxy_soft,random,400.0,30.0,0.0188842512470732,0.0026077451344116,0.0188842512470732,0.0078808446455506,0.8659804921551033,0.8872222222222222,0.935131195335277,-0.9633286512096552,0.1007326007326007,law-sex,False,0.0053191489361702,False,0.0188842512470732
0.0513081543316706,0.001034579393121,0.0513081543316706,0.0124057315233786,0.8698559521103877,0.8861111111111111,0.9355543418896778,law,sex,1,proxy_soft,random,100.0,30.0,0.0763005191896569,0.0022443088181671,0.0763005191896569,0.0180618401206636,0.8739594728179109,0.8855555555555555,0.934402332361516,-0.9527639960813938,0.4166666666666667,law-sex,False,0.024992364857986296,False,0.0763005191896569
0.1071464929247683,0.0033366081081726,0.1071464929247683,0.0225867269984917,0.8751532528934225,0.8866666666666667,0.934402332361516,law,sex,1,proxy_soft,random,400.0,30.0,0.0763005191896569,0.0022443088181671,0.0763005191896569,0.0180618401206636,0.8739594728179109,0.8855555555555555,0.934402332361516,0.9987681225086951,0.0999999999999999,law-sex,True,-0.0308459737351114,True,0.1071464929247683
0.0327038582917642,0.0149924446645319,0.0327038582917642,0.0248491704374057,0.8711724131422761,0.8894444444444445,0.9293002915451894,law,sex,2,proxy_soft,random,100.0,30.0,0.041204316400285,0.0219156477446249,0.041204316400285,0.0316365007541478,0.8725863898061562,0.8861111111111111,0.923469387755102,0.9349574956392364,0.0476190476190476,law-sex,False,0.008500458108520799,False,0.041204316400285
0.0459890053955003,0.0200944854808584,0.0459890053955003,0.0305052790346908,0.8726579536973761,0.8855555555555555,0.924198250728863,law,sex,2,proxy_soft,random,400.0,30.0,0.041204316400285,0.0219156477446249,0.041204316400285,0.0316365007541478,0.8725863898061562,0.8861111111111111,0.923469387755102,0.9843280027356561,0.2469635627530365,law-sex,False,-0.004784688995215301,True,0.0459890053955003
0.0295225491194136,0.003515340754387,0.0295225491194136,0.0146681749622926,0.8757941822488521,0.8933333333333333,0.9380466472303208,law,sex,3,proxy_soft,random,100.0,30.0,0.0295225491194136,0.0047903533731508,0.0295225491194136,0.0157993966817496,0.8758909114644566,0.8933333333333333,0.9373177842565598,-0.9405583092069598,0.238095238095238,law-sex,False,0.0,False,0.0295225491194136
0.0390919271098442,0.0100731171769636,0.0390919271098442,0.0214555052790347,0.8753907506423055,0.8922222222222222,0.9336734693877552,law,sex,3,proxy_soft,random,400.0,30.0,0.0295225491194136,0.0047903533731508,0.0295225491194136,0.0157993966817496,0.8758909114644566,0.8933333333333333,0.9373177842565598,0.8595516700250786,0.1842105263157895,law-sex,False,-0.009569377990430603,True,0.0390919271098442
0.0911890461162577,0.0195483358358558,0.0911890461162577,0.0350301659125188,0.8595397419453268,0.885,0.924198250728863,law,sex,4,proxy_soft,random,100.0,30.0,0.0374885472869794,0.0004211562131288,0.0374885472869794,0.0124057315233786,0.8677994732583039,0.8888888888888888,0.9373177842565598,-0.8406083002581409,0.2285714285714285,law-sex,True,-0.05370049882927829,False,0.0374885472869794
0.0077114934337778,0.0048616075906838,0.0077114934337778,0.0044871794871795,0.8685780254814637,0.89,0.9361004915346806,law,sex,4,proxy_soft,random,400.0,30.0,0.0374885472869794,0.0004211562131288,0.0374885472869794,0.0124057315233786,0.8677994732583039,0.8888888888888888,0.9373177842565598,0.7658292122095682,0.3463203463203463,law-sex,False,0.029777053853201604,True,0.0077114934337778
0.0566273032678408,0.0017634423668819,0.0566273032678408,0.0124057315233786,0.8605408500060162,0.8866666666666667,0.9355543418896778,law,sex,5,proxy_soft,random,100.0,30.0,0.0162119515422985,0.0030384549856457,0.0162119515422985,0.0067496229260936,0.8613925389531697,0.8866666666666667,0.935008192244675,-0.7974461247972244,0.4,law-sex,True,-0.0404153517255423,False,0.0162119515422985
0.0645933014354066,0.0104425245170237,0.0645933014354066,0.0237179487179487,0.8563185804240514,0.8822222222222222,0.9278425655976676,law,sex,5,proxy_soft,random,400.0,30.0,0.0162119515422985,0.0030384549856457,0.0162119515422985,0.0067496229260936,0.8613925389531697,0.8866666666666667,0.935008192244675,0.98599758301706,0.1999999999999999,law-sex,True,-0.048381349893108105,True,0.0645933014354066
0.0406953069327089,0.0018808725019227,0.0406953069327089,0.0044871794871795,0.8579236562699799,0.8838888888888888,0.9336734693877552,law,sex,6,proxy_soft,random,100.0,30.0,0.0183497913061183,0.0024250318056535,0.0183497913061183,0.0078808446455506,0.8642055503695764,0.8883333333333333,0.9358600583090378,0.9728097121877252,0.4166666666666666,law-sex,True,-0.022345515626590595,True,0.0406953069327089
0.0077114934337778,0.0040634807406617,0.0077114934337778,0.0124057315233786,0.8650029765860249,0.89,0.9358600583090378,law,sex,6,proxy_soft,random,400.0,30.0,0.0183497913061183,0.0024250318056535,0.0183497913061183,0.0078808446455506,0.8642055503695764,0.8883333333333333,0.9358600583090378,0.9710170344455732,0.1976284584980236,law-sex,False,0.010638297872340502,True,0.0077114934337778
0.0119617224880382,0.0012192830631511,0.0119617224880382,0.0056184012066365,0.8752020107094183,0.8911111111111111,0.9382850901146914,law,sex,7,proxy_soft,random,100.0,3.0,0.0162374020156774,0.0047883630318789,0.0162374020156774,0.0146681749622926,0.8806109826194113,0.8972222222222223,0.9395043731778424,0.9918455519168787,0.1666666666666666,law-sex,False,0.004275679527639199,True,0.0119617224880382
0.0800417387763411,0.0175404795607874,0.0800417387763411,0.0327677224736048,0.8752594191056716,0.8933333333333333,0.9300291545189504,law,sex,7,proxy_soft,random,400.0,30.0,0.0162374020156774,0.0047883630318789,0.0162374020156774,0.0146681749622926,0.8806109826194113,0.8972222222222223,0.9395043731778424,0.8555569548959939,0.028235294117647,law-sex,True,-0.0638043367606637,False,0.0162374020156774
0.0279446197699276,0.0132345752532111,0.0279446197699276,0.0079562594268477,0.8341471432245117,0.8788888888888889,0.9262697979246314,law,sex,8,proxy_soft,random,100.0,30.0,0.0661966812582713,0.0041307542756511,0.0661966812582713,0.0112745098039216,0.8528968827240834,0.8855555555555555,0.9339158929546696,-0.2803725667144,0.1449948400412797,law-sex,False,0.0382520614883437,False,0.0661966812582713
0.0763005191896569,0.0009692961994035,0.0763005191896569,0.0169306184012066,0.8530478746703932,0.8855555555555555,0.935131195335277,law,sex,8,proxy_soft,random,400.0,30.0,0.0661966812582713,0.0041307542756511,0.0661966812582713,0.0112745098039216,0.8528968827240834,0.8855555555555555,0.9339158929546696,0.9833903874222077,0.0365111561866126,law-sex,True,-0.010103837931385598,False,0.0661966812582713
0.061411992263056,0.0137847055807577,0.061411992263056,0.0022247360482655,0.8609529321928198,0.8861111111111111,0.9300928454396504,law,sex,9,proxy_soft,random,100.0,30.0,0.075766059248702,0.0154231545157659,0.075766059248702,0.0022247360482655,0.8613831019565253,0.8844444444444445,0.9284543965046422,0.877596738152675,0.0666666666666666,law-sex,False,0.014354066985646001,True,0.061411992263056
0.041204316400285,0.020159768674576,0.041204316400285,0.0056938159879337,0.8550681783686735,0.8861111111111111,0.9273620972146368,law,sex,9,proxy_soft,random,400.0,30.0,0.075766059248702,0.0154231545157659,0.075766059248702,0.0022247360482655,0.8613831019565253,0.8844444444444445,0.9284543965046422,0.6238875813819567,0.1547619047619047,law-sex,False,0.034561742848417,True,0.041204316400285
0.0434044705538221,0.0035664274754946,0.0434044705538221,0.0162456145032376,0.6552439913503658,0.6488888888888888,0.7398444252376837,oulad,sex,0,proxy_soft,random,100.0,30.0,0.0296201751388581,0.0296201751388581,0.0074864713338533,0.0127971021822684,0.6552911312186082,0.6511111111111111,0.7277441659464131,0.4752100662957246,0.2450980392156863,oulad-sex,True,-0.013784295414964,True,0.0434044705538221
0.0328991712059389,0.0328991712059389,0.006566278276131,0.0194992675712314,0.655194724871526,0.6511111111111111,0.7260155574762316,oulad,sex,0,proxy_soft,random,400.0,30.0,0.0296201751388581,0.0296201751388581,0.0074864713338533,0.0127971021822684,0.6552911312186082,0.6511111111111111,0.7277441659464131,-0.5896609739800978,0.1855867346938775,oulad-sex,False,-0.003278996067080802,False,0.0296201751388581
0.0406408443837753,0.0294285541999156,0.0406408443837753,0.0385861657997809,0.6564182348352284,0.6616666666666666,0.7372093023255814,oulad,sex,1,proxy_soft,random,100.0,3.0,0.0256282955786483,0.0256282955786483,0.0202503412636505,0.0183822400064043,0.6609060920659349,0.66,0.7363872082973206,0.5394487183213392,0.2456140350877193,oulad-sex,True,-0.015012548805127,True,0.0406408443837753
0.0298607063174609,0.0298607063174609,0.0284437158736349,0.0239673778305401,0.6605771762935375,0.6583333333333333,0.7329299913569577,oulad,sex,1,proxy_soft,random,400.0,30.0,0.0256282955786483,0.0256282955786483,0.0202503412636505,0.0183822400064043,0.6609060920659349,0.66,0.7363872082973206,0.49211581982085406,0.050031746031746,oulad-sex,False,-0.0042324107388126,True,0.0298607063174609
0.0354457147035881,0.0339416963143118,0.0354457147035881,0.0295525156546758,0.651495840172454,0.6483333333333333,0.7234226447709594,oulad,sex,2,proxy_soft,random,100.0,30.0,0.0366127145085803,0.0348951109860438,0.0366127145085803,0.0306695432195029,0.651656753707657,0.6466666666666666,0.7216940363007779,-0.9641041371215379,0.119047619047619,oulad-sex,False,0.0011669998049921998,False,0.0366127145085803
0.0487123391185647,0.047235901455917,0.0487123391185647,0.0429568464326018,0.6515334102930079,0.6461111111111111,0.7147796024200519,oulad,sex,2,proxy_soft,random,400.0,30.0,0.0366127145085803,0.0348951109860438,0.0366127145085803,0.0306695432195029,0.651656753707657,0.6466666666666666,0.7216940363007779,0.6697352714181948,0.0747504403992953,oulad-sex,True,-0.0120996246099844,True,0.0487123391185647
0.0505772078283183,0.0505772078283183,0.0292176530811232,0.0384887361732931,0.6537519967987422,0.6555555555555556,0.7199654278305964,oulad,sex,3,proxy_soft,random,100.0,30.0,0.0405619987537939,0.0405619987537939,0.0018982790561622,0.0228503502657129,0.6583050700877686,0.6577777777777778,0.7268798617113224,-0.6255498273961746,0.2358974358974359,oulad-sex,True,-0.010015209074524405,False,0.0405619987537939
0.0603250855929193,0.0603250855929193,0.0260975282761311,0.044073873997429,0.6577606577748352,0.6566666666666666,0.7156439066551427,oulad,sex,3,proxy_soft,random,400.0,30.0,0.0405619987537939,0.0405619987537939,0.0018982790561622,0.0228503502657129,0.6583050700877686,0.6577777777777778,0.7268798617113224,-0.8292178719010974,0.0615085618237208,oulad-sex,True,-0.0197630868391254,False,0.0405619987537939
0.1115810257410296,0.0629179982981916,0.1115810257410296,0.073116590682935,0.6464371652138963,0.655,0.7130509939498704,oulad,sex,4,proxy_soft,random,100.0,30.0,0.0983265893135725,0.0320080668395276,0.0983265893135725,0.0474249566919103,0.6553097390613354,0.6622222222222223,0.7346585998271391,-0.7590398980190016,0.1490384615384615,oulad-sex,True,-0.013254436427457106,False,0.0983265893135725
0.0741273400936037,0.0138844780339424,0.0741273400936037,0.0273184605250216,0.6547607190921074,0.6633333333333333,0.7450302506482281,oulad,sex,4,proxy_soft,random,400.0,30.0,0.0983265893135725,0.0320080668395276,0.0983265893135725,0.0474249566919103,0.6553097390613354,0.6622222222222223,0.7346585998271391,0.9999947753215621,0.0754767660488853,oulad-sex,False,0.0241992492199688,True,0.0741273400936037
0.0229774034711388,0.0061325400494463,0.0229774034711388,0.0060949367933055,0.6629901704513836,0.6577777777777778,0.7450302506482281,oulad,sex,5,proxy_soft,random,100.0,30.0,0.0389832780811232,0.0282212082839204,0.0389832780811232,0.0262014329601943,0.6657104598405539,0.6583333333333333,0.7337942955920485,0.9398606063052456,0.0808080808080807,oulad-sex,False,0.016005874609984403,True,0.0229774034711388
0.100267526326053,0.0799099515587625,0.100267526326053,0.0809357836367252,0.6654237218450048,0.6577777777777778,0.7061365600691444,oulad,sex,5,proxy_soft,random,400.0,30.0,0.0389832780811232,0.0282212082839204,0.0389832780811232,0.0262014329601943,0.6657104598405539,0.6583333333333333,0.7337942955920485,0.6483281820439846,0.0605263157894736,oulad-sex,True,-0.0612842482449298,True,0.100267526326053
0.0608363397035881,0.0161477491239707,0.0608363397035881,0.0250844053953672,0.6555824768704515,0.6555555555555556,0.7381158167675022,oulad,sex,6,proxy_soft,random,100.0,30.0,0.0499037148985959,0.0047603733258293,0.0499037148985959,0.0139141297470956,0.6562484604225362,0.6544444444444445,0.7433016421780466,0.20460183303865542,0.1298701298701298,oulad-sex,True,-0.0109326248049922,True,0.0608363397035881
0.0100916536661466,0.0043905315136044,0.0100916536661466,0.0050753388549661,0.6534214860683968,0.6561111111111111,0.7449612403100775,oulad,sex,6,proxy_soft,random,400.0,30.0,0.0499037148985959,0.0047603733258293,0.0499037148985959,0.0139141297470956,0.6562484604225362,0.6544444444444445,0.7433016421780466,-0.63484520303689,0.0413644486492169,oulad-sex,False,0.0398120612324493,False,0.0499037148985959
0.0397572152886115,0.0002472312114328,0.0397572152886115,0.0072119643581327,0.6566098070065439,0.6555555555555556,0.7465116279069768,oulad,sex,7,proxy_soft,random,100.0,30.0,0.0588832147035881,0.0071750651578191,0.0588832147035881,0.0183822400064043,0.6559427601491604,0.655,0.742437337942956,-0.4419875739265931,0.1071428571428571,oulad-sex,False,0.0191259994149766,False,0.0588832147035881
0.0354700906786271,0.0036287377808151,0.0354700906786271,0.0083289919229598,0.6558403284053858,0.6583333333333333,0.7467588591184097,oulad,sex,7,proxy_soft,random,400.0,30.0,0.0588832147035881,0.0071750651578191,0.0588832147035881,0.0183822400064043,0.6559427601491604,0.655,0.742437337942956,0.054764052191616376,0.0349860982391102,oulad-sex,False,0.023413124024961,False,0.0588832147035881
0.0171768741666834,0.0171768741666834,0.0035558453588143,0.0184796696328919,0.6612061213777176,0.6622222222222223,0.7434108527131783,oulad,sex,8,proxy_soft,random,100.0,30.0,0.0161343490583103,0.0161343490583103,0.002781908151326,0.0173626420680648,0.6632933896790626,0.6594444444444445,0.7418604651162791,0.8860623150806876,0.3412698412698413,oulad-sex,False,-0.0010425251083731012,True,0.0171768741666834
0.1003772182137285,0.0691952590567693,0.1003772182137285,0.0843842959576944,0.6596419992833322,0.6566666666666666,0.7147286821705426,oulad,sex,8,proxy_soft,random,400.0,30.0,0.0161343490583103,0.0161343490583103,0.002781908151326,0.0173626420680648,0.6632933896790626,0.6594444444444445,0.7418604651162791,0.9944597303581421,0.1696969696969697,oulad-sex,True,-0.0842428691554182,True,0.1003772182137285
0.0108534028861154,0.0021272604235761,0.0108534028861154,0.0028412837253116,0.6545227159227487,0.6483333333333333,0.7403100775193798,oulad,sex,9,proxy_soft,random,100.0,30.0,0.0373988397035881,0.0052059255090349,0.0373988397035881,0.0105630470526141,0.655301764271595,0.6488888888888888,0.7389801210025929,0.9989525033820522,0.2282352941176471,oulad-sex,False,0.0265454368174727,True,0.0108534028861154
0.0526307771060842,0.0082175902661922,0.0526307771060842,0.0172652124415771,0.6562147890880775,0.6522222222222223,0.7398444252376837,oulad,sex,9,proxy_soft,random,400.0,30.0,0.0373988397035881,0.0052059255090349,0.0373988397035881,0.0105630470526141,0.655301764271595,0.6488888888888888,0.7389801210025929,0.9570200394501761,0.1767640769779045,oulad-sex,True,-0.0152319374024961,True,0.0526307771060842
